search URL:,https://patents.google.com/?q=%28Artificial+Intelligence%29&oq=Artificial+Intelligence,Unnamed: 2,Unnamed: 3,Unnamed: 4,Unnamed: 5,Unnamed: 6,Unnamed: 7,Unnamed: 8,Unnamed: 9
id,title,assignee,inventor/author,priority date,filing/creation date,publication date,grant date,result link,representative figure link
US-5721827-A,System for electrically distributing personalized information ,James Logan,"James Logan, Daniel F. Goessling, Charles G. Call",1996-10-02,1996-10-02,1998-02-24,1998-02-24,https://patents.google.com/patent/US5721827A/en,https://patentimages.storage.googleapis.com/f3/0b/fa/779a7f0f95866a/US5721827-drawings-page-2.png
US-4864618-A,Automated transaction system with modular printhead having print authentication feature ,"Wright Technologies, L.P.","Christopher B. Wright, Stephen Bristow",1986-11-26,1988-10-17,1989-09-05,1989-09-05,https://patents.google.com/patent/US4864618A/en,https://patentimages.storage.googleapis.com/be/c2/99/db10a6e7b71513/US4864618-drawings-page-2.png
US-5862260-A,Methods for surveying dissemination of proprietary empirical data ,Digimarc Corporation,Geoffrey B. Rhoads,1993-11-18,1996-05-16,1999-01-19,1999-01-19,https://patents.google.com/patent/US5862260A/en,https://patentimages.storage.googleapis.com/5a/c4/3f/3e443607729ff8/US5862260-drawings-page-6.png
US-6026388-A,User interface and other enhancements for natural language information retrieval system and method ,"Textwise, Llc","Elizabeth D. Liddy, Woojin Paik, Mary E. McKenna, Michael L. Weiner, Edmund S. Yu, Theodore G. Diamond, Bhaskaran Balakrishnan, David L. Snyder",1995-08-16,1996-08-14,2000-02-15,2000-02-15,https://patents.google.com/patent/US6026388A/en,https://patentimages.storage.googleapis.com/9b/bd/e8/88b7ad1a0d10cd/US6026388-drawings-page-23.png
US-6640145-B2,Media recording device with packet data interface ,"Steven Hoffberg, Linda Hoffberg-Borghesani","Steven Hoffberg, Linda Hoffberg-Borghesani",1999-02-01,2002-06-03,2003-10-28,2003-10-28,https://patents.google.com/patent/US6640145B2/en,https://patentimages.storage.googleapis.com/10/12/49/98ffaa11866ed7/US06640145-20031028-D00000.png
US-5640002-A,Portable RF ID tag and barcode reader ,"Ruppert; Jonathan Paul, Fish; Ronald Craig, Yap; Thomas Allan, Ames; Ronald Merle","Jonathan Paul Ruppert, Ronald Craig Fish, Thomas Allan Yap, Ronald Merle Ames",1995-08-15,1995-08-15,1997-06-17,1997-06-17,https://patents.google.com/patent/US5640002A/en,https://patentimages.storage.googleapis.com/f5/db/1e/7b0de4b545402f/US5640002-drawings-page-2.png
US-5629981-A,Information management and security system ,Texas Instruments Incorporated,Virupax M. Nerlikar,1994-07-29,1994-07-29,1997-05-13,1997-05-13,https://patents.google.com/patent/US5629981A/en,https://patentimages.storage.googleapis.com/1b/f5/66/554ff7177949e6/US5629981-drawings-page-2.png
US-5494043-A,Arterial sensor ,"Vital Insite, Inc.","Martin O'Sullivan, Lawrence W. Brendlen, Jr., Donald Q. Dong, Jeffrey M. Moser, Kenneth H. Mollenauer, Kenneth C. Kitlas, William J. Kaspari",1993-05-04,1993-05-04,1996-02-27,1996-02-27,https://patents.google.com/patent/US5494043A/en,https://patentimages.storage.googleapis.com/2e/2b/76/5c02a5239e0480/US5494043-drawings-page-2.png
US-6675159-B1,Concept-based search and retrieval system ,Science Applic Int Corp,"Albert Deirchow Lin, Patrick John Graydon, Justin Eliot Busch, Maureen Caudill, Nancy Ann Chinchor, Jason Chun-Ming Tseng, Lei Wang, Bryner Sabido Pancho, Kenneth Scott Klein, Yuri Adrian Tijerino",2000-07-27,2000-07-27,2004-01-06,2004-01-06,https://patents.google.com/patent/US6675159B1/en,https://patentimages.storage.googleapis.com/75/0d/7e/00d2a143d77b87/US06675159-20040106-D00000.png
US-5410344-A,Apparatus and method of selecting video programs based on viewers' preferences ,"Arrowsmith Technologies, Inc.","Gordon T. Graves, Brendan M. O'Connor, Alva C. Barker",1993-09-22,1993-09-22,1995-04-25,1995-04-25,https://patents.google.com/patent/US5410344A/en,https://patentimages.storage.googleapis.com/43/d5/c6/a5230bc8133995/US5410344-drawings-page-2.png
US-7399277-B2,System for monitoring physiological characteristics ,"Medtronic Minimed, Inc.","Frank Saidara, John Joseph Mastrototaro, Charles Vallet Tolle, John C. Mueller, Jr., Jeff B. Sanders, Edward S. Nielsen",2001-12-27,2004-06-03,2008-07-15,2008-07-15,https://patents.google.com/patent/US7399277B2/en,https://patentimages.storage.googleapis.com/3d/f5/3b/78b2117df048d1/US07399277-20080715-D00001.png
US-5708825-A,Automatic summary page creation and hyperlink generation ,Iconovex Corporation,Bernardo Rafael Sotomayor,1995-05-26,1995-05-26,1998-01-13,1998-01-13,https://patents.google.com/patent/US5708825A/en,https://patentimages.storage.googleapis.com/98/3f/4e/7e3d179cb0b22d/US5708825-drawings-page-2.png
US-6161130-A,"Technique which utilizes a probabilistic classifier to detect ""junk"" e-mail by automatically updating a training and re-training the classifier based on the updated training set ",Microsoft Corporation,"Eric Horvitz, David E. Heckerman, Susan T. Dumais, Mehran Sahami, John C. Platt",1998-06-23,1998-06-23,2000-12-12,2000-12-12,https://patents.google.com/patent/US6161130A/en,https://patentimages.storage.googleapis.com/2c/d2/bd/95b3854c210c3e/US6161130-drawings-page-3.png
US-6658276-B2,Pulse oximeter user interface ,Masimo Corporation,"Massi E. Kianl, Ammar Al-Ali, Don Carothers, Michael Lee, James Pishney, Walter M. Weber",1999-01-25,2002-02-12,2003-12-02,2003-12-02,https://patents.google.com/patent/US6658276B2/en,https://patentimages.storage.googleapis.com/08/56/65/fe915afa14fb62/US06658276-20031202-D00000.png
US-5919134-A,Method and apparatus for demodulating signals in a pulse oximetry system ,Masimo Corp.,Mohamed K. Diab,1997-04-14,1998-01-12,1999-07-06,1999-07-06,https://patents.google.com/patent/US5919134A/en,https://patentimages.storage.googleapis.com/1c/e4/66/24ff3c81712947/US5919134-drawings-page-2.png
US-4916441-A,Portable handheld terminal ,Clinicom Incorporated,Peter P. Gombrich,1988-09-19,1988-09-19,1990-04-10,1990-04-10,https://patents.google.com/patent/US4916441A/en,https://patentimages.storage.googleapis.com/06/e1/ef/844aff64baaa7b/US4916441-drawings-page-4.png
US-8209308-B2,Method for presentation of revisions of an electronic document ,"Rueben Steven L, Gabriel Jakobson","Steven L. Rueben, Gabriel Jakobson",2006-05-01,2006-05-01,2012-06-26,2012-06-26,https://patents.google.com/patent/US8209308B2/en,https://patentimages.storage.googleapis.com/2a/72/99/dc348a350b6417/US08209308-20120626-D00000.png
US-2005060643-A1,Document similarity detection and classification system ,"Miavia, Inc.","Jeffrey Glass, Elizabeth Derr",2003-08-25,2004-08-12,2005-03-17,,https://patents.google.com/patent/US20050060643A1/en,https://patentimages.storage.googleapis.com/75/97/75/122850450b16bc/US20050060643A1-20050317-D00000.png
US-6405132-B1,Accident avoidance system ,"Intelligent Technologies International, Inc.","David S. Breed, Wendell C. Johnson, Wilbur E. DuVall",1997-10-22,2000-10-04,2002-06-11,2002-06-11,https://patents.google.com/patent/US6405132B1/en,https://patentimages.storage.googleapis.com/2d/02/2d/9339d8c9b41a51/US06405132-20020611-D00000.png
US-8566301-B2,Document revisions in a collaborative computing environment ,"Steven L. Rueben, Gabriel Jakobson","Steven L. Rueben, Gabriel Jakobson",2006-05-01,2010-08-17,2013-10-22,2013-10-22,https://patents.google.com/patent/US8566301B2/en,https://patentimages.storage.googleapis.com/b9/a1/a6/c35fb5833f3cd1/US08566301-20131022-D00000.png
US-5285381-A,Multiple control-point control system and method of use ,Vanderbilt University,"Moenes Iskarous, Kazuhiko Kawamura",1992-09-09,1992-09-09,1994-02-08,1994-02-08,https://patents.google.com/patent/US5285381A/en,https://patentimages.storage.googleapis.com/0c/d3/80/6680b4f98d3d43/US5285381-drawings-page-2.png
US-4835372-A,Patient care system ,Clincom Incorporated,"Peter P. Gombrich, Richard J. Beard, Richard A. Griffee, Thomas R. Wilson, Ronald E. Zook, Max S. Hendrickson",1985-07-19,1987-07-24,1989-05-30,1989-05-30,https://patents.google.com/patent/US4835372A/en,https://patentimages.storage.googleapis.com/0b/74/77/ca0da82d3e5994/US4835372-drawings-page-3.png
US-6720734-B2,Oximeter with nulled op-amp current feedback ,"Datex-Ohmeda, Inc.",Mark A. Norris,2002-08-08,2002-08-08,2004-04-13,2004-04-13,https://patents.google.com/patent/US6720734B2/en,https://patentimages.storage.googleapis.com/be/66/59/9b8debae4da431/US06720734-20040413-D00000.png
US-5357276-A,Method of providing video on demand with VCR like functions ,"Scientific-Atlanta, Inc.","Robert O. Banker, Jeffrey B. Huppertz, Michael T. Hayashi, David B. Lett, Voytek E. Godlewski, Michael W. Raley",1992-12-01,1992-12-01,1994-10-18,1994-10-18,https://patents.google.com/patent/US5357276A/en,https://patentimages.storage.googleapis.com/90/30/1e/81c676906e311f/US5357276-drawings-page-2.png
US-5971922-A,System and method for predicting blood glucose level ,"Meidensha Electric Mfg Co Ltd, Seizaburou Arita, Masaya Yoneda","Seizaburou Arita, Masaya Yoneda, Tadashi Iokibe",1998-04-07,1998-10-16,1999-10-26,1999-10-26,https://patents.google.com/patent/US5971922A/en,https://patentimages.storage.googleapis.com/19/28/b5/33cd800f24f3da/US5971922-drawings-page-2.png
US-6006221-A,Multilingual document retrieval system and method using semantic vector matching ,Syracuse University,"Elizabeth D. Liddy, Woojin Paik, Edmund S. Yu, Ming Li",1995-08-16,1996-08-14,1999-12-21,1999-12-21,https://patents.google.com/patent/US6006221A/en,https://patentimages.storage.googleapis.com/51/4d/94/e8b7a02356f7a3/US6006221-drawings-page-3.png
US-6144848-A,Handheld remote computer control and methods for secured interactive real-time telecommunications ,Weiss Jensen Ellis & Howard,"Joseph F. Walsh, David H. Boydston",1995-06-07,1996-06-07,2000-11-07,2000-11-07,https://patents.google.com/patent/US6144848A/en,https://patentimages.storage.googleapis.com/29/f1/74/be0e4ad7108048/US6144848-drawings-page-2.png
US-2003051026-A1,Network surveillance and security system ,"Carter Ernst B., Vasily Zolotov","Ernst Carter, Vasily Zolotov",2001-01-19,2001-01-19,2003-03-13,,https://patents.google.com/patent/US20030051026A1/en,https://patentimages.storage.googleapis.com/e2/ac/35/809769f1e7ebe4/US20030051026A1-20030313-D00000.png
US-5963940-A,Natural language information retrieval system and method ,Syracuse University,"Elizabeth D. Liddy, Woojin Paik, Mary E. McKenna, Ming Li",1995-08-16,1996-08-14,1999-10-05,1999-10-05,https://patents.google.com/patent/US5963940A/en,https://patentimages.storage.googleapis.com/c2/d0/c3/7890fdc0bfe686/US5963940-drawings-page-3.png
US-6078914-A,Natural language meta-search system and method ,Open Text Corporation,Darren M. Redfern,1996-12-09,1996-12-09,2000-06-20,2000-06-20,https://patents.google.com/patent/US6078914A/en,https://patentimages.storage.googleapis.com/6c/6f/57/ebed9711d7991d/US6078914-drawings-page-2.png
US-2005192727-A1,Sensor Assemblies ,Automotive Technologies International Inc.,"Oleksandr Shostak, Anatoliy Kolomeyko, David Breed, Wilbur DuVall, Wendell Johnson",1994-05-09,2005-05-02,2005-09-01,,https://patents.google.com/patent/US20050192727A1/en,https://patentimages.storage.googleapis.com/a0/68/32/fa8c1dfe21881a/US20050192727A1-20050901-D00000.png
US-5701400-A,Method and apparatus for applying if-then-else rules to data sets in a relational data base and generating from the results of application of said rules a database of diagnostics linked to said data sets to aid executive analysis of financial data ,Amado; Carlos Armando,Carlos Armando Amado,1995-03-08,1995-03-08,1997-12-23,1997-12-23,https://patents.google.com/patent/US5701400A/en,https://patentimages.storage.googleapis.com/d8/ca/03/45f01edf73bfc7/US5701400-drawings-page-2.png
US-5794050-A,Natural language understanding system ,"Intelligent Text Processing, Inc.","Kathleen Dahlgren, Edward Stabler",1995-01-04,1997-10-02,1998-08-11,1998-08-11,https://patents.google.com/patent/US5794050A/en,https://patentimages.storage.googleapis.com/fd/27/f7/4ad8739d0e0e0a/US5794050-drawings-page-2.png
US-5764789-A,Tokenless biometric ATM access system ,"Smarttouch, Llc","David Ferrin Pare, Jr., Ned Hoffman, Jonathan Alexander Lee",1994-11-28,1996-09-27,1998-06-09,1998-06-09,https://patents.google.com/patent/US5764789A/en,https://patentimages.storage.googleapis.com/ac/3c/af/a2c74aabdbbce0/US5764789-drawings-page-3.png
US-6826419-B2,Signal processing apparatus and method ,Masimo Corporation,"Mohamed Kheir Diab, Esmaiel Kiani-Azarbayjany",1991-03-07,2002-12-20,2004-11-30,2004-11-30,https://patents.google.com/patent/US6826419B2/en,https://patentimages.storage.googleapis.com/6a/a1/ad/075cf6d05b8f1b/US06826419-20041130-D00000.png
US-5704029-A,System and method for completing an electronic form ,"Wright Strategies, Inc.","Gerald V. Wright, Jr.",1994-05-23,1994-05-23,1997-12-30,1997-12-30,https://patents.google.com/patent/US5704029A/en,https://patentimages.storage.googleapis.com/62/c8/83/667c48b82175b9/US5704029-drawings-page-2.png
US-5870723-A,Tokenless biometric transaction authorization method and system ,"Pare, Jr.; David Ferrin, Hoffman; Ned, Lee; Jonathan Alexander","David Ferrin Pare, Jr., Ned Hoffman, Jonathan Alexander Lee",1994-11-28,1996-08-29,1999-02-09,1999-02-09,https://patents.google.com/patent/US5870723A/en,https://patentimages.storage.googleapis.com/32/c7/63/84548e5da4ef04/US5870723-drawings-page-2.png
US-7289835-B2,Multivariate analysis of green to ultraviolet spectra of cell and tissue samples ,"Masimo Laboratories, Inc.","James Mansfield, Jenny Freeman",2000-02-18,2005-06-02,2007-10-30,2007-10-30,https://patents.google.com/patent/US7289835B2/en,https://patentimages.storage.googleapis.com/pages/US7289835-0.png
US-5726984-A,Hierarchical data collection network supporting packetized voice communications among wireless terminals and telephones ,Norand Corporation,"Joseph J. Kubler, Michael D. Morris",1989-01-31,1995-10-05,1998-03-10,1998-03-10,https://patents.google.com/patent/US5726984A/en,https://patentimages.storage.googleapis.com/f0/51/f6/b4bdb40f750bad/US5726984-drawings-page-2.png
US-5756981-A,Optical scanner for reading and decoding one- and-two-dimensional symbologies at variable depths of field including memory efficient high speed image processing means and high accuracy image analysis means ,"Symbol Technologies, Inc.","Alexander R. Roustaei, Roland L. Lawrence, Ali Lebaschi, Long-Xiang Bian, Donald Fisher",1992-02-27,1996-08-01,1998-05-26,1998-05-26,https://patents.google.com/patent/US5756981A/en,https://patentimages.storage.googleapis.com/6d/d0/b8/12da495b0c4c71/US5756981-drawings-page-3.png
US-5791347-A,Motion insensitive pulse detector ,"Vital Insite, Inc.","Bryan P. Flaherty, Mark H. Sher, Richard G. Caro",1994-04-15,1996-08-14,1998-08-11,1998-08-11,https://patents.google.com/patent/US5791347A/en,https://patentimages.storage.googleapis.com/08/ad/d4/90154b6bed9a95/US5791347-drawings-page-2.png
US-2007219059-A1,Method and system for continuous monitoring and training of exercise ,"Schwartz Mark H, Le Yi Wang, Hong Wang","Mark H. Schwartz, Le Yi Wang, Hong Wang",2006-03-17,2007-03-19,2007-09-20,,https://patents.google.com/patent/US20070219059A1/en,https://patentimages.storage.googleapis.com/8b/1b/0c/b78a60105fa1a2/US20070219059A1-20070920-D00000.png
US-5903723-A,Method and apparatus for transmitting electronic mail attachments with attachment references ,Intel Corporation,"Robert D. Beck, John Richardson",1995-12-21,1995-12-21,1999-05-11,1999-05-11,https://patents.google.com/patent/US5903723A/en,https://patentimages.storage.googleapis.com/b5/fd/c2/eea9d9cf95271a/US5903723-drawings-page-2.png
US-7467003-B2,Dual electrode system for a continuous analyte sensor ,"Dexcom, Inc.","Mark Brister, James R. Petisce, Peter Simpson",2003-12-05,2006-10-04,2008-12-16,2008-12-16,https://patents.google.com/patent/US7467003B2/en,https://patentimages.storage.googleapis.com/cc/c0/5e/c93027bacfe325/US07467003-20081216-D00000.png
US-6832725-B2,Optical reader comprising multiple color illumination ,"Hand Held Products, Inc.","Robert C. Gardiner, Charles P. Barber, Eric Coleman, Michael Ehrhart, Colleen P. Gannon, Robert J. Hennick, William H. Havens, Vivian L. Hunter, Melvin D. McCall, Thomas Ruhlman",1999-10-04,2002-03-07,2004-12-21,2004-12-21,https://patents.google.com/patent/US6832725B2/en,https://patentimages.storage.googleapis.com/8f/c8/81/54d000baca7836/US06832725-20041221-D00000.png
US-7263397-B2,Method and apparatus for catheter navigation and location and mapping in the heart ,"St. Jude Medical, Atrial Fibrillation Division, Inc.","John A. Hauck, Jeff A. Schweitzer, Michael Craven, Valtino Afonso, Holly Cotner, Frank Callaghan, John Schultz",1998-06-30,2004-04-06,2007-08-28,2007-08-28,https://patents.google.com/patent/US7263397B2/en,https://patentimages.storage.googleapis.com/03/ea/15/4d8b0b5d4398b8/US07263397-20070828-D00000.png
US-6317627-B1,Anesthesia monitoring system based on electroencephalographic signals ,"Physiometrix, Inc.","David W. Ennen, Jorge R. Jimenez, Dominic P. Marro",1999-11-02,1999-11-02,2001-11-13,2001-11-13,https://patents.google.com/patent/US6317627B1/en,https://patentimages.storage.googleapis.com/2b/6e/30/e7ae0272d71333/US6317627-drawings-page-2.png
US-5860073-A,Style sheets for publishing system ,Microsoft Corporation,"Patrick J. Ferrel, Matthew W. Gertz, Robert F. Meyer, Stephen J. Millet, Kevin M. Schofield, John P. Shewchuk, Walter W. Smith",1995-07-17,1995-07-17,1999-01-12,1999-01-12,https://patents.google.com/patent/US5860073A/en,https://patentimages.storage.googleapis.com/c4/14/64/cc798a242ffb1a/US5860073-drawings-page-2.png
US-4857716-A,Patient identification and verification system and method ,Clinicom Incorporated,"Peter P. Gombrich, Ronald E. Zook, Max S. Hendrickson",1986-05-12,1988-06-08,1989-08-15,1989-08-15,https://patents.google.com/patent/US4857716A/en,https://patentimages.storage.googleapis.com/7b/ac/c2/489615f2441736/US4857716-drawings-page-3.png
US-6081774-A,Natural language information retrieval system and method ,"Novell, Inc.","Carolina Rubio de Hita, David van den Akker, Erik C. E. Govaers, Frank M. J. Platteau, Kurt Van Deun, Melissa Macpherson, Peter de Bie, Sophie Laviolette",1997-08-22,1997-08-22,2000-06-27,2000-06-27,https://patents.google.com/patent/US6081774A/en,https://patentimages.storage.googleapis.com/f8/92/4f/409b7802662ec2/US6081774-drawings-page-2.png
US-6560620-B1,Hierarchical document comparison system and method ,"Aplix Research, Inc.",Philip Waisin Ching,1999-08-03,1999-08-03,2003-05-06,2003-05-06,https://patents.google.com/patent/US6560620B1/en,https://patentimages.storage.googleapis.com/f1/5d/39/809873f3e7f527/US6560620-drawings-page-2.png
US-7376453-B1,Signal processing apparatus ,Masimo Corporation,"Mohamed K. Diab, Esmaiel Kiani-Azarbayjany, Ibrahim M. Elfadel, Rex J. McCarthy, Walter M. Weber, Robert A. Smith",1993-10-06,1998-09-01,2008-05-20,2008-05-20,https://patents.google.com/patent/US7376453B1/en,https://patentimages.storage.googleapis.com/2f/19/1c/155c885914d145/US7376453-drawings-page-6.png
US-5696962-A,Method for computerized information retrieval using shallow linguistic analysis ,Xerox Corporation,Julian M. Kupiec,1993-06-24,1996-05-08,1997-12-09,1997-12-09,https://patents.google.com/patent/US5696962A/en,https://patentimages.storage.googleapis.com/55/1a/a5/e34c634a9e1cd8/US5696962-drawings-page-3.png
US-6280381-B1,Intelligent system for noninvasive blood analyte prediction ,"Instrumentation Metrics, Inc.","Stephen F. Malin, Timothy L. Ruchti",1999-07-22,1999-07-22,2001-08-28,2001-08-28,https://patents.google.com/patent/US6280381B1/en,https://patentimages.storage.googleapis.com/ce/62/a8/74fc94ba446e6c/US6280381-drawings-page-3.png
US-6556983-B1,"Methods and apparatus for finding semantic information, such as usage logs, similar to a query using a pattern lattice data space ",Microsoft Corporation,"Steven Altschuler, David V. Ingerman, Lani Wu, Lei Zhao",2000-01-12,2000-01-12,2003-04-29,2003-04-29,https://patents.google.com/patent/US6556983B1/en,https://patentimages.storage.googleapis.com/32/8a/63/f7ab20c2ce3084/US06556983-20030429-D00000.png
US-2019339688-A1,"Methods and systems for data collection, learning, and streaming of machine signals for analytics and maintenance using the industrial internet of things ","Strong Force Iot Portfolio 2016, Llc","Charles Howard Cella, Gerald William Duffy, JR., Jeffrey P. McGuckin, Mehul Desai",2016-05-09,2019-03-29,2019-11-07,,https://patents.google.com/patent/US20190339688A1/en,https://patentimages.storage.googleapis.com/80/be/f0/e9639b6491c27e/US20190339688A1-20191107-D00001.png
US-5686902-A,Communication system for communicating with tags ,Texas Instruments Incorporated,"Robert Steven Reis, Vikram Verma, Domingo Antonio Mihovilovic, Peter Scott Bertrand, Richard Kenneth Stevens",1990-06-15,1996-04-23,1997-11-11,1997-11-11,https://patents.google.com/patent/US5686902A/en,https://patentimages.storage.googleapis.com/4b/fe/3f/f2b044649550cc/US5686902-drawings-page-2.png
US-4641274-A,Method for communicating changes made to text form a text processor to a remote host ,International Business Machines Corporation,Edgar W. Swank,1982-12-03,1985-08-19,1987-02-03,1987-02-03,https://patents.google.com/patent/US4641274A/en,https://patentimages.storage.googleapis.com/e9/73/27/5ee41f92cd878f/US4641274-drawings-page-2.png
US-6510329-B2,Detection of sensor off conditions in a pulse oximeter ,"Datex-Ohmeda, Inc.",Donald W. Heckel,2001-01-24,2001-01-24,2003-01-21,2003-01-21,https://patents.google.com/patent/US6510329B2/en,https://patentimages.storage.googleapis.com/61/6e/fb/bb58939b2323e5/US06510329-20030121-D00000.png
US-5799276-A,Knowledge-based speech recognition system and methods having frame length computed based upon estimated pitch period of vocalic intervals ,Accent Incorporated,"Edward Komissarchik, Vladimir Arlazarov, Dimitri Bogdanov, Yuri Finkelstein, Andrey Ivanov, Jacob Kaminsky, Julia Komissarchik, Olga Krivnova, Mikhail Kronrod, Mikhail Malkovsky, Maxim Paklin, Alexander Rozanov, Vladimir Segal, Nina Zinovieva",1995-11-07,1995-11-07,1998-08-25,1998-08-25,https://patents.google.com/patent/US5799276A/en,https://patentimages.storage.googleapis.com/08/35/80/6ea1d541e85e5f/US5799276-drawings-page-3.png
US-5347295-A,Control of a computer through a position-sensed stylus ,Go Corporation,"Todd Agulnick, Robert Carr, Tony Hoeber, S. Jerrold Kaplan, David R. Low, Michael Ouye",1990-10-31,1990-10-31,1994-09-13,1994-09-13,https://patents.google.com/patent/US5347295A/en,https://patentimages.storage.googleapis.com/54/64/31/3b30c5ee63c297/US5347295-drawings-page-2.png
US-5760773-A,Methods and apparatus for interacting with data objects using action handles ,Microsoft Corporation,"Eric Robert Berman, Edward Low Mills, Michael Hinkley Van Kleeck, Vinayak A. Bhalerao",1995-01-06,1995-01-06,1998-06-02,1998-06-02,https://patents.google.com/patent/US5760773A/en,https://patentimages.storage.googleapis.com/f7/09/5c/e7bd383e33d3fc/US5760773-drawings-page-2.png
US-5386556-A,Natural language analyzing apparatus and method ,International Business Machines Corporation,"Erik B. Hedin, Gregor I. Jonsson, Lars E. Olsson, Mohammad A. Sanamrad, Sven O. G. Westling",1989-03-06,1992-12-23,1995-01-31,1995-01-31,https://patents.google.com/patent/US5386556A/en,https://patentimages.storage.googleapis.com/59/d5/0f/6abc8a35fb7cd0/US5386556-drawings-page-2.png
US-5295491-A,Non-invasive human neurocognitive performance capability testing method and system ,"Sam Technology, Inc.",Alan S. Gevins,1991-09-26,1991-09-26,1994-03-22,1994-03-22,https://patents.google.com/patent/US5295491A/en,https://patentimages.storage.googleapis.com/2a/6f/8f/35134348d19f64/US5295491-drawings-page-2.png
US-4688026-A,Method of collecting and using data associated with tagged objects ,"Scribner James R, Brown Thomas G, Caracciolo Jr Anthony","James R. Scribner, Thomas G. Brown, Anthony Caracciolo, Jr.",1984-05-15,1986-04-21,1987-08-18,1987-08-18,https://patents.google.com/patent/US4688026A/en,https://patentimages.storage.googleapis.com/32/9a/17/73c84c4e22aaac/US4688026-drawings-page-2.png
US-6615172-B1,Intelligent query engine for processing voice based queries ,"Phoenix Solutions, Inc.","Ian M. Bennett, Bandi Ramesh Babu, Kishor Morkhandikar, Pallaki Gururaj",1999-11-12,1999-11-12,2003-09-02,2003-09-02,https://patents.google.com/patent/US6615172B1/en,https://patentimages.storage.googleapis.com/90/40/cc/c6ee2d1b06503e/US6615172-drawings-page-3.png
US-5748737-A,Multimedia electronic wallet with generic card ,Daggar; Robert N.,Robert N. Daggar,1994-11-14,1994-11-14,1998-05-05,1998-05-05,https://patents.google.com/patent/US5748737A/en,https://patentimages.storage.googleapis.com/cb/ad/53/95bbf0ec4f08ec/US5748737-drawings-page-3.png
US-4775935-A,Video merchandising system with variable and adoptive product sequence presentation order ,Westinghouse Electric Corp.,Denise A. Yourick,1986-09-22,1986-09-22,1988-10-04,1988-10-04,https://patents.google.com/patent/US4775935A/en,https://patentimages.storage.googleapis.com/a5/95/50/0b46fd18567180/US4775935-drawings-page-2.png
US-4075632-A,"Interrogation, and detection system ",The United States Of America As Represented By The United States Department Of Energy,"Howard A. Baldwin, Steven W. Depp, Alfred R. Koelle, Robert W. Freyman",1974-08-27,1976-05-24,1978-02-21,1978-02-21,https://patents.google.com/patent/US4075632A/en,https://patentimages.storage.googleapis.com/f7/4e/89/ef0f8d7c31b6e2/US4075632-drawings-page-2.png
US-7775885-B2,Event-driven alteration of avatars ,"Leviathan Entertainment, Llc","Andrew S. Van Luchene, Raymond J. Mueller",2005-10-14,2007-03-30,2010-08-17,2010-08-17,https://patents.google.com/patent/US7775885B2/en,https://patentimages.storage.googleapis.com/96/f6/c9/7737a558461000/US07775885-20100817-D00000.png
US-5748783-A,Method and apparatus for robust information coding ,Digimarc Corporation,Geoffrey B. Rhoads,1995-05-08,1995-05-08,1998-05-05,1998-05-05,https://patents.google.com/patent/US5748783A/en,https://patentimages.storage.googleapis.com/6c/14/58/d8ee56eae2f03e/US5748783-drawings-page-5.png
US-8289403-B2,Image processing system ,"Kabushiki Kaisha Toshiba, Toshiba Solutions Corporation","Toshimasa Dobashi, Hiroyuki Mizutani, Naoaki Kodaira, Tomohisa Suzuki",2009-03-13,2010-03-12,2012-10-16,2012-10-16,https://patents.google.com/patent/US8289403B2/en,https://patentimages.storage.googleapis.com/78/17/84/dc49976acb6601/US08289403-20121016-D00000.png
US-5873056-A,Natural language processing system for semantic vector representation which accounts for lexical ambiguity ,The Syracuse University,"Elizabeth D. Liddy, Woojin Paik, Edmund Szu-li Yu",1993-10-12,1993-10-12,1999-02-16,1999-02-16,https://patents.google.com/patent/US5873056A/en,https://patentimages.storage.googleapis.com/c3/70/35/7bae9010d6488a/US5873056-drawings-page-3.png
US-5640577-A,Data processing system with automated at least partial forms completion ,Davox Corporation,Andrew J. Scharmer,1991-12-30,1995-08-22,1997-06-17,1997-06-17,https://patents.google.com/patent/US5640577A/en,https://patentimages.storage.googleapis.com/16/0d/9d/a494242eac98a4/US5640577-drawings-page-2.png
US-5301109-A,Computerized cross-language document retrieval using latent semantic indexing ,"Bell Communications Research, Inc.","Thomas K. Landauer, Michael L. Littman",1990-06-11,1991-07-17,1994-04-05,1994-04-05,https://patents.google.com/patent/US5301109A/en,https://patentimages.storage.googleapis.com/92/e0/c7/5250765d3a9732/US5301109-drawings-page-2.png
US-6812824-B1,Method and apparatus combining a tracking system and a wireless communication system ,"Rf Technologies, Inc.","James Goldinger, Colin Lanzl, Jay Werb",1996-10-17,2000-03-02,2004-11-02,2004-11-02,https://patents.google.com/patent/US6812824B1/en,https://patentimages.storage.googleapis.com/48/e2/28/ddbe19a98dd64e/US06812824-20041102-D00000.png
US-6336124-B1,Conversion data representing a document to other formats for manipulation and display ,"Bcl Computers, Inc.","Hassan Alam, Koichi Ariyoshi, Rachmat Hartono, Timotius Tjahjadi, Scott Tupaj, Hanyen Widjaja",1998-10-01,1999-07-07,2002-01-01,2002-01-01,https://patents.google.com/patent/US6336124B1/en,https://patentimages.storage.googleapis.com/ac/f3/f6/1fe765aafb4f68/US6336124-drawings-page-2.png
US-6766320-B1,Search engine with natural language-based robust parsing for user query and relevance feedback learning ,Microsoft Corporation,"Hai-Feng Wang, Kai-Fu Lee, Qiang Yang",2000-08-24,2000-08-24,2004-07-20,2004-07-20,https://patents.google.com/patent/US6766320B1/en,https://patentimages.storage.googleapis.com/d2/22/89/0cc69e76c94e21/US06766320-20040720-D00000.png
US-7027974-B1,Ontology-based parser for natural language processing ,Science Applications International Corporation,"Justin Eliot Busch, Albert Deirchow Lin, Patrick John Graydon, Maureen Caudill",2000-10-27,2000-10-27,2006-04-11,2006-04-11,https://patents.google.com/patent/US7027974B1/en,https://patentimages.storage.googleapis.com/eb/be/19/605a0de9d5a55a/US07027974-20060411-D00000.png
US-8571618-B1,Adaptive calibration system for spectrophotometric measurements ,"Cercacor Laboratories, Inc.","Marcelo Lamego, Sean Merritt, Massi Joe E. Kiani",2009-09-28,2010-09-27,2013-10-29,2013-10-29,https://patents.google.com/patent/US8571618B1/en,https://patentimages.storage.googleapis.com/a9/ea/2a/159acca93474da/US08571618-20131029-D00000.png
US-6623529-B1,"Multilingual electronic document translation, management, and delivery system ",David Lakritz,David Lakritz,1998-02-23,1999-01-28,2003-09-23,2003-09-23,https://patents.google.com/patent/US6623529B1/en,https://patentimages.storage.googleapis.com/77/6f/9d/4ed3ddba0fa60a/US6623529-drawings-page-2.png
US-6418424-B1,Ergonomic man-machine interface incorporating adaptive pattern recognition based control system ,"Steven M. Hoffberg, Linda I. Hoffberg-Borghesani","Steven M. Hoffberg, Linda I. Hoffberg-Borghesani",1991-12-23,1999-05-04,2002-07-09,2002-07-09,https://patents.google.com/patent/US6418424B1/en,https://patentimages.storage.googleapis.com/17/8a/71/98839ebe914cd0/US6418424-drawings-page-22.png
US-6687878-B1,Synchronizing/updating local client notes with annotations previously made by other clients in a notes database ,Real Time Image Ltd.,"Zvika Eintracht, Alexander Ovsiankin, Roman Dementiev, Gil Sideman",1999-03-15,1999-03-15,2004-02-03,2004-02-03,https://patents.google.com/patent/US6687878B1/en,https://patentimages.storage.googleapis.com/fb/6a/57/25c076a8faa193/US6687878-drawings-page-3.png
US-6988026-B2,Wireless and powerless sensor and interrogator ,Automotive Technologies International Inc.,"David S. Breed, Wilbur E. DuVall, Wendell C. Johnson, Anatoliy V. Kolomeyko, Oleksandr T. Shostak",1995-06-07,2003-11-04,2006-01-17,2006-01-17,https://patents.google.com/patent/US6988026B2/en,https://patentimages.storage.googleapis.com/0b/9b/c2/cdd1965d659c19/US06988026-20060117-D00000.png
US-6167382-A,Design and production of print advertising and commercial display materials over the Internet ,"F.A.C. Services Group, L.P.","Don R. Sparks, M. James Scott, Wally Tremel",1998-06-01,1998-06-01,2000-12-26,2000-12-26,https://patents.google.com/patent/US6167382A/en,https://patentimages.storage.googleapis.com/65/2d/9c/9cd7e0b91a501c/US6167382-drawings-page-2.png
US-5805719-A,Tokenless identification of individuals ,Smarttouch,"David Ferrin Pare, Jr., Ned Hoffman, Jonathan Alexander Lee",1994-11-28,1997-03-18,1998-09-08,1998-09-08,https://patents.google.com/patent/US5805719A/en,https://patentimages.storage.googleapis.com/02/ed/d2/aa87f3e99e5c0a/US5805719-drawings-page-2.png
US-8740792-B1,Patient monitor capable of accounting for environmental conditions ,Masimo Corporation,"Massi Joe E. Kiani, Marcelo Lamego, Michael O'Reilly",2010-07-12,2011-07-08,2014-06-03,2014-06-03,https://patents.google.com/patent/US8740792B1/en,https://patentimages.storage.googleapis.com/bd/45/b3/14b1da0f8c8f5c/US08740792-20140603-D00000.png
US-6377965-B1,Automatic word completion system for partially entered data ,Microsoft Corporation,"Dean J. Hachamovitch, Ronald A. Fein, Edward J. Fries",1997-11-07,1997-11-07,2002-04-23,2002-04-23,https://patents.google.com/patent/US6377965B1/en,https://patentimages.storage.googleapis.com/01/d5/18/0810577c4a26d4/US6377965-drawings-page-3.png
US-2012209084-A1,Respiratory event alert system ,Masimo Corporation,"Greg A. Olsen, Phil Weber",2011-01-21,2012-01-20,2012-08-16,,https://patents.google.com/patent/US20120209084A1/en,https://patentimages.storage.googleapis.com/23/b4/b3/6500192d28a136/US20120209084A1-20120816-D00000.png
US-5615277-A,Tokenless security system for authorizing access to a secured computer system ,Hoffman; Ned,Ned Hoffman,1994-11-28,1994-11-28,1997-03-25,1997-03-25,https://patents.google.com/patent/US5615277A/en,https://patentimages.storage.googleapis.com/72/5e/55/c6b79bc4be4369/US5615277-drawings-page-2.png
US-6615074-B2,Apparatus for energizing a remote station and related method ,University Of Pittsburgh Of The Commonwealth System Of Higher Education,"Marlin Mickle, Dimitry Gorodetsky, Leonid Mats, Lorenz Neureuter, Minhong Mi, Carl Taylor, Chad Emahizer",1998-12-22,2001-09-10,2003-09-02,2003-09-02,https://patents.google.com/patent/US6615074B2/en,https://patentimages.storage.googleapis.com/69/16/be/7010da3fd8e4e4/US06615074-20030902-D00000.png
US-6230059-B1,Implantable monitor ,"Medtronic, Inc.",Edwin G. Duffin,1999-03-17,1999-03-17,2001-05-08,2001-05-08,https://patents.google.com/patent/US6230059B1/en,https://patentimages.storage.googleapis.com/1d/24/bf/d92f1235d2217e/US6230059-drawings-page-2.png
US-2007063048-A1,Data reader apparatus having an adaptive lens ,"Havens William H, Wang Ynjiun P, Hunter Vivian L, Krauter Allan I, Ervin Goldfain, Lia Raymond A, Newman Richard W, Karpen Thomas W, Bradford Morse, Dongmin Yang","William Havens, Ynjiun Wang, Vivian Hunter, Allan Krauter, Ervin Goldfain, Raymond Lia, Richard Newman, Thomas Karpen, Bradford Morse, Dongmin Yang",2005-09-14,2006-09-14,2007-03-22,,https://patents.google.com/patent/US20070063048A1/en,https://patentimages.storage.googleapis.com/76/32/99/32a21627879b58/US20070063048A1-20070322-D00000.png
US-6208345-B1,Visual data integration system and method ,"Adc Telecommunications, Inc.","Nicolas C. Sheard, Larry J. Fischer, Richard W. Matthews, Himabindu Gurla, Qilin Hu, Wendy J. Zheng, Boyle Y. Mow",1998-04-15,1998-06-08,2001-03-27,2001-03-27,https://patents.google.com/patent/US6208345B1/en,https://patentimages.storage.googleapis.com/a1/fe/9c/8c44cf6c007418/US6208345-drawings-page-3.png
AU-2020103901-A4,Image Semantic Segmentation Method Based on Deep Full Convolutional Network and Conditional Random Field ,Chongqing Normal University,"Shaoguo Cui, Yan Wei",2020-12-04,2020-12-04,2021-02-11,2021-02-11,https://patents.google.com/patent/AU2020103901A4/en,
US-5553616-A,Determination of concentrations of biological substances using raman spectroscopy and artificial neural network discriminator ,Florida Institute Of Technology,"Fredric M. Ham, Glenn M. Cohen",1993-11-30,1993-11-30,1996-09-10,1996-09-10,https://patents.google.com/patent/US5553616A/en,https://patentimages.storage.googleapis.com/e6/53/61/202e5b12ab34c4/US5553616-drawings-page-2.png
US-8911377-B2,Patient monitor including multi-parameter graphical display ,Masimo Corporation,Ammar Al-Ali,2008-09-15,2009-09-15,2014-12-16,2014-12-16,https://patents.google.com/patent/US8911377B2/en,https://patentimages.storage.googleapis.com/2a/ba/35/8c080f8583cb39/US08911377-20141216-D00000.png
US-5210704-A,System for prognosis and diagnostics of failure and wearout monitoring and for prediction of life expectancy of helicopter gearboxes and other rotating equipment ,Technology International Incorporated,Abdo A. Husseiny,1990-10-02,1990-10-02,1993-05-11,1993-05-11,https://patents.google.com/patent/US5210704A/en,https://patentimages.storage.googleapis.com/99/f2/81/5c11d395dc804c/US5210704-drawings-page-2.png
US-4914590-A,Natural language understanding system ,"Emhart Industries, Inc.","Robert B. Loatman, Stephen D. Post, Chih-King Yang, John C. Hermansen",1988-05-18,1988-05-18,1990-04-03,1990-04-03,https://patents.google.com/patent/US4914590A/en,https://patentimages.storage.googleapis.com/06/a9/31/5078aa7113bdbf/US4914590-drawings-page-2.png
US-9106038-B2,Pulse oximetry system with low noise cable hub ,Masimo Corporation,"Valery G. Telfort, Ammar Al-Ali, Robert A. Smith, Joel Fechter, Shaun Fetherson",2009-10-15,2010-10-14,2015-08-11,2015-08-11,https://patents.google.com/patent/US9106038B2/en,https://patentimages.storage.googleapis.com/5e/7f/6c/5a3255ce097ef2/US09106038-20150811-D00000.png
US-7962190-B1,Signal processing apparatus ,Masimo Corporation,"Mohamed K. Diab, Esmaiel Kiani-Azarbayjany",1991-03-07,1998-07-07,2011-06-14,2011-06-14,https://patents.google.com/patent/US7962190B1/en,https://patentimages.storage.googleapis.com/07/55/7f/eeac93d2c89b9f/US7962190-drawings-page-11.png
US-5832119-C1,Methods for controlling systems using control signals embedded in empirical data ,Digimarc Corp,Geoffrey B Rhoads,1993-11-18,1995-09-25,2002-03-05,2002-03-05,https://patents.google.com/patent/US5832119C1/en,https://patentimages.storage.googleapis.com/84/f3/03/859e43e2547980/US5832119-drawings-page-6.png
US-2009134221-A1,Tunnel-type digital imaging-based system for use in automated self-checkout and cashier-assisted checkout operations in retail store environments ,"Xiaoxun Zhu, Tao Xian, Jie Ren, John Gardner, Sean Kearney, Timothy Good, Michael Schnee, Yong Liu, Patrick Giordano, Liang Wang, Liu Jibin, Ming Zhuo, Steven Essinger, Konstantin Yakovlev, Anatoly Kotlarsky, Xi Tao, Jun Lu, Ka Man Au, Duane Ellis, Knowles C Harry","Xiaoxun Zhu, Tao Xian, Jie Ren, John Gardner, Sean Kearney, Timothy Good, Michael Schnee, Yong Liu, Patrick Giordano, Liang Wang, JiBin Liu, Ming Zhuo, Steven Essinger, Konstantin Yakovlev, Anatoly Kotlarsky, Xi Tao, Jun Lu, Ka Man Au, Duane Ellis, C. Harry Knowles",2000-11-24,2008-09-11,2009-05-28,,https://patents.google.com/patent/US20090134221A1/en,https://patentimages.storage.googleapis.com/8c/f9/ba/b32b787de4e03c/US20090134221A1-20090528-D00000.png
US-4850009-A,Portable handheld terminal including optical bar code reader and electromagnetic transceiver means for interactive wireless communication with a base communications station ,Clinicom Incorporated,"Ronald E. Zook, Peter P. Gombrich",1986-05-12,1988-05-31,1989-07-18,1989-07-18,https://patents.google.com/patent/US4850009A/en,https://patentimages.storage.googleapis.com/63/eb/52/f7d5f2fb47acba/US4850009-drawings-page-2.png
US-6923763-B1,Method and apparatus for predicting the risk of hypoglycemia ,University Of Virginia Patent Foundation,"Boris P. Kovatchev, J. Randall Moorman, William L. Clarke, Martin Straume",1999-08-23,2000-08-21,2005-08-02,2005-08-02,https://patents.google.com/patent/US6923763B1/en,https://patentimages.storage.googleapis.com/01/ed/7a/0a0723564ca3fd/US06923763-20050802-D00000.png
US-6677852-B1,"System and method for automatically controlling or configuring a device, such as an RFID reader ",Intermec Ip Corp.,Jeremy A. Landt,1999-09-22,1999-09-22,2004-01-13,2004-01-13,https://patents.google.com/patent/US6677852B1/en,https://patentimages.storage.googleapis.com/e1/bc/85/3ee4bc65e05cb1/US6677852-drawings-page-2.png
US-5896321-A,Text completion system for a miniature computer ,Microsoft Corporation,"John W. Miller, Jossef Goldberg",1997-11-14,1997-11-14,1999-04-20,1999-04-20,https://patents.google.com/patent/US5896321A/en,https://patentimages.storage.googleapis.com/e4/c6/ad/cec6135cec9e46/US5896321-drawings-page-2.png
US-5181162-A,Document management and production system ,Eastman Kodak Company,"Robert M. Smith, David M. T. Ting, Jan H. Boer, Marvin Mendelssohn",1989-12-06,1989-12-06,1993-01-19,1993-01-19,https://patents.google.com/patent/US5181162A/en,https://patentimages.storage.googleapis.com/22/5c/58/6c6074171df99c/US5181162-drawings-page-2.png
US-8290883-B2,Learning system and learning method comprising an event list database ,"Honda Motor Co., Ltd.","Johane Takeuchi, Hiroshi Tsujino",2008-09-18,2009-09-10,2012-10-16,2012-10-16,https://patents.google.com/patent/US8290883B2/en,https://patentimages.storage.googleapis.com/67/f4/1f/54d590885da06b/US08290883-20121016-D00000.png
US-6616613-B1,Physiological signal monitoring system ,"Vitalsines International, Inc.",Jesse B. Goodman,2000-04-27,2000-04-27,2003-09-09,2003-09-09,https://patents.google.com/patent/US6616613B1/en,https://patentimages.storage.googleapis.com/d1/3d/ae/0aeadb61ff8fbb/US06616613-20030909-D00000.png
US-5913215-A,Browse by prompted keyword phrases with an improved method for obtaining an initial document set ,Seymour I. Rubinstein,"Seymour I. Rubinstein, Garnet R. Chaney",1996-04-09,1997-02-19,1999-06-15,1999-06-15,https://patents.google.com/patent/US5913215A/en,https://patentimages.storage.googleapis.com/12/49/a9/d67c6103fddc72/US5913215-drawings-page-3.png
US-5217010-A,Ecg amplifier and cardiac pacemaker for use during magnetic resonance imaging ,The Johns Hopkins University,"Joshua E. Tsitlik, Howard Levin, Henry Halperin, Myron Weisfeldt",1991-05-28,1991-05-28,1993-06-08,1993-06-08,https://patents.google.com/patent/US5217010A/en,https://patentimages.storage.googleapis.com/16/ea/cd/210bbebed234de/US5217010-drawings-page-2.png
DE-19717411-A1,Monitoring of thermal loading of patient tissue in contact region of neutral electrode of HF treatment unit ,Aesculap Ag & Co Kg,Roland Dipl Ing Haeberlen,1997-04-25,1997-04-25,1998-11-05,,https://patents.google.com/patent/DE19717411A1/en,
US-9245668-B1,Low noise cable providing communication between electronic sensor components and patient monitor ,"Cercacor Laboratories, Inc.","Hung Vo, Cristiano Dalvi",2011-06-29,2012-06-28,2016-01-26,2016-01-26,https://patents.google.com/patent/US9245668B1/en,https://patentimages.storage.googleapis.com/38/56/bf/3bdd8cbece3445/US09245668-20160126-D00000.png
US-6826727-B1,"Apparatus, methods, programming for automatically laying out documents ",Bitstream Inc.,"Eric Mohr, Paul B. Trevithick, Costas Kitsos, David E. Hollingsworth, Stephanie L. Houde, Jeffrey L. Caruso",1999-11-24,1999-11-24,2004-11-30,2004-11-30,https://patents.google.com/patent/US6826727B1/en,https://patentimages.storage.googleapis.com/7f/7b/25/db3200c07693a6/US6826727-drawings-page-2.png
US-5621412-A,"Multi-stage transponder wake-up, method and structure ",Texas Instruments Incorporated,"Claude A. Sharpe, Dwaine S. Hurta, Mark A. Hamlett",1994-04-26,1995-06-07,1997-04-15,1997-04-15,https://patents.google.com/patent/US5621412A/en,https://patentimages.storage.googleapis.com/6c/cc/20/58ab8d172c8da5/US5621412-drawings-page-2.png
US-6199079-B1,Method and system for automatically filling forms in an integrated network based transaction environment ,Junglee Corporation,"Ashish Gupta, Anand Rajaraman",1998-03-09,1998-03-20,2001-03-06,2001-03-06,https://patents.google.com/patent/US6199079B1/en,https://patentimages.storage.googleapis.com/b1/e8/54/aee8a9a45bc696/US6199079-drawings-page-2.png
US-6026433-A,Method of creating and editing a web site in a client-server environment using customizable web site templates ,"Silicon Graphics, Inc.","Carmen Ximena D'Arlach, Stephen Kenneth Kershner, Sameer Satyendra Singh",1997-03-17,1997-03-17,2000-02-15,2000-02-15,https://patents.google.com/patent/US6026433A/en,https://patentimages.storage.googleapis.com/de/79/ec/e792bca5321e11/US6026433-drawings-page-16.png
US-6665640-B1,Interactive speech based learning/training system formulating search queries based on natural language parsing of recognized user queries ,"Phoenix Solutions, Inc.","Ian M. Bennett, Bandi Ramesh Babu, Kishor Morkhandikar, Pallaki Gururaj",1999-11-12,1999-11-12,2003-12-16,2003-12-16,https://patents.google.com/patent/US6665640B1/en,https://patentimages.storage.googleapis.com/1a/b6/b5/c828658d3d2e16/US6665640-drawings-page-4.png
US-4575621-A,Portable electronic transaction device and system therefor ,"Corpra Research, Inc.",Henry N. Dreifus,1984-03-07,1984-03-07,1986-03-11,1986-03-11,https://patents.google.com/patent/US4575621A/en,https://patentimages.storage.googleapis.com/14/82/60/5dd08600c2d1e1/US4575621-drawings-page-2.png
US-5325298-A,Methods for generating or revising context vectors for a plurality of word stems ,"Hnc, Inc.",Stephen I. Gallant,1990-11-07,1991-09-03,1994-06-28,1994-06-28,https://patents.google.com/patent/US5325298A/en,https://patentimages.storage.googleapis.com/d9/50/7d/e7a14a51be73e2/US5325298-drawings-page-2.png
US-2009076821-A1,Method and apparatus to control operation of a playback device ,"Gracenote, Inc.","Vadim Brenner, Peter C. DiMaria, Dale T. Roberts, Michael W. Mantle, Michael W Orme",2005-08-19,2006-08-21,2009-03-19,,https://patents.google.com/patent/US20090076821A1/en,https://patentimages.storage.googleapis.com/de/57/bf/2ed8b44598a9e6/US20090076821A1-20090319-D00000.png
US-6292830-B1,System for optimizing interaction among agents acting on multiple levels ,Iterations Llc,"Matt Taylor, Gail Taylor",1997-08-08,1998-08-07,2001-09-18,2001-09-18,https://patents.google.com/patent/US6292830B1/en,https://patentimages.storage.googleapis.com/ab/c7/50/7b2c664fad5998/US6292830-drawings-page-2.png
US-4965763-A,Computer method for automatic extraction of commonly specified information from business correspondence ,International Business Machines Corporation,Elena M. Zamora,1987-03-03,1989-02-06,1990-10-23,1990-10-23,https://patents.google.com/patent/US4965763A/en,https://patentimages.storage.googleapis.com/56/cc/2d/5f156149a91f2c/US4965763-drawings-page-2.png
US-5798631-A,Performance optimization controller and control method for doubly-fed machines ,The State Of Oregon Acting By And Through The State Board Of Higher Education On Behalf Of Oregon State University,"Rene Spee, Shibashis Bhowmik, Johan H. R. Enslin",1995-10-02,1996-10-02,1998-08-25,1998-08-25,https://patents.google.com/patent/US5798631A/en,https://patentimages.storage.googleapis.com/d4/1b/7d/a6a06a26e7cfc3/US5798631-drawings-page-2.png
US-6816578-B1,Efficient instant messaging using a telephony interface ,Nortel Networks Limited,"Thomas J. Kredo, Margaret Avino, Richard Bergman",2001-11-27,2001-11-27,2004-11-09,2004-11-09,https://patents.google.com/patent/US6816578B1/en,https://patentimages.storage.googleapis.com/47/4a/2a/49fd5223fc261d/US06816578-20041109-D00000.png
US-9480435-B2,Configurable patient monitoring system ,Masimo Corporation,Gregory A. Olsen,2012-02-09,2013-02-08,2016-11-01,2016-11-01,https://patents.google.com/patent/US9480435B2/en,https://patentimages.storage.googleapis.com/59/66/36/392d9039755321/US09480435-20161101-D00000.png
US-4205780-A,Document processing system and method ,"Teknekron, Inc.","Emmett R. Burns, Morris D. Ho",1977-03-21,1978-07-03,1980-06-03,1980-06-03,https://patents.google.com/patent/US4205780A/en,https://patentimages.storage.googleapis.com/e1/ca/5e/ba798b3927e472/US4205780-drawings-page-2.png
US-5025791-A,Pulse oximeter with physical motion sensor ,"Colin Electronics Co., Ltd.",Minoru Niwa,1989-06-28,1990-06-01,1991-06-25,1991-06-25,https://patents.google.com/patent/US5025791A/en,https://patentimages.storage.googleapis.com/a8/7a/48/2974050d69f9d1/US5025791-drawings-page-2.png
US-6512949-B1,Implantable medical device for measuring time varying physiologic conditions especially edema and for responding thereto ,"Medtronic, Inc.","William J. Combs, Catherine R. Condie, Roy Martin, Dwight H. Warkentin, John D. Wahlstrand, David L. Thompson, Li Wang",1999-07-12,1999-07-12,2003-01-28,2003-01-28,https://patents.google.com/patent/US6512949B1/en,https://patentimages.storage.googleapis.com/41/2b/fd/143a825fb01775/US6512949-drawings-page-2.png
US-6915254-B1,Automatically assigning medical codes using natural language processing ,"A-Life Medical, Inc.","Daniel T. Heinze, Mark L. Morsch",1998-07-30,1999-07-30,2005-07-05,2005-07-05,https://patents.google.com/patent/US6915254B1/en,https://patentimages.storage.googleapis.com/3d/8d/bd/918f0044cb8e9d/US6915254-drawings-page-3.png
US-2012223141-A1,Digital linear imaging system employing pixel processing techniques to composite single-column linear images on a 2d image detection array ,"Metrologic Instruments, Inc.","Timothy Good, Tao Xian, Xiaoxun Zhu, Ynjiun Paul Wang",2011-03-01,2011-03-01,2012-09-06,,https://patents.google.com/patent/US20120223141A1/en,https://patentimages.storage.googleapis.com/95/eb/83/c8a88d0bd5ec87/US20120223141A1-20120906-D00000.png
US-2013043312-A1,Code symbol reading system employing dynamically-elongated laser scanning beams for improved levels of performance ,"Metrologic Instruments, Inc.",Erik Van Horn,2011-08-15,2011-08-15,2013-02-21,,https://patents.google.com/patent/US20130043312A1/en,https://patentimages.storage.googleapis.com/2b/fd/22/2e31871685a278/US20130043312A1-20130221-D00000.png
US-5857079-A,Smart card for automatic financial records ,Lucent Technologies Inc.,"David Michael Claus, John Christian Moran, Kevin Dean Murphy, Wanda Green Thompson",1994-12-23,1994-12-23,1999-01-05,1999-01-05,https://patents.google.com/patent/US5857079A/en,https://patentimages.storage.googleapis.com/4f/d4/7d/c03314fa559cf9/US5857079-drawings-page-2.png
US-5239462-A,Method and apparatus for automatically determining the approval status of a potential borrower ,"Creative Solutions Groups, Inc.","Robert M. Jones, Charles F. Goetz, Larry L. Steele",1992-02-25,1992-02-25,1993-08-24,1993-08-24,https://patents.google.com/patent/US5239462A/en,https://patentimages.storage.googleapis.com/d3/a2/35/5baf35795c8e51/US5239462-drawings-page-2.png
US-4827520-A,Voice actuated control system for use in a vehicle ,Prince Corporation,Mark L. Zeinstra,1987-01-16,1987-01-16,1989-05-02,1989-05-02,https://patents.google.com/patent/US4827520A/en,https://patentimages.storage.googleapis.com/55/19/ed/94b472f8b8df28/US4827520-drawings-page-2.png
US-8408469-B2,Laser scanning assembly having an improved scan angle-multiplication factor ,"Metrologic Instruments, Inc.",Timothy Good,2010-10-07,2010-10-07,2013-04-02,2013-04-02,https://patents.google.com/patent/US8408469B2/en,https://patentimages.storage.googleapis.com/07/66/58/27bd0519f72c57/US08408469-20130402-D00000.png
US-6434524-B1,Object interactive user interface using speech recognition and natural language processing ,"One Voice Technologies, Inc.",Dean Weber,1998-09-09,1999-10-05,2002-08-13,2002-08-13,https://patents.google.com/patent/US6434524B1/en,https://patentimages.storage.googleapis.com/8e/e5/58/d97d745f13a8fe/US6434524-drawings-page-2.png
US-3650277-A,Apparatus for influencing the systemic blood pressure in a patient by carotid sinus nerve stimulation ,Lkb Medical Ab,"Ulf Hakan Sjostrand, Per Ake Oberg",1969-02-24,1970-02-17,1972-03-21,1972-03-21,https://patents.google.com/patent/US3650277A/en,https://patentimages.storage.googleapis.com/51/72/7f/80c85339f076e3/US3650277-drawings-page-2.png
US-5919141-A,Vital sign remote monitoring device ,"Life Sensing Instrument Company, Inc.","Eugene W. Money, Roger Caldwell, Michael Sciarra",1994-11-15,1996-09-13,1999-07-06,1999-07-06,https://patents.google.com/patent/US5919141A/en,https://patentimages.storage.googleapis.com/3f/ef/f5/456da8b12d2104/US5919141-drawings-page-2.png
US-8371507-B2,Method of selectively projecting scan lines in a multiple-line barcode scanner ,"Metrologic Instruments, Inc.","Thomas Haggerty, Robert H. Brady",2007-10-08,2007-10-08,2013-02-12,2013-02-12,https://patents.google.com/patent/US8371507B2/en,https://patentimages.storage.googleapis.com/47/8c/a2/37b4b51222dd7c/US08371507-20130212-D00000.png
US-6575905-B2,Method and apparatus for real-time estimation of physiological parameters ,"Knobbe, Lim & Buckingham","Edward J. Knobbe, Wah L. Lim, Bruce A. Buckingham",2000-09-22,2001-09-21,2003-06-10,2003-06-10,https://patents.google.com/patent/US6575905B2/en,https://patentimages.storage.googleapis.com/17/23/3e/67d9adb7ae8875/US06575905-20030610-D00000.png
US-5384892-A,Dynamic language model for speech recognition ,"Apple Computer, Inc.",Robert D. Strong,1992-12-31,1992-12-31,1995-01-24,1995-01-24,https://patents.google.com/patent/US5384892A/en,https://patentimages.storage.googleapis.com/a5/f5/24/207feef0188175/US5384892-drawings-page-2.png
US-6275789-B1,Method and apparatus for performing full bidirectional translation between a source language and a linked alternative language ,"Leo Moser, Robert Moser","Leo Moser, Robert Moser",1998-12-18,1998-12-18,2001-08-14,2001-08-14,https://patents.google.com/patent/US6275789B1/en,https://patentimages.storage.googleapis.com/3b/80/c3/fcf71a31e67547/US6275789-drawings-page-2.png
US-8474712-B2,Method of and system for displaying product related information at POS-based retail checkout systems ,"Metrologic Instruments, Inc.","Sean Philip Kearney, Patrick Anthony Giordano",2011-09-29,2011-09-29,2013-07-02,2013-07-02,https://patents.google.com/patent/US8474712B2/en,https://patentimages.storage.googleapis.com/63/4e/58/a3c464ac050ade/US08474712-20130702-D00001.png
US-6442465-B2,Vehicular component control systems and methods ,"Automotive Technologies International, Inc.","David S. Breed, Wilbur E. DuVall, Wendell C. Johnson",1992-05-05,2001-04-20,2002-08-27,2002-08-27,https://patents.google.com/patent/US6442465B2/en,https://patentimages.storage.googleapis.com/c3/1d/2c/976f5620f7e620/US06442465-20020827-D00000.png
US-6192380-B1,Automatic web based form fill-in ,Intel Corporation,"John Light, John Garney",1998-03-31,1998-03-31,2001-02-20,2001-02-20,https://patents.google.com/patent/US6192380B1/en,https://patentimages.storage.googleapis.com/2c/b5/53/d12ef17d3af874/US6192380-drawings-page-2.png
US-5423334-A,Implantable medical device characterization system ,"C. R. Bard, Inc.",Guy J. Jordan,1993-02-01,1993-02-01,1995-06-13,1995-06-13,https://patents.google.com/patent/US5423334A/en,https://patentimages.storage.googleapis.com/47/47/80/90be16a46bc830/US5423334-drawings-page-3.png
US-5835616-A,Face detection using templates ,University Of Central Florida,"Niels da Vitoria Lobo, Young Ho Kwon",1994-02-18,1994-06-17,1998-11-10,1998-11-10,https://patents.google.com/patent/US5835616A/en,https://patentimages.storage.googleapis.com/e9/7e/0e/a3a35447d2bbe8/US5835616-drawings-page-2.png
US-5404295-A,Method and apparatus for utilizing annotations to facilitate computer retrieval of database material ,"Katz; Boris, Winston; Patrick H.","Boris Katz, Patrick H. Winston",1990-08-16,1994-01-04,1995-04-04,1995-04-04,https://patents.google.com/patent/US5404295A/en,https://patentimages.storage.googleapis.com/b2/36/4a/09063df5a6af30/US5404295-drawings-page-2.png
US-6546405-B2,Annotating temporally-dimensioned multimedia content ,Microsoft Corporation,"Anoop Gupta, Anthony W. Cannon",1997-10-23,1997-10-23,2003-04-08,2003-04-08,https://patents.google.com/patent/US6546405B2/en,https://patentimages.storage.googleapis.com/9a/8e/02/ac02afe9229feb/US6546405-drawings-page-3.png
US-2013175341-A1,Hybrid-type bioptical laser scanning and digital imaging system employing digital imager with field of view overlapping field of field of laser scanning subsystem ,"Sean Philip Kearney, Patrick Anthony Giordano","Sean Philip Kearney, Patrick Anthony Giordano",2012-01-10,2012-01-10,2013-07-11,,https://patents.google.com/patent/US20130175341A1/en,https://patentimages.storage.googleapis.com/7b/be/02/b47174182163bf/US20130175341A1-20130711-D00000.png
US-6006242-A,Apparatus and method for dynamically creating a document ,"Bankers Systems, Inc.","Donald L. Poole, Richard K. Wyman",1996-04-05,1996-04-05,1999-12-21,1999-12-21,https://patents.google.com/patent/US6006242A/en,https://patentimages.storage.googleapis.com/5a/4b/08/8b11cb360780d9/US6006242-drawings-page-2.png
US-8608071-B2,Optical indicia reading terminal with two image sensors ,Honeywell Scanning And Mobility,"Yong Liu, Ynjiun Paul Wang",2011-10-17,2011-10-17,2013-12-17,2013-12-17,https://patents.google.com/patent/US8608071B2/en,https://patentimages.storage.googleapis.com/0c/11/d0/76a20bf8e88df0/US08608071-20131217-D00000.png
US-5317507-A,Method for document retrieval and for word sense disambiguation using neural networks ,Gallant Stephen I,Stephen I. Gallant,1990-11-07,1990-11-07,1994-05-31,1994-05-31,https://patents.google.com/patent/US5317507A/en,https://patentimages.storage.googleapis.com/2a/01/69/ed7a2f076a0feb/US5317507-drawings-page-2.png
US-6829603-B1,"System, method and program product for interactive natural dialog ",International Business Machines Corp.,"Joyce Yue Chai, Sunil Subramanyam Govindappa, Nandakishore Kambhatla, Tetsunosuke Fujisaki, Catherine G. Wolf, Dragomir Radkov Radev, Yiming Ye, Wlodek Zadrozny",2000-02-02,2000-02-02,2004-12-07,2004-12-07,https://patents.google.com/patent/US6829603B1/en,https://patentimages.storage.googleapis.com/04/ca/37/b630d6ddea86db/US06829603-20041207-D00000.png
US-8550357-B2,Open air indicia reader stand ,"Metrologic Instruments, Inc.",Sean Phillip Kearney,2010-12-08,2010-12-08,2013-10-08,2013-10-08,https://patents.google.com/patent/US8550357B2/en,https://patentimages.storage.googleapis.com/3c/e6/8a/d37c71656a8a49/US08550357-20131008-D00000.png
US-8596543-B2,Indicia reading terminal including focus element with expanded range of focus distances ,"Hand Held Products, Inc.","William H. Havens, Ynjiun P. Wang, Robert J. Hennick, Colleen Gannon, Donald Anderson, Vivian L. Hunter, Edward C. Bremer, Chen Feng",2009-10-20,2009-10-20,2013-12-03,2013-12-03,https://patents.google.com/patent/US8596543B2/en,https://patentimages.storage.googleapis.com/71/7c/d0/1e5c9d82f7b435/US08596543-20131203-D00000.png
US-8523076-B2,Omnidirectional laser scanning bar code symbol reader generating a laser scanning pattern with a highly non-uniform scan density with respect to line orientation ,"Metrologic Instruments, Inc.",Timothy Good,2012-01-10,2012-01-10,2013-09-03,2013-09-03,https://patents.google.com/patent/US8523076B2/en,https://patentimages.storage.googleapis.com/74/63/96/2ac1adb48ede0f/US08523076-20130903-D00000.png
US-8590789-B2,Scanner with wake-up mode ,"Metrologic Instruments, Inc.","James Nahill, David Wilz, Thomas Amundsen, Dwight Franz, Mark Hernandez, Shane Michael Edmonds, Sarah Gloeckner, John Beiler, Mark Meagher, James A. Cairns, Glenn Alan Cavanaugh",2011-09-14,2011-09-14,2013-11-26,2013-11-26,https://patents.google.com/patent/US8590789B2/en,https://patentimages.storage.googleapis.com/2a/6e/7d/1dfc453f24a2bb/US08590789-20131126-D00000.png
US-2013306731-A1,Indicia reading terminal operable for data input on two sides ,"Hand Held Products ,Inc.",Cassio Monaco Pedrao,2011-01-31,2011-01-31,2013-11-21,,https://patents.google.com/patent/US20130306731A1/en,https://patentimages.storage.googleapis.com/1f/02/4d/6946966fb2235f/US20130306731A1-20131121-D00000.png
US-8579200-B2,Parallel decoding scheme for an indicia reader ,"Hand Held Products, Inc.","Justin Samek, James A. Nahill",2010-01-15,2012-11-05,2013-11-12,2013-11-12,https://patents.google.com/patent/US8579200B2/en,https://patentimages.storage.googleapis.com/13/f6/de/6cbae66167bf26/US08579200-20131112-D00000.png
US-8561903-B2,System operative to adaptively select an image sensor for decodable indicia reading ,"Hand Held Products, Inc.","James Timothy Sauerwein, JR.",2011-01-31,2011-01-31,2013-10-22,2013-10-22,https://patents.google.com/patent/US8561903B2/en,https://patentimages.storage.googleapis.com/a0/5a/02/0a1e9673271c9e/US08561903-20131022-D00000.png
US-8602309-B2,Bar code reading device for reading 1D or 2D bar code symbols ,"Hand Held Products, Inc.","Andrew Longacre, Jr., Robert M. Hussey, Thomas J. Koziol, Michael A. Ehrhart",1994-03-04,2009-06-15,2013-12-10,2013-12-10,https://patents.google.com/patent/US8602309B2/en,https://patentimages.storage.googleapis.com/69/4b/a4/d2df63be9f4993/US08602309-20131210-D00000.png
US-6173066-B1,Pose determination and tracking by matching 3D objects to a 2D sensor ,Cybernet Systems Corporation,"Thomas M. Peurach, Peggy Whalen, Douglas Haanpaa, Mike Whalen, Charles J. Jacobus",1996-05-21,1997-05-21,2001-01-09,2001-01-09,https://patents.google.com/patent/US6173066B1/en,https://patentimages.storage.googleapis.com/cb/3f/d3/996bb506186d1a/US6173066-drawings-page-3.png
US-9750442-B2,Physiological status monitor ,Masimo Corporation,Gregory A. Olsen,2013-03-09,2014-03-10,2017-09-05,2017-09-05,https://patents.google.com/patent/US9750442B2/en,https://patentimages.storage.googleapis.com/0d/3c/a5/86f1ea730dba62/US09750442-20170905-D00000.png
US-2014001267-A1,Indicia reading terminal with non-uniform magnification ,Honeywell International Inc. Doing Business As (D.B.A.) Honeywell Scanning & Mobility,"Patrick Anthony Giordano, Timothy Good, Sean Philip Kearney",2012-06-29,2012-06-29,2014-01-02,,https://patents.google.com/patent/US20140001267A1/en,https://patentimages.storage.googleapis.com/ca/cf/96/840a5b5a94591e/US20140001267A1-20140102-D00000.png
US-9649054-B2,Blood pressure measurement method ,"Cercacor Laboratories, Inc.","Marcelo Lamego, Massi Joe E. Kiani, Ken Lam, Cristiano Dalvi, Hung Vo",2010-08-26,2011-08-25,2017-05-16,2017-05-16,https://patents.google.com/patent/US9649054B2/en,https://patentimages.storage.googleapis.com/95/26/1a/a8b1ecf01897c9/US09649054-20170516-D00000.png
US-8755856-B2,Signal processing apparatus ,Masimo Corporation,"Mohamed K. Diab, Esmaiel Kiani-Azarbayjany, Ibrahim M. Elfadel, Rex J. McCarthy, Walter M. Weber, Robert A. Smith",1994-10-07,2012-02-22,2014-06-17,2014-06-17,https://patents.google.com/patent/US8755856B2/en,https://patentimages.storage.googleapis.com/f9/f1/02/57df3afdc0b229/US08755856-20140617-D00000.png
US-8668149-B2,Bar code reader terminal and methods for operating the same having misread detection apparatus ,"Metrologic Instruments, Inc.",Timothy Good,2009-09-16,2009-09-16,2014-03-11,2014-03-11,https://patents.google.com/patent/US8668149B2/en,https://patentimages.storage.googleapis.com/5e/68/75/f238f34b3f8444/US08668149-20140311-D00000.png
US-8720783-B2,Device and system for processing image data representing bar codes ,"Hand Held Products, Inc.","Charles E. Biss, William H. Havens, Michael D. Robinson, Paul Balschweit, Timothy R. Fitch, Melvin D. McCall, Garrison Gomez, Mark A. McClaude, Andrew Longacre, Eunice Sonneville",2004-11-05,2012-12-28,2014-05-13,2014-05-13,https://patents.google.com/patent/US8720783B2/en,https://patentimages.storage.googleapis.com/02/e6/07/d010ac4411d6ea/US08720783-20140513-D00000.png
US-8678285-B2,Method of and apparatus for multiplying raster scanning lines by modulating a multi-cavity laser diode ,"Metrologic Instruments, Inc.",Sean Philip Kearney,2011-09-20,2011-09-20,2014-03-25,2014-03-25,https://patents.google.com/patent/US8678285B2/en,https://patentimages.storage.googleapis.com/97/bb/d8/43f019d36814eb/US08678285-20140325-D00000.png
US-8695880-B2,Imaging devices and methods for inhibiting or removing captured aiming pattern ,"Honeywell International, Inc.","Edward C. Bremer, Runhong DENG",2011-12-22,2011-12-22,2014-04-15,2014-04-15,https://patents.google.com/patent/US8695880B2/en,https://patentimages.storage.googleapis.com/f8/65/3b/e0d8e1ab0872b1/US08695880-20140415-D00000.png
US-5751286-A,Image query system and method ,International Business Machines Corporation,"Ronald Jason Barber, Bradley James Beitel, William Robinson Equitz, Myron Dale Flickner, Carlton Wayne Niblack, Dragutin Petkovic, Thomas Randolph Work, Peter Cornelius Yanker",1992-11-09,1997-01-24,1998-05-12,1998-05-12,https://patents.google.com/patent/US5751286A/en,https://patentimages.storage.googleapis.com/d2/3e/75/01ae5a407f955e/US5751286-drawings-page-4.png
US-8717494-B2,Optical reading device with improved gasket ,"Hand Held Products, Inc.",Colleen P. Gannon,2010-08-11,2010-08-11,2014-05-06,2014-05-06,https://patents.google.com/patent/US8717494B2/en,https://patentimages.storage.googleapis.com/b4/03/42/55cf8fda93b3ae/US08717494-20140506-D00000.png
US-6820055-B2,"Systems and methods for automated audio transcription, translation, and transfer with text display software for manipulating the text ",Speche Communications,"Richard J. Saindon, Laurence H. Estrin, David A. Brand, Stephen Brand",2001-04-26,2001-04-26,2004-11-16,2004-11-16,https://patents.google.com/patent/US6820055B2/en,https://patentimages.storage.googleapis.com/12/13/03/e522b3658db73d/US06820055-20041116-D00000.png
US-8727223-B2,Indicia reading apparatus having image sensor array ,"Hand Held Products, Inc.",Ynjiun P. Wang,2006-06-09,2013-01-07,2014-05-20,2014-05-20,https://patents.google.com/patent/US8727223B2/en,https://patentimages.storage.googleapis.com/0d/53/bf/f0ee11ce46bcc6/US08727223-20140520-D00000.png
US-6088702-A,Group publishing system ,"Plantz; Scott H., Berezin; Jeff","Scott H. Plantz, Jeff Berezin",1998-02-25,1998-02-25,2000-07-11,2000-07-11,https://patents.google.com/patent/US6088702A/en,https://patentimages.storage.googleapis.com/aa/45/ac/f0bc65cedac94a/US6088702-drawings-page-2.png
US-6788965-B2,Intelligent system for detecting errors and determining failure modes in noninvasive measurement of blood and tissue analytes ,"Sensys Medical, Inc.","Timothy L. Ruchti, Christopher C. Briggs, Thomas B. Blank, Alexander D. Lorenz, Mutua Mattu, Marcy Makarewicz",2001-08-03,2002-08-01,2004-09-07,2004-09-07,https://patents.google.com/patent/US6788965B2/en,https://patentimages.storage.googleapis.com/45/21/4b/f162d0c4ea7336/US06788965-20040907-D00000.png
US-5850187-A,Integrated electronic tag reader and wireless communication link ,Amtech Corporation,"Curt L. Carrender, Jeremy A. Landt, Donald F. Speirs",1996-03-27,1996-03-27,1998-12-15,1998-12-15,https://patents.google.com/patent/US5850187A/en,https://patentimages.storage.googleapis.com/df/10/a5/53e9b8ae780a10/US5850187-drawings-page-2.png
US-7395158-B2,Method of screening for disorders of glucose metabolism ,"Sensys Medical, Inc.","Stephen L. Monfre, Linda Hockersmith, Donald Hetzel, Kevin H. Hazen, Andrew Cone",2000-05-30,2002-08-13,2008-07-01,2008-07-01,https://patents.google.com/patent/US7395158B2/en,https://patentimages.storage.googleapis.com/42/39/da/c725012210b9e5/US07395158-20080701-D00001.png
WO-2018072351-A1,Method for optimizing support vector machine on basis of particle swarm optimization algorithm ,北京工业大学,"吕胜富, 栗觅, 张明, 钟宁",2016-10-20,2017-01-11,2018-04-26,,https://patents.google.com/patent/WO2018072351A1/en,https://patentimages.storage.googleapis.com/b3/be/64/6db4a6d620cc7c/PCTCN2017070894-appb-300001.png
US-5786582-A,Optical scanner for reading and decoding one- and two-dimensional symbologies at variable depths of field ,"Symbol Technologies, Inc.","Alexander R. Roustaei, Donald Fisher",1992-02-27,1995-12-08,1998-07-28,1998-07-28,https://patents.google.com/patent/US5786582A/en,https://patentimages.storage.googleapis.com/bf/16/10/ab9d4b23866ab9/US5786582-drawings-page-3.png
US-8783573-B2,Indicia reading terminal having plurality of optical assemblies ,"Hand Held Products, Inc.","William H. Havens, Chen Feng, Colleen P. Gannon, Jianhua Li, Ynjiun P. Wang",2008-12-02,2008-12-02,2014-07-22,2014-07-22,https://patents.google.com/patent/US8783573B2/en,https://patentimages.storage.googleapis.com/37/de/bf/75e01419e117b1/US08783573-20140722-D00000.png
US-5627764-A,Automatic electronic messaging system with feedback and work flow administration ,"Banyan Systems, Inc.","Jeffrey A. Schutzman, Eugene H. Lee",1991-10-04,1993-06-09,1997-05-06,1997-05-06,https://patents.google.com/patent/US5627764A/en,https://patentimages.storage.googleapis.com/86/7b/0d/e5fedc18e8434d/US5627764-drawings-page-3.png
US-4857893-A,Single chip transponder device ,Bi Inc.,Gary T. Carroll,1986-07-18,1988-02-08,1989-08-15,1989-08-15,https://patents.google.com/patent/US4857893A/en,https://patentimages.storage.googleapis.com/74/71/f8/6b3b218f29f0e4/US4857893-drawings-page-2.png
AU-2020104000-A4,Short-term Load Forecasting Method Based on TCN and IPSO-LSSVM Combined Model ,Guangxi University,"Xiaoqing BAI, Biyun Chen, Feng Gao, Bin Li, Peijie LI, Mingzhen Lu, Jingde Wang, Hua Wei, Yun Zhu",2020-12-10,2020-12-10,2021-02-18,2021-02-18,https://patents.google.com/patent/AU2020104000A4/en,
US-5465353-A,Image matching and retrieval by multi-access redundant hashing ,"Ricoh Company, Ltd., Ricoh Corporation","Jonathan J. Hull, Peter E. Hart",1994-04-01,1994-04-01,1995-11-07,1995-11-07,https://patents.google.com/patent/US5465353A/en,https://patentimages.storage.googleapis.com/e9/12/23/95a0bb1d901cc9/US5465353-drawings-page-2.png
US-2014175165-A1,Bar code scanner with integrated surface authentication ,Honeywell Scanning And Mobility,"William H. Havens, Donald Anderson",2012-12-21,2013-04-18,2014-06-26,,https://patents.google.com/patent/US20140175165A1/en,https://patentimages.storage.googleapis.com/f8/db/e1/77554bb61773fd/US20140175165A1-20140626-D00000.png
US-8151191-B2,Managing objectionable material in 3D immersive virtual worlds ,International Business Machines Corporation,II William B. Nicol,2007-12-07,2007-12-07,2012-04-03,2012-04-03,https://patents.google.com/patent/US8151191B2/en,https://patentimages.storage.googleapis.com/5d/60/1b/74c081587bab01/US08151191-20120403-D00000.png
US-5732219-A,Computer system and computer-implemented process for remote editing of computer files ,"Vermeer Technologies, Inc.","Thomas P. Blumer, Peter R. Amstein, Scott F. Drellishak, Randy J. Forgaard, Andrew J. Schulert",1995-03-17,1995-03-17,1998-03-24,1998-03-24,https://patents.google.com/patent/US5732219A/en,https://patentimages.storage.googleapis.com/cf/96/4c/df7ead3abf1fb7/US5732219-drawings-page-3.png
US-6826607-B1,Apparatus for internetworked hybrid wireless integrated network sensors (WINS) ,Sensoria Corporation,"David C. Gelvin, Lewis D. Girod, William J. Kaiser, William M. Merrill, Fredric Newberg, Gregory J. Pottie, Anton I. Sipos, Sandeep Vardhan",1999-10-06,2000-10-04,2004-11-30,2004-11-30,https://patents.google.com/patent/US6826607B1/en,https://patentimages.storage.googleapis.com/5c/23/9a/457298810d21ee/US06826607-20041130-D00000.png
US-5726435-A,Optically readable two-dimensional code and method and apparatus using the same ,"Nippondenso Co., Ltd., Kabushiki Kaisha Toyota Chuo Kenkyusho","Masahiro Hara, Motoaki Watabe, Tadao Nojiri, Takayuki Nagaya, Yuji Uchiyama",1994-03-14,1995-03-14,1998-03-10,1998-03-10,https://patents.google.com/patent/US5726435A/en,https://patentimages.storage.googleapis.com/c1/6a/fd/ef6c8f4574d512/US5726435-drawings-page-2.png
US-7164117-B2,Vehicular restraint system control system and method using multiple optical imagers ,"Automotive Technologies International, Inc.","David S. Breed, Wilbur E. DuVall, Wendell C. Johnson",1992-05-05,2004-08-31,2007-01-16,2007-01-16,https://patents.google.com/patent/US7164117B2/en,https://patentimages.storage.googleapis.com/36/75/76/c85d8c50e2ec14/US07164117-20070116-D00000.png
US-6757718-B1,Mobile navigation of network-based electronic information using spoken input ,Sri International,"Christine Halverson, Luc Julia, Dimitris Voutsas, Adam Cheyer",1999-01-05,2000-06-30,2004-06-29,2004-06-29,https://patents.google.com/patent/US6757718B1/en,https://patentimages.storage.googleapis.com/a2/a0/bf/b858e562703f49/US06757718-20040629-D00000.png
US-2012330869-A1,Mental Model Elicitation Device (MMED) Methods and Apparatus ,Jayson Theordore Durham,Jayson Theordore Durham,2011-06-25,2012-06-03,2012-12-27,,https://patents.google.com/patent/US20120330869A1/en,https://patentimages.storage.googleapis.com/87/23/4a/8f0af89993f241/US20120330869A1-20121227-D00000.png
US-5541955-A,Adaptive data rate modem ,Pericle Communications Company,Jay M. Jacobsmeyer,1992-11-06,1995-04-28,1996-07-30,1996-07-30,https://patents.google.com/patent/US5541955A/en,https://patentimages.storage.googleapis.com/c4/ea/1c/50d8a9df76a620/US5541955-drawings-page-3.png
US-4974191-A,Adaptive natural language computer interface system ,Syntellect Software Inc.,"Siamak Amirghodsi, Farnoud Daneshbodi",1987-07-31,1987-07-31,1990-11-27,1990-11-27,https://patents.google.com/patent/US4974191A/en,https://patentimages.storage.googleapis.com/90/6e/5e/43d6b8978d29d3/US4974191-drawings-page-2.png
US-2006106793-A1,"Internet and computer information retrieval and mining with intelligent conceptual filtering, visualization and automation ",Ping Liang,Ping Liang,2003-12-29,2005-10-31,2006-05-18,,https://patents.google.com/patent/US20060106793A1/en,https://patentimages.storage.googleapis.com/f2/4c/b1/2356db1ca32c09/US20060106793A1-20060518-D00000.png
US-6325285-B1,Smart card with integrated fingerprint reader ,At&T Corp.,Paul J. Baratelli,1999-11-12,1999-11-12,2001-12-04,2001-12-04,https://patents.google.com/patent/US6325285B1/en,https://patentimages.storage.googleapis.com/4d/ea/f0/c52a8fce34b5fa/US6325285-drawings-page-2.png
US-2008005064-A1,Apparatus and method for content annotation and conditional annotation retrieval in a search context ,Yahoo! Inc.,Ramesh R. Sarukkai,2005-06-28,2005-06-28,2008-01-03,,https://patents.google.com/patent/US20080005064A1/en,https://patentimages.storage.googleapis.com/81/c2/31/9547a85034838e/US20080005064A1-20080103-D00000.png
US-6223988-B1,Hand-held bar code reader with laser scanning and 2D image capture ,"Omniplanar, Inc","Eric P Batterman, Donald G Chandler",1996-10-16,1997-10-14,2001-05-01,2001-05-01,https://patents.google.com/patent/US6223988B1/en,https://patentimages.storage.googleapis.com/f4/ef/8c/fa6224593f9e9e/US6223988-drawings-page-2.png
US-4827395-A,Manufacturing monitoring and control systems ,Intelli-Tech Corporation,"Frank W. Anders, Joseph C. Herring, Douglas A. White",1983-04-21,1987-04-06,1989-05-02,1989-05-02,https://patents.google.com/patent/US4827395A/en,https://patentimages.storage.googleapis.com/f9/f1/57/a1129e46532d6c/US4827395-drawings-page-2.png
US-8794520-B2,Method and apparatus for operating indicia reading terminal including parameter determination ,"Hand Held Products, Inc.","Ynjiun P. Wang, Shulan Deng",2008-09-30,2008-09-30,2014-08-05,2014-08-05,https://patents.google.com/patent/US8794520B2/en,https://patentimages.storage.googleapis.com/6a/7d/13/3e1f8ab3c59e0f/US08794520-20140805-D00000.png
US-5146552-A,Method for associating annotation with electronically published material ,International Business Machines Corporation,"Elie Cassorla, Jacqueline P. de Vries, Michael E. Moran, James J. Slater, Jay Unger",1990-02-28,1990-02-28,1992-09-08,1992-09-08,https://patents.google.com/patent/US5146552A/en,https://patentimages.storage.googleapis.com/a3/11/b5/a17d7c9f28cf9b/US5146552-drawings-page-2.png
US-6354493-B1,System and method for finding a specific RFID tagged article located in a plurality of RFID tagged articles ,Sensormatic Electronics Corporation,Jorge Mon,1999-12-23,1999-12-23,2002-03-12,2002-03-12,https://patents.google.com/patent/US6354493B1/en,https://patentimages.storage.googleapis.com/d6/57/bc/9e54c6e44360ff/US6354493-drawings-page-2.png
US-6019286-A,Portable data collection device with dataform decoding and image capture capability ,Metanetics Corporation,"C. Jim Li, Angi Ye, Ynjiun P. Wang",1995-06-26,1996-02-22,2000-02-01,2000-02-01,https://patents.google.com/patent/US6019286A/en,https://patentimages.storage.googleapis.com/12/38/6f/eb9f81c8683522/US6019286-drawings-page-11.png
US-8740085-B2,System having imaging assembly for use in output of image data ,Honeywell International Inc.,"John A. Furlong, Mark Jose Antonio HERNANDEZ, Craig KOCH, James Nahill, Charles Joseph Cunningham, IV, Sean Philip Kearney, Taylor Smith",2012-02-10,2012-02-10,2014-06-03,2014-06-03,https://patents.google.com/patent/US8740085B2/en,https://patentimages.storage.googleapis.com/f4/0c/eb/ba22dedadeeb6c/US08740085-20140603-D00000.png
US-8746563-B2,Laser scanning module with rotatably adjustable laser scanning assembly ,"Metrologic Instruments, Inc.","Robert John Hennick, Roberto Spuches",2012-06-10,2012-06-10,2014-06-10,2014-06-10,https://patents.google.com/patent/US8746563B2/en,https://patentimages.storage.googleapis.com/b0/82/52/107d9318f72bab/US08746563-20140610-D00000.png
US-8740082-B2,Laser scanning bar code symbol reading system having intelligent scan sweep angle adjustment capabilities over the working range of the system for optimized bar code symbol reading performance ,"Metrologic Instruments, Inc.","David M. Wilz, Sr.",2012-02-21,2012-02-21,2014-06-03,2014-06-03,https://patents.google.com/patent/US8740082B2/en,https://patentimages.storage.googleapis.com/4f/c8/2b/1cf47f0993fe32/US08740082-20140603-D00000.png
US-6988241-B1,"Client side, web-based spreadsheet ",International Business Machines Corporation,"Steven Guttman, Joseph Ternasky",2000-10-16,2000-11-15,2006-01-17,2006-01-17,https://patents.google.com/patent/US6988241B1/en,https://patentimages.storage.googleapis.com/9f/6e/61/0119885f6b3a09/US06988241-20060117-D00000.png
US-8346563-B1,System and methods for delivering advanced natural language interaction applications ,Artificial Solutions Ltd.,"David Hjelm, Robert Krüger, Björn Gülsdorff, Ebba Birgitta Gustavii, Maria Cheadle",2012-04-10,2012-08-02,2013-01-01,2013-01-01,https://patents.google.com/patent/US8346563B1/en,https://patentimages.storage.googleapis.com/4b/ec/45/c2671a8fab4b29/US08346563-20130101-D00000.png
US-8779898-B2,Encoded information reading terminal with micro-electromechanical radio frequency front end ,"Hand Held Products, Inc.","William H. Havens, Huyu Qu",2011-08-17,2011-08-17,2014-07-15,2014-07-15,https://patents.google.com/patent/US8779898B2/en,https://patentimages.storage.googleapis.com/24/fb/87/73be9a2d10c3e0/US08779898-20140715-D00000.png
US-2002069222-A1,System and method for placing active tags in HTML document ,"Wiznet, Inc.",Mark McNeely,2000-12-01,2000-12-01,2002-06-06,,https://patents.google.com/patent/US20020069222A1/en,https://patentimages.storage.googleapis.com/7b/c7/8b/c83361bd42d232/US20020069222A1-20020606-D00000.png
US-8789758-B2,Picture taking reading apparatus ,"Hand Held Products, Inc.","Thomas P. Hawley, Michael A. Ehrhart, Andrew Longacre, Jr., Robert M. Hussey, Timothy P. Meier",2003-05-12,2012-09-14,2014-07-29,2014-07-29,https://patents.google.com/patent/US8789758B2/en,https://patentimages.storage.googleapis.com/08/2c/81/ce024c1fdd95cc/US08789758-20140729-D00000.png
US-5982931-A,Apparatus and method for the manipulation of image containing documents ,Ishimaru; Mikio,Mikio Ishimaru,1995-06-07,1997-11-28,1999-11-09,1999-11-09,https://patents.google.com/patent/US5982931A/en,https://patentimages.storage.googleapis.com/06/e5/e0/3c22596c8f5c53/US5982931-drawings-page-2.png
US-2012123232-A1,Method and apparatus for determining heart rate variability using wavelet transformation ,"Kayvan Najarian, David Andre, Kevin Ward, Nisarg Vyas, Eric Teller, Stivoric John M, Jonathan Farringdon, Boehmke Scott K, Gregory Kovacs, James Gabarro, Christopher Kasabach, Soo-Yeon Ji, Abel Al Raoff, Raymond Pelletier","Kayvan Najarian, David Andre, Kevin Ward, Nisarg Vyas, Eric Teller, John M. Stivoric, Jonathan Farringdon, Scott K. Boehmke, Gregory Kovacs, James Gabarro, Christopher Kasabach, Soo-Yeon Ji, Abel Al Raoff, Raymond Pelletier",2008-12-16,2009-12-16,2012-05-17,,https://patents.google.com/patent/US20120123232A1/en,https://patentimages.storage.googleapis.com/91/12/9a/374217e5bfda92/US20120123232A1-20120517-D00000.png
US-7036128-B1,"Using a community of distributed electronic agents to support a highly mobile, ambient computing environment ",Sri International Offices,"Luc Julia, Adam Cheyer",1999-01-05,2000-08-09,2006-04-25,2006-04-25,https://patents.google.com/patent/US7036128B1/en,https://patentimages.storage.googleapis.com/e8/1d/24/c9e915cfd17b1e/US07036128-20060425-D00000.png
US-5946647-A,System and method for performing an action on a structure in computer-generated data ,"Apple Computer, Inc.","James R. Miller, Thomas Bonura, Bonnie Nardi, David Wright",1996-02-01,1996-02-01,1999-08-31,1999-08-31,https://patents.google.com/patent/US5946647A/en,https://patentimages.storage.googleapis.com/14/4f/d7/f80965b5c7f6f2/US5946647-drawings-page-2.png
US-8794522-B2,Image capture apparatus and method ,"Hand Held Products, Inc.",Michael A. Ehrhart,2001-05-15,2013-05-13,2014-08-05,2014-08-05,https://patents.google.com/patent/US8794522B2/en,https://patentimages.storage.googleapis.com/27/e4/58/6b0484146555f0/US08794522-20140805-D00000.png
US-6651217-B1,System and method for populating forms with previously used data values ,Microsoft Corporation,"Kevin Kennedy, David Clancy, Steve Falkenburg",1999-09-01,1999-09-01,2003-11-18,2003-11-18,https://patents.google.com/patent/US6651217B1/en,https://patentimages.storage.googleapis.com/07/9a/8d/43eba73cd9e370/US6651217-drawings-page-2.png
US-8948834-B2,Signal processing apparatus ,Masimo Corporation,"Mohamed K. Diab, Esmaiel Kiani-Azarbayjany, Walter M. Weber",1991-03-07,2005-03-02,2015-02-03,2015-02-03,https://patents.google.com/patent/US8948834B2/en,https://patentimages.storage.googleapis.com/3f/91/15/6dad919398643a/US08948834-20150203-D00000.png
US-5806078-A,Version management system ,Softool Corporation,"Richard A. Hug, Leon Presser",1994-06-09,1994-06-09,1998-09-08,1998-09-08,https://patents.google.com/patent/US5806078A/en,https://patentimages.storage.googleapis.com/22/e2/a7/7d746d76dfa078/US5806078-drawings-page-2.png
US-5861018-A,Ultrasound transdermal communication system and method ,Telecom Medical Inc.,Gary F. Feierbach,1996-05-28,1996-05-28,1999-01-19,1999-01-19,https://patents.google.com/patent/US5861018A/en,https://patentimages.storage.googleapis.com/f4/63/4a/7c468afcc5c312/US5861018-drawings-page-2.png
US-7539656-B2,System and method for providing an intelligent multi-step dialog with a user ,Consona Crm Inc.,"Raya Fratkina, Monica Anderson, Mark A. Angel, Max Copperman, Scott B. Huffman, David Kay, Robert Stern",2000-03-06,2001-03-06,2009-05-26,2009-05-26,https://patents.google.com/patent/US7539656B2/en,https://patentimages.storage.googleapis.com/64/55/09/7e398ccb6c84df/US07539656-20090526-D00000.png
US-5761442-A,Predictive neural network means and method for selecting a portfolio of securities wherein each network has been trained using data relating to a corresponding security ,"Advanced Investment Technology, Inc.","Dean S. Barr, Ganesh Mani",1994-08-31,1994-08-31,1998-06-02,1998-06-02,https://patents.google.com/patent/US5761442A/en,https://patentimages.storage.googleapis.com/ed/cf/e6/ff0df0209dee84/US5761442-drawings-page-2.png
US-9986952-B2,Heart sound simulator ,Masimo Corporation,"Cristiano Dalvi, Marcelo M. Lamego",2013-03-14,2014-03-10,2018-06-05,2018-06-05,https://patents.google.com/patent/US9986952B2/en,https://patentimages.storage.googleapis.com/f6/b6/ea/6856601c9a1843/US09986952-20180605-D00000.png
US-8682812-B1,Machine learning based botnet detection using real-time extracted traffic features ,"Narus, Inc.",Supranamaya Ranjan,2010-12-23,2010-12-23,2014-03-25,2014-03-25,https://patents.google.com/patent/US8682812B1/en,https://patentimages.storage.googleapis.com/cd/41/03/e6bf69a5840cca/US08682812-20140325-D00000.png
US-6507410-B1,Method for non-linear document conversion and printing ,Canon Kabushiki Kaisha,"Philip Keith Robertson, John Charles Brook, Stephen Robert Bruce",1997-09-08,1998-09-08,2003-01-14,2003-01-14,https://patents.google.com/patent/US6507410B1/en,https://patentimages.storage.googleapis.com/27/0e/eb/b48eb5bc4c8346/US6507410-drawings-page-2.png
US-6127928-A,Method and apparatus for locating and tracking documents and other objects ,"E-Tag Systems, Inc.","Marvin Issacman, Denis McGreivy",1998-02-10,1999-07-26,2000-10-03,2000-10-03,https://patents.google.com/patent/US6127928A/en,https://patentimages.storage.googleapis.com/cc/06/31/b977b6e6571e61/US6127928-drawings-page-2.png
US-2009303984-A1,System and method for private conversation in a public space of a virtual world ,"Clark Jason T, Dewar Ami H, Leah Robert C, Poore Nicholas E, Yim Peter C","Jason T. Clark, AMI H. Dewar, Robert C. Leah, Nicholas E. Poore, Peter C. Yim",2008-06-09,2008-06-09,2009-12-10,,https://patents.google.com/patent/US20090303984A1/en,https://patentimages.storage.googleapis.com/05/80/f3/a3cef5c2691dae/US20090303984A1-20091210-D00000.png
US-6523061-B1,"System, method, and article of manufacture for agent-based navigation in a speech-based data navigation system ","Sri International, Inc.","Christine Halverson, Luc Julia, Dimitris Voutsas, Adam Cheyer",1999-01-05,2000-06-30,2003-02-18,2003-02-18,https://patents.google.com/patent/US6523061B1/en,https://patentimages.storage.googleapis.com/b3/21/86/a28dd256e3c772/US06523061-20030218-D00000.png
US-6735506-B2,Telematics system ,"Automotive Technologies International, Inc.","David S. Breed, Wilbur E. DuVall, Wendell C. Johnson",1992-05-05,2002-06-19,2004-05-11,2004-05-11,https://patents.google.com/patent/US6735506B2/en,https://patentimages.storage.googleapis.com/57/b1/ed/3a9cd2d1c42cc2/US06735506-20040511-D00000.png
US-6542927-B2,Linking of computers based on steganographically embedded digital data ,Digimarc Corporation,Geoffrey B. Rhoads,1995-07-27,2001-06-29,2003-04-01,2003-04-01,https://patents.google.com/patent/US6542927B2/en,https://patentimages.storage.googleapis.com/55/f0/99/93bd25852d2be5/US06542927-20030401-D00000.png
US-6257486-B1,"Smart card pin system, card, and reader ",Cardis Research & Development Ltd.,"Mordechai Teicher, Robin Townend",1998-11-23,1998-11-23,2001-07-10,2001-07-10,https://patents.google.com/patent/US6257486B1/en,https://patentimages.storage.googleapis.com/34/dc/57/225663f46246e7/US6257486-drawings-page-3.png
US-7050606-B2,Tracking and gesture recognition system particularly suited to vehicular control applications ,Cybernet Systems Corporation,"George V. Paul, Glenn J. Beach, Charles J. Cohen, Charles J. Jacobus",1999-08-10,2001-11-01,2006-05-23,2006-05-23,https://patents.google.com/patent/US7050606B2/en,https://patentimages.storage.googleapis.com/11/c8/3b/5f2c287c350dc9/US07050606-20060523-D00000.png
US-5887176-A,Method and system for remote monitoring and tracking of inventory ,"Randtec, Inc.","David W. Griffith, Alan C. Hurkamp, Donald K. Salmon",1996-06-28,1996-06-28,1999-03-23,1999-03-23,https://patents.google.com/patent/US5887176A/en,https://patentimages.storage.googleapis.com/08/5a/19/53937bf9aa64b7/US5887176-drawings-page-2.png
US-10086138-B1,Autonomous drug delivery system ,Masimo Corporation,"Jerome J. Novak, Jr.",2014-01-28,2015-01-28,2018-10-02,2018-10-02,https://patents.google.com/patent/US10086138B1/en,https://patentimages.storage.googleapis.com/bf/28/01/ebf1bf63166f47/US10086138-20181002-D00000.png
US-2015144692-A1,System and method for indicia reading and verification ,"Hand Held Products, Inc.",Benjamin Hejl,2013-11-22,2013-11-22,2015-05-28,,https://patents.google.com/patent/US20150144692A1/en,https://patentimages.storage.googleapis.com/db/87/1d/f72af27a18b61f/US20150144692A1-20150528-D00000.png
US-2017143284-A1,Method to detect a retained surgical object ,"Carestream Health, Inc.","William J. Sehnert, Zhimin Huo",2015-11-25,2016-11-23,2017-05-25,,https://patents.google.com/patent/US20170143284A1/en,https://patentimages.storage.googleapis.com/53/74/15/3413244c24c829/US20170143284A1-20170525-D00000.png
US-7663502-B2,Asset system control arrangement and method ,"Intelligent Technologies International, Inc.",David S. Breed,1992-05-05,2004-09-13,2010-02-16,2010-02-16,https://patents.google.com/patent/US7663502B2/en,https://patentimages.storage.googleapis.com/15/c7/0d/e97cfda7f1a256/US07663502-20100216-D00000.png
US-9053378-B1,Laser barcode scanner ,"Hand Held Products, Inc.","Rui Hou, Gyan Zhang, Hao Xu, Yuwen Zhou, Stephen Colavito",2013-12-12,2014-01-14,2015-06-09,2015-06-09,https://patents.google.com/patent/US9053378B1/en,https://patentimages.storage.googleapis.com/77/25/3d/a4592a4560209b/US09053378-20150609-D00000.png
US-5197005-A,Database retrieval system having a natural language interface ,Intelligent Business Systems,"Steven Shwartz, Claudio Fratarcangeli, Richard E. Cullingford, Gregory S. Aimi, Donald P. Strasburger",1989-05-01,1989-05-01,1993-03-23,1993-03-23,https://patents.google.com/patent/US5197005A/en,https://patentimages.storage.googleapis.com/87/ee/b5/98a5b1d5eabdd9/US5197005-drawings-page-2.png
US-4638445-A,Autonomous mobile robot ,Mattaboni Paul J,Paul J. Mattaboni,1984-06-08,1984-06-08,1987-01-20,1987-01-20,https://patents.google.com/patent/US4638445A/en,https://patentimages.storage.googleapis.com/57/85/76/16f53e3b1e558e/US4638445-drawings-page-2.png
WO-2013163789-A1,Hardware-based image data binarization in an indicia reading terminal ,Honeywell International Inc.,"Yong Liu, Xi Tao",2012-04-30,2012-04-30,2013-11-07,,https://patents.google.com/patent/WO2013163789A1/en,
US-6738652-B2,Classification and screening of test subjects according to optical thickness of skin ,"Sensys Medical, Inc.","Mutua Mattu, Thomas B. Blank, Marcy R. Makarewicz, Branden Rosenhan",2000-06-15,2001-06-06,2004-05-18,2004-05-18,https://patents.google.com/patent/US6738652B2/en,https://patentimages.storage.googleapis.com/20/cc/73/41dd47c35af04e/US06738652-20040518-D00000.png
US-2015062366-A1,Method of improving decoding speed based on off-the-shelf camera phone ,"Honeywell International, Inc.","Yong Liu, Jun Lu",2012-04-27,2012-04-27,2015-03-05,,https://patents.google.com/patent/US20150062366A1/en,https://patentimages.storage.googleapis.com/46/c9/d1/22c995c57db8e2/US20150062366A1-20150305-D00000.png
US-9176141-B2,Physiological monitor calibration system ,"Cercacor Laboratories, Inc.","Ammar Al-Ali, Massi Joe E. Kiani",2006-05-15,2011-10-15,2015-11-03,2015-11-03,https://patents.google.com/patent/US9176141B2/en,https://patentimages.storage.googleapis.com/61/4a/2b/0f5f838ffb518a/US09176141-20151103-D00000.png
US-2006026502-A1,Document collaboration system ,Koushik Dutta,Koushik Dutta,2004-07-28,2004-07-28,2006-02-02,,https://patents.google.com/patent/US20060026502A1/en,https://patentimages.storage.googleapis.com/47/3e/94/4b10bf10ef9b84/US20060026502A1-20060202-D00000.png
US-8991704-B2,Snap-on module for selectively installing receiving element(s) to a mobile device ,Intermec Ip Corp.,"Scott R Hopper, Sander Lam",2011-12-14,2012-12-13,2015-03-31,2015-03-31,https://patents.google.com/patent/US8991704B2/en,https://patentimages.storage.googleapis.com/69/8e/2c/9e6b1a7bab2189/US08991704-20150331-D00000.png
US-6609200-B2,Method and system for processing electronic documents ,"Financial Services Technology Consortium, International Business Machines Corporation, Sun Microsystems, Inc., Clareon Corporation, Telcordia Technologies, Inc.","Milton Anderson, Frank Jaffe, Chris Hibbert, Jyri Virkki, Jeffrey Kravitz, Sheveling Chang, Elaine Palmer",1996-12-20,2000-12-28,2003-08-19,2003-08-19,https://patents.google.com/patent/US6609200B2/en,https://patentimages.storage.googleapis.com/4a/07/dc/930e5b12619d47/US06609200-20030819-D00000.png
US-2015001301-A1,Optical indicia reading terminal with combined illumination ,"Metrologic Instruments, Inc.",Yunxin Ouyang,2011-09-26,2011-09-26,2015-01-01,,https://patents.google.com/patent/US20150001301A1/en,https://patentimages.storage.googleapis.com/fe/3e/44/0287855e2deec9/US20150001301A1-20150101-D00000.png
US-5710834-A,Method and apparatus responsive to a code signal conveyed through a graphic image ,Digimarc Corporation,Geoffrey B. Rhoads,1995-05-08,1995-05-08,1998-01-20,1998-01-20,https://patents.google.com/patent/US5710834A/en,https://patentimages.storage.googleapis.com/bf/88/8a/5998b3bded6ba2/US5710834-drawings-page-5.png
US-9070032-B2,Method of programming a symbol reading system ,"Hand Held Products, Inc.",Susan Corcoran,2013-04-10,2013-04-10,2015-06-30,2015-06-30,https://patents.google.com/patent/US9070032B2/en,https://patentimages.storage.googleapis.com/d9/fe/da/d14be94bd4f08d/US09070032-20150630-D00000.png
US-8944332-B2,"Testing automatic data collection devices, such as barcode, RFID and/or magnetic stripe readers ",Intermec Ip Corp.,"Andrew C. Harding, Jeffrey K. Suhr, Nicholas P. Allen",2006-08-04,2007-08-03,2015-02-03,2015-02-03,https://patents.google.com/patent/US8944332B2/en,https://patentimages.storage.googleapis.com/bb/b9/a3/a5c7233f3f4c04/US08944332-20150203-D00000.png
US-9064165-B2,Laser scanning system using laser beam sources for producing long and short wavelengths in combination with beam-waist extending optics to extend the depth of field thereof while resolving high resolution bar code symbols having minimum code element widths ,"Metrologic Instruments, Inc.","William Havens, Sean Philip Kearney",2012-03-28,2012-03-28,2015-06-23,2015-06-23,https://patents.google.com/patent/US9064165B2/en,https://patentimages.storage.googleapis.com/ae/ac/47/6386056729d934/US09064165-20150623-D00000.png
US-6057841-A,"System and method for processing electronic messages with rules representing a combination of conditions, actions or exceptions ",Microsoft Corporation,"Scott A. Thurlow, William J. Bliss, Douglas E. Stumberger, David R. Goodhand, Brian W. MacDonald",1997-01-31,1998-12-21,2000-05-02,2000-05-02,https://patents.google.com/patent/US6057841A/en,https://patentimages.storage.googleapis.com/e8/5d/83/f0404552a38d00/US6057841-drawings-page-2.png
US-2004044791-A1,Internationalized domain name system with iterative conversion ,Pouzzner Daniel G.,Daniel Pouzzner,2001-05-22,2001-05-22,2004-03-04,,https://patents.google.com/patent/US20040044791A1/en,https://patentimages.storage.googleapis.com/ad/d2/56/9e81a5226ca4bc/US20040044791A1-20040304-D00000.png
US-2014374483-A1,Encoded information reading terminal including http server ,Honeywell International Inc.,Chunhua LU,2012-02-15,2012-02-15,2014-12-25,,https://patents.google.com/patent/US20140374483A1/en,https://patentimages.storage.googleapis.com/87/80/11/542306d4b3574a/US20140374483A1-20141225-D00000.png
US-5227614-A,"Core computer processor module, and peripheral shell module assembled to form a pocket size data capture unit ",Norand Corporation,"Arvin D. Danielson, Dennis A. Durbin",1986-08-15,1989-12-15,1993-07-13,1993-07-13,https://patents.google.com/patent/US5227614A/en,https://patentimages.storage.googleapis.com/29/a8/64/3227172524e27c/US5227614-drawings-page-2.png
US-2014374485-A1,System and Method for Reading Code Symbols Using a Variable Field of View ,"Hand Held Products, Inc.","Tao Xian, Yong Liu, Ynjiun Paul Wang, Jun Lu",2013-06-20,2013-06-20,2014-12-25,,https://patents.google.com/patent/US20140374485A1/en,https://patentimages.storage.googleapis.com/19/63/8a/7f2baad51cb23b/US20140374485A1-20141225-D00000.png
US-8978983-B2,Indicia reading apparatus having sequential row exposure termination times ,"Honeywell International, Inc.","Edward C. Bremer, Ryan Kather",2012-06-01,2012-06-01,2015-03-17,2015-03-17,https://patents.google.com/patent/US8978983B2/en,https://patentimages.storage.googleapis.com/4c/80/e9/4c3015ef847ec6/US08978983-20150317-D00000.png
US-8054184-B2,Identification of surgical instrument attached to surgical robot ,"Intuitive Surgical Operations, Inc.","Edward Arthur Cline, Alan Eton Loh",2008-07-31,2008-07-31,2011-11-08,2011-11-08,https://patents.google.com/patent/US8054184B2/en,https://patentimages.storage.googleapis.com/48/b8/69/488e691c5a26e6/US08054184-20111108-D00000.png
US-4387297-B1,Portable laser scanning system and scanning methods ,Symbol Technologies Inc,"Jerome Swartz, Edward Barkan, Shelley A Harrison",1980-02-29,1980-02-29,1995-09-12,1995-09-12,https://patents.google.com/patent/US4387297B1/en,https://patentimages.storage.googleapis.com/87/4c/ed/9bc93bca8d5e64/US4387297-drawings-page-2.png
US-2015040378-A1,Method for manufacturing laser scanners ,"Hand Held Products, Inc.","Kevin Saber, Robert Hugh Brady, Stephen Colavito, Chen Feng, David Wilz, Joseph A. Walczyk",2013-08-07,2013-08-07,2015-02-12,,https://patents.google.com/patent/US20150040378A1/en,https://patentimages.storage.googleapis.com/48/3d/0a/dfae250b54e9ea/US20150040378A1-20150212-D00000.png
US-8985459-B2,Decodable indicia reading terminal with combined illumination ,"Metrologic Instruments, Inc.","Sean Philip Kearney, Patrick Anthony Giordano, Charles Joseph Cunningham, Desmond Bond, Thomas Amundsen",2011-06-30,2011-06-30,2015-03-24,2015-03-24,https://patents.google.com/patent/US8985459B2/en,https://patentimages.storage.googleapis.com/52/86/0e/537e198b93bd01/US08985459-20150324-D00000.png
US-10482292-B2,RFID scanning device ,Gary L. Sharpe,"Doug Clouser, Kurt Wolf, Gary L. Sharpe, Brian Dutro",2016-10-03,2017-10-03,2019-11-19,2019-11-19,https://patents.google.com/patent/US10482292B2/en,https://patentimages.storage.googleapis.com/61/1f/f8/3ee85159bc812d/US10482292-20191119-D00000.png
US-9038911-B2,Laser scanning code symbol reading system ,"Metrologic Instruments, Inc.","Tao Xian, Ynjiun Paul Wang, Yong Liu, Chen Feng",2012-05-18,2014-07-24,2015-05-26,2015-05-26,https://patents.google.com/patent/US9038911B2/en,https://patentimages.storage.googleapis.com/56/f7/fa/b61727516770fa/US09038911-20150526-D00000.png
US-6523019-B1,Probabilistic record linkage model derived from training data ,"Choicemaker Technologies, Inc.",Andrew E. Borthwick,1999-09-21,1999-10-28,2003-02-18,2003-02-18,https://patents.google.com/patent/US6523019B1/en,https://patentimages.storage.googleapis.com/55/78/62/468dff21370ea8/US6523019-drawings-page-4.png
US-9016576-B2,Laser scanning code symbol reading system providing improved control over the length and intensity characteristics of a laser scan line projected therefrom using laser source blanking control ,"Metrologic Instruments, Inc.","Robert Hugh Brady, Stephen Colavito, David Wilz, Sr., Zhipeng Teng, Myron Levon Dixon",2012-05-21,2013-05-20,2015-04-28,2015-04-28,https://patents.google.com/patent/US9016576B2/en,https://patentimages.storage.googleapis.com/b9/49/21/5802ec6cf0e2d7/US09016576-20150428-D00000.png
US-8915444-B2,Imaging module having lead frame supported light source or sources ,"Hand Held Products, Inc.","William H. Havens, David Stewart Pitou, Laurence Ray MCCOLLOCH, Charles Paul Barber, Colleen Patricia Gannon",2007-03-13,2008-03-12,2014-12-23,2014-12-23,https://patents.google.com/patent/US8915444B2/en,https://patentimages.storage.googleapis.com/a3/6b/8e/495a7c69958ef5/US08915444-20141223-D00000.png
US-9033242-B2,"Multiple focusable fields of view, such as a universal bar code symbol scanner ",Intermec Ip Corp.,"Alain Gillet, Jean-Michel Puech, Serge Thuries",2012-09-21,2013-03-13,2015-05-19,2015-05-19,https://patents.google.com/patent/US9033242B2/en,https://patentimages.storage.googleapis.com/a5/08/d1/92ae096f8ae9a9/US09033242-20150519-D00000.png
US-9289167-B2,Signal processing apparatus and method ,Masimo Corporation,"Mohamed K. Diab, Rex J. McCarthy",1997-04-14,2012-12-05,2016-03-22,2016-03-22,https://patents.google.com/patent/US9289167B2/en,https://patentimages.storage.googleapis.com/0e/60/8b/a4ed19c1ccb364/US09289167-20160322-D00000.png
US-6304864-B1,System for retrieving multimedia information from the internet using multiple evolving intelligent agents ,Textwise Llc,"Elizabeth D. Liddy, Edmund Szu-li Yu",1999-04-20,1999-04-20,2001-10-16,2001-10-16,https://patents.google.com/patent/US6304864B1/en,https://patentimages.storage.googleapis.com/58/33/98/be38601f86777e/US6304864-drawings-page-3.png
US-6353406-B1,Dual mode tracking system ,"R.F. Technologies, Inc.","Colin Lanzl, Jay Werb",1996-10-17,1999-06-24,2002-03-05,2002-03-05,https://patents.google.com/patent/US6353406B1/en,https://patentimages.storage.googleapis.com/ac/57/78/f09a9c7449702d/US6353406-drawings-page-2.png
US-6400272-B1,Wireless transceiver for communicating with tags ,"Presto Technologies, Inc.","Henry N. Holtzman, Jeff Mock",1999-04-01,2000-03-31,2002-06-04,2002-06-04,https://patents.google.com/patent/US6400272B1/en,https://patentimages.storage.googleapis.com/c3/62/c2/073f7921248696/US06400272-20020604-D00000.png
US-5841886-A,Security system for photographic identification ,Digimarc Corporation,Geoffrey B. Rhoads,1993-11-18,1996-12-04,1998-11-24,1998-11-24,https://patents.google.com/patent/US5841886A/en,https://patentimages.storage.googleapis.com/02/63/51/62570a80e1739e/US5841886-drawings-page-6.png
US-5855000-A,Method and apparatus for correcting and repairing machine-transcribed input using independent or cross-modal secondary input ,Carnegie Mellon University,"Alexander Waibel, Bernhard Suhm, Arthur McNair",1995-09-08,1996-10-01,1998-12-29,1998-12-29,https://patents.google.com/patent/US5855000A/en,https://patentimages.storage.googleapis.com/58/9e/ab/1df87fea924e60/US5855000-drawings-page-2.png
US-5495097-A,Plurality of scan units with scan stitching ,"Symbol Technologies, Inc.","Joseph Katz, Jerome Swartz",1993-09-14,1993-09-14,1996-02-27,1996-02-27,https://patents.google.com/patent/US5495097A/en,https://patentimages.storage.googleapis.com/bb/b8/45/6213b83bff293a/US5495097-drawings-page-3.png
US-8903172-B2,Imaging terminal operative for decoding ,"Honeywell International, Inc.",Taylor Smith,2011-11-17,2013-08-30,2014-12-02,2014-12-02,https://patents.google.com/patent/US8903172B2/en,https://patentimages.storage.googleapis.com/e9/60/9b/80ea73e1aaf732/US08903172-20141202-D00000.png
US-9211072-B2,Disposable active pulse sensor ,Masimo Corporation,Massi Joe E. Kiani,2007-06-28,2014-05-16,2015-12-15,2015-12-15,https://patents.google.com/patent/US9211072B2/en,https://patentimages.storage.googleapis.com/f1/ab/69/225d17e5f4cbc6/US09211072-20151215-D00000.png
US-7376645-B2,Multimodal natural language query system and architecture for processing voice and proximity-based queries ,"The Intellection Group, Inc.",David E. Bernard,2004-11-29,2005-01-24,2008-05-20,2008-05-20,https://patents.google.com/patent/US7376645B2/en,https://patentimages.storage.googleapis.com/a8/d9/a1/cbdccb82afdcdd/US07376645-20080520-D00000.png
US-6377640-B2,Means and method for a synchronous network communications system ,"Stanford Syncom, Inc.",Francois Trans,1997-07-31,1998-07-31,2002-04-23,2002-04-23,https://patents.google.com/patent/US6377640B2/en,https://patentimages.storage.googleapis.com/34/5f/54/1b048f012417e8/US6377640-drawings-page-2.png
US-6996531-B2,Automated database assistance using a telephone for a speech based or text based multimedia communication mode ,Comverse Ltd.,"Toby Korall, Zeev Bregman, Irit Ben Moshe, Miron Giladi",2001-03-30,2001-03-30,2006-02-07,2006-02-07,https://patents.google.com/patent/US6996531B2/en,https://patentimages.storage.googleapis.com/8d/46/80/807dbfa11c5fae/US06996531-20060207-D00000.png
US-5793966-A,Computer system and computer-implemented process for creation and maintenance of online services ,"Vermeer Technologies, Inc.","Peter R. Amstein, Thomas P. Blumer, Arthur L. Coburn, IV, Randy J. Forgaard, Andrew J. Schulert, Ted Stefanik, Robert J. Mauceri",1995-12-01,1995-12-01,1998-08-11,1998-08-11,https://patents.google.com/patent/US5793966A/en,https://patentimages.storage.googleapis.com/ef/a1/d7/f819b16dcd522e/US5793966-drawings-page-2.png
US-7475010-B2,Adaptive and scalable method for resolving natural language ambiguities ,"Lingospot, Inc.",Gerald CheShun Chao,2003-09-03,2004-09-02,2009-01-06,2009-01-06,https://patents.google.com/patent/US7475010B2/en,https://patentimages.storage.googleapis.com/fb/89/9c/87769f03be65da/US07475010-20090106-D00000.png
US-6061695-A,Operating system shell having a windowing graphical user interface with a desktop displayed as a hypertext multimedia document ,Microsoft Corporation,"Benjamin W. Slivka, Teresa Anne Martineau, Christopher Ralph Brown, George Pitt, Satoshi Nakajima, Sankar Ramasubtamanian, Mike Sheldon",1996-12-06,1996-12-06,2000-05-09,2000-05-09,https://patents.google.com/patent/US6061695A/en,https://patentimages.storage.googleapis.com/b3/6e/22/4d2544ca4e3a4f/US6061695-drawings-page-2.png
US-7873654-B2,Multimodal natural language query system for processing and analyzing voice and proximity-based queries ,"The Intellection Group, Inc.",David E. Bernard,2005-01-24,2008-03-14,2011-01-18,2011-01-18,https://patents.google.com/patent/US7873654B2/en,https://patentimages.storage.googleapis.com/52/87/11/852e229d8c5e3f/US07873654-20110118-D00000.png
US-6060722-A,Optical reader having illumination assembly including improved aiming pattern generator ,"Havens; William H., Pidhirny; John M., Hennick; Robert J.","William H. Havens, John M. Pidhirny, Robert J. Hennick",1995-05-15,1997-09-24,2000-05-09,2000-05-09,https://patents.google.com/patent/US6060722A/en,https://patentimages.storage.googleapis.com/fd/05/d1/d925dd2c4ba0d8/US6060722-drawings-page-2.png
US-9351673-B2,Method and apparatus for demodulating signals in a pulse oximetry system ,Masimo Corporation,"Mohamed K. Diab, Walter M. Weber, Ammar Al-Ali",1997-04-14,2014-05-05,2016-05-31,2016-05-31,https://patents.google.com/patent/US9351673B2/en,https://patentimages.storage.googleapis.com/4e/8b/79/3c27ba784065de/US09351673-20160531-D00000.png
US-5354977-A,Optical scanning head ,Alex Roustaei,Alex Roustaei,1992-02-27,1992-10-23,1994-10-11,1994-10-11,https://patents.google.com/patent/US5354977A/en,https://patentimages.storage.googleapis.com/e2/d1/40/f6104b7fff6801/US5354977-drawings-page-2.png
US-6122572-A,Autonomous command and control unit for mobile platform ,State Of Israel,Arie Yavnai,1995-05-08,1996-04-29,2000-09-19,2000-09-19,https://patents.google.com/patent/US6122572A/en,https://patentimages.storage.googleapis.com/7d/dd/1b/8b8c1db5eb2f09/US6122572-drawings-page-3.png
US-5794259-A,Apparatus and methods to enhance web browsing on the internet ,"Lextron Systems, Inc",Dan Kikinis,1996-07-25,1996-07-25,1998-08-11,1998-08-11,https://patents.google.com/patent/US5794259A/en,https://patentimages.storage.googleapis.com/8e/9a/13/b47d1db766c5f6/US5794259-drawings-page-2.png
US-6476830-B1,Virtual objects for building a community in a virtual world ,Fujitsu Software Corporation,"Randy Farmer, Chris Morningstar, John E. Onusko, Norman Morse",1996-08-02,1996-08-02,2002-11-05,2002-11-05,https://patents.google.com/patent/US6476830B1/en,https://patentimages.storage.googleapis.com/93/52/b3/1a5b64b6439c7e/US6476830-drawings-page-3.png
US-6104291-A,Method and apparatus for testing RFID tags ,Intermec Ip Corp.,"Luc Beauvillier, Michael John Brady, Dah-Weih Duan, Daniel J. Friedman, Paul Andrew Moskowitz, Philip Murphy",1998-01-09,1998-10-06,2000-08-15,2000-08-15,https://patents.google.com/patent/US6104291A/en,https://patentimages.storage.googleapis.com/81/44/a0/8b56f80c1b0904/US6104291-drawings-page-3.png
US-9375185-B2,Systems and methods for acquiring calibration data usable in a pulse oximeter ,Masimo Corporation,"Ammar Al Ali, Don Carothers, David Dalke, Mohamed K. Diab, Julian M. Goldman, Massi E. Kiani, Michael Lee, Jerome Novak, Robert Smith",1999-01-25,2007-08-20,2016-06-28,2016-06-28,https://patents.google.com/patent/US9375185B2/en,https://patentimages.storage.googleapis.com/53/46/ec/d7b9e9ca9796fa/US09375185-20160628-D00000.png
US-11222217-B1,"Detection method using fusion network based on attention mechanism, and terminal device ",Tsinghua University,"Xinyu Zhang, Jun Li, Zhiwei Li, Qifan Tan, Li Wang",2020-08-14,2021-07-08,2022-01-11,2022-01-11,https://patents.google.com/patent/US11222217B1/en,https://patentimages.storage.googleapis.com/64/11/fb/dcd2a1275821a5/US11222217-20220111-D00000.png
US-4688195-A,Natural-language interface generating system ,Texas Instruments Incorporated,"Craig W. Thompson, Kenneth M. Ross",1983-01-28,1983-01-28,1987-08-18,1987-08-18,https://patents.google.com/patent/US4688195A/en,https://patentimages.storage.googleapis.com/77/fa/75/ef0e5752faeee3/US4688195-drawings-page-2.png
US-5864848-A,Goal-driven information interpretation and extraction system ,Microsoft Corporation,"Eric Horvitz, Erich S. Finkelstein",1997-01-31,1997-01-31,1999-01-26,1999-01-26,https://patents.google.com/patent/US5864848A/en,https://patentimages.storage.googleapis.com/69/c9/33/4e368c391050c5/US5864848-drawings-page-2.png
US-2004205514-A1,Hyperlink preview utility and method ,Microsoft Corporation,"Ralph Sommerer, Robert Tucker, Natasa Milic-Frayling",2002-06-28,2002-06-28,2004-10-14,,https://patents.google.com/patent/US20040205514A1/en,https://patentimages.storage.googleapis.com/b9/4b/91/16e1953df03c55/US20040205514A1-20041014-D00000.png
US-5309359-A,Method and apparatus for generating and utlizing annotations to facilitate computer text retrieval ,"Boris Katz, Winston Patrick H","Boris Katz, Patrick H. Winston",1990-08-16,1990-08-16,1994-05-03,1994-05-03,https://patents.google.com/patent/US5309359A/en,https://patentimages.storage.googleapis.com/f0/c8/82/035d02b4ab97a9/US5309359-drawings-page-2.png
US-4802218-A,Automated transaction system ,"Wright Technologies, L.P.","Christopher B. Wright, Stephen Bristow",1986-11-26,1986-11-26,1989-01-31,1989-01-31,https://patents.google.com/patent/US4802218A/en,https://patentimages.storage.googleapis.com/29/c1/cf/f531806300fdaa/US4802218-drawings-page-2.png
US-8702000-B2,Reading apparatus having partial frame operating mode ,"Hand Held Products, Inc.","Charles P. Barber, Carl W. Gerst, III, II George S. Smith, Robert M. Hussey, Robert C. Gardiner, Matthew W. Pankow",2001-01-22,2013-05-13,2014-04-22,2014-04-22,https://patents.google.com/patent/US8702000B2/en,https://patentimages.storage.googleapis.com/51/ae/89/9e258dcfb7ffd1/US08702000-20140422-D00000.png
US-5692107-A,Method for generating predictive models in a computer system ,"Lockheed Missiles & Space Company, Inc.","Evangelos Simoudis, Brian K. Livezey, Randy G. Kerber",1994-03-15,1996-09-20,1997-11-25,1997-11-25,https://patents.google.com/patent/US5692107A/en,https://patentimages.storage.googleapis.com/b2/ac/72/6013d7f9d5d0ed/US5692107-drawings-page-2.png
US-2002174106-A1,Method and apparatus for receiving information in response to a request ,"Actioneer, Inc.",Frederic Martin,1997-02-10,2000-12-07,2002-11-21,,https://patents.google.com/patent/US20020174106A1/en,https://patentimages.storage.googleapis.com/9c/e7/18/9a1a87f3aac1b2/US20020174106A1-20021121-D00000.png
US-10413155-B2,Endoscope system and the method of controlling the endoscope ,Olympus Corporation,Shintaro Inoue,2014-02-20,2016-08-17,2019-09-17,2019-09-17,https://patents.google.com/patent/US10413155B2/en,https://patentimages.storage.googleapis.com/e5/46/83/8742c4195b5de9/US10413155-20190917-D00000.png
US-6279018-B1,Abbreviating and compacting text to cope with display space constraint in computer software ,Kudrollis Software Inventions Pvt. Ltd.,"Abdus Samad Kudrolli, Parvez Kudrolli, Feroz Kudrolli",1998-12-21,1999-02-23,2001-08-21,2001-08-21,https://patents.google.com/patent/US6279018B1/en,https://patentimages.storage.googleapis.com/d4/9e/55/8c02787146ab7f/US6279018-drawings-page-2.png
US-6154879-A,Tokenless biometric ATM access system ,"Smarttouch, Inc.","David Ferrin Pare, Jr., Ned Hoffman, Jonathan Alexander Lee",1994-11-28,1999-02-05,2000-11-28,2000-11-28,https://patents.google.com/patent/US6154879A/en,https://patentimages.storage.googleapis.com/a8/a5/40/4feac04f46eade/US6154879-drawings-page-3.png
US-5739518-A,Autodiscrimination for dataform decoding and standardized recording ,Metanetics Corporation,Ynjiun P. Wang,1995-05-17,1995-05-17,1998-04-14,1998-04-14,https://patents.google.com/patent/US5739518A/en,https://patentimages.storage.googleapis.com/5f/ec/dc/fd20cdb7f42eaa/US5739518-drawings-page-2.png
US-6123263-A,Hand held dataform reader having strobing ultraviolet light illumination assembly for reading fluorescent dataforms ,Meta Holdings Corporation,Chen Feng,1998-01-29,1998-01-29,2000-09-26,2000-09-26,https://patents.google.com/patent/US6123263A/en,https://patentimages.storage.googleapis.com/ca/7e/df/a22f6c3af4dea6/US6123263-drawings-page-2.png
US-6111517-A,Continuous video monitoring using face recognition for access control ,Visionics Corporation,"Joseph J. Atick, Paul A. Griffin, A. Norman Redlich",1996-12-30,1996-12-30,2000-08-29,2000-08-29,https://patents.google.com/patent/US6111517A/en,https://patentimages.storage.googleapis.com/4d/ad/b9/7f547327e96f1c/US6111517-drawings-page-2.png
US-6044347-A,Methods and apparatus object-oriented rule-based dialogue management ,"Lucent Technologies Inc., At&T Corp.","Alicia Abella, Michael Kenneth Brown, Bruce Melvin Buntschuh",1997-08-05,1997-08-05,2000-03-28,2000-03-28,https://patents.google.com/patent/US6044347A/en,https://patentimages.storage.googleapis.com/d4/26/27/4e2e2dd16735ce/US6044347-drawings-page-8.png
US-5561446-A,Method and apparatus for wireless remote information retrieval and pen-based data entry ,Montlick; Terry F.,Terry F. Montlick,1994-01-28,1995-02-07,1996-10-01,1996-10-01,https://patents.google.com/patent/US5561446A/en,https://patentimages.storage.googleapis.com/5f/ba/c6/9a4825fa1d38cc/US5561446-drawings-page-2.png
US-2003009495-A1,Systems and methods for filtering electronic content ,Akli Adjaoute,Akli Adjaoute,2001-06-29,2001-06-29,2003-01-09,,https://patents.google.com/patent/US20030009495A1/en,https://patentimages.storage.googleapis.com/a1/c3/70/17004b91d01473/US20030009495A1-20030109-D00000.png
US-6356864-B1,Methods for analysis and evaluation of the semantic content of a writing based on vector length ,University Technology Corporation,"Peter William Foltz, Thomas K. Landauer, II Robert Darrell Laham, Walter Kintsch, Robert Ernest Rehder",1997-07-25,1998-07-23,2002-03-12,2002-03-12,https://patents.google.com/patent/US6356864B1/en,https://patentimages.storage.googleapis.com/78/1f/4b/93c785a2db8ef0/US6356864-drawings-page-3.png
US-6206293-B1,Magnetically communicative card ,"Motorola, Inc.","Jose Gutman, Michael J. DeLuca",1996-06-03,1997-12-01,2001-03-27,2001-03-27,https://patents.google.com/patent/US6206293B1/en,https://patentimages.storage.googleapis.com/5b/40/c3/6e2ff186824683/US6206293-drawings-page-2.png
US-2003187925-A1,Software engine for enabling proxy chat-room interaction ,"Inala Suman Kumar, Srihari Kumar","Suman Inala, Srihari Kumar",1998-12-08,2001-02-15,2003-10-02,,https://patents.google.com/patent/US20030187925A1/en,https://patentimages.storage.googleapis.com/91/36/d5/16575b83c1ff15/US20030187925A1-20031002-D00000.png
US-5743267-A,System and method to monitor the heart of a patient ,"Telecom Medical, Inc.","Serjan D. Nikolic, Gary Feierbach",1995-10-19,1995-10-27,1998-04-28,1998-04-28,https://patents.google.com/patent/US5743267A/en,https://patentimages.storage.googleapis.com/9f/5d/22/e461403da6cd79/US5743267-drawings-page-2.png
US-RE41333-E,Multi-tier method of developing localized calibration models for non-invasive blood analyte prediction ,"Sensys Medical, Inc.","Thomas B. Blank, Stephen L. Monfre, Timothy L. Ruchti, Suresh N. Thennadill",1999-07-22,2005-01-27,2010-05-11,2010-05-11,https://patents.google.com/patent/USRE41333E1/en,https://patentimages.storage.googleapis.com/e6/8e/72/84956427cedea6/USRE041333-20100511-D00000.png
US-5890175-A,Dynamic generation and display of catalogs ,"Wong; Garland, Pipp; Randall, Van Lydegraf; Eric","Garland Wong, Randall Pipp, Eric van Lydegraf",1996-09-25,1996-09-25,1999-03-30,1999-03-30,https://patents.google.com/patent/US5890175A/en,https://patentimages.storage.googleapis.com/f2/af/c6/9120434ceb2fd3/US5890175-drawings-page-2.png
US-6161082-A,Network based language translation system ,At&T Corp,"Randy G. Goldberg, Kenneth H. Rosen",1997-11-18,1997-11-18,2000-12-12,2000-12-12,https://patents.google.com/patent/US6161082A/en,https://patentimages.storage.googleapis.com/7d/c1/d3/c6292c39ab32a4/US6161082-drawings-page-2.png
US-2006112123-A1,Spreadsheet user-interfaced business data visualization and publishing system ,"Macnica, Inc.","Kyle Clark, Indra Heckenbach",2004-11-24,2005-09-08,2006-05-25,,https://patents.google.com/patent/US20060112123A1/en,https://patentimages.storage.googleapis.com/0c/be/ac/7f05733c7e59f4/US20060112123A1-20060525-D00000.png
US-8725311-B1,Driver health and fatigue monitoring system and method ,"American Vehicular Sciences, LLC",David S Breed,2011-03-14,2012-03-14,2014-05-13,2014-05-13,https://patents.google.com/patent/US8725311B1/en,https://patentimages.storage.googleapis.com/36/5e/1d/ef6209760bfd41/US08725311-20140513-D00000.png
US-6331867-B1,Electronic book with automated look-up of terms of within reference titles ,"Nuvomedia, Inc.","Martin F. Eberhard, Marc E. Tarpenning",1998-03-20,1998-05-28,2001-12-18,2001-12-18,https://patents.google.com/patent/US6331867B1/en,https://patentimages.storage.googleapis.com/37/aa/2d/0fffd752b93842/US6331867-drawings-page-3.png
US-9298257-B2,Apparatus and method for controlling avatar using expression control point ,"Samsung Electronics Co., Ltd.","Young Kyoo Hwang, Jung Bae Kim, Won Chul BANG, Do Kyoon Kim",2010-12-01,2011-11-30,2016-03-29,2016-03-29,https://patents.google.com/patent/US9298257B2/en,https://patentimages.storage.googleapis.com/70/69/3a/e4cdbd69a35bef/US09298257-20160329-D00000.png
US-6611816-B2,Method and computer network for co-ordinating a loan over the Internet ,"Lendingtree, Inc.","Douglas Lebda, Richard Stiegler",1998-05-08,2002-02-22,2003-08-26,2003-08-26,https://patents.google.com/patent/US6611816B2/en,https://patentimages.storage.googleapis.com/d0/d3/78/1356938b82e34e/US06611816-20030826-D00000.png
US-5999664-A,System for searching a corpus of document images by user specified document layout components ,Xerox Corporation,"James V. Mahoney, Jeanette L. Blomberg, Randall H. Trigg, Christian K. Shin",1997-11-14,1997-11-14,1999-12-07,1999-12-07,https://patents.google.com/patent/US5999664A/en,https://patentimages.storage.googleapis.com/a5/b4/d3/efa151472b5024/US5999664-drawings-page-3.png
US-6012039-A,Tokenless biometric electronic rewards system ,"Smarttouch, Inc.","Ned Hoffman, David Ferrin Pare, Jr., Jonathan Alexander Lee",1994-11-28,1999-02-05,2000-01-04,2000-01-04,https://patents.google.com/patent/US6012039A/en,https://patentimages.storage.googleapis.com/15/4f/0a/507aa941e14d35/US6012039-drawings-page-2.png
US-5850470-A,Neural network for locating and recognizing a deformable object ,"Siemens Corporate Research, Inc., The Trustees Of Princeton University","Sun-Yuan Kung, Shang-Hung Lin, Long-Ji Lin, Ming Fang",1995-08-30,1995-08-30,1998-12-15,1998-12-15,https://patents.google.com/patent/US5850470A/en,https://patentimages.storage.googleapis.com/a8/1c/d4/f017ec44bbdb8b/US5850470-drawings-page-2.png
US-5283422-B1,Information transfer and use particularly with respect to counterfeit detection ,Cias Inc,"Leonard Storch, Van Ernst Haagen",1986-04-18,1992-08-10,2000-10-17,2000-10-17,https://patents.google.com/patent/US5283422B1/en,https://patentimages.storage.googleapis.com/59/e1/d2/fe4cc20f00c7e7/US5283422-drawings-page-3.png
US-6282317-B1,Method for automatic determination of main subjects in photographic images ,Eastman Kodak Company,"Jiebo Luo, Stephen Etz, Amit Singhal",1998-12-31,1998-12-31,2001-08-28,2001-08-28,https://patents.google.com/patent/US6282317B1/en,https://patentimages.storage.googleapis.com/89/d8/7e/794e68bf226e45/US6282317-drawings-page-2.png
US-6996520-B2,Language translation system and method using specialized dictionaries ,"Transclick, Inc.",Robert E. Levin,2002-11-22,2003-11-14,2006-02-07,2006-02-07,https://patents.google.com/patent/US6996520B2/en,https://patentimages.storage.googleapis.com/01/d4/7a/99a488a3375eeb/US06996520-20060207-D00000.png
US-8046193-B2,Determining process condition in substrate processing module ,Kla-Tencor Corporation,"Forrest Gilbert Yetter, Jr., Jeffrey M. Parker, Wayne G. Renken, John B. Pieper",2004-07-07,2008-04-21,2011-10-25,2011-10-25,https://patents.google.com/patent/US8046193B2/en,https://patentimages.storage.googleapis.com/2e/6e/56/65e3448989e38a/US08046193-20111025-D00000.png
US-7027975-B1,Guided natural language interface system and method ,"Object Services And Consulting, Inc.","Paul N. Pazandak, Craig Thompson",2000-08-08,2000-08-08,2006-04-11,2006-04-11,https://patents.google.com/patent/US7027975B1/en,https://patentimages.storage.googleapis.com/da/68/79/dda0fcfd2d71d1/US07027975-20060411-D00000.png
US-2020225655-A1,"Methods, systems, kits and apparatuses for monitoring and managing industrial settings in an industrial internet of things data collection environment ","Strong Force Iot Portfolio 2016, Llc","Charles Cella, Teymour El-Tahry, Richard Spitz, Jeffrey P. McGuckin, Gerald William Duffy, JR.",2016-05-09,2020-01-13,2020-07-16,,https://patents.google.com/patent/US20200225655A1/en,https://patentimages.storage.googleapis.com/e3/b0/c9/0b3bf8301808ac/US20200225655A1-20200716-D00001.png
US-5591956-A,Two dimensional data encoding structure and symbology for use with optical readers ,"Welch Allyn, Inc.","Andrew Longacre, Jr., Rob Hussey",1995-05-15,1995-05-15,1997-01-07,1997-01-07,https://patents.google.com/patent/US5591956A/en,https://patentimages.storage.googleapis.com/76/d4/63/663c52074b42e3/US5591956-drawings-page-2.png
US-6684369-B1,Web site creator using templates ,"International Business Machines, Corporation","Richard S. Bernardo, David A. Macphee",1997-06-19,1998-06-19,2004-01-27,2004-01-27,https://patents.google.com/patent/US6684369B1/en,https://patentimages.storage.googleapis.com/aa/03/e0/ceb8ab67a42ac5/US6684369-drawings-page-3.png
US-4877949-A,Hand-held instant bar code reader system with automated focus based on distance measurements ,Norand Corporation,"Arvin D. Danielson, Dennis A. Durbin",1986-08-08,1986-08-08,1989-10-31,1989-10-31,https://patents.google.com/patent/US4877949A/en,https://patentimages.storage.googleapis.com/3f/23/e8/336cdd36784b1c/US4877949-drawings-page-2.png
US-6460029-B1,System for improving search text ,Microsoft Corporation,"Karen Fries, John M. Tippett, Jeffrey Richter",1998-12-23,1998-12-23,2002-10-01,2002-10-01,https://patents.google.com/patent/US6460029B1/en,https://patentimages.storage.googleapis.com/b2/8c/21/ef18b67458f9d4/US6460029-drawings-page-3.png
US-2011239136-A1,Instantiating widgets into a virtual social venue ,"Oddmobb, Inc.","Daniel M. Goldman, Lorne Lanning",2010-03-10,2011-01-07,2011-09-29,,https://patents.google.com/patent/US20110239136A1/en,https://patentimages.storage.googleapis.com/3a/1b/46/186be2868a7958/US20110239136A1-20110929-D00000.png
US-6742021-B1,Navigating network-based electronic information using spoken input with multimodal error feedback ,"Sri International, Inc.","Christine Halverson, Luc Julia, Dimitris Voutsas, Aden J. Cheyer",1999-01-05,2000-03-13,2004-05-25,2004-05-25,https://patents.google.com/patent/US6742021B1/en,https://patentimages.storage.googleapis.com/4d/92/b4/b1515e33bd7816/US06742021-20040525-D00000.png
US-5932863-A,Method and apparatus for accessing electric data via a familiar printed medium ,"Rathus; Spencer A., Nevid; Jeffrey S., Fichner-Rathus; Lois","Spencer A. Rathus, Jeffrey S. Nevid, Lois Fichner-Rathus",1994-05-25,1996-04-04,1999-08-03,1999-08-03,https://patents.google.com/patent/US5932863A/en,https://patentimages.storage.googleapis.com/0f/c3/91/f8dcc39cdadb7e/US5932863-drawings-page-2.png
US-5717195-A,Imaging based slot dataform reader ,Metanetics Corporation,"Chen Feng, Ynjiun P. Wang",1996-03-05,1996-03-29,1998-02-10,1998-02-10,https://patents.google.com/patent/US5717195A/en,https://patentimages.storage.googleapis.com/6b/c9/9f/44ba2d0087ee31/US5717195-drawings-page-2.png
US-5783811-A,Portable data collection device with LED targeting and illumination assembly ,Metanetics Corporation,"Chen Feng, Ynjiun P. Wang",1995-06-26,1996-02-26,1998-07-21,1998-07-21,https://patents.google.com/patent/US5783811A/en,https://patentimages.storage.googleapis.com/b6/ce/70/d427ea73f19f77/US5783811-drawings-page-3.png
US-5418717-A,Multiple score language processing system ,"Su; Keh-Yih, Chang; Jing-Shin, Wang; Jong-Nae, Su; Mei-Hui","Keh-Yih Su, Jing-Shin Chang, Jong-Nae Wang, Mei-Hui Su",1990-08-27,1991-12-12,1995-05-23,1995-05-23,https://patents.google.com/patent/US5418717A/en,https://patentimages.storage.googleapis.com/22/4a/6f/973b048ed36b2c/US5418717-drawings-page-2.png
US-6522266-B1,"Navigation system, method and software for foot travel ","Honeywell, Inc.","Wayne A. Soehren, Charles T. Bye, Charles L. Keyes",2000-05-17,2000-05-17,2003-02-18,2003-02-18,https://patents.google.com/patent/US6522266B1/en,https://patentimages.storage.googleapis.com/34/c4/a9/15b78051765651/US06522266-20030218-D00000.png
US-6385586-B1,Speech recognition text-based language conversion and text-to-speech in a client-server configuration to enable language translation devices ,International Business Machines Corporation,Timothy Alan Dietz,1999-01-28,1999-01-28,2002-05-07,2002-05-07,https://patents.google.com/patent/US6385586B1/en,https://patentimages.storage.googleapis.com/46/4c/be/303827e3b4f84e/US6385586-drawings-page-2.png
US-7729904-B2,Partial speech processing device and method for use in distributed systems ,"Phoenix Solutions, Inc.",Ian M. Bennett,1999-11-12,2004-12-03,2010-06-01,2010-06-01,https://patents.google.com/patent/US7729904B2/en,https://patentimages.storage.googleapis.com/b8/9b/b4/c7d248c628b1a4/US07729904-20100601-D00000.png
US-5903889-A,"System and method for translating, collecting and archiving patient records ","Telaric, Inc.","Carlos De La Huerga, William E. Craig",1997-06-09,1997-06-09,1999-05-11,1999-05-11,https://patents.google.com/patent/US5903889A/en,https://patentimages.storage.googleapis.com/0a/74/80/0d59b852bc148c/US5903889-drawings-page-2.png
US-6227966-B1,Simulation device for fostering a virtual creature ,"Kabushiki Kaisha Bandai, Kabushiki Kaisha Wiz",Akihiro Yokoi,1997-02-19,1997-08-12,2001-05-08,2001-05-08,https://patents.google.com/patent/US6227966B1/en,https://patentimages.storage.googleapis.com/72/46/b7/a401a52c854a32/US6227966-drawings-page-3.png
US-4968873-A,Smart card issuing and receiving apparatus ,Juergen Dethloff,"Juergen Dethloff, Christian Hinneberg",1987-09-08,1989-02-27,1990-11-06,1990-11-06,https://patents.google.com/patent/US4968873A/en,https://patentimages.storage.googleapis.com/3c/77/87/f05fc73ffabe55/US4968873-drawings-page-2.png
US-5963671-A,Enhancement of soft keyboard operations using trigram prediction ,International Business Machines Corporation,"Liam David Comerford, Thomas Allan Corbi, John Peter Karidis, William Dennis Strohm",1991-11-27,1997-08-15,1999-10-05,1999-10-05,https://patents.google.com/patent/US5963671A/en,https://patentimages.storage.googleapis.com/b0/07/d1/23b848875cf5c8/US5963671-drawings-page-2.png
US-6408082-B1,Watermark detection using a fourier mellin transform ,Digimarc Corporation,"Geoffrey B. Rhoads, Ravi K. Sharma",1996-04-25,1999-11-30,2002-06-18,2002-06-18,https://patents.google.com/patent/US6408082B1/en,https://patentimages.storage.googleapis.com/df/44/6c/bf241674ed8244/US6408082-drawings-page-9.png
US-7043293-B1,Method and apparatus for waveform assessment ,Cardiodynamics International Corporation,Gail D. Baura,2002-12-24,2002-12-24,2006-05-09,2006-05-09,https://patents.google.com/patent/US7043293B1/en,https://patentimages.storage.googleapis.com/90/81/23/4dec467bf4221c/US07043293-20060509-D00000.png
US-7597250-B2,RFID reader with multiple interfaces ,Dpd Patent Trust Ltd.,David Finn,2003-11-17,2006-05-27,2009-10-06,2009-10-06,https://patents.google.com/patent/US7597250B2/en,https://patentimages.storage.googleapis.com/fe/72/6f/b717d7752c34db/US07597250-20091006-D00000.png
US-9480422-B2,Cyanotic infant sensor ,Masimo Corporation,Ammar Al-Ali,2004-07-09,2014-03-24,2016-11-01,2016-11-01,https://patents.google.com/patent/US9480422B2/en,https://patentimages.storage.googleapis.com/63/ac/2e/b185a58ea36109/US09480422-20161101-D00000.png
US-6910003-B1,"System, method and article of manufacture for concept based information searching ","Discern Communications, Inc.","James F. Arnold, David J. Israel, W. Mabry Tyson, John S. Bear, Loren L. Voss",1999-09-17,2000-07-10,2005-06-21,2005-06-21,https://patents.google.com/patent/US6910003B1/en,https://patentimages.storage.googleapis.com/3a/64/7b/ab821763e78d9e/US06910003-20050621-D00000.png
US-4277837-A,Personal portable terminal for financial transactions ,International Business Machines Corporation,Paul E. Stuckert,1977-12-30,1980-02-11,1981-07-07,1981-07-07,https://patents.google.com/patent/US4277837A/en,https://patentimages.storage.googleapis.com/8c/f9/98/3ef3441226e8d2/US4277837-drawings-page-2.png
US-7983915-B2,Audio content search engine ,"Sonic Foundry, Inc.","Michael J. Knight, Jonathan Scott, Steven J. Yurick, John Hancock",2007-04-30,2007-04-30,2011-07-19,2011-07-19,https://patents.google.com/patent/US7983915B2/en,https://patentimages.storage.googleapis.com/44/0e/11/d1226582563a7b/US07983915-20110719-D00000.png
US-5091966-A,Adaptive scaling for decoding spatially periodic self-clocking glyph shape codes ,Xerox Corporation,"Dan S. Bloomberg, Robert F. Tow",1990-07-31,1990-07-31,1992-02-25,1992-02-25,https://patents.google.com/patent/US5091966A/en,https://patentimages.storage.googleapis.com/49/eb/47/d45d822b5ce204/US5091966-drawings-page-2.png
US-2002169592-A1,Open environment for real-time multilingual communication ,Aityan Sergey Khachatur,Sergey Aityan,2001-05-11,2002-05-10,2002-11-14,,https://patents.google.com/patent/US20020169592A1/en,https://patentimages.storage.googleapis.com/04/06/1c/8544c48b550855/US20020169592A1-20021114-D00000.png
US-6382769-B1,Method of tab alignment in an integrated circuit type device ,Silverbrook Research Pty Ltd,Kia Silverbrook,1997-07-15,1998-07-10,2002-05-07,2002-05-07,https://patents.google.com/patent/US6382769B1/en,https://patentimages.storage.googleapis.com/5a/0c/7d/0aee209ed44482/US6382769-drawings-page-2.png
US-6031989-A,Method of formatting and displaying nested documents ,Microsoft Corporation,John P. Cordell,1997-02-27,1997-02-27,2000-02-29,2000-02-29,https://patents.google.com/patent/US6031989A/en,https://patentimages.storage.googleapis.com/4e/b5/fd/581ba5b83e2a2a/US6031989-drawings-page-2.png
US-6722569-B2,Optical reader having a color imager ,"Welch Allyn Data Collection, Inc.","Michael Ehrhart, Andrew Longacre, Jr.",2001-07-13,2001-07-13,2004-04-20,2004-04-20,https://patents.google.com/patent/US6722569B2/en,https://patentimages.storage.googleapis.com/c4/59/ad/cebbdbfcfe523b/US06722569-20040420-D00000.png
US-6393389-B1,Using ranked translation choices to obtain sequences indicating meaning of multi-token expressions ,Xerox Corporation,"Jean-Pierre Chanod, Frédérique Segond, Christopher Thompson",1999-09-23,1999-09-23,2002-05-21,2002-05-21,https://patents.google.com/patent/US6393389B1/en,https://patentimages.storage.googleapis.com/89/13/57/c462f602852c18/US6393389-drawings-page-3.png
US-2014201527-A1,Systems and methods for secure and private delivery of content ,Zohar KRIVOROT,Zohar KRIVOROT,2013-01-17,2013-03-06,2014-07-17,,https://patents.google.com/patent/US20140201527A1/en,https://patentimages.storage.googleapis.com/83/0e/dd/c4a67e80975ca6/US20140201527A1-20140717-D00000.png
US-6468234-B1,SleepSmart ,"The Board Of Trustees Of The Leland Stanford Junior University, The United States Of America As Represented By The Department Of Veterans Affairs","H. F. Machiel Van der Loos, Joel S. Ford, Hisato Kobayashi, Joseph Norman, Tomoaki Osada",2000-07-14,2000-11-10,2002-10-22,2002-10-22,https://patents.google.com/patent/US6468234B1/en,https://patentimages.storage.googleapis.com/ea/8a/d6/dc78b78fc18103/US06468234-20021022-D00000.png
US-7745391-B2,Human thrombospondin polypeptide ,Compugen Ltd.,"Liat Mintz, Hanqing Xie, Dvir Dahary, Erez Levanon, Shiri Freilich, Nili Beck, Wei-Yong Zhu, Alon Wasserman, Jeanne Bernstein",2001-09-14,2006-05-31,2010-06-29,2010-06-29,https://patents.google.com/patent/US7745391B2/en,https://patentimages.storage.googleapis.com/e9/f9/27/8c2e09b2046652/US07745391-20100629-D00001.png
US-6172608-B1,Enhanced range transponder system ,Integrated Silicon Design Pty. Ltd.,Peter Harold Cole,1996-06-19,1997-06-18,2001-01-09,2001-01-09,https://patents.google.com/patent/US6172608B1/en,https://patentimages.storage.googleapis.com/ab/cb/79/7399843b79040b/US6172608-drawings-page-2.png
US-5626140-A,System and method of multi-sensor fusion of physiological measurements ,"Spacelabs Medical, Inc.","Jeffrey M. Feldman, Mehboob H. Ebrahim",1995-11-01,1995-11-01,1997-05-06,1997-05-06,https://patents.google.com/patent/US5626140A/en,https://patentimages.storage.googleapis.com/12/ac/b6/809ca870532ff7/US5626140-drawings-page-2.png
US-2005043940-A1,Preparing a data source for a natural language query ,Marvin Elder,Marvin Elder,2003-08-20,2004-08-20,2005-02-24,,https://patents.google.com/patent/US20050043940A1/en,https://patentimages.storage.googleapis.com/02/85/cd/51b73aeae8de1a/US20050043940A1-20050224-D00000.png
US-2004205671-A1,Natural-language processing system ,"Tatsuya Sukehiro, Shin Torigoe, Yasuhiro Kawakita, Satoshi Nakagawa, Toshihiko Matsunaga","Tatsuya Sukehiro, Shin Torigoe, Yasuhiro Kawakita, Satoshi Nakagawa, Toshihiko Matsunaga",2000-09-13,2001-09-10,2004-10-14,,https://patents.google.com/patent/US20040205671A1/en,https://patentimages.storage.googleapis.com/c3/d2/96/61819e0ce3d942/US20040205671A1-20041014-D00000.png
WO-2007134402-A1,Instant messaging system ,Mor(F) Dynamics Pty Ltd,"Robert Chin Meng FONG, Billy Nan Choong CHONG",2006-05-24,2007-05-24,2007-11-29,,https://patents.google.com/patent/WO2007134402A1/en,
US-6681994-B1,Method and apparatus for optically reading information ,Intermec Ip Corp.,Steven E. Koenck,1988-08-31,2002-01-08,2004-01-27,2004-01-27,https://patents.google.com/patent/US6681994B1/en,https://patentimages.storage.googleapis.com/ad/95/08/81e817cba0c8a4/US06681994-20040127-D00000.png
US-5920261-A,Methods and apparatus for tracking and displaying objects ,Design Vision Inc.,"George V. Hughes, Chris Ouslis",1996-12-31,1996-12-31,1999-07-06,1999-07-06,https://patents.google.com/patent/US5920261A/en,https://patentimages.storage.googleapis.com/c5/5c/27/40fb91340dc1e5/US5920261-drawings-page-2.png
US-6015088-A,Decoding of real time video imaging ,"Welch Allyn, Inc.","James A. Parker, Michael A. Ehrhart",1996-11-05,1997-11-04,2000-01-18,2000-01-18,https://patents.google.com/patent/US6015088A/en,https://patentimages.storage.googleapis.com/eb/33/4f/3406d2973b5393/US6015088-drawings-page-7.png
US-7177798-B2,Natural language interface using constrained intermediate dictionary of results ,Rensselaer Polytechnic Institute,"Cheng Hsu, Veera Boonjing",2000-04-07,2001-05-21,2007-02-13,2007-02-13,https://patents.google.com/patent/US7177798B2/en,https://patentimages.storage.googleapis.com/2e/77/ce/390618e64f9fde/US07177798-20070213-D00000.png
US-6704034-B1,Method and apparatus for providing accessibility through a context sensitive magnifying glass ,International Business Machines Corporation,"Herman Rodriguez, Newton James Smith, Jr., Clifford Jay Spinac",2000-09-28,2000-09-28,2004-03-09,2004-03-09,https://patents.google.com/patent/US6704034B1/en,https://patentimages.storage.googleapis.com/14/89/60/f21663cef97042/US06704034-20040309-D00000.png
US-8312086-B2,Method and apparatus for message customization ,Verizon Patent And Licensing Inc.,"Umashankar Velusamy, George Louis Hughes, Jr.",2007-06-29,2007-06-29,2012-11-13,2012-11-13,https://patents.google.com/patent/US8312086B2/en,https://patentimages.storage.googleapis.com/89/28/e8/1bda6b4b22edd5/US08312086-20121113-D00000.png
US-8998091-B2,Hybrid-type bioptical laser scanning and digital imaging system supporting automatic object motion detection at the edges of a 3D scanning volume ,"Metrologic Instruments, Inc.","Shane Michael Edmonds, Sean Philip Kearney",2011-06-15,2013-10-10,2015-04-07,2015-04-07,https://patents.google.com/patent/US8998091B2/en,https://patentimages.storage.googleapis.com/af/ee/e7/ef7080fd1d35d1/US08998091-20150407-D00000.png
US-6434520-B1,System and method for indexing and querying audio archives ,International Business Machines Corporation,"Dimitri Kanevsky, Stephane H. Maes",1999-04-16,1999-04-16,2002-08-13,2002-08-13,https://patents.google.com/patent/US6434520B1/en,https://patentimages.storage.googleapis.com/97/f2/87/0e0a4330491dec/US6434520-drawings-page-2.png
US-6607127-B2,Magnetic stripe bridge ,Jacob Y. Wong,Jacob Y. Wong,2001-09-18,2001-09-18,2003-08-19,2003-08-19,https://patents.google.com/patent/US6607127B2/en,https://patentimages.storage.googleapis.com/b4/e6/4a/6f83a46ba31631/US06607127-20030819-D00000.png
US-6731307-B1,User interface/entertainment device that simulates personal interaction and responds to user's mental state and/or personality ,Koninklije Philips Electronics N.V.,"Hugo J. Strubbe, Larry J. Eshelman, Srinivas Gutta, John Milanski",2000-10-30,2000-10-30,2004-05-04,2004-05-04,https://patents.google.com/patent/US6731307B1/en,https://patentimages.storage.googleapis.com/db/e7/98/1f149a43792b69/US06731307-20040504-D00000.png
US-7080073-B1,Method and apparatus for focused crawling ,"Firstrain, Inc.","Dongming Jiang, Arvind Krishnamurthy, Jaswinder Pal Singh, Randolph Wang",2000-08-18,2002-06-24,2006-07-18,2006-07-18,https://patents.google.com/patent/US7080073B1/en,https://patentimages.storage.googleapis.com/37/61/41/815a309a489f90/US07080073-20060718-D00000.png
WO-2004095308-A1,Method and system for expressing avatar that correspond to message and sentence inputted of using natural language processing technology ,"Eulen, Inc.","Ji Seon Hong, Chang Ho Ham",2003-04-21,2004-04-20,2004-11-04,,https://patents.google.com/patent/WO2004095308A1/en,
US-6513063-B1,Accessing network-based electronic information through scripted online interfaces using spoken input ,Sri International,"Luc Julia, Dimitris Voutsas, Adam Cheyer",1999-01-05,2000-03-14,2003-01-28,2003-01-28,https://patents.google.com/patent/US6513063B1/en,https://patentimages.storage.googleapis.com/d6/e9/a5/9985515165c311/US06513063-20030128-D00000.png
US-2008249764-A1,Smart Sentiment Classifier for Product Reviews ,Microsoft Corporation,"Shen Huang, Ling Bao, Yunbo Cao, Zheng Chen, Chin-Yew Lin, Christoph R. Ponath, Jian-Tao Sun, Ming Zhou, Jian Wang",2007-03-01,2007-12-05,2008-10-09,,https://patents.google.com/patent/US20080249764A1/en,https://patentimages.storage.googleapis.com/1d/4d/9d/6e08f9deb4cbc1/US20080249764A1-20081009-D00000.png
US-8832552-B2,Automated selection of avatar characteristics for groups ,Nokia Corporation,"Juha Arrasvuori, Elina Ollila",2008-04-03,2008-04-03,2014-09-09,2014-09-09,https://patents.google.com/patent/US8832552B2/en,https://patentimages.storage.googleapis.com/cb/02/0f/da70ee4e8f336b/US08832552-20140909-D00000.png
US-5745360-A,Dynamic hypertext link converter system and process ,International Business Machines Corp.,"Paul Thomas Leone, Mark Williams Lumsden, Victor Edward Pulizzi",1995-08-14,1995-08-14,1998-04-28,1998-04-28,https://patents.google.com/patent/US5745360A/en,https://patentimages.storage.googleapis.com/d8/f2/3d/4d56276fad4426/US5745360-drawings-page-2.png
US-5668803-A,Protocol for packet data communication system ,"Symbol Technologies, Inc.","LaRoy Tymes, Gregory B. Ennis",1989-06-29,1994-11-23,1997-09-16,1997-09-16,https://patents.google.com/patent/US5668803A/en,https://patentimages.storage.googleapis.com/96/66/f1/9c287a2d73d8ce/US5668803-drawings-page-2.png
US-5430441-A,Transponding tag and method ,"Motorola, Inc.","Robert H. Bickley, Theodore W. Keller, John Bjornholt",1993-10-12,1993-10-12,1995-07-04,1995-07-04,https://patents.google.com/patent/US5430441A/en,https://patentimages.storage.googleapis.com/b7/f6/d4/5e62fd674a6b42/US5430441-drawings-page-2.png
US-2015228274-A1,Multi-Device Speech Recognition ,Nokia Technologies Oy,"Tapani Antero Leppänen, Timo Tapani Aaltonen, Kimmo Kalervo Kuusilinna",2012-10-26,2012-10-26,2015-08-13,,https://patents.google.com/patent/US20150228274A1/en,https://patentimages.storage.googleapis.com/47/af/2f/b0e76728d2a2d0/US20150228274A1-20150813-D00000.png
US-8095878-B2,Method for spell check based upon target and presence of avatars within a virtual environment ,International Business Machines Corporation,"Cary Lee Bates, Zachary A. Garbow",2008-06-23,2008-06-23,2012-01-10,2012-01-10,https://patents.google.com/patent/US8095878B2/en,https://patentimages.storage.googleapis.com/7c/84/1b/8b608e3f3f90ec/US08095878-20120110-D00000.png
US-7917497-B2,Natural language query processing ,"Iac Search & Media, Inc.","Tom Harrison, Michael E. Barrett, Swarup Reddi, John Lowe, Gary Chevsky",2001-09-24,2008-04-18,2011-03-29,2011-03-29,https://patents.google.com/patent/US7917497B2/en,https://patentimages.storage.googleapis.com/36/e1/45/a15bfc97f33ab9/US07917497-20110329-D00000.png
US-8601051-B2,"Method, system and apparatus for changing avatar in online game ",Tencent Technology (Shenzhen) Company Ltd.,Hui Wang,2007-04-28,2009-10-22,2013-12-03,2013-12-03,https://patents.google.com/patent/US8601051B2/en,https://patentimages.storage.googleapis.com/a6/74/c0/c4aeddb9491de4/US08601051-20131203-D00000.png
US-5465308-A,Pattern recognition system ,"Datron/Transoc, Inc.","Timothy L. Hutcheson, Wilson Or, Venkatesh Narayanan, Subramaniam Mohan, Peter G. Wohlmut, Ramanujam Srinivasan, Bobby R. Hunt, Thomas W. Ryan",1990-06-04,1993-08-25,1995-11-07,1995-11-07,https://patents.google.com/patent/US5465308A/en,https://patentimages.storage.googleapis.com/7c/24/b7/2453f88dd227b7/US5465308-drawings-page-3.png
US-5789733-A,Smart card with contactless optical interface ,"Motorola, Inc.","Karen E. Jachimowicz, Scott R. Novis, Dennis Barry, Wenbin Jiang, Michael S. Lebby",1996-09-20,1996-09-20,1998-08-04,1998-08-04,https://patents.google.com/patent/US5789733A/en,https://patentimages.storage.googleapis.com/68/31/c9/62cb234e4ce76b/US5789733-drawings-page-2.png
US-9082023-B2,Method for operating a laser scanner ,"Hand Held Products, Inc.","Chen Feng, Kevin Saber",2013-09-05,2013-09-05,2015-07-14,2015-07-14,https://patents.google.com/patent/US9082023B2/en,https://patentimages.storage.googleapis.com/77/51/2d/54c6adc0f5d8b1/US09082023-20150714-D00000.png
US-5987404-A,Statistical natural language understanding using hidden clumpings ,International Business Machines Corporation,"Stephen Andrew Della Pietra, Mark Edward Epstein, Martin Franz, Joshua David Sherer Koppelman, Salim Estephan Roukos, Robert Todd Ward",1996-01-29,1996-01-29,1999-11-16,1999-11-16,https://patents.google.com/patent/US5987404A/en,https://patentimages.storage.googleapis.com/ca/a1/e3/1858f4bb826cd9/US5987404-drawings-page-2.png
US-7711565-B1,“Smart” elevator system and method ,Gazdzinski Robert F,Robert F. Gazdzinski,1999-06-10,2006-08-17,2010-05-04,2010-05-04,https://patents.google.com/patent/US7711565B1/en,https://patentimages.storage.googleapis.com/44/c9/9f/fc6f16edc7c65c/US07711565-20100504-D00000.png
US-7107204-B1,Computer-aided writing system and method with cross-language writing wizard ,Microsoft Corporation,"Ting Liu, Ming Zhou, Jian Wang",2000-04-24,2000-04-24,2006-09-12,2006-09-12,https://patents.google.com/patent/US7107204B1/en,https://patentimages.storage.googleapis.com/8b/03/b8/475b08bce34a67/US07107204-20060912-D00000.png
US-5243655-A,System for encoding and decoding data in machine readable graphic form ,Symbol Technologies Inc.,Ynjiun P. Wang,1990-01-05,1992-03-16,1993-09-07,1993-09-07,https://patents.google.com/patent/US5243655A/en,https://patentimages.storage.googleapis.com/cb/03/25/f214413d3e8825/US5243655-drawings-page-2.png
US-6519617-B1,Automated creation of an XML dialect and dynamic generation of a corresponding DTD ,International Business Machines Corporation,"Michael C. Wanderski, Ajamu A. Wesley",1999-04-08,1999-04-08,2003-02-11,2003-02-11,https://patents.google.com/patent/US6519617B1/en,https://patentimages.storage.googleapis.com/98/c7/8a/ee04405da14941/US6519617-drawings-page-2.png
US-6738738-B2,Automated transformation from American English to British English ,"Tellme Networks, Inc.",Caroline G. Henton,2000-12-23,2000-12-23,2004-05-18,2004-05-18,https://patents.google.com/patent/US6738738B2/en,https://patentimages.storage.googleapis.com/9a/0c/81/89e0c01ee6ae21/US06738738-20040518-D00000.png
US-6556217-B1,System and method for content adaptation and pagination based on terminal capabilities ,Nokia Corporation,"Mikko Mäkip{umlaut over (aa)}, Hemant Madan, Oleg Beletski, Erkki Tanskanen, Caj Södergård, Matti Aaltonen, Timo Järvinen, Timo Kinnunen, Antti Tammela, Antti V{umlaut over (aa)}tänen, Akseli Anttila, Tapio Hämeen-Anttila, Juuso Vuorenoja, Toni Kopra",2000-06-01,2000-06-01,2003-04-29,2003-04-29,https://patents.google.com/patent/US6556217B1/en,https://patentimages.storage.googleapis.com/f7/54/ff/4f02745bfa92ef/US06556217-20030429-D00000.png
US-6078251-A,Integrated multi-meter and wireless communication link ,Intermec Ip Corporation,"Jeremy A. Landt, Ivan Berka, Curt L. Carrender, G. Russell Mortenson, Vickram Sondhi, Donald F. Speirs",1996-03-27,1997-03-27,2000-06-20,2000-06-20,https://patents.google.com/patent/US6078251A/en,https://patentimages.storage.googleapis.com/80/6e/14/a8b9e9d0c6051e/US6078251-drawings-page-2.png
US-5893126-A,Method and apparatus for annotating a computer document incorporating sound ,Intel Corporation,"Paul C. Drews, James P. Held, Dan D. Kogan, James A. Larson",1994-09-30,1996-08-12,1999-04-06,1999-04-06,https://patents.google.com/patent/US5893126A/en,https://patentimages.storage.googleapis.com/b5/32/36/c7da994b82adc5/US5893126-drawings-page-3.png
US-5621859-A,"Single tree method for grammar directed, very large vocabulary speech recognizer ",Bbn Corporation,"Richard M. Schwartz, Long Nguyen",1994-01-19,1994-01-19,1997-04-15,1997-04-15,https://patents.google.com/patent/US5621859A/en,https://patentimages.storage.googleapis.com/de/cc/02/f9ab1edd05dd8e/US5621859-drawings-page-3.png
US-2020067861-A1,Scam evaluation system ,"ZapFraud, Inc.","William J. Leddy, Christopher J. Schille, Bjorn Markus Jakobsson",2014-12-09,2015-12-08,2020-02-27,,https://patents.google.com/patent/US20200067861A1/en,https://patentimages.storage.googleapis.com/43/9f/cc/66a15b8b14f4d1/US20200067861A1-20200227-D00000.png
US-5630127-A,Program storage device and computer program product for managing an event driven management information system with rule-based application structure stored in a relational database ,International Business Machines Corporation,"Allan R. Moore, Lori J. Poulos, Lynn G. DeFazio",1992-05-15,1995-06-07,1997-05-13,1997-05-13,https://patents.google.com/patent/US5630127A/en,https://patentimages.storage.googleapis.com/f1/1f/17/ace77300d42c77/US5630127-drawings-page-3.png
US-5943624-A,Contactless smartcard for use in cellular telephone ,"Motorola, Inc.","Thomas Michael Fox, Gerald Vincent Piosenka, Kenneth Henry Schmidt",1996-07-15,1996-07-15,1999-08-24,1999-08-24,https://patents.google.com/patent/US5943624A/en,https://patentimages.storage.googleapis.com/bf/38/5d/942ffd08c3fd48/US5943624-drawings-page-2.png
US-6430305-B1,Identity verification methods ,"Synaptics, Incorporated",Joseph E. Decker,1996-12-20,1996-12-20,2002-08-06,2002-08-06,https://patents.google.com/patent/US6430305B1/en,https://patentimages.storage.googleapis.com/80/ef/10/1149a362d58326/US6430305-drawings-page-2.png
US-5523775-A,Method for selecting objects on a computer display ,"Apple Computer, Inc.",Stephen P. Capps,1992-05-26,1994-06-08,1996-06-04,1996-06-04,https://patents.google.com/patent/US5523775A/en,https://patentimages.storage.googleapis.com/75/60/93/89cb15bc93379f/US5523775-drawings-page-2.png
US-7752152-B2,Using predictive user models for language modeling on a personal device with user behavior models based on statistical modeling ,Microsoft Corporation,"Timothy S. Paek, David M. Chickering",2006-03-17,2006-03-17,2010-07-06,2010-07-06,https://patents.google.com/patent/US7752152B2/en,https://patentimages.storage.googleapis.com/ca/c5/e9/45f1bc4342326a/US07752152-20100706-D00000.png
US-5283887-A,Automatic document format conversion in an electronic mail system based upon user preference ,Bull Hn Information Systems Inc.,Leon Zachery,1990-12-19,1990-12-19,1994-02-01,1994-02-01,https://patents.google.com/patent/US5283887A/en,https://patentimages.storage.googleapis.com/51/50/2c/a0815e704ba8cb/US5283887-drawings-page-2.png
US-7720674-B2,Systems and methods for processing natural language queries ,Sap Ag,"Matthias Kaiser, Jacob A Klein, Hartmut Vogler, Shan Jiang",2004-06-29,2004-06-29,2010-05-18,2010-05-18,https://patents.google.com/patent/US7720674B2/en,https://patentimages.storage.googleapis.com/7c/92/75/73fa9d28fee3c5/US07720674-20100518-D00000.png
US-5645060-A,Method and apparatus for removing artifact and noise from pulse oximetry ,Nellcor Puritan Bennett Incorporated,Thomas J. Yorkey,1995-06-14,1995-06-14,1997-07-08,1997-07-08,https://patents.google.com/patent/US5645060A/en,https://patentimages.storage.googleapis.com/e3/ea/8f/c8f69e4d638681/US5645060-drawings-page-2.png
US-7467087-B1,Training and using pronunciation guessers in speech recognition ,"Gillick Laurence S, Wegmann Steven A, Yamron Jonathan P","Laurence S. Gillick, Steven A. Wegmann, Jonathan P. Yamron",2002-10-10,2003-10-10,2008-12-16,2008-12-16,https://patents.google.com/patent/US7467087B1/en,https://patentimages.storage.googleapis.com/55/67/52/906f8158f78e1c/US07467087-20081216-D00000.png
US-4649515-A,Methods and apparatus for system fault diagnosis and control ,Westinghouse Electric Corp.,"Timothy F. Thompson, Robert M. Wojcik",1984-04-30,1986-07-01,1987-03-10,1987-03-10,https://patents.google.com/patent/US4649515A/en,https://patentimages.storage.googleapis.com/1d/54/59/cca38071bf0f22/US4649515-drawings-page-2.png
US-5157687-A,Packet data communication network ,"Symbol Technologies, Inc.",LaRoy Tymes,1989-06-29,1990-12-19,1992-10-20,1992-10-20,https://patents.google.com/patent/US5157687A/en,https://patentimages.storage.googleapis.com/14/62/e4/9db4b2bb4f6f4f/US5157687-drawings-page-2.png
US-6173259-B1,Speech to text conversion ,Speech Machines Plc,"David Bijl, Henry Hyde-Thomson",1997-03-27,1998-03-27,2001-01-09,2001-01-09,https://patents.google.com/patent/US6173259B1/en,https://patentimages.storage.googleapis.com/bc/74/20/32a2527391ba53/US6173259-drawings-page-2.png
US-5809282-A,Automated network simulation and optimization system ,"Grc International, Inc.","Dennis Cooper, George Thompson",1995-06-07,1995-06-07,1998-09-15,1998-09-15,https://patents.google.com/patent/US5809282A/en,https://patentimages.storage.googleapis.com/d8/ce/a3/792ba5dec407d6/US5809282-drawings-page-3.png
US-5712957-A,Locating and correcting erroneously recognized portions of utterances by rescoring based on two n-best lists ,Carnegie Mellon University,"Alex H. Waibel, Arthur E. McNair",1995-09-08,1995-09-08,1998-01-27,1998-01-27,https://patents.google.com/patent/US5712957A/en,https://patentimages.storage.googleapis.com/7f/11/8f/ec13209d244006/US5712957-drawings-page-2.png
US-4862160-A,Item identification tag for rapid inventory data acquisition system ,"Revlon, Inc.","Jack A. Ekchian, Robert W. Hoffman, Leon Ekchian, Kaigham J. Gabriel",1983-12-29,1987-03-20,1989-08-29,1989-08-29,https://patents.google.com/patent/US4862160A/en,https://patentimages.storage.googleapis.com/ac/0c/c5/18cfe4bfa75f90/US4862160-drawings-page-2.png
US-9622693-B2,Systems and methods for determining blood oxygen saturation values using complex number encoding ,Masimo Corporation,Mohamed K. Diab,2002-12-04,2015-01-30,2017-04-18,2017-04-18,https://patents.google.com/patent/US9622693B2/en,https://patentimages.storage.googleapis.com/82/98/4c/4a02529de66825/US09622693-20170418-D00000.png
US-2007063850-A1,Method and system for proactive telemonitor with real-time activity and physiology classification and diary feature ,"Devaul Richard W, Daniel Barkalow, John Carlton-Foss, Christopher Elledge","Richard DeVaul, Daniel Barkalow, John Carlton-Foss, Christopher Elledge",2005-09-13,2006-09-13,2007-03-22,,https://patents.google.com/patent/US20070063850A1/en,https://patentimages.storage.googleapis.com/db/11/ea/545b0d99d7792d/US20070063850A1-20070322-D00000.png
US-2008292194-A1,Method and System for Automatic Detection and Segmentation of Tumors and Associated Edema (Swelling) in Magnetic Resonance (Mri) Images ,"Mark Schmidt, Russell Greiner, Murtha Albert D","Mark Schmidt, Russell Greiner, Albert D. Murtha",2005-04-27,2006-04-27,2008-11-27,,https://patents.google.com/patent/US20080292194A1/en,https://patentimages.storage.googleapis.com/c5/67/81/611d75bee25623/US20080292194A1-20081127-D00000.png
US-6062475-A,Portable data collection device including color imaging dataform reader assembly ,Metanetics Corporation,Chen Feng,1997-06-25,1997-06-25,2000-05-16,2000-05-16,https://patents.google.com/patent/US6062475A/en,https://patentimages.storage.googleapis.com/1c/6c/77/97a87f35fd3bfd/US6062475-drawings-page-2.png
US-6526395-B1,Application of personality models and interaction with synthetic characters in a computing system ,Intel Corporation,Tonia G. Morris,1999-12-31,1999-12-31,2003-02-25,2003-02-25,https://patents.google.com/patent/US6526395B1/en,https://patentimages.storage.googleapis.com/f4/fd/78/98579571d656a3/US6526395-drawings-page-3.png
US-9437186-B1,Enhanced endpoint detection for speech recognition ,"Amazon Technologies, Inc.","Baiyang Liu, Hugh Evan Secker-Walker, Alexander David Rosen",2013-06-19,2013-06-19,2016-09-06,2016-09-06,https://patents.google.com/patent/US9437186B1/en,https://patentimages.storage.googleapis.com/b9/d1/f1/ed7fc4b4fa0d9a/US09437186-20160906-D00000.png
US-4714995-A,Computer integration system ,Trw Inc.,"Anthony T. Materna, Roger A. Vossler, Frank M. Stepczyk",1985-09-13,1985-09-13,1987-12-22,1987-12-22,https://patents.google.com/patent/US4714995A/en,https://patentimages.storage.googleapis.com/b4/cb/f3/80b3be9adacd7d/US4714995-drawings-page-2.png
US-9262633-B1,Barcode reader with security features ,"Hand Held Products, Inc.","Erik Todeschini, Timothy Meier",2014-10-31,2014-10-31,2016-02-16,2016-02-16,https://patents.google.com/patent/US9262633B1/en,https://patentimages.storage.googleapis.com/50/3c/e8/5d6fae5e5406b5/US09262633-20160216-D00000.png
US-6269368-B1,Information retrieval using dynamic evidence combination ,Textwise Llc,Theodore G. Diamond,1997-10-17,1998-10-16,2001-07-31,2001-07-31,https://patents.google.com/patent/US6269368B1/en,https://patentimages.storage.googleapis.com/83/4b/a7/27d364658db1bb/US6269368-drawings-page-2.png
US-5802199-A,Use sensitive identification system ,"Smarttouch, Llc","David Ferrin Pare, Jr., Ned Hoffman, Jonathan Alexander Lee",1994-11-28,1997-03-17,1998-09-01,1998-09-01,https://patents.google.com/patent/US5802199A/en,https://patentimages.storage.googleapis.com/92/31/8a/c2ce3bc023b645/US5802199-drawings-page-3.png
US-6272480-B1,Method and arrangement for the neural modelling of a dynamic system with non-linear stochastic behavior ,Siemens Aktiengesellschaft,"Volker Tresp, Thomas Briegel",1997-10-17,1998-10-19,2001-08-07,2001-08-07,https://patents.google.com/patent/US6272480B1/en,https://patentimages.storage.googleapis.com/b3/c5/d3/007ac55154c658/US6272480-drawings-page-3.png
US-6811082-B2,Advanced magnetic stripe bridge (AMSB) ,Jacob Y. Wong,Jacob Y. Wong,2001-09-18,2001-11-02,2004-11-02,2004-11-02,https://patents.google.com/patent/US6811082B2/en,https://patentimages.storage.googleapis.com/59/e8/01/9bfcc441b28ca3/US06811082-20041102-D00000.png
US-6112203-A,Method for ranking documents in a hyperlinked environment using connectivity and selective content analysis ,Altavista Company,"Krishna Asur Bharat, Monika R. Henzinger",1998-04-09,1998-04-09,2000-08-29,2000-08-29,https://patents.google.com/patent/US6112203A/en,https://patentimages.storage.googleapis.com/9a/16/3e/6d7302b8c1ec49/US6112203-drawings-page-2.png
US-5119465-A,"System for selectively converting plurality of source data structures through corresponding source intermediate structures, and target intermediate structures into selected target structure ",Digital Equipment Corporation,"Martin L. Jack, Richard T. Gumbel",1989-06-19,1989-06-19,1992-06-02,1992-06-02,https://patents.google.com/patent/US5119465A/en,https://patentimages.storage.googleapis.com/20/4c/8c/74fb9f2f6c0c18/US5119465-drawings-page-2.png
US-8527276-B1,Speech synthesis using deep neural networks ,Google Inc.,"Andrew William Senior, Byungha Chun, Michael Schuster",2012-10-25,2012-10-25,2013-09-03,2013-09-03,https://patents.google.com/patent/US8527276B1/en,https://patentimages.storage.googleapis.com/b3/a0/c3/3c17cd1c0e6dd7/US08527276-20130903-D00000.png
US-2011218777-A1,System and method for generating a building information model ,Honeywell International Inc.,"Henry Chen, Cheng Jun Li, Tom Plocher",2010-03-03,2011-03-01,2011-09-08,,https://patents.google.com/patent/US20110218777A1/en,https://patentimages.storage.googleapis.com/af/88/24/5966bad62b5454/US20110218777A1-20110908-D00000.png
US-5839106-A,Large-vocabulary speech recognition using an integrated syntactic and semantic statistical language model ,"Apple Computer, Inc.",Jerome R. Bellegarda,1996-12-17,1996-12-17,1998-11-17,1998-11-17,https://patents.google.com/patent/US5839106A/en,https://patentimages.storage.googleapis.com/90/de/f1/d0b63c4f4092e2/US5839106-drawings-page-2.png
US-8135657-B2,Systems and methods for processing data flows ,"Crossbeam Systems, Inc.","Harsh Kapoor, Moisey Akerman, Stephen D. Justus, John C. Ferguson, Yevgeny Korsunsky, Paul S. Gallo, Charles Ching Lee, Timothy M. Martin, Chunsheng Fu, Weidong Xu",2000-09-25,2011-08-24,2012-03-13,2012-03-13,https://patents.google.com/patent/US8135657B2/en,https://patentimages.storage.googleapis.com/16/90/d0/ee692544dec3ac/US08135657-20120313-D00000.png
US-7725318-B2,System and method for improving the accuracy of audio searching ,Nice Systems Inc.,"Marsal Gavalda, Moshe Wasserblat",2004-07-30,2005-08-01,2010-05-25,2010-05-25,https://patents.google.com/patent/US7725318B2/en,https://patentimages.storage.googleapis.com/4c/18/c5/170e71af5349e1/US07725318-20100525-D00000.png
US-5559942-A,Method and apparatus for providing a note for an application program ,"Apple Computer, Inc.","Michael L. Gough, Bruce V. Holloway",1993-05-10,1993-05-10,1996-09-24,1996-09-24,https://patents.google.com/patent/US5559942A/en,https://patentimages.storage.googleapis.com/4f/24/a2/5bc45cac350d63/US5559942-drawings-page-2.png
US-5825006-A,Optical reader having improved autodiscrimination features ,"Welch Allyn, Inc.","Andrew Longacre, Jr., Robert M. Hussey, Michael A. Ehrhart, Thomas J. Koziol",1994-03-04,1996-09-03,1998-10-20,1998-10-20,https://patents.google.com/patent/US5825006A/en,https://patentimages.storage.googleapis.com/15/9d/4f/74c135a3038ac7/US5825006-drawings-page-2.png
US-7225980-B2,Shopping cart with RFID capability ,Industrial Technology Research Institute,"Chun-Hui Ku, Chun-Te Yu, Wei Chang",2005-03-15,2005-06-10,2007-06-05,2007-06-05,https://patents.google.com/patent/US7225980B2/en,https://patentimages.storage.googleapis.com/95/f1/f4/d9fc31bd291efb/US07225980-20070605-D00000.png
US-7987151-B2,Apparatus and method for problem solving using intelligent agents ,"General Dynamics Advanced Info Systems, Inc.","Wade F. Schott, Thanh A. Diep",2001-08-10,2005-02-25,2011-07-26,2011-07-26,https://patents.google.com/patent/US7987151B2/en,https://patentimages.storage.googleapis.com/21/ac/69/6c249a166f680b/US07987151-20110726-D00000.png
US-6185587-B1,System and method for building a web site with automated help ,International Business Machines Corporation,"Richard S. Bernardo, David A. Macphee, Jennifer J. Smith",1997-06-19,1998-06-19,2001-02-06,2001-02-06,https://patents.google.com/patent/US6185587B1/en,https://patentimages.storage.googleapis.com/d9/bc/ae/948ca60d46e01b/US6185587-drawings-page-3.png
US-6785673-B1,Method for converting relational data into XML ,At&T Corp.,"Maria F. Fernandez, Atsuyuki Morishima, Dan Suciu, Wang-Chiew Tan",2000-02-09,2001-12-28,2004-08-31,2004-08-31,https://patents.google.com/patent/US6785673B1/en,https://patentimages.storage.googleapis.com/3d/f2/6a/e98a7b78e275e0/US06785673-20040831-D00000.png
US-5724987-A,Neurocognitive adaptive computer-aided training method and system ,"Sam Technology, Inc.","Alan Gevins, Harrison Leong, Isabel Sam-Vargas, Michael Smith",1991-09-26,1995-07-20,1998-03-10,1998-03-10,https://patents.google.com/patent/US5724987A/en,https://patentimages.storage.googleapis.com/60/de/f1/bd35f4f9b07be6/US5724987-drawings-page-2.png
US-8041570-B2,Dialogue management using scripts ,Robert Bosch Corporation,"Danilo Mirkovic, Lawrence Cavedon",2005-05-31,2005-05-31,2011-10-18,2011-10-18,https://patents.google.com/patent/US8041570B2/en,https://patentimages.storage.googleapis.com/8e/41/e2/368dab89139a68/US08041570-20111018-D00000.png
US-6695209-B1,Triggerless optical reader with signal enhancement features ,"Psc Scanning, Inc.",Chay K. La,1999-10-04,1999-10-04,2004-02-24,2004-02-24,https://patents.google.com/patent/US6695209B1/en,https://patentimages.storage.googleapis.com/76/45/50/4ee3551a9e9fd6/US6695209-drawings-page-2.png
US-6438523-B1,Processing handwritten and hand-drawn input and speech input ,"John A. Oberteuffer, John Wilbanks, Loken-Kim Kyung-Ho, William Kania","John A. Oberteuffer, John Wilbanks, Kyung-ho Loken-Kim, William Kania",1998-05-20,1999-05-18,2002-08-20,2002-08-20,https://patents.google.com/patent/US6438523B1/en,https://patentimages.storage.googleapis.com/ec/68/48/0c5ad2805bd0c9/US6438523-drawings-page-5.png
US-5226417-A,Apparatus for the detection of motion transients ,"Nellcor, Inc.","David B. Swedlow, Robert L. Clark, Adnan I. Merchant, Deborah A. Briggs, Jessica A. Warring",1991-03-11,1991-03-11,1993-07-13,1993-07-13,https://patents.google.com/patent/US5226417A/en,https://patentimages.storage.googleapis.com/64/4a/e6/22a2cfa73b4683/US5226417-drawings-page-2.png
US-5845299-A,Draw-based editor for web pages ,Rae Technology Llc,"Samir Arora, Gagan Arora, Rajagopal Lakshminarayan, Gregory Brown, Martin Fried-Nielsen",1996-07-29,1996-07-29,1998-12-01,1998-12-01,https://patents.google.com/patent/US5845299A/en,https://patentimages.storage.googleapis.com/3f/02/42/b19e3c29431123/US5845299-drawings-page-3.png
US-6415250-B1,System and method for identifying language using morphologically-based techniques ,"Novell, Inc.",David van den Akker,1997-06-18,1997-06-18,2002-07-02,2002-07-02,https://patents.google.com/patent/US6415250B1/en,https://patentimages.storage.googleapis.com/5f/7f/12/db7bbadee70861/US6415250-drawings-page-2.png
US-7095871-B2,Digital asset management and linking media signals with related data using watermarks ,Digimarc Corporation,"Kevin C. Jones, Cynthia K. Aggson, Tony F. Rodriguez, Brian Mosher, Kenneth L. Levy, R. Stephen Hiatt, Geoffrey B. Rhoads",1995-07-27,2002-04-05,2006-08-22,2006-08-22,https://patents.google.com/patent/US7095871B2/en,https://patentimages.storage.googleapis.com/33/87/c7/78a7370d4fa524/US07095871-20060822-D00000.png
US-5561071-A,DNA and DNA technology for the construction of networks to be used in chip construction and chip production (DNA-chips) ,"Hollenberg; Cornelis P., Di Mauro; Ernesto","Cornelis P. Hollenberg, Ernesto di Mauro",1989-07-24,1995-09-25,1996-10-01,1996-10-01,https://patents.google.com/patent/US5561071A/en,https://patentimages.storage.googleapis.com/9e/31/2d/8cabacb52ddcb4/US5561071-drawings-page-3.png
US-6064959-A,Error correction in speech recognition ,"Dragon Systems, Inc.","Jonathan Hood Young, David Wilsberg Parmenter, Robert Roth, Joev Dubach, Gregory J. Gadbois, Stijn Van Even",1997-03-28,1997-03-28,2000-05-16,2000-05-16,https://patents.google.com/patent/US6064959A/en,https://patentimages.storage.googleapis.com/d6/8e/62/7cea2a877fb9e4/US6064959-drawings-page-3.png
US-8838457-B2,Using results of unstructured language model based speech recognition to control a system-level function of a mobile communications facility ,Vlingo Corporation,"Joseph P. Cerra, John N. Nguyen, Michael S. Phillips, Han Shu",2007-03-07,2008-08-01,2014-09-16,2014-09-16,https://patents.google.com/patent/US8838457B2/en,https://patentimages.storage.googleapis.com/08/36/93/f06cb69aa255c9/US08838457-20140916-D00000.png
US-6317750-B1,Method and apparatus for accessing multidimensional data ,Hyperion Solutions Corporation,"Thomas R. Tortolani, Koorosh M. Nouri",1998-10-26,1998-10-26,2001-11-13,2001-11-13,https://patents.google.com/patent/US6317750B1/en,https://patentimages.storage.googleapis.com/2f/74/c5/02e8a606d6a3c0/US6317750-drawings-page-2.png
US-8402540-B2,Systems and methods for processing data flows ,"Crossbeam Systems, Inc.","Harsh Kapoor, Moisey Akerman, Stephen D. Justus, JC Ferguson, Yevgeny Korsunsky, Paul S. Gallo, Charles Ching Lee, Timothy M. Martin, Chunsheng Fu, Weidong Xu",2000-09-25,2007-10-24,2013-03-19,2013-03-19,https://patents.google.com/patent/US8402540B2/en,https://patentimages.storage.googleapis.com/8e/18/94/d4c14aa4623d31/US08402540-20130319-D00000.png
US-6415978-B1,Multiple technology data reader for bar code labels and RFID tags ,"Psc Scanning, Inc.",Clarke W. McAllister,1999-05-03,1999-05-03,2002-07-09,2002-07-09,https://patents.google.com/patent/US6415978B1/en,https://patentimages.storage.googleapis.com/e7/6a/54/2dcc013c08dd7c/US6415978-drawings-page-2.png
US-5920061-A,Portable data collection device including imaging assembly with modular high density dataform reader assembly ,Metanetics Corporation,Chen Feng,1997-05-29,1997-05-29,1999-07-06,1999-07-06,https://patents.google.com/patent/US5920061A/en,https://patentimages.storage.googleapis.com/94/28/5f/6b5930657bc94a/US5920061-drawings-page-2.png
US-6904110-B2,Channel equalization system and method ,"Francois Trans, Tho Le-Ngoc","Francois Trans, Tho Le-Ngoc",1997-07-31,2001-05-01,2005-06-07,2005-06-07,https://patents.google.com/patent/US6904110B2/en,https://patentimages.storage.googleapis.com/b3/98/f6/0c443e095ff137/US06904110-20050607-D00000.png
US-5019699-A,Hand-held optical character reader with means for instantaneously reading information from a predetermined area at an optical sensing area ,Norand Corporation,Steven E. Koenck,1988-08-31,1988-08-31,1991-05-28,1991-05-28,https://patents.google.com/patent/US5019699A/en,https://patentimages.storage.googleapis.com/c7/0a/d0/f8b2cce1061acc/US5019699-drawings-page-2.png
US-2015324690-A1,Deep Learning Training System ,Microsoft Corporation,"Trishul A. Chilimbi, Yutaka Suzue, Johnson R. Apacible, Karthik Kalyanaraman",2014-05-08,2014-09-22,2015-11-12,,https://patents.google.com/patent/US20150324690A1/en,https://patentimages.storage.googleapis.com/fb/b0/a8/640005e8019e4f/US20150324690A1-20151112-D00000.png
US-5956736-A,Object-oriented editor for creating world wide web documents ,"Apple Computer, Inc.","Michael Robert Hanson, John Lilly",1996-09-27,1996-09-27,1999-09-21,1999-09-21,https://patents.google.com/patent/US5956736A/en,https://patentimages.storage.googleapis.com/f0/04/94/140cd3200819a2/US5956736-drawings-page-2.png
US-2003125927-A1,Method and system for translating instant messages ,Microsoft Corporation,Yonas Seme,2001-12-28,2001-12-28,2003-07-03,,https://patents.google.com/patent/US20030125927A1/en,https://patentimages.storage.googleapis.com/0b/4a/5d/724bf5a009bb48/US20030125927A1-20030703-D00000.png
US-6065026-A,Multi-user electronic document authoring system with prompted updating of shared language ,"Document.Com, Inc.","Edward J. Cornelia, Benjamin Fine, Jonathan D. Jacobs, Neal J. Karasic",1997-01-09,1997-06-13,2000-05-16,2000-05-16,https://patents.google.com/patent/US6065026A/en,https://patentimages.storage.googleapis.com/0c/72/53/5d242da1399c31/US6065026-drawings-page-2.png
US-2013297353-A1,Systems and methods for filing insurance claims using mobile imaging ,Mitek Systems,"Mike Strange, James DeBello",2008-01-18,2013-03-15,2013-11-07,,https://patents.google.com/patent/US20130297353A1/en,https://patentimages.storage.googleapis.com/9a/53/f9/ff5deec92d1c7a/US20130297353A1-20131107-D00000.png
US-2011289397-A1,Displaying Table Data in a Limited Display Area ,"Mauricio Eastmond, Jones Jerrold H, Becerra Sr Santiago, David Becerra, Jordan Rounds","Mauricio Eastmond, Jerrold H. Jones, Santiago Becerra, SR., David Becerra, Jordan Rounds",2010-05-19,2011-05-19,2011-11-24,,https://patents.google.com/patent/US20110289397A1/en,https://patentimages.storage.googleapis.com/be/73/55/8c10581a976953/US20110289397A1-20111124-D00000.png
US-2015178260-A1,Multi-layered presentation and mechanisms for collaborating with the same ,"Avaya, Inc.",Gordon R. Brunson,2013-12-20,2013-12-20,2015-06-25,,https://patents.google.com/patent/US20150178260A1/en,https://patentimages.storage.googleapis.com/94/81/8e/3e2bc38dede613/US20150178260A1-20150625-D00000.png
US-6233545-B1,Universal machine translator of arbitrary languages utilizing epistemic moments ,William E. Datig,William E. Datig,1997-05-01,1998-03-03,2001-05-15,2001-05-15,https://patents.google.com/patent/US6233545B1/en,https://patentimages.storage.googleapis.com/0e/62/d8/6480bffc7bbdbf/US06233545-20010515-D00000.png
US-7222156-B2,Integrating collaborative messaging into an electronic mail program ,Microsoft Corporation,"Anoop Gupta, Mary P. Czerwinski",2001-01-25,2001-01-25,2007-05-22,2007-05-22,https://patents.google.com/patent/US7222156B2/en,https://patentimages.storage.googleapis.com/f5/18/92/1b405679135a47/US07222156-20070522-D00000.png
US-5134574-A,Performance control apparatus and method in a processing plant ,The Foxboro Company,"Malcolm C. Beaverstock, Peter G. Martin",1990-02-27,1990-02-27,1992-07-28,1992-07-28,https://patents.google.com/patent/US5134574A/en,https://patentimages.storage.googleapis.com/01/56/8c/b54a944739801f/US5134574-drawings-page-2.png
US-9443123-B2,System and method for indicia verification ,"Hand Held Products, Inc.",Benjamin Hejl,2014-07-18,2014-07-18,2016-09-13,2016-09-13,https://patents.google.com/patent/US9443123B2/en,https://patentimages.storage.googleapis.com/ef/55/cf/84ea4f42f3c582/US09443123-20160913-D00000.png
US-5703349-A,Portable data collection device with two dimensional imaging assembly ,Metanetics Corporation,"Robert F. Meyerson, Ynjiun P. Wang",1995-06-26,1995-12-20,1997-12-30,1997-12-30,https://patents.google.com/patent/US5703349A/en,https://patentimages.storage.googleapis.com/2e/2f/f0/0b98ef7ddfc41b/US5703349-drawings-page-2.png
US-5659167-A,Visually interactive decoding of dataforms ,Metanetics Corporation,"Ynjiun P. Wang, Robert F. Meyerson",1994-04-05,1995-12-06,1997-08-19,1997-08-19,https://patents.google.com/patent/US5659167A/en,https://patentimages.storage.googleapis.com/b0/4b/f7/1b8fa691957cc0/US5659167-drawings-page-2.png
US-5848972-A,Method for endocardial activation mapping using a multi-electrode catheter ,Children's Medical Center Corporation,"John K. Triedman, Kathy J. Jenkins, Steven D. Colan",1995-09-15,1996-09-13,1998-12-15,1998-12-15,https://patents.google.com/patent/US5848972A/en,https://patentimages.storage.googleapis.com/33/3e/be/22290ac02a44a5/US5848972-drawings-page-3.png
US-6219639-B1,Method and apparatus for recognizing identity of individuals employing synchronized biometrics ,International Business Machines Corporation,"Raimo Bakis, Dimitri Kanevsky, Stephane Herman Maes",1998-04-28,1998-04-28,2001-04-17,2001-04-17,https://patents.google.com/patent/US6219639B1/en,https://patentimages.storage.googleapis.com/d5/3c/b7/dd1722d8a901d4/US6219639-drawings-page-2.png
US-9730640-B2,Pulse oximeter probe-off detector ,Masimo Corporation,"Mohamed K. Diab, Ammar Al-Ali",1999-03-25,2013-09-10,2017-08-15,2017-08-15,https://patents.google.com/patent/US9730640B2/en,https://patentimages.storage.googleapis.com/50/a8/f5/093b23141b0458/US09730640-20170815-D00000.png
US-5532467-A,Optical scanning head ,Roustaei; Alex,Alex Roustaei,1992-02-27,1994-09-16,1996-07-02,1996-07-02,https://patents.google.com/patent/US5532467A/en,https://patentimages.storage.googleapis.com/f5/62/03/34e1d03d2f2216/US5532467-drawings-page-2.png
US-5127055-A,Speech recognition apparatus & method having dynamic reference pattern adaptation ,"Kurzweil Applied Intelligence, Inc.",Leah S. Larkey,1988-12-30,1991-02-11,1992-06-30,1992-06-30,https://patents.google.com/patent/US5127055A/en,https://patentimages.storage.googleapis.com/0a/ec/ab/6f004e023a730c/US5127055-drawings-page-2.png
US-9788768-B2,Physiological parameter tracking system ,Masimo Corporation,"Ammar Al-Ali, Mohamed K. Diab, Walter M. Weber",2003-08-28,2013-02-26,2017-10-17,2017-10-17,https://patents.google.com/patent/US9788768B2/en,https://patentimages.storage.googleapis.com/85/6b/bb/93a72e048cb2f1/US09788768-20171017-D00000.png
US-5420409-A,Bar code scanner providing aural feedback ,"Welch Allyn, Inc.","Andrew Longacre, Jr., Robert M. Hussey",1993-10-18,1993-10-18,1995-05-30,1995-05-30,https://patents.google.com/patent/US5420409A/en,https://patentimages.storage.googleapis.com/38/39/c9/121283ddedf520/US5420409-drawings-page-2.png
US-2022366494-A1,Market orchestration system for facilitating electronic marketplace transactions ,"Strong Force TX Portfolio 2018, LLC","Charles Howard Cella, Andrew Cardno, Taylor D. Charon, Teymour S. EL-TAHRY, Richard A. Spitz, Jenna Lynn Parenti, Leon R. Fortin, Jr.",2018-05-06,2021-12-17,2022-11-17,,https://patents.google.com/patent/US20220366494A1/en,https://patentimages.storage.googleapis.com/fe/45/68/619c65c9952c48/US20220366494A1-20221117-D00000.png
US-5218529-A,Neural network system and methods for analysis of organic materials and structures using spectral data ,"University Of Georgia Research Foundation, Inc.","Bernd J. Meyer, Jeffrey P. Sellers, Jan U. Thomsen",1990-07-30,1990-07-30,1993-06-08,1993-06-08,https://patents.google.com/patent/US5218529A/en,https://patentimages.storage.googleapis.com/b6/8f/1f/988f0831be6c7f/US5218529-drawings-page-2.png
US-2011263946-A1,"Method and system for real-time and offline analysis, inference, tagging of and responding to person(s) experiences ",Mit Media Lab,"Rana el Kaliouby, Rosalind W. Picard, Abdelrahman N. Mahmoud, Youssef Kashef, Miriam Anna Rimm Madsen, Mina Mikhail",2010-04-22,2010-04-22,2011-10-27,,https://patents.google.com/patent/US20110263946A1/en,https://patentimages.storage.googleapis.com/a5/24/f1/52f44eaf684cb7/US20110263946A1-20111027-D00000.png
US-6385352-B1,System and method for reading and comparing two-dimensional images ,"Symbol Technologies, Inc.",Alexander Roustaei,1994-10-26,1994-10-26,2002-05-07,2002-05-07,https://patents.google.com/patent/US6385352B1/en,https://patentimages.storage.googleapis.com/19/c7/6c/dc31fdf9f996d0/US6385352-drawings-page-3.png
US-6236223-B1,Method and apparatus for wireless radio frequency testing of RFID integrated circuits ,Intermec Ip Corp.,"Michael John Brady, Dah-Weih Duan",1998-11-09,1999-02-10,2001-05-22,2001-05-22,https://patents.google.com/patent/US6236223B1/en,https://patentimages.storage.googleapis.com/14/cb/d0/29d1634c8ef6ab/US6236223-drawings-page-3.png
US-5136686-A,Non-linear genetic algorithms for solving problems by finding a fit composition of functions ,Koza John R,John R. Koza,1990-03-28,1991-11-05,1992-08-04,1992-08-04,https://patents.google.com/patent/US5136686A/en,https://patentimages.storage.googleapis.com/77/60/e4/cddd3ded50ff90/US5136686-drawings-page-2.png
US-6565003-B1,Method for locating and reading a two-dimensional barcode ,"Matsushita Electric Industrial Co., Ltd.",Yue Ma,1998-12-16,2000-06-02,2003-05-20,2003-05-20,https://patents.google.com/patent/US6565003B1/en,https://patentimages.storage.googleapis.com/67/ca/b2/5c262df9b0e4ec/US06565003-20030520-D00000.png
US-9801588-B2,Method and apparatus for reducing coupling between signals in a measurement system ,"Cercacor Laboratories, Inc.","Walter M. Weber, Ammar Al-Ali",2003-07-08,2015-07-14,2017-10-31,2017-10-31,https://patents.google.com/patent/US9801588B2/en,https://patentimages.storage.googleapis.com/35/33/52/9dc62605c07672/US09801588-20171031-D00000.png
US-6681029-B1,Decoding steganographic messages embedded in media signals ,Digimarc Corporation,Geoffrey B. Rhoads,1993-11-18,2000-07-06,2004-01-20,2004-01-20,https://patents.google.com/patent/US6681029B1/en,https://patentimages.storage.googleapis.com/d0/32/54/8695fe080023d4/US06681029-20040120-D00000.png
US-5217021-A,Detection of cardiac arrhythmias using correlation of a cardiac electrical signals and temporal data compression ,"Telectronics Pacing Systems, Inc.","Bruce M. Steinhaus, Randy T. Wells",1991-07-30,1991-07-30,1993-06-08,1993-06-08,https://patents.google.com/patent/US5217021A/en,https://patentimages.storage.googleapis.com/b7/57/d4/a0c33620b3ef56/US5217021-drawings-page-2.png
US-2004030448-A1,"System, methods and apparatus for managing external computation and sensor resources applied to mobile robotic network ",Neal Solomon,Neal Solomon,2002-04-22,2003-04-22,2004-02-12,,https://patents.google.com/patent/US20040030448A1/en,https://patentimages.storage.googleapis.com/fb/48/12/8ed8e3de9a435a/US20040030448A1-20040212-D00000.png
US-5773810-A,Method for generating real time degree of focus signal for handheld imaging device ,"Welch Allyn, Inc.","Robert M. Hussey, Andrew Longacre, Jr.",1996-03-29,1996-03-29,1998-06-30,1998-06-30,https://patents.google.com/patent/US5773810A/en,https://patentimages.storage.googleapis.com/bb/d6/be/3cc5934481dcaa/US5773810-drawings-page-2.png
US-8150694-B2,System and method for providing an acoustic grammar to dynamically sharpen speech interpretation ,"Voicebox Technologies, Inc.","Robert A. Kennewick, Min Ke, Michael Tjalve, Philippe Di Cristo",2005-08-31,2011-06-01,2012-04-03,2012-04-03,https://patents.google.com/patent/US8150694B2/en,https://patentimages.storage.googleapis.com/0a/ce/08/7f7e8895b3cf6b/US08150694-20120403-D00000.png
US-5748841-A,Supervised contextual language acquisition system ,"Morin; Philippe, Junqua; Jean-Claude","Philippe Morin, Jean-claude Junqua",1994-02-25,1997-04-10,1998-05-05,1998-05-05,https://patents.google.com/patent/US5748841A/en,https://patentimages.storage.googleapis.com/3b/55/21/0904f6775250e8/US5748841-drawings-page-2.png
US-2004068416-A1,"System, method and apparatus for implementing a mobile sensor network ",Neal Solomon,Neal Solomon,2002-04-22,2003-04-22,2004-04-08,,https://patents.google.com/patent/US20040068416A1/en,https://patentimages.storage.googleapis.com/05/bc/1b/642598dafe5194/US20040068416A1-20040408-D00000.png
US-7121946-B2,Real-time head tracking system for computer games and other applications ,Cybernet Systems Corporation,"George V. Paul, Glenn J. Beach, Charles J. Cohen, Charles J. Jacobus",1998-08-10,2001-06-29,2006-10-17,2006-10-17,https://patents.google.com/patent/US7121946B2/en,https://patentimages.storage.googleapis.com/5a/94/10/444c46412fb279/US07121946-20061017-D00000.png
US-2003154071-A1,Process for the document management and computer-assisted translation of documents utilizing document corpora constructed by intelligent agents ,Shreve Gregory M.,Gregory Shreve,2002-02-11,2002-02-11,2003-08-14,,https://patents.google.com/patent/US20030154071A1/en,https://patentimages.storage.googleapis.com/b1/3e/bc/2c07799ea5707c/US20030154071A1-20030814-D00000.png
US-6453356-B1,Data exchange system and method ,"Adc Telecommunications, Inc.","Nicolas C. Sheard, Larry J. Fischer, Richard W. Matthews, Gurla Himabindu, Qilin Hu, Wendy J. Zheng, Boyle Y. Mow",1998-04-15,1998-04-15,2002-09-17,2002-09-17,https://patents.google.com/patent/US6453356B1/en,https://patentimages.storage.googleapis.com/61/96/57/d2963614cc6d74/US6453356-drawings-page-3.png
US-6318636-B1,"Method and apparatus to read different types of data carriers, such RFID tags and machine-readable symbols, and a user interface for the same ",Intermec Ip Corp.,"Andrew E. Reynolds, Christopher A. Wiklof, Daniel B. Bodnar",1999-09-21,1999-09-21,2001-11-20,2001-11-20,https://patents.google.com/patent/US6318636B1/en,https://patentimages.storage.googleapis.com/1f/18/92/b0eb288f473c2e/US06318636-20011120-D00000.png
US-9256852-B1,Autonomous delivery platform ,Google Inc.,Jussi Myllymaki,2013-07-01,2013-07-01,2016-02-09,2016-02-09,https://patents.google.com/patent/US9256852B1/en,https://patentimages.storage.googleapis.com/45/91/c2/6be5321cf39e23/US09256852-20160209-D00000.png
US-10812992-B1,Cellular system ,Bao Tran,"Bao Tran, Ha Tran",2019-09-02,2019-09-02,2020-10-20,2020-10-20,https://patents.google.com/patent/US10812992B1/en,https://patentimages.storage.googleapis.com/5b/15/2e/f8b002b025131b/US10812992-20201020-D00000.png
US-5282265-A,Knowledge information processing system ,Canon Kabushiki Kaisha,"Aruna Rohra Suda, Yoshie Ito, Takako Takeda",1988-10-04,1992-11-25,1994-01-25,1994-01-25,https://patents.google.com/patent/US5282265A/en,https://patentimages.storage.googleapis.com/7e/e3/24/2cd3e1bcd3118d/US5282265-drawings-page-2.png
US-7702500-B2,Method and apparatus for determining the meaning of natural language ,Blaedow Karen R,Karen R. Blaedow,2004-11-24,2004-11-24,2010-04-20,2010-04-20,https://patents.google.com/patent/US7702500B2/en,https://patentimages.storage.googleapis.com/dd/ad/aa/f2c5fdf6869530/US07702500-20100420-D00000.png
US-9814418-B2,Sine saturation transform ,Masimo Corporation,"Walter M. Weber, Ammar Al-Ali, Lorenzo Cazzoli",2001-06-29,2014-11-17,2017-11-14,2017-11-14,https://patents.google.com/patent/US9814418B2/en,https://patentimages.storage.googleapis.com/d1/69/1d/47196584c6beb8/US09814418-20171114-D00000.png
US-5920287-A,Radio location system for precisely tracking objects by RF transceiver tags which randomly and repetitively emit wideband identification signals ,Widata Corporation,"Donald K. Belcher, John A. Eisenberg, David S. Wisherd",1997-01-21,1997-01-21,1999-07-06,1999-07-06,https://patents.google.com/patent/US5920287A/en,https://patentimages.storage.googleapis.com/86/e9/ba/e9894ebee05ff3/US5920287-drawings-page-2.png
US-6685095-B2,Apparatus and method for decoding damaged optical codes ,"Symagery Microsystems, Inc.","Alex Roustaei, Wenji Xia, Dennis G. Priddy",1998-05-05,2001-03-05,2004-02-03,2004-02-03,https://patents.google.com/patent/US6685095B2/en,https://patentimages.storage.googleapis.com/97/2f/2d/449c6769b4c642/US06685095-20040203-D00000.png
US-2006190419-A1,"Video surveillance data analysis algorithms, with local and network-shared communications for facial, physical condition, and intoxication recognition, fuzzy logic intelligent camera system ","Bunn Frank E, Adair Richard D","Frank Bunn, Richard Adair",2005-02-22,2005-02-22,2006-08-24,,https://patents.google.com/patent/US20060190419A1/en,https://patentimages.storage.googleapis.com/8a/3b/34/d8e04e91980a25/US20060190419A1-20060824-D00000.png
US-2013290234-A1,"Intelligent Consumer Service Terminal Apparatuses, Methods and Systems ",Visa International Service Association,"Theodore Harris, Patrick L. Faith",2012-02-02,2013-06-20,2013-10-31,,https://patents.google.com/patent/US20130290234A1/en,https://patentimages.storage.googleapis.com/ca/17/da/6b679054605f97/US20130290234A1-20131031-D00000.png
US-2002198714-A1,Statistical spoken dialog system ,Guojun Zhou,Guojun Zhou,2001-06-26,2001-06-26,2002-12-26,,https://patents.google.com/patent/US20020198714A1/en,https://patentimages.storage.googleapis.com/7d/35/bf/dafbc39dab6029/US20020198714A1-20021226-D00000.png
US-2015193392-A1,User Interface for Quickly Checking Agenda and Creating New Events ,Google Inc.,"Daniel Michael Greenblatt, Boris Khvostichenko, Oleksandr Kyreiev, Mauro Cherubini",2013-04-17,2013-04-17,2015-07-09,,https://patents.google.com/patent/US20150193392A1/en,https://patentimages.storage.googleapis.com/02/74/9a/2b490eac9be9f1/US20150193392A1-20150709-D00000.png
US-7958457-B1,Method and apparatus for scheduling presentation of digital content on a personal communication device ,"Wireless Agents, Llc","Carl Brock Brandenberg, Robert L. Kay, Kenneth J. Maxwell, R. Brandon Cotter",1999-12-20,2001-08-31,2011-06-07,2011-06-07,https://patents.google.com/patent/US7958457B1/en,https://patentimages.storage.googleapis.com/f8/f7/5c/3720a8803c0d18/US07958457-20110607-D00000.png
US-7099510-B2,Method and system for object detection in digital images ,"Hewlett-Packard Development Company, L.P.","Michael J. Jones, Paul Viola",2000-11-29,2001-11-12,2006-08-29,2006-08-29,https://patents.google.com/patent/US7099510B2/en,https://patentimages.storage.googleapis.com/6a/6b/1c/e33a703f975e90/US07099510-20060829-D00000.png
US-2013031476-A1,Voice activated virtual assistant ,"Coin Emmett, Deborah Dahl, Richard Mandelbaum","Emmett COIN, Deborah Dahl, Richard Mandelbaum",2011-07-25,2012-07-23,2013-01-31,,https://patents.google.com/patent/US20130031476A1/en,https://patentimages.storage.googleapis.com/14/35/6f/5ef693cac0c766/US20130031476A1-20130131-D00000.png
US-6069564-A,Multi-directional RFID antenna ,"Hatano; Richard, Monahan; Brian, Kilgus; Christopher R.","Richard Hatano, Brian Monahan, Christopher R. Kilgus",1998-09-08,1998-09-08,2000-05-30,2000-05-30,https://patents.google.com/patent/US6069564A/en,https://patentimages.storage.googleapis.com/fb/99/91/a998d1449e1c4b/US6069564-drawings-page-2.png
US-4119900-A,Method and system for the automatic orientation and control of a robot ,Ito Patent-Ag,Walter Kremnitz,1973-12-21,1976-06-16,1978-10-10,1978-10-10,https://patents.google.com/patent/US4119900A/en,https://patentimages.storage.googleapis.com/fb/7c/80/7ae980472e76bb/US4119900-drawings-page-2.png
US-7225013-B2,Adaptive prediction of changes of physiological/pathological states using processing of biomedical signals ,Widemed Ltd.,"Amir Geva, Kobi Todros, Baruch Levi, David Solomon, Dan Kerem",2003-05-15,2003-10-03,2007-05-29,2007-05-29,https://patents.google.com/patent/US7225013B2/en,https://patentimages.storage.googleapis.com/0e/06/fc/9f19a36b6db4ab/US07225013-20070529-D00000.png
US-2013204813-A1,"Self-learning, context aware virtual assistants, systems and methods ","Fluential, Llc","Demitrios Leo Master, Farzad Ehsani, Silke Maren Witt-Ehsani",2012-01-20,2013-01-17,2013-08-08,,https://patents.google.com/patent/US20130204813A1/en,https://patentimages.storage.googleapis.com/79/cd/df/1a6155909b99a9/US20130204813A1-20130808-D00000.png
US-6047300-A,System and method for automatically correcting a misspelled word ,Microsoft Corporation,"Michael Walfish, Dean Hachamovitch, Ronald Andrew Fein",1997-05-15,1997-05-15,2000-04-04,2000-04-04,https://patents.google.com/patent/US6047300A/en,https://patentimages.storage.googleapis.com/a3/22/2d/725a166b7d54de/US6047300-drawings-page-9.png
US-6819469-B1,High-resolution spatial light modulator for 3-dimensional holographic display ,Igor M. Koba,Igor M. Koba,2003-05-05,2003-05-05,2004-11-16,2004-11-16,https://patents.google.com/patent/US6819469B1/en,https://patentimages.storage.googleapis.com/64/8f/2c/d766e5703f0fb9/US06819469-20041116-D00000.png
US-5598532-A,Method and apparatus for optimizing computer networks ,Optimal Networks,Moshe Liron,1993-10-21,1993-10-21,1997-01-28,1997-01-28,https://patents.google.com/patent/US5598532A/en,https://patentimages.storage.googleapis.com/3a/f7/95/3b7937691cdd01/US5598532-drawings-page-2.png
US-6002918-A,Power-saving arrangement and method for mobile units in communications network ,"Symbol Technologies, Inc.","Frederic Heiman, Patrick Pinard, Andrew Werback, Michael Shiba",1989-06-29,1996-11-08,1999-12-14,1999-12-14,https://patents.google.com/patent/US6002918A/en,https://patentimages.storage.googleapis.com/72/3a/c7/4cda3594781fa3/US6002918-drawings-page-2.png
US-5745049-A,Wireless equipment diagnosis system ,Yokogawa Electric Corporation,"Koji Akiyama, Satoshi Yoshitake, Minoru Takeuchi, Hiroshi Shimizu, Kazuo Nagata, Kiyoshi Takai, Toshio Sekiguchi",1995-07-20,1996-07-15,1998-04-28,1998-04-28,https://patents.google.com/patent/US5745049A/en,https://patentimages.storage.googleapis.com/fc/52/bb/c421bfa1f68340/US5745049-drawings-page-2.png
US-2004035942-A1,Dynamic virtual magnetic stripe ,Silverman Martin S.,Martin Silverman,2001-12-07,2001-12-07,2004-02-26,,https://patents.google.com/patent/US20040035942A1/en,https://patentimages.storage.googleapis.com/73/83/5b/9742d0452aabb4/US20040035942A1-20040226-D00000.png
US-5286960-A,Method of programmable digitization and bar code scanning apparatus employing same ,"Welch Allyn, Inc.","Andrew Longacre, Jr., Charles M. Hammond, Jr., William H. Havens, John M. Pidhirny",1991-11-04,1991-11-04,1994-02-15,1994-02-15,https://patents.google.com/patent/US5286960A/en,https://patentimages.storage.googleapis.com/b5/91/9f/a15758f01923b1/US5286960-drawings-page-2.png
US-7707027-B2,Identification and rejection of meaningless input during natural language classification ,"Nuance Communications, Inc.","Rajesh Balchandran, Linda Boyer",2006-04-13,2006-04-13,2010-04-27,2010-04-27,https://patents.google.com/patent/US7707027B2/en,https://patentimages.storage.googleapis.com/65/57/05/e31c4eabcdf53e/US07707027-20100427-D00000.png
US-5949052-A,Object sensor system for stationary position optical reader ,"Welch Allyn, Inc.","Andrew Longacre, Jr., Robert M. Hussey",1997-10-17,1997-10-17,1999-09-07,1999-09-07,https://patents.google.com/patent/US5949052A/en,https://patentimages.storage.googleapis.com/01/b3/48/742f9433dcc5f9/US5949052-drawings-page-2.png
US-5634084-A,Abbreviation and acronym/initialism expansion procedures for a text to speech reader ,Centigram Communications Corporation,"Bathsheba J. Malsheen, Gabriel F. Groner, Sandra F. Disner",1995-01-20,1995-01-20,1997-05-27,1997-05-27,https://patents.google.com/patent/US5634084A/en,https://patentimages.storage.googleapis.com/4c/fd/79/da1096c4e597a0/US5634084-drawings-page-2.png
US-8209183-B1,"Systems and methods for correction of text from different input types, sources, and contexts ",Google Inc.,"Nirmal Patel, Thad Starner, Josh Weaver",2011-07-07,2011-07-07,2012-06-26,2012-06-26,https://patents.google.com/patent/US8209183B1/en,https://patentimages.storage.googleapis.com/4b/03/e1/e8724de2776152/US08209183-20120626-D00000.png
US-6282507-B1,Method and apparatus for interactive source language expression recognition and alternative hypothesis presentation and selection ,"Sony Corporation, Sony Electronics, Inc.","Keiko Horiguchi, Alexander M. Franz",1999-01-29,1999-01-29,2001-08-28,2001-08-28,https://patents.google.com/patent/US6282507B1/en,https://patentimages.storage.googleapis.com/9d/b5/3a/64b47cbc0ab2d0/US6282507-drawings-page-3.png
US-5382779-A,Shelf price label verification apparatus and method ,Digicomp Research Corporation,Om P. Gupta,1993-05-07,1993-05-07,1995-01-17,1995-01-17,https://patents.google.com/patent/US5382779A/en,https://patentimages.storage.googleapis.com/91/27/77/7db9d7f82745d1/US5382779-drawings-page-2.png
US-8583416-B2,Robust information extraction from utterances ,"Fluential, Llc","Jun Huang, Yookyung Kim, Youssef Billawala, Farzad Ehsani, Demitrios Master",2007-12-27,2007-12-27,2013-11-12,2013-11-12,https://patents.google.com/patent/US8583416B2/en,https://patentimages.storage.googleapis.com/82/0c/1c/35afa049059fe3/US08583416-20131112-D00000.png
US-4903305-A,Method for representing word models for use in speech recognition ,"Dragon Systems, Inc.","Laurence Gillick, Dean Sturtevant, Robert S. Roth, James K. Baker, Janet M. Baker",1986-05-12,1989-03-23,1990-02-20,1990-02-20,https://patents.google.com/patent/US4903305A/en,https://patentimages.storage.googleapis.com/d3/9f/70/b02bb4c97a3a28/US4903305-drawings-page-2.png
US-2002082077-A1,Interactive video game system with characters that evolve physical and cognitive traits ,"Johnson Douglas R., Fogel David B., Hays Timothy J., Lang Thomas P.","Douglas Johnson, David Fogel, Timothy Hays, Thomas Lang",2000-12-26,2000-12-26,2002-06-27,,https://patents.google.com/patent/US20020082077A1/en,https://patentimages.storage.googleapis.com/66/45/0c/be7955be498501/US20020082077A1-20020627-D00000.png
US-7269664-B2,Network portal system and methods ,"Sun Microsystems, Inc.","Matthias Hütsch, Ralf Hofmann, Kai Sommerfeld",2000-01-14,2001-01-12,2007-09-11,2007-09-11,https://patents.google.com/patent/US7269664B2/en,https://patentimages.storage.googleapis.com/0e/59/e1/8e6bb4a49893a3/US07269664-20070911-D00000.png
US-5841121-A,Hand-held optically readable character set reader having automatic focus control for operation over a range of distances ,Norand Technology Corporation,Steven E. Koenck,1988-08-31,1996-11-19,1998-11-24,1998-11-24,https://patents.google.com/patent/US5841121A/en,https://patentimages.storage.googleapis.com/0f/00/72/ff7f6ba4aa45a0/US5841121-drawings-page-2.png
US-2020153535-A1,Reinforcement learning based cognitive anti-jamming communications system and method ,Bluecom Systems and Consulting LLC,"Sudharman Jayaweera Kankanamge, Christos Christodoulou",2018-11-09,2018-11-09,2020-05-14,,https://patents.google.com/patent/US20200153535A1/en,https://patentimages.storage.googleapis.com/1c/99/55/ba108c2f5b5c12/US20200153535A1-20200514-D00000.png
US-7880730-B2,Keyboard system with automatic correction ,"Tegic Communications, Inc.","B. Alex Robinson, Michael R. Longe, David Jon Kay, Gordon Robert Waddell",1999-05-27,2007-09-11,2011-02-01,2011-02-01,https://patents.google.com/patent/US7880730B2/en,https://patentimages.storage.googleapis.com/24/8a/8a/4ca7278901148f/US07880730-20110201-D00000.png
US-5611000-A,Spline-based image registration ,Digital Equipment Corporation,"Richard S. Szeliski, James M. Coughlan",1994-02-22,1996-01-16,1997-03-11,1997-03-11,https://patents.google.com/patent/US5611000A/en,https://patentimages.storage.googleapis.com/8f/5a/a6/90bbe9c6e576c1/US5611000-drawings-page-2.png
US-2005165607-A1,System and method to disambiguate and clarify user intention in a spoken dialog system ,At&T Corp.,"Giuseppe Di Fabbrizio, Charles Lewis",2004-01-22,2004-01-22,2005-07-28,,https://patents.google.com/patent/US20050165607A1/en,https://patentimages.storage.googleapis.com/22/9a/cb/bf8f4616d21d5f/US20050165607A1-20050728-D00000.png
US-6108640-A,"System for calculating occasion dates and converting between different calendar systems, and intelligent agent for using same ",Slotznick; Benjamin,Benjamin Slotznick,1997-01-14,1998-01-13,2000-08-22,2000-08-22,https://patents.google.com/patent/US6108640A/en,https://patentimages.storage.googleapis.com/b8/02/65/10ef5501cf0969/US6108640-drawings-page-3.png
US-5987401-A,Language translation for real-time text-based conversations ,"Apple Computer, Inc.",John R. Trudeau,1995-12-08,1995-12-08,1999-11-16,1999-11-16,https://patents.google.com/patent/US5987401A/en,https://patentimages.storage.googleapis.com/7b/a4/99/766f98cb1657de/US5987401-drawings-page-2.png
US-4955379-A,Motion artefact rejection system for pulse oximeters ,National Research Development Corporation,Peter R. Hall,1987-08-14,1988-08-08,1990-09-11,1990-09-11,https://patents.google.com/patent/US4955379A/en,https://patentimages.storage.googleapis.com/cc/88/7c/3be24601ef7e7c/US4955379-drawings-page-2.png
US-7952464-B2,Configurable RFID tag with protocol and band selection ,Intermec Ip Corp.,"Pavel Nikitin, Venkata Kodukula, For Sander Lam",2006-10-05,2006-10-05,2011-05-31,2011-05-31,https://patents.google.com/patent/US7952464B2/en,https://patentimages.storage.googleapis.com/50/99/b7/abf514e20c21d8/US07952464-20110531-D00000.png
US-7734461-B2,Apparatus for providing voice dialogue service and method of operating the same ,"Samsung Electronics Co., Ltd","Byung Kwan Kwak, Jeong Mi Cho, In Ho Kang",2006-03-03,2006-08-28,2010-06-08,2010-06-08,https://patents.google.com/patent/US7734461B2/en,https://patentimages.storage.googleapis.com/4f/0a/60/0477edc603611c/US07734461-20100608-D00000.png
US-5679943-A,"Hand-held terminal with display screens, interactive screens, magnetic credit card readers, scanners, printers and handlers ",Norand Corporation,"Darald R. Schultz, Steven E. Koenck, Jon Rasmussen, John K. Rohde",1989-04-28,1995-06-07,1997-10-21,1997-10-21,https://patents.google.com/patent/US5679943A/en,https://patentimages.storage.googleapis.com/02/ae/91/8688b1fe67d47e/US5679943-drawings-page-2.png
US-7840400-B2,Dynamic natural language understanding ,"Intelligate, Ltd.","Ofer Lavi, Gadiel Auerbach, Eldad Persky",2001-03-13,2006-11-21,2010-11-23,2010-11-23,https://patents.google.com/patent/US7840400B2/en,https://patentimages.storage.googleapis.com/47/83/ed/02d6de6e020ee4/US07840400-20101123-D00000.png
US-5267155-A,Apparatus and method for computer-assisted document generation ,"Medical Documenting Systems, Inc.","Ken Buchanan, John A. Dowdle",1989-10-16,1992-03-06,1993-11-30,1993-11-30,https://patents.google.com/patent/US5267155A/en,https://patentimages.storage.googleapis.com/af/c3/eb/670cc22dd5fcc3/US5267155-drawings-page-2.png
US-2013111323-A1,Survey System ,PopSurvey LLC,"Siamak Taghaddos, Joshua G. Pigford",2011-10-31,2012-10-30,2013-05-02,,https://patents.google.com/patent/US20130111323A1/en,https://patentimages.storage.googleapis.com/c4/8a/c7/0e5945c4bb749e/US20130111323A1-20130502-D00000.png
US-6769607-B1,Point of sale and display adapter for electronic transaction device ,"Satyan G. Pitroda, Merul Patel","Satyan G. Pitroda, Merul Patel",1999-11-15,2000-06-06,2004-08-03,2004-08-03,https://patents.google.com/patent/US6769607B1/en,https://patentimages.storage.googleapis.com/3d/90/3e/e56cc189e37c1a/US06769607-20040803-D00000.png
US-5890177-A,Method and apparatus for consolidating edits made by multiple editors working on multiple document copies ,International Business Machines Corporation,"Paul B. Moody, David A. Shrum",1996-04-24,1996-04-24,1999-03-30,1999-03-30,https://patents.google.com/patent/US5890177A/en,https://patentimages.storage.googleapis.com/59/7d/fc/da56d0b4cf3d25/US5890177-drawings-page-2.png
US-4460120-A,"Narrow bodied, single- and twin-windowed portable laser scanning head for reading bar code symbols ","Symbol Technologies, Inc.","Howard M Shepard, Edward D. Barkan, Jerome Swartz",1982-01-25,1983-08-01,1984-07-17,1984-07-17,https://patents.google.com/patent/US4460120A/en,https://patentimages.storage.googleapis.com/10/ec/b4/89219fbfb0ca12/US4460120-drawings-page-2.png
US-7508324-B2,Finger activated reduced keyboard and a method for performing text input ,Daniel Suraqui,Daniel Suraqui,2004-08-06,2005-03-22,2009-03-24,2009-03-24,https://patents.google.com/patent/US7508324B2/en,https://patentimages.storage.googleapis.com/ec/cd/bd/55be8490e08cc9/US07508324-20090324-D00000.png
US-6212494-B1,"Method for extracting knowledge from online documentation and creating a glossary, index, help database or the like ","Apple Computer, Inc.",Branimir K. Boguraev,1994-09-28,1998-07-20,2001-04-03,2001-04-03,https://patents.google.com/patent/US6212494B1/en,https://patentimages.storage.googleapis.com/0b/b6/50/dfa28517f668f9/US6212494-drawings-page-2.png
US-5884246-A,System and method for transparent translation of electronically transmitted messages ,Transgate Intellectual Properties Ltd.,"Guillaume Boucher, Joel Gaillard, Charles Villeneuve",1996-12-04,1996-12-04,1999-03-16,1999-03-16,https://patents.google.com/patent/US5884246A/en,https://patentimages.storage.googleapis.com/e0/b8/b9/eb3b72a417f44c/US5884246-drawings-page-2.png
US-6230171-B1,Markup system for shared HTML documents ,International Business Machines Corporation,"Giovanni Pacifici, Alaa Youssef",1998-08-29,1998-08-29,2001-05-08,2001-05-08,https://patents.google.com/patent/US6230171B1/en,https://patentimages.storage.googleapis.com/98/03/ed/d00732d9b7e1df/US6230171-drawings-page-3.png
US-5932862-A,Optical reader having improved scanning-decoding features ,"Welch Allyn, Inc.","Robert M. Hussey, Andrew Longacre, Jr., Michael A. Ehrhart, Thomas J. Koziol",1994-03-04,1996-09-03,1999-08-03,1999-08-03,https://patents.google.com/patent/US5932862A/en,https://patentimages.storage.googleapis.com/3f/eb/ec/4bc988245442c6/US5932862-drawings-page-2.png
US-5933328-A,Compact mechanism for removable insertion of multiple integrated circuit cards into portable and other electronic devices ,Sandisk Corporation,"Robert F. Wallace, Eliyahou Harari",1998-07-28,1998-07-28,1999-08-03,1999-08-03,https://patents.google.com/patent/US5933328A/en,https://patentimages.storage.googleapis.com/73/75/66/30d3ff23a9259f/US5933328-drawings-page-2.png
US-7152045-B2,Tokenless identification system for authorization of electronic transactions and electronic transmissions ,Indivos Corporation,Ned Hoffman,1994-11-28,2002-09-10,2006-12-19,2006-12-19,https://patents.google.com/patent/US7152045B2/en,https://patentimages.storage.googleapis.com/20/12/16/1fc6638f362c17/US07152045-20061219-D00000.png
US-2004215750-A1,Configuration program for a security system ,Stilp Louis A.,louis Stilp,2003-04-28,2004-04-09,2004-10-28,,https://patents.google.com/patent/US20040215750A1/en,https://patentimages.storage.googleapis.com/07/54/1a/d1998dfd9134bd/US20040215750A1-20041028-D00000.png
US-6873256-B2,Intelligent building alarm ,Dorothy Lemelson,"Robert D. Pedersen, Jerome H. Lemelson",2002-06-21,2002-06-21,2005-03-29,2005-03-29,https://patents.google.com/patent/US6873256B2/en,https://patentimages.storage.googleapis.com/66/60/fa/8ed3389e5c9108/US06873256-20050329-D00000.png
US-4815029-A,In-line dynamic editor for mixed object documents ,International Business Machines Corp.,"Barbara A. Barker, Irene H. Hernandez, Beverly H. Machart",1985-09-23,1985-09-23,1989-03-21,1989-03-21,https://patents.google.com/patent/US4815029A/en,https://patentimages.storage.googleapis.com/ca/9a/ce/76721ddef8559b/US4815029-drawings-page-2.png
US-6931269-B2,Multi-domain motion estimation and plethysmographic recognition using fuzzy neural-nets ,"Datex-Ohmeda, Inc.",Alvin Mark Terry,2003-08-27,2004-08-27,2005-08-16,2005-08-16,https://patents.google.com/patent/US6931269B2/en,https://patentimages.storage.googleapis.com/5a/51/3a/9013a6df9e9db5/US06931269-20050816-D00000.png
US-2015310862-A1,Deep learning for semantic parsing including semantic utterance classification ,Microsoft Corporation,"Yann Nicolas Dauphin, Dilek Z. Hakkani-Tur, Gokhan Tur, Larry Paul Heck",2014-04-24,2014-04-24,2015-10-29,,https://patents.google.com/patent/US20150310862A1/en,https://patentimages.storage.googleapis.com/66/c8/05/912acb36ec7f7f/US20150310862A1-20151029-D00000.png
US-6346952-B1,Method and apparatus for summarizing previous threads in a communication-center chat session ,"Genesys Telecommunications Laboratories, Inc.",Yuri Shtivelman,1999-12-01,2000-04-18,2002-02-12,2002-02-12,https://patents.google.com/patent/US6346952B1/en,https://patentimages.storage.googleapis.com/34/5b/43/3701a5e7d12483/US06346952-20020212-D00000.png
US-5842194-A,Method of recognizing images of faces or general images using fuzzy combination of multiple resolutions ,"Mitsubishi Denki Kabushiki Kaisha, Real World Computing Partnership",Thomas D. Arbuckle,1995-07-28,1995-07-28,1998-11-24,1998-11-24,https://patents.google.com/patent/US5842194A/en,https://patentimages.storage.googleapis.com/f3/e8/b9/6c401bdefe4872/US5842194-drawings-page-3.png
US-10917797-B2,Method and system for detecting and resolving anomalies in a wireless network ,Spectrum Effect Inc.,"Rekha Menon, David James Ryan",2018-08-17,2018-08-17,2021-02-09,2021-02-09,https://patents.google.com/patent/US10917797B2/en,https://patentimages.storage.googleapis.com/49/00/9b/cf352586221e91/US10917797-20210209-D00000.png
US-5410646-A,"System and method for creating, processing, and storing forms electronically ","Park City Group, Inc.","Barrie R. Tondevold, Keith M. Vreeken",1991-01-31,1994-02-23,1995-04-25,1995-04-25,https://patents.google.com/patent/US5410646A/en,https://patentimages.storage.googleapis.com/eb/7d/ae/004c8ae602869c/US5410646-drawings-page-2.png
US-4837568-A,Remote access personnel identification and tracking system ,Snaper Alvin A,Alvin A. Snaper,1987-07-08,1987-07-08,1989-06-06,1989-06-06,https://patents.google.com/patent/US4837568A/en,https://patentimages.storage.googleapis.com/eb/5e/22/8a92afbd0d7b74/US4837568-drawings-page-2.png
US-5784102-A,Optical reader having improved interactive image sensing and control circuitry ,"Welch Allyn, Inc.","Rob Hussey, William H. Havens, Robert J. Wood, Sr.",1995-05-15,1997-02-27,1998-07-21,1998-07-21,https://patents.google.com/patent/US5784102A/en,https://patentimages.storage.googleapis.com/8e/28/6d/4578b171088f57/US5784102-drawings-page-2.png
US-5596992-A,Multivariate classification of infrared spectra of cell and tissue samples ,Sandia Corporation,"David M. Haaland, Howland D. T. Jones, Edward V. Thomas",1993-06-30,1993-06-30,1997-01-28,1997-01-28,https://patents.google.com/patent/US5596992A/en,https://patentimages.storage.googleapis.com/cc/b7/3b/0b9524e22c5f28/US5596992-drawings-page-3.png
US-6497368-B1,Portable data collection ,Intermec Ip Corp.,"Steven D. Friend, Kurt Kordes, Dennis Silva",1998-01-22,1999-01-19,2002-12-24,2002-12-24,https://patents.google.com/patent/US6497368B1/en,https://patentimages.storage.googleapis.com/ad/7e/98/aadb7c8acb6376/US6497368-drawings-page-2.png
US-5333275-A,System and method for time aligning speech ,"Wheatley Barbara J, Hemphill Charles T, Fisher Thomas D, Doddington George R","Barbara J. Wheatley, Charles T. Hemphill, Thomas D. Fisher, George R. Doddington",1992-06-23,1992-06-23,1994-07-26,1994-07-26,https://patents.google.com/patent/US5333275A/en,https://patentimages.storage.googleapis.com/ed/47/c5/136c792a39aba2/US5333275-drawings-page-2.png
US-7069560-B1,Highly scalable software-based architecture for communication and cooperation among distributed electronic agents ,Sri International,"Adam J. Cheyer, David L. Martin",1999-01-05,1999-03-17,2006-06-27,2006-06-27,https://patents.google.com/patent/US7069560B1/en,https://patentimages.storage.googleapis.com/04/49/42/3ff11d0347a1f0/US7069560-drawings-page-3.png
US-2008249667-A1,Learning and reasoning to enhance energy efficiency in transportation systems ,Microsoft Corporation,"Eric J. Horvitz, John C. Krumm",2007-04-09,2007-04-10,2008-10-09,,https://patents.google.com/patent/US20080249667A1/en,https://patentimages.storage.googleapis.com/ae/68/02/1b919d5d6e8c43/US20080249667A1-20081009-D00000.png
US-2006259524-A1,"Systems and methods for document project management, conversion, and filing ",Horton D T,D. Horton,2003-03-17,2006-07-14,2006-11-16,,https://patents.google.com/patent/US20060259524A1/en,https://patentimages.storage.googleapis.com/5c/ba/ff/8a795f1646c4b3/US20060259524A1-20061116-D00000.png
US-5829782-A,Vehicle interior identification and monitoring system ,"Automotive Technologies International, Inc.","David S. Breed, Wendell C. Johnson, Wilbur E. DuVall",1993-03-31,1996-04-30,1998-11-03,1998-11-03,https://patents.google.com/patent/US5829782A/en,https://patentimages.storage.googleapis.com/e0/69/2a/374944ac2b2073/US5829782-drawings-page-2.png
US-7904487-B2,Translating data access requests ,Oracle International Corporation,Sanjay P. Ghatare,2003-10-09,2003-10-09,2011-03-08,2011-03-08,https://patents.google.com/patent/US7904487B2/en,https://patentimages.storage.googleapis.com/7c/ff/5d/b6c1f82513086e/US07904487-20110308-D00000.png
US-2011238407-A1,Systems and methods for speech-to-speech translation ,"O3 Technologies, Llc",Justin R. Kent,2009-08-31,2011-06-02,2011-09-29,,https://patents.google.com/patent/US20110238407A1/en,https://patentimages.storage.googleapis.com/89/63/82/68b503b436b14b/US20110238407A1-20110929-D00000.png
US-5786586-A,Hand-held optical reader having a detachable lens-guide assembly ,"Welch Allyn, Inc.","John M. Pidhirny, Richard A. Monroe, Michael J. Pileski, Robert J. Wood",1995-01-17,1996-10-28,1998-07-28,1998-07-28,https://patents.google.com/patent/US5786586A/en,https://patentimages.storage.googleapis.com/e8/3a/d1/7ffb3361a5cea7/US5786586-drawings-page-2.png
US-2004030571-A1,"System, method and apparatus for automated collective mobile robotic vehicles used in remote sensing surveillance ",Neal Solomon,Neal Solomon,2002-04-22,2003-04-22,2004-02-12,,https://patents.google.com/patent/US20040030571A1/en,https://patentimages.storage.googleapis.com/f1/37/01/22d35d28dc2a82/US20040030571A1-20040212-D00000.png
US-8660970-B1,Passive learning and autonomously interactive system for leveraging user knowledge in networked environments ,The Boeing Company,Jeff A. Fiedorowicz,2009-04-23,2009-04-23,2014-02-25,2014-02-25,https://patents.google.com/patent/US8660970B1/en,https://patentimages.storage.googleapis.com/37/6d/12/0ef345dfd55ca9/US08660970-20140225-D00000.png
US-5159667-A,Document identification by characteristics matching ,"Borrey Roland G, Borrey Daniel G","Roland G. Borrey, Daniel G. Borrey",1989-05-31,1989-05-31,1992-10-27,1992-10-27,https://patents.google.com/patent/US5159667A/en,https://patentimages.storage.googleapis.com/e9/ea/ef/a4921189860608/US5159667-drawings-page-2.png
US-6278967-B1,"Automated system for generating natural language translations that are domain-specific, grammar rule-based, and/or based on part-of-speech analysis ",Logovista Corporation,"Glenn A. Akers, Susumu Kuno",1992-08-31,1996-04-23,2001-08-21,2001-08-21,https://patents.google.com/patent/US6278967B1/en,https://patentimages.storage.googleapis.com/a5/30/bc/0d864f66d7af2a/US6278967-drawings-page-3.png
US-5682539-A,Anticipated meaning natural language interface ,"Conrad; Donovan, Cosby; Charles","Donovan Conrad, Charles Cosby",1994-09-29,1994-09-29,1997-10-28,1997-10-28,https://patents.google.com/patent/US5682539A/en,https://patentimages.storage.googleapis.com/3d/7a/e0/6fc08e6d89528b/US5682539-drawings-page-2.png
US-6045047-A,Two-dimensional part reader having a focussing guide ,"Welch Allyn Data Collection, Inc.","John M. Pidhirny, Richard A. Monroe, Michael J. Pileski, Robert J. Wood",1995-01-17,1998-06-19,2000-04-04,2000-04-04,https://patents.google.com/patent/US6045047A/en,https://patentimages.storage.googleapis.com/41/de/65/f53b7a26459f6f/US6045047-drawings-page-2.png
US-7636742-B1,Automated data retrieval ,Intuit Inc.,"Jorge Olavarrieta, Janice C. Moorman, Mark A. Johnson, Matt E. Hart",2004-04-01,2004-11-04,2009-12-22,2009-12-22,https://patents.google.com/patent/US7636742B1/en,https://patentimages.storage.googleapis.com/ec/fc/ab/39d8f534af512d/US07636742-20091222-D00000.png
US-2016335531-A1,"Dynamic security codes, tokens, displays, cards, devices, multi-card devices, systems and methods ",Dynamics Inc.,"Jeffrey D. Mullen, Andrew Veter, Jason Dyro",2015-05-12,2016-05-12,2016-11-17,,https://patents.google.com/patent/US20160335531A1/en,https://patentimages.storage.googleapis.com/1a/9f/da/87501e3d3e0944/US20160335531A1-20161117-D00000.png
US-5740366-A,Communication network having a plurality of bridging nodes which transmit a beacon to terminal nodes in power saving state that it has messages awaiting delivery ,Norand Corporation,"Ronald L. Mahany, Robert C. Meier, Ronald E. Luse",1991-10-01,1995-02-28,1998-04-14,1998-04-14,https://patents.google.com/patent/US5740366A/en,https://patentimages.storage.googleapis.com/7a/90/22/0d3b2778d025a9/US5740366-drawings-page-2.png
US-2018268292-A1,Learning efficient object detection models with knowledge distillation ,"Nec Laboratories America, Inc.","Wongun Choi, Manmohan Chandraker, Guobin Chen, Xiang Yu",2017-03-17,2018-03-01,2018-09-20,,https://patents.google.com/patent/US20180268292A1/en,https://patentimages.storage.googleapis.com/a7/75/3b/b8bae5472fa395/US20180268292A1-20180920-D00000.png
US-7886233-B2,Electronic text input involving word completion functionality for predicting word candidates for partial word inputs ,Nokia Corporation,"Roope Rainisto, John Hard",2005-05-23,2005-10-21,2011-02-08,2011-02-08,https://patents.google.com/patent/US7886233B2/en,https://patentimages.storage.googleapis.com/19/ff/a6/78cbd56d737195/US07886233-20110208-D00000.png
US-5781704-C1,Expert system method of performing crime site analysis ,Environmental Criminology Res,Darcy Kim Rossmo,1996-10-11,1996-10-11,2002-07-16,2002-07-16,https://patents.google.com/patent/US5781704C1/en,https://patentimages.storage.googleapis.com/10/06/e5/75c007def2b794/US5781704-drawings-page-2.png
US-5929418-A,Optical reader having improved menuing features ,"Welch Allyn, Inc.","Michael A. Ehrhart, Thomas J. Koziol, Andrew Longacre, Jr., Robert M. Hussey",1994-03-04,1996-09-03,1999-07-27,1999-07-27,https://patents.google.com/patent/US5929418A/en,https://patentimages.storage.googleapis.com/a9/6d/dc/e77a2580d9698f/US5929418-drawings-page-23.png
US-5369577-A,Text searching system ,"Wang Laboratories, Inc.","A. Julie Kadashevich, Mary F. Harvey, Cheryl Clark",1991-02-01,1991-02-01,1994-11-29,1994-11-29,https://patents.google.com/patent/US5369577A/en,https://patentimages.storage.googleapis.com/34/3e/68/9c5daadc1a12ae/US5369577-drawings-page-2.png
US-5978578-A,Openbus system for control automation networks ,"Azarya; Arnon, Azarya; Yitzhak","Arnon Azarya, Yitzhak Azarya",1997-01-30,1997-01-30,1999-11-02,1999-11-02,https://patents.google.com/patent/US5978578A/en,https://patentimages.storage.googleapis.com/bd/7f/e8/39cff6264e217d/US5978578-drawings-page-2.png
US-6278899-B1,Method for on-line optimization of a plant ,"Pavilion Technologies, Inc.","Stephen Piche, John P. Havener, Donald Semrad",1996-05-06,1998-10-06,2001-08-21,2001-08-21,https://patents.google.com/patent/US6278899B1/en,https://patentimages.storage.googleapis.com/2a/60/43/8e443da613ba2a/US6278899-drawings-page-3.png
US-6539422-B1,Automatic data collection device having a network communications capability ,Intermec Ip Corp.,"Jeffrey M. Hunt, Jon R. Ramberg, Paul D. Shoeman, James T. Katsandres",1998-05-04,1999-05-03,2003-03-25,2003-03-25,https://patents.google.com/patent/US6539422B1/en,https://patentimages.storage.googleapis.com/b2/cd/a3/9c89bc4e80ee07/US6539422-drawings-page-3.png
US-6598039-B1,Natural language interface for searching database ,Albert-Inc. S.A.,Jean-Michel Livowsky,1999-06-08,1999-06-08,2003-07-22,2003-07-22,https://patents.google.com/patent/US6598039B1/en,https://patentimages.storage.googleapis.com/4a/da/c0/6cbc05770de966/US6598039-drawings-page-3.png
US-2012220835-A1,Wireless physiological sensor system and method ,Wayne Chung,Wayne Chung,2011-02-14,2012-02-12,2012-08-30,,https://patents.google.com/patent/US20120220835A1/en,https://patentimages.storage.googleapis.com/05/64/9d/cadb7170a292c7/US20120220835A1-20120830-D00000.png
US-6285778-B1,Vehicle surroundings monitor with obstacle avoidance lighting ,Yazaki Corporation,"Masato Nakajima, Junichi Yamaguchi, Hiroya Akita, Yoshihiro Tsuji, Kazuyuki Sasaki, Naoto Ishikawa",1991-09-19,1995-06-06,2001-09-04,2001-09-04,https://patents.google.com/patent/US6285778B1/en,https://patentimages.storage.googleapis.com/f5/0b/3e/723e3612ffe671/US6285778-drawings-page-2.png
AU-2020103905-A4,Unsupervised cross-domain self-adaptive medical image segmentation method based on deep adversarial learning ,Chongqing Normal University,"Shaoguo Cui, Yan Wei",2020-12-04,2020-12-04,2021-02-11,2021-02-11,https://patents.google.com/patent/AU2020103905A4/en,
US-2002042707-A1,Grammar-packaged parsing ,"Gang Zhao, Luc Van Tichelen","Gang Zhao, Luc Van Tichelen",2000-06-19,2001-06-18,2002-04-11,,https://patents.google.com/patent/US20020042707A1/en,https://patentimages.storage.googleapis.com/c9/bb/56/240181e7a17a84/US20020042707A1-20020411-D00000.png
US-5291008-A,Optical assembly and apparatus employing same using an aspherical lens and an aperture stop ,"Welch Allyn, Inc.","William H. Havens, Harry R. McKinley, Charles M. Hammond, Jr., Joseph J. Morabito, Jeffrey B. Powers",1992-01-10,1992-01-10,1994-03-01,1994-03-01,https://patents.google.com/patent/US5291008A/en,https://patentimages.storage.googleapis.com/ae/e1/9f/7d4f2bc1b40fb7/US5291008-drawings-page-2.png
US-5774841-A,Real-time reconfigurable adaptive speech recognition command and control apparatus and method ,The United States Of America As Represented By The Adminstrator Of The National Aeronautics And Space Administration,"George A. Salazar, Dena S. Haynes, Marc J. Sommers",1995-09-20,1995-09-20,1998-06-30,1998-06-30,https://patents.google.com/patent/US5774841A/en,https://patentimages.storage.googleapis.com/0d/a2/19/db1f09a658bdfb/US5774841-drawings-page-2.png
US-8005664-B2,"System, method to generate transliteration and method for generating decision tree to obtain transliteration ",Tachyon Technologies Pvt. Ltd.,Ram Prakash Hanumanthappa,2007-04-30,2007-06-18,2011-08-23,2011-08-23,https://patents.google.com/patent/US8005664B2/en,https://patentimages.storage.googleapis.com/7b/ec/87/7f26a48833953e/US08005664-20110823-D00000.png
US-7035467-B2,Method and system for processing images for themed imaging services ,Eastman Kodak Company,Henry Nicponski,2002-01-09,2002-01-09,2006-04-25,2006-04-25,https://patents.google.com/patent/US7035467B2/en,https://patentimages.storage.googleapis.com/a1/e7/dd/0d840d9c7976b9/US07035467-20060425-D00000.png
US-7676365-B2,Method and apparatus for constructing and using syllable-like unit language models ,Microsoft Corporation,"Mei-Yuh Hwang, Fileno A. Alleva, Rebecca C. Weiss",2000-12-26,2005-04-20,2010-03-09,2010-03-09,https://patents.google.com/patent/US7676365B2/en,https://patentimages.storage.googleapis.com/96/9c/d3/09891d6061253c/US07676365-20100309-D00000.png
US-5367621-A,Data processing method to provide a generalized link from a reference point in an on-line book to an arbitrary multimedia object which can be dynamically updated ,International Business Machines Corporation,"Amy S. C. Cohen, Christopher F. Gleason, Donald R. Hyatt, Michael E. Moran, Jeffrey N. Stevens, Alan J. Wecker",1991-09-06,1991-09-06,1994-11-22,1994-11-22,https://patents.google.com/patent/US5367621A/en,https://patentimages.storage.googleapis.com/05/e2/ac/ebd5542e98ee1c/US5367621-drawings-page-3.png
US-4071740-A,Mobile automated shopping system ,Paul Gogulski,Paul Gogulski,1976-05-26,1976-05-26,1978-01-31,1978-01-31,https://patents.google.com/patent/US4071740A/en,https://patentimages.storage.googleapis.com/22/26/4b/b985e24947f2c6/US4071740-drawings-page-2.png
US-6008727-A,Selectively enabled electronic tags ,Xerox Corporation,"Roy Want, Kenneth P. Fishkin, Anuj Uday Gujar, Beverly L. Harrison, Wesley R. Irish",1998-09-10,1998-09-10,1999-12-28,1999-12-28,https://patents.google.com/patent/US6008727A/en,https://patentimages.storage.googleapis.com/e0/86/ed/2fb6488c0957d5/US6008727-drawings-page-2.png
US-8219438-B1,Method and system for measuring shopper response to products based on behavior and facial expression ,Videomining Corporation,"Hankyu Moon, Rajeev Sharma, Namsoon Jung",2008-06-30,2008-06-30,2012-07-10,2012-07-10,https://patents.google.com/patent/US8219438B1/en,https://patentimages.storage.googleapis.com/c6/d8/5e/2ecb1f496260bc/US08219438-20120710-D00000.png
US-6084585-A,System for directly accessing fields on electronic forms ,International Business Machines Corp.,"Reiner Kraft, Qi Lu, Ron Yair Pinter",1998-07-29,1998-07-29,2000-07-04,2000-07-04,https://patents.google.com/patent/US6084585A/en,https://patentimages.storage.googleapis.com/ef/cb/7d/fad4d32aa8d963/US6084585-drawings-page-2.png
US-6697825-B1,Method and apparatus for generating and modifying multiple instances of element of a web site ,Decentrix Inc.,"John Underwood, Paul Neilson, Hanson Char, David Shing, Peter Horner, Mark Underwood, Darren Slaney, Gary Evesson",1999-11-05,2000-08-30,2004-02-24,2004-02-24,https://patents.google.com/patent/US6697825B1/en,https://patentimages.storage.googleapis.com/7b/37/35/b65436a2174701/US06697825-20040224-D00000.png
US-2002050518-A1,Sensor array ,Roustaei Alexander R.,Alexander Roustaei,1997-12-08,2001-02-02,2002-05-02,,https://patents.google.com/patent/US20020050518A1/en,https://patentimages.storage.googleapis.com/7c/e4/c5/fc23d5f3a4f6b3/US20020050518A1-20020502-D00000.png
US-8321786-B2,Routine and interface for correcting electronic text ,Apple Inc.,Stephane Lunati,2004-06-17,2004-06-17,2012-11-27,2012-11-27,https://patents.google.com/patent/US8321786B2/en,https://patentimages.storage.googleapis.com/16/0a/3f/a9203dee5a0574/US08321786-20121127-D00000.png
US-8595004-B2,"Pronunciation variation rule extraction apparatus, pronunciation variation rule extraction method, and pronunciation variation rule extraction program ",Nec Corporation,Takafumi Koshinaka,2007-12-18,2008-11-27,2013-11-26,2013-11-26,https://patents.google.com/patent/US8595004B2/en,https://patentimages.storage.googleapis.com/7a/32/ac/34188b2844538c/US08595004-20131126-D00000.png
US-4661913-A,Apparatus and method for the detection and classification of articles using flow cytometry techniques ,"Becton, Dickinson And Company","Hai-Ping Wu, Burton H. Sage, Jr., Robert F. Adrion",1984-09-11,1984-09-11,1987-04-28,1987-04-28,https://patents.google.com/patent/US4661913A/en,https://patentimages.storage.googleapis.com/67/cf/36/8c51c04a577a27/US4661913-drawings-page-2.png
US-4960126-A,ECG synchronized pulse oximeter ,"Criticare Systems, Inc.","Brendan Conlon, James A. Devine, James A. Dittmar",1988-01-15,1988-10-14,1990-10-02,1990-10-02,https://patents.google.com/patent/US4960126A/en,https://patentimages.storage.googleapis.com/44/e7/03/fbb5b5d5cf262e/US4960126-drawings-page-2.png
US-6169955-B1,Communication and navigation system incorporating position determination ,Trimble Navigation Limited,Robert B. Fultz,1997-04-16,1999-10-14,2001-01-02,2001-01-02,https://patents.google.com/patent/US6169955B1/en,https://patentimages.storage.googleapis.com/1d/5d/66/e213825fb55f88/US6169955-drawings-page-2.png
US-5347446-A,Model predictive control apparatus ,Kabushiki Kaisha Toshiba,"Yutaka Iino, Junko Ohya",1991-02-08,1992-02-10,1994-09-13,1994-09-13,https://patents.google.com/patent/US5347446A/en,https://patentimages.storage.googleapis.com/03/ea/e2/51d04ffc988850/US5347446-drawings-page-2.png
US-5305205-A,Computer-assisted transcription apparatus ,"Weber Maria L, Joseph Weber","Maria L. Weber, Joseph Weber",1990-10-23,1990-10-23,1994-04-19,1994-04-19,https://patents.google.com/patent/US5305205A/en,https://patentimages.storage.googleapis.com/50/ae/ca/fac0539d0455ce/US5305205-drawings-page-2.png
US-9916538-B2,Method and system for feature detection ,"Z Advanced Computing, Inc.","Lotfi A. Zadeh, Saied Tadayon, Bijan Tadayon",2012-09-15,2014-03-18,2018-03-13,2018-03-13,https://patents.google.com/patent/US9916538B2/en,https://patentimages.storage.googleapis.com/3a/64/7a/01dad613babbfd/US09916538-20180313-D00000.png
US-5960447-A,Word tagging and editing system for speech recognition ,"Holt; Douglas, Davis; Michael K, Miglietta; Joseph H","Douglas Holt, Michael K Davis, Joseph H Miglietta",1995-11-13,1995-11-13,1999-09-28,1999-09-28,https://patents.google.com/patent/US5960447A/en,https://patentimages.storage.googleapis.com/a1/67/6a/859b2205a278e7/US5960447-drawings-page-2.png
US-8886540-B2,Using speech recognition results based on an unstructured language model in a mobile communication facility application ,Vlingo Corporation,"Joseph P. Cerra, John N. Nguyen, Michael S. Phillips, Han Shu, Alexandra Beth Mischke",2007-03-07,2008-08-01,2014-11-11,2014-11-11,https://patents.google.com/patent/US8886540B2/en,https://patentimages.storage.googleapis.com/9a/98/7d/a66481dcf0b29d/US08886540-20141111-D00000.png
US-8521513-B2,Localization for interactive voice response systems ,Microsoft Corporation,"Thomas W. Millett, David Notario",2010-03-12,2010-03-12,2013-08-27,2013-08-27,https://patents.google.com/patent/US8521513B2/en,https://patentimages.storage.googleapis.com/52/63/b1/3ce90ebeacea3f/US08521513-20130827-D00000.png
US-7316003-B1,System and method for developing a dynamic web page ,Oracle International Corp.,"Sanjay Dulepet, Stephen Tom, Srinivasan T. Raman, Predrag Petkovic",2002-12-18,2002-12-18,2008-01-01,2008-01-01,https://patents.google.com/patent/US7316003B1/en,https://patentimages.storage.googleapis.com/fd/3a/9b/cdadbe93e0f978/US07316003-20080101-D00000.png
US-6778970-B2,Topological methods to organize semantic network data flows for conversational applications ,Lawrence Au,Lawrence Au,1998-05-28,1998-05-28,2004-08-17,2004-08-17,https://patents.google.com/patent/US6778970B2/en,https://patentimages.storage.googleapis.com/0c/f5/97/972f97bf10b641/US6778970-drawings-page-3.png
US-6263352-B1,Automated web site creation using template driven generation of active server page applications ,Microsoft Corporation,Michael A. Cohen,1997-11-14,1997-11-14,2001-07-17,2001-07-17,https://patents.google.com/patent/US6263352B1/en,https://patentimages.storage.googleapis.com/98/58/db/6902f10b7737ae/US6263352-drawings-page-2.png
WO-2021007812-A1,"Deep neural network hyperparameter optimization method, electronic device and storage medium ",深圳大学,"骆剑平, 陈亮",2019-07-17,2019-07-17,2021-01-21,,https://patents.google.com/patent/WO2021007812A1/en,https://patentimages.storage.googleapis.com/9e/d3/07/3e74683b4ecadf/PCTCN2019096379-appb-300001.png
US-6691281-B1,Publishing/republishing data tables in HTML documents while maintaining formatting and functionality for restoring back the data tables ,Microsoft Corporation,"Terri L. Sorge, May May Quan, Kent R. Lowry, Russell S. Johnson, John L. Dauphiny",1999-06-15,1999-06-15,2004-02-10,2004-02-10,https://patents.google.com/patent/US6691281B1/en,https://patentimages.storage.googleapis.com/11/07/25/5dbd0a9ef43f1c/US6691281-drawings-page-2.png
US-6371374-B1,Adjustable illumination system for a barcode scanner ,"Welch Allyn Data Collection, Inc.","Eric D. Schwartz, Edward B. Hubben, Brian L. Jovanovski, Vivian L. Hunter, Melvin D. McCall, Gerard F. Beckhusen",1998-07-08,2000-11-01,2002-04-16,2002-04-16,https://patents.google.com/patent/US6371374B1/en,https://patentimages.storage.googleapis.com/ce/70/0f/76a0e499e9926d/US06371374-20020416-D00000.png
US-2014163951-A1,Hybrid adaptation of named entity recognition ,Xerox Corporation,"Vassilina Nikoulina, Agnes Sandor",2012-12-07,2012-12-07,2014-06-12,,https://patents.google.com/patent/US20140163951A1/en,https://patentimages.storage.googleapis.com/61/e3/4c/e4218d4aee38e3/US20140163951A1-20140612-D00000.png
US-6654740-B2,Probabilistic information retrieval based on differential latent semantic space ,"Sunflare Co., Ltd.","Naoyuki Tokuda, Liang Chen, Hiroyuki Sasai",2001-05-08,2001-05-08,2003-11-25,2003-11-25,https://patents.google.com/patent/US6654740B2/en,https://patentimages.storage.googleapis.com/e8/15/24/32a07e89da6d5d/US06654740-20031125-D00000.png
US-6263334-B1,Density-based indexing method for efficient execution of high dimensional nearest-neighbor queries on large databases ,Microsoft Corporation,"Usama Fayyad, Kristin P. Bennett, Dan Geiger",1998-11-11,1998-11-11,2001-07-17,2001-07-17,https://patents.google.com/patent/US6263334B1/en,https://patentimages.storage.googleapis.com/09/63/40/d95bfd2a592f1a/US6263334-drawings-page-3.png
US-2009210081-A1,"System and method for dynamic multi-objective optimization of machine selection, integration and utilization ","Rockwell Automation Technologies, Inc.","Angel Sustaeta, Ka-Hing Lin, Ric Snyder, John Christopher Theron, Mark Funderburk, Michael Eugene Sugars, Frederick M. Discenzo, John J. Baier",2001-08-10,2008-09-30,2009-08-20,,https://patents.google.com/patent/US20090210081A1/en,https://patentimages.storage.googleapis.com/8d/09/21/0be098127fd190/US20090210081A1-20090820-D00000.png
US-8255217-B2,Systems and methods for creating and using geo-centric language models ,"At&T Intellectual Property I, Lp","Amanda Stent, Diamantino Caseiro, Ilija Zeljkovic, Jay Wilpon",2009-10-16,2009-10-16,2012-08-28,2012-08-28,https://patents.google.com/patent/US8255217B2/en,https://patentimages.storage.googleapis.com/d4/b6/26/52491624c98d9f/US08255217-20120828-D00000.png
US-5000189-A,Method and system for monitoring electrocardiographic signals and detecting a pathological cardiac arrhythmia such as ventricular tachycardia ,Regents Of The University Of Michigan,"Robert D. Throne, Janice M. Jenkins, Lorenzo A. DiCarlo",1989-11-15,1989-11-15,1991-03-19,1991-03-19,https://patents.google.com/patent/US5000189A/en,https://patentimages.storage.googleapis.com/eb/83/b8/cb38d0be183054/US5000189-drawings-page-2.png
US-5371807-A,Method and apparatus for text classification ,Digital Equipment Corporation,"Michael S. Register, Narasimhan Kannan",1992-03-20,1992-03-20,1994-12-06,1994-12-06,https://patents.google.com/patent/US5371807A/en,https://patentimages.storage.googleapis.com/dd/b9/28/36fa49cd392519/US5371807-drawings-page-2.png
US-8275621-B2,Determining text to speech pronunciation based on an utterance from a user ,"Nuance Communications, Inc.","Neal J. Alewine, Eric William Janke, Paul Sharp, Robert Sicconi",2008-03-31,2011-05-18,2012-09-25,2012-09-25,https://patents.google.com/patent/US8275621B2/en,https://patentimages.storage.googleapis.com/db/f1/dc/581a9991d70f23/US08275621-20120925-D00000.png
US-6624752-B2,Object detection system ,Bluetags A/S,"Niels Christian Klitsgaard, Carlos Østby, Peter Lund, Bo Christiansen",1999-11-15,2001-08-08,2003-09-23,2003-09-23,https://patents.google.com/patent/US6624752B2/en,https://patentimages.storage.googleapis.com/bf/a0/fb/60b5f2410ec5ae/US06624752-20030923-D00000.png
US-6208964-B1,Method and apparatus for providing unsupervised adaptation of transcriptions ,Nortel Networks Limited,Michael Sabourin,1998-08-31,1998-08-31,2001-03-27,2001-03-27,https://patents.google.com/patent/US6208964B1/en,https://patentimages.storage.googleapis.com/91/73/b1/0561be97ed529a/US6208964-drawings-page-4.png
US-2002170961-A1,Method and system for providing shopping assistance using RFID-tagged items ,"Bruce Dickson, Dickson Mary Louise","Bruce Dickson, Mary Dickson",2001-05-17,2001-05-17,2002-11-21,,https://patents.google.com/patent/US20020170961A1/en,https://patentimages.storage.googleapis.com/72/1e/d7/8b56318f5a37d7/US20020170961A1-20021121-D00000.png
US-5557780-A,Electronic data interchange system for managing non-standard data ,"Micron Technology, Inc.","Allan T. Edwards, Rebecca K. Shirrod, Robin L. Callahan",1992-04-30,1995-04-20,1996-09-17,1996-09-17,https://patents.google.com/patent/US5557780A/en,https://patentimages.storage.googleapis.com/3e/c3/38/6362d1a427ee06/US5557780-drawings-page-2.png
US-5926568-A,Image object matching using core analysis and deformable shape loci ,"The University Of North Carolina At Chapel Hill, Duke University","Edward L. Chaney, Daniel S. Fritsch, Stephen M. Pizer, Valen Johnson, Alyson G. Wilson",1997-06-30,1997-06-30,1999-07-20,1999-07-20,https://patents.google.com/patent/US5926568A/en,https://patentimages.storage.googleapis.com/5e/03/bf/094fd0aa114767/US5926568-drawings-page-4.png
US-5555346-A,Event-driven rule-based messaging system ,Beyond Corporated,"Kevin C. Gross, Charles J. Digate, Eugene H. Lee",1991-10-04,1993-01-29,1996-09-10,1996-09-10,https://patents.google.com/patent/US5555346A/en,https://patentimages.storage.googleapis.com/28/93/70/2aff3ae334fa46/US5555346-drawings-page-3.png
US-6339754-B1,System for automated translation of speech ,"America Online, Inc.","Mary A. Flanagan, Philip Jensen, Douglas P. Chinnock",1995-02-14,1997-10-29,2002-01-15,2002-01-15,https://patents.google.com/patent/US6339754B1/en,https://patentimages.storage.googleapis.com/0a/87/c3/74f77df4a5dce4/US6339754-drawings-page-3.png
US-5390279-A,Partitioning speech rules by context for speech recognition ,"Apple Computer, Inc.",Robert D. Strong,1992-12-31,1992-12-31,1995-02-14,1995-02-14,https://patents.google.com/patent/US5390279A/en,https://patentimages.storage.googleapis.com/48/e5/85/5610c308f89873/US5390279-drawings-page-2.png
US-5574828-A,Expert system for generating guideline-based information tools ,Tmrc,"Robert S. A. Hayward, Michael F. Roizen, David Summerell, Martin Rom",1994-04-28,1994-04-28,1996-11-12,1996-11-12,https://patents.google.com/patent/US5574828A/en,https://patentimages.storage.googleapis.com/f6/71/8b/b315045690a87e/US5574828-drawings-page-2.png
US-7899666-B2,Method and system for automatically extracting relations between concepts included in text ,Expert System S.P.A.,Marco Varone,2007-05-04,2007-05-04,2011-03-01,2011-03-01,https://patents.google.com/patent/US7899666B2/en,https://patentimages.storage.googleapis.com/86/0c/ea/027891bd7184b8/US07899666-20110301-D00000.png
US-5253362-A,"Method for storing, retrieving, and indicating a plurality of annotations in a data cell ","Emtek Health Care Systems, Inc.","Lorene S. Nolan, Ronald E. Norden-Paul, Richard E. Shelton, Sandra L. Stewart",1990-01-29,1990-01-29,1993-10-12,1993-10-12,https://patents.google.com/patent/US5253362A/en,https://patentimages.storage.googleapis.com/0f/13/a5/ca0d5bf1346dce/US5253362-drawings-page-2.png
US-7539549-B1,"Motorized system integrated control and diagnostics using vibration, pressure, temperature, speed, and/or current analysis ","Rockwell Automation Technologies, Inc.","Fred Discenzo, Peter Unsworth, Sarat Babu Vetcha, Kenneth A. Loparo, Carl J. Dister, Edward J. Tomkin",1999-09-28,2001-05-25,2009-05-26,2009-05-26,https://patents.google.com/patent/US7539549B1/en,https://patentimages.storage.googleapis.com/67/fa/00/c58783fda4b65b/US07539549-20090526-D00000.png
US-6912499-B1,Method and apparatus for training a multilingual speech model set ,Nortel Networks Limited,"Michael G. Sabourin, Serge Robillard",1999-08-31,1999-08-31,2005-06-28,2005-06-28,https://patents.google.com/patent/US6912499B1/en,https://patentimages.storage.googleapis.com/6d/cd/17/5c475a30005fdb/US6912499-drawings-page-2.png
US-5497314-A,Automated apparatus and method for object recognition at checkout counters ,Novak; Jeffrey M.,Jeffrey M. Novak,1994-03-07,1994-03-07,1996-03-05,1996-03-05,https://patents.google.com/patent/US5497314A/en,https://patentimages.storage.googleapis.com/9f/95/0d/3e4a215836ef1e/US5497314-drawings-page-2.png
US-5428636-A,Radio frequency local area network ,Norand Corporation,Robert C. Meier,1993-05-03,1993-05-07,1995-06-27,1995-06-27,https://patents.google.com/patent/US5428636A/en,https://patentimages.storage.googleapis.com/97/53/2d/d5c65130aa28b9/US5428636-drawings-page-3.png
US-8655901-B1,Translation-based query pattern mining ,Google Inc.,"Xin Li, Shi Chen",2010-06-23,2010-06-23,2014-02-18,2014-02-18,https://patents.google.com/patent/US8655901B1/en,https://patentimages.storage.googleapis.com/92/c2/ee/6e8bbdc2b06703/US08655901-20140218-D00000.png
US-5994690-A,Image enhancement in optical coherence tomography using deconvolution ,"Kulkarni; Manish D., Izatt; Joseph A., Sivak; Michael V.","Manish D. Kulkarni, Joseph A. Izatt, Michael V. Sivak",1997-03-17,1998-03-17,1999-11-30,1999-11-30,https://patents.google.com/patent/US5994690A/en,https://patentimages.storage.googleapis.com/b0/94/af/1efe1abeb98cbd/US5994690-drawings-page-3.png
US-5215098-A,Data compression of cardiac electrical signals using scanning correlation and temporal data compression ,"Telectronics Pacing Systems, Inc.","Bruce M. Steinhaus, Randy T. Wells",1991-08-12,1991-08-12,1993-06-01,1993-06-01,https://patents.google.com/patent/US5215098A/en,https://patentimages.storage.googleapis.com/1b/51/5e/4416709903e6fa/US5215098-drawings-page-2.png
US-2015286627-A1,Contextual sentiment text analysis ,Adobe Systems Incorporated,"Walter W. Chang, Emre Demiralp, Shantanu Kumar, Shanshan Xia",2014-04-03,2014-04-03,2015-10-08,,https://patents.google.com/patent/US20150286627A1/en,https://patentimages.storage.googleapis.com/88/e4/5f/ed76486074a904/US20150286627A1-20151008-D00000.png
US-2009058860-A1,Method for Transforming Language Into a Visual Form ,Mor (F) Dynamics Pty Ltd.,"Robert Chin Meng Fong, Billy Nan Choong Chong",2005-04-04,2006-04-04,2009-03-05,,https://patents.google.com/patent/US20090058860A1/en,https://patentimages.storage.googleapis.com/f1/70/8c/a38d2ae7b8eaa7/US20090058860A1-20090305-D00000.png
US-6272456-B1,System and method for identifying the language of written text having a plurality of different length n-gram profiles ,Microsoft Corporation,Miguel Cardoso de Campos,1998-03-19,1998-03-19,2001-08-07,2001-08-07,https://patents.google.com/patent/US6272456B1/en,https://patentimages.storage.googleapis.com/52/7e/85/be7d7fe0b1300e/US6272456-drawings-page-3.png
US-9275637-B1,Wake word evaluation ,"Amazon Technologies, Inc.","Stan Weidner Salvador, Jeffrey Paul Lilly, Frederick V. Weber, Jeffrey Penrod Adams, Ryan Paul Thomas",2012-11-06,2012-11-06,2016-03-01,2016-03-01,https://patents.google.com/patent/US9275637B1/en,https://patentimages.storage.googleapis.com/13/a7/68/c3fbfa70dab591/US09275637-20160301-D00000.png
US-8504481-B2,System and method for protecting user privacy using social inference protection techniques ,New Jersey Institute Of Technology,"Sara Gatmir Motahari, Quentin Jones",2008-07-22,2009-07-22,2013-08-06,2013-08-06,https://patents.google.com/patent/US8504481B2/en,https://patentimages.storage.googleapis.com/93/ae/84/8e4b303be42b49/US08504481-20130806-D00000.png
US-5802253-A,Event-driven rule-based messaging system ,Banyan Systems Incorporated,"Kevin C. Gross, Charles J. Digate, Eugene H. Lee",1991-10-04,1996-02-26,1998-09-01,1998-09-01,https://patents.google.com/patent/US5802253A/en,https://patentimages.storage.googleapis.com/73/f5/81/a8293621e70113/US5802253-drawings-page-3.png
US-6052656-A,Natural language processing system and method for processing input information by predicting kind thereof ,Canon Kabushiki Kaisha,"Aruna Rohra Suda, Suresh Jeyachandran",1994-06-21,1995-06-21,2000-04-18,2000-04-18,https://patents.google.com/patent/US6052656A/en,https://patentimages.storage.googleapis.com/ff/1e/6b/647d0185828191/US6052656-drawings-page-2.png
US-5761502-A,System and method for managing a telecommunications network by associating and correlating network events ,Mci Corporation,Andrew Robin Jacobs,1995-12-29,1995-12-29,1998-06-02,1998-06-02,https://patents.google.com/patent/US5761502A/en,https://patentimages.storage.googleapis.com/09/a7/2c/81ab35f960ae38/US5761502-drawings-page-2.png
US-5056021-A,Method and apparatus for abstracting concepts from natural language ,Carolyn Ausborn,Carolyn Ausborn,1989-06-08,1989-06-08,1991-10-08,1991-10-08,https://patents.google.com/patent/US5056021A/en,https://patentimages.storage.googleapis.com/c8/f6/7e/78351511dd85e0/US5056021-drawings-page-2.png
US-5657317-A,"Hierarchical communication system using premises, peripheral and vehicular local area networking ",Norand Corporation,"Ronald L. Mahany, Guy J. West, Alan G. Bunte",1990-01-18,1994-07-22,1997-08-12,1997-08-12,https://patents.google.com/patent/US5657317A/en,https://patentimages.storage.googleapis.com/f2/69/99/4b118b97998133/US5657317-drawings-page-2.png
US-5484994-A,Optical scanning head with improved resolution ,Roustaei; Alexander,Alexander Roustaei,1993-10-18,1993-10-18,1996-01-16,1996-01-16,https://patents.google.com/patent/US5484994A/en,https://patentimages.storage.googleapis.com/77/ee/9d/b57fcf85f71495/US5484994-drawings-page-2.png
US-5592561-A,Anti-counterfeiting system ,Moore; Lewis J.,Lewis J. Moore,1994-04-14,1995-04-11,1997-01-07,1997-01-07,https://patents.google.com/patent/US5592561A/en,https://patentimages.storage.googleapis.com/bc/06/83/2137bb608b0702/US5592561-drawings-page-2.png
US-6460015-B1,"Method, system and computer program product for automatic character transliteration in a text string object ",International Business Machines Corporation,"David James Hetherington, David Bruce Kumhyr",1998-12-15,1998-12-15,2002-10-01,2002-10-01,https://patents.google.com/patent/US6460015B1/en,https://patentimages.storage.googleapis.com/75/8f/75/168bd9793915b8/US6460015-drawings-page-3.png
US-5723853-A,Bar code reader ,"Welch Allyn, Inc.","Andrew Longacre, Jr., Robert M. Hussey",1995-01-10,1997-03-07,1998-03-03,1998-03-03,https://patents.google.com/patent/US5723853A/en,https://patentimages.storage.googleapis.com/84/0c/77/72ec76c46a3c73/US5723853-drawings-page-2.png
US-5465321-A,Hidden markov models for fault detection in dynamic systems ,The United States Of America As Represented By The Administrator Of The National Aeronautics And Space Administration,Padhraic J. Smyth,1993-04-07,1993-04-07,1995-11-07,1995-11-07,https://patents.google.com/patent/US5465321A/en,https://patentimages.storage.googleapis.com/7f/29/8a/a68b475777608d/US5465321-drawings-page-3.png
US-2004039990-A1,Automated form and data analysis tool ,"Xorbix Technologies, Inc.","Asif Bakar, Brad Schmitz, Thomas Campbell",2002-03-30,2003-03-28,2004-02-26,,https://patents.google.com/patent/US20040039990A1/en,https://patentimages.storage.googleapis.com/53/40/d6/1527ab4ebc0f14/US20040039990A1-20040226-D00000.png
US-5773806-A,Method and apparatus for capturing a decodable representation of a 2D bar code symbol using a hand-held reader having a 1D image sensor ,"Welch Allyn, Inc.","Andrew Longacre, Jr.",1995-07-20,1995-07-20,1998-06-30,1998-06-30,https://patents.google.com/patent/US5773806A/en,https://patentimages.storage.googleapis.com/71/4b/43/149870dbde905b/US5773806-drawings-page-2.png
US-8706742-B1,System for enhancing expert-based computerized analysis of a set of digital documents and methods useful in conjunction therewith ,Equivio Ltd.,"Yiftach Ravid, Liad Tal-Rothschild",2009-04-22,2012-01-03,2014-04-22,2014-04-22,https://patents.google.com/patent/US8706742B1/en,https://patentimages.storage.googleapis.com/28/2c/fb/2fc3f17d40cf41/US08706742-20140422-D00000.png
US-5423326-A,Apparatus and method for measuring cardiac output ,Drexel University,"Xiang Wang, Hun H. Sun",1991-09-12,1993-05-14,1995-06-13,1995-06-13,https://patents.google.com/patent/US5423326A/en,https://patentimages.storage.googleapis.com/9c/a0/d3/6f086893dad1f3/US5423326-drawings-page-3.png
US-5635697-A,Method and apparatus for decoding two-dimensional bar code ,"Symbol Technologies, Inc.","Stephen J. Shellhammer, Arman Nikzad, Jerome Swartz",1989-03-01,1994-06-03,1997-06-03,1997-06-03,https://patents.google.com/patent/US5635697A/en,https://patentimages.storage.googleapis.com/73/46/13/258ec9db25b135/US5635697-drawings-page-3.png
US-2003135825-A1,Dynamically generated mark-up based graphical user interfaced with an extensible application framework with links to enterprise resources ,"Matthew Gertner, Arseniy Kuznetsov, Ondrej Rypacek","Matthew Gertner, Arseniy Kuznetsov, Ondrej Rypacek",2001-12-05,2002-12-04,2003-07-17,,https://patents.google.com/patent/US20030135825A1/en,https://patentimages.storage.googleapis.com/7c/48/73/1926521c249fe3/US20030135825A1-20030717-D00000.png
US-6134541-A,Searching multidimensional indexes using associated clustering and dimension reduction information ,International Business Machines Corporation,"Vittorio Castelli, Chung-Sheng Li, Alexander Thomasian",1997-10-31,1997-10-31,2000-10-17,2000-10-17,https://patents.google.com/patent/US6134541A/en,https://patentimages.storage.googleapis.com/5d/e5/7a/b2211c4557c189/US6134541-drawings-page-3.png
US-5828999-A,Method and system for deriving a large-span semantic language model for large-vocabulary recognition systems ,"Apple Computer, Inc.","Jerome R. Bellegarda, Yen-Lu Chow",1996-05-06,1996-05-06,1998-10-27,1998-10-27,https://patents.google.com/patent/US5828999A/en,https://patentimages.storage.googleapis.com/a8/36/f5/8d775ea0fc1c57/US5828999-drawings-page-2.png
US-4570057-A,Instant portable bar code reader ,Norand Corporation,"George E. Chadima, Jr., Vadim Laser",1981-12-28,1984-08-06,1986-02-11,1986-02-11,https://patents.google.com/patent/US4570057A/en,https://patentimages.storage.googleapis.com/29/1c/46/5a4f808c43b310/US4570057-drawings-page-2.png
US-5900613-A,Optical reader having improved reprogramming features ,"Welch Allyn, Inc.","Thomas J. Koziol, Michael A. Ehrhart, Andrew Longacre, Jr., Robert M. Hussey",1994-03-04,1996-09-03,1999-05-04,1999-05-04,https://patents.google.com/patent/US5900613A/en,https://patentimages.storage.googleapis.com/a4/0d/cd/5aed0f081fea84/US5900613-drawings-page-2.png
US-5577135-A,Handwriting signal processing front-end for handwriting recognizers ,"Apple Computer, Inc.","Kamil A. Grajski, Yen-Lu Chow, Kai-Fu Lee",1994-03-01,1994-03-01,1996-11-19,1996-11-19,https://patents.google.com/patent/US5577135A/en,https://patentimages.storage.googleapis.com/1b/79/38/fb00ad642af61b/US5577135-drawings-page-2.png
US-2008077384-A1,Dynamically translating a software application to a user selected target language that is not natively provided by the software application ,International Business Machines Corporation,"Ciprian Agapi, Brent D. Metz",2006-09-22,2006-09-22,2008-03-27,,https://patents.google.com/patent/US20080077384A1/en,https://patentimages.storage.googleapis.com/b2/c7/39/e74a05585c0661/US20080077384A1-20080327-D00000.png
US-7908287-B1,Dynamically autocompleting a data entry ,Google Inc.,Lalitesh Katragadda,2005-12-29,2010-01-19,2011-03-15,2011-03-15,https://patents.google.com/patent/US7908287B1/en,https://patentimages.storage.googleapis.com/a3/4b/be/55007c52fe0cea/US07908287-20110315-D00000.png
US-6449562-B1,Multiplexed analysis of clinical specimens apparatus and method ,Luminex Corporation,"Van S. Chandler, Jerrold R. Fulton, Mark B. Chandler",1996-10-10,1996-10-10,2002-09-10,2002-09-10,https://patents.google.com/patent/US6449562B1/en,https://patentimages.storage.googleapis.com/15/92/a2/d83d0f329a86aa/US6449562-drawings-page-5.png
US-5805911-A,Word prediction system ,Microsoft Corporation,John W. Miller,1995-02-01,1995-02-01,1998-09-08,1998-09-08,https://patents.google.com/patent/US5805911A/en,https://patentimages.storage.googleapis.com/16/63/e3/e2b78066916c56/US5805911-drawings-page-2.png
US-7150045-B2,Method and apparatus for protection of electronic media ,"Widevine Technologies, Inc.","Katharina Veronika Koelle, William P. Worzel",2000-12-14,2001-12-14,2006-12-12,2006-12-12,https://patents.google.com/patent/US7150045B2/en,https://patentimages.storage.googleapis.com/33/e9/17/f6557cdd370716/US07150045-20061212-D00000.png
US-3713148-A,Transponder apparatus and system ,Communications Services Corp I,"M Cardullo, W Parks",1970-05-21,1970-05-21,1973-01-23,1973-01-23,https://patents.google.com/patent/US3713148A/en,https://patentimages.storage.googleapis.com/a3/47/37/7ec9e04a676971/US3713148-drawings-page-2.png
US-2009012842-A1,Methods and Systems of Automatic Ontology Population ,"Counsyl, Inc., A Delaware Corporation","Balaji S. Srinivasan, Rion L. Snow",2007-04-25,2008-04-25,2009-01-08,,https://patents.google.com/patent/US20090012842A1/en,https://patentimages.storage.googleapis.com/f5/05/89/15528c9a24fc6b/US20090012842A1-20090108-D00000.png
US-5835905-A,System for predicting documents relevant to focus documents by spreading activation through network representations of a linked collection of documents ,Xerox Corporation,"Peter L. Pirolli, James E. Pitkow, Ramana B. Rao",1997-04-09,1997-04-09,1998-11-10,1998-11-10,https://patents.google.com/patent/US5835905A/en,https://patentimages.storage.googleapis.com/b9/b8/5d/fc375b183dc1bc/US5835905-drawings-page-2.png
US-6729546-B2,System for reading two-dimensional images using ambient and/or projected light ,"Symbol Technologies, Inc.",Alexander R. Roustaei,1994-10-26,2002-01-02,2004-05-04,2004-05-04,https://patents.google.com/patent/US6729546B2/en,https://patentimages.storage.googleapis.com/78/86/60/db41c01d04f4ed/US06729546-20040504-D00000.png
US-6473519-B1,Check reader ,"Hand Held Products, Inc.","John M. Pidhirny, Kevin R. Jost, Thomas D. Britton, John L. Casey",1996-02-21,1996-02-21,2002-10-29,2002-10-29,https://patents.google.com/patent/US6473519B1/en,https://patentimages.storage.googleapis.com/70/9a/8f/f39c885d8ca5c4/US6473519-drawings-page-2.png
US-2011145068-A1,Associating rendered advertisements with digital content ,"King Martin T, Redwood Stephens, Claes-Fredrik Mannby, Jesse Peterson, Mark Sanvitale, Smith Micheal J","Martin T. King, Redwood Stephens, Claes-Fredrik Mannby, Jesse Peterson, Mark Sanvitale, Micheal J. Smith",2007-09-17,2010-03-19,2011-06-16,,https://patents.google.com/patent/US20110145068A1/en,https://patentimages.storage.googleapis.com/b3/24/55/217da6e3842dae/US20110145068A1-20110616-D00000.png
US-6266683-B1,Computerized document management system ,The Chase Manhattan Bank,"Issac Yehuda, Jeffery D. Gimprich, Leonid Chernov, Melissa E. Anderson, Gautam B. Desai, David L. Gusick, William J. Graham",1997-07-24,1997-07-24,2001-07-24,2001-07-24,https://patents.google.com/patent/US6266683B1/en,https://patentimages.storage.googleapis.com/03/0f/8f/a1ec2e240ebbc8/US6266683-drawings-page-2.png
US-5444823-A,Intelligent search engine for associated on-line documentation having questionless case-based knowledge base ,Compaq Computer Corporation,Trung D. Nguyen,1993-04-16,1994-10-18,1995-08-22,1995-08-22,https://patents.google.com/patent/US5444823A/en,https://patentimages.storage.googleapis.com/d1/3d/db/3dd542988f3f17/US5444823-drawings-page-2.png
US-6427079-B1,Position and orientation measuring with magnetic fields ,Cormedica Corporation,"Mark R. Schneider, Christopher D. Conover",1999-08-09,1999-08-09,2002-07-30,2002-07-30,https://patents.google.com/patent/US6427079B1/en,https://patentimages.storage.googleapis.com/71/8a/1c/a12bb8a5ae4de7/US6427079-drawings-page-3.png
US-5873107-A,System for automatically retrieving information relevant to text being authored ,"Apple Computer, Inc.","Richard D. Borovoy, Michael J. Graves, Nagabhushan Rao Machiraju, Sunil Vemuri",1996-03-29,1996-03-29,1999-02-16,1999-02-16,https://patents.google.com/patent/US5873107A/en,https://patentimages.storage.googleapis.com/b4/37/cf/7c777f8d44df30/US5873107-drawings-page-2.png
US-5193143-A,Problem state monitoring ,Honeywell Inc.,"William F. Kaemmerer, James R. Allard",1988-01-12,1989-11-07,1993-03-09,1993-03-09,https://patents.google.com/patent/US5193143A/en,https://patentimages.storage.googleapis.com/d4/dd/38/d24db01acf432f/US5193143-drawings-page-2.png
US-6306100-B1,Intraoperative neurophysiological monitoring system ,Richard L. Prass,Richard L. Prass,1997-12-16,1998-12-16,2001-10-23,2001-10-23,https://patents.google.com/patent/US6306100B1/en,https://patentimages.storage.googleapis.com/76/87/18/8648afa4491b3e/US6306100-drawings-page-3.png
US-6650227-B1,Reader for a radio frequency identification system having automatic tuning capability ,Hid Corporation,John P. Bradin,1999-12-08,1999-12-08,2003-11-18,2003-11-18,https://patents.google.com/patent/US6650227B1/en,https://patentimages.storage.googleapis.com/45/70/05/5c4e3126e22530/US6650227-drawings-page-2.png
US-6714969-B1,Mobile terminal with integrated host application software ,"Symbol Technologies, Inc.","John Klein, Allan Herrod",1995-11-17,2000-05-15,2004-03-30,2004-03-30,https://patents.google.com/patent/US6714969B1/en,https://patentimages.storage.googleapis.com/de/e9/2c/3d968fccbb0ee6/US06714969-20040330-D00000.png
US-6970070-B2,Method and apparatus for selective blocking of radio frequency identification devices ,Rsa Security Inc.,"Ari Juels, Ronald L. Rivest, Michael Szydlo",2003-05-08,2003-09-29,2005-11-29,2005-11-29,https://patents.google.com/patent/US6970070B2/en,https://patentimages.storage.googleapis.com/f3/96/0f/079053ac41ad21/US06970070-20051129-D00000.png
KR-100920267-B1,Voice dialogue analysis system and method ,한국전자통신연구원,"이충희, 오효정, 이창기, 황이규, 왕지현, 장명길",2007-09-17,2007-09-17,2009-10-05,2009-10-05,https://patents.google.com/patent/KR100920267B1/en,https://patentimages.storage.googleapis.com/da/6e/fb/3e50f16a73ca21/112007067022446-pat00001.png
US-RE36528-E,Optical scanning head ,"Symbol Technologies, Inc.",Alexander R. Roustaei,1992-02-27,1995-03-24,2000-01-25,2000-01-25,https://patents.google.com/patent/USRE36528E/en,https://patentimages.storage.googleapis.com/22/38/8f/07a448d7647fe3/USRE36528-drawings-page-9.png
US-6110214-A,Analyzer for modeling and optimizing maintenance operations ,"Aspen Technology, Inc.",Casimir C. Klimasauskas,1996-05-03,1996-08-23,2000-08-29,2000-08-29,https://patents.google.com/patent/US6110214A/en,https://patentimages.storage.googleapis.com/17/86/c7/a9c8c875f47208/US6110214-drawings-page-3.png
US-5799273-A,Automated proofreading using interface linking recognized words to their audio data while text is being changed ,Allvoice Computing Plc,"John C. Mitchell, Alan James Heard, Steven Norman Corbett, Nicholas John Daniel",1996-09-24,1996-09-27,1998-08-25,1998-08-25,https://patents.google.com/patent/US5799273A/en,https://patentimages.storage.googleapis.com/e1/fc/24/7db1cfe48b01ca/US5799273-drawings-page-2.png
US-5539652-A,Method for manufacturing test simulation in electronic circuit design ,Hewlett-Packard Company,Mauro V. Tegethoff,1995-02-07,1995-02-07,1996-07-23,1996-07-23,https://patents.google.com/patent/US5539652A/en,https://patentimages.storage.googleapis.com/75/03/e4/552786ece20191/US5539652-drawings-page-3.png
US-7409337-B1,Natural language processing interface ,Microsoft Corporation,"Douglas W. Potter, Kevin R. Powell, Kevin W. Humphreys, Jason S. Hamilton",2004-03-30,2004-03-30,2008-08-05,2008-08-05,https://patents.google.com/patent/US7409337B1/en,https://patentimages.storage.googleapis.com/d3/c2/a2/b8278cac4d7b3f/US07409337-20080805-D00000.png
US-6990628-B1,Method and apparatus for measuring similarity among electronic documents ,Yahoo! Inc.,"Michael E. Palmer, Gordon G. Sun, Hongyuan Zha",1999-06-14,1999-06-14,2006-01-24,2006-01-24,https://patents.google.com/patent/US6990628B1/en,https://patentimages.storage.googleapis.com/d7/e9/02/d7a0cc19b2a36c/US6990628-drawings-page-3.png
US-2003115191-A1,Efficient and cost-effective content provider for customer relationship management (CRM) or other applications ,"Max Copperman, Allen Cypher, Raya Fratkina, Wendy Fritzke, Huffman Scott B., Denis Lynch, Samir Mahendra, Shailaja Venkatsubramanyan, Waterman Scott A., Angel Mark A.","Max Copperman, Allen Cypher, Raya Fratkina, Wendy Fritzke, Scott Huffman, Denis Lynch, Samir Mahendra, Shailaja Venkatsubramanyan, Scott Waterman, Mark Angel",2001-12-17,2002-01-14,2003-06-19,,https://patents.google.com/patent/US20030115191A1/en,https://patentimages.storage.googleapis.com/96/2b/c9/26d9cbf450aa26/US20030115191A1-20030619-D00000.png
US-4813013-A,Schematic diagram generating system using library of general purpose interactively selectable graphic primitives to create special applications icons ,"The Cadware Group, Ltd.",Robert M. Dunn,1984-03-01,1986-12-22,1989-03-14,1989-03-14,https://patents.google.com/patent/US4813013A/en,https://patentimages.storage.googleapis.com/2d/37/53/25aa38523390e2/US4813013-drawings-page-13.png
US-8285546-B2,Method and system for identifying and correcting accent-induced speech recognition difficulties ,"Nuance Communications, Inc.",David E. Reich,2004-07-22,2011-09-09,2012-10-09,2012-10-09,https://patents.google.com/patent/US8285546B2/en,https://patentimages.storage.googleapis.com/db/a9/f2/fbe04daa205817/US08285546-20121009-D00000.png
US-6937998-B1,Arrangement for and method of expediting transactions based on a customer's proximity to the transactions ,"Symbol Technologies, Inc.","Jerome Swartz, Daniel R. McGlynn",1987-12-28,2000-10-24,2005-08-30,2005-08-30,https://patents.google.com/patent/US6937998B1/en,https://patentimages.storage.googleapis.com/d6/78/c9/62cddae5543c9f/US06937998-20050830-D00000.png
US-11185262-B2,Pneumonia screener ,Masimo Corporation,"Ammar Al-Ali, Keith Ward Indorf",2017-03-10,2018-03-09,2021-11-30,2021-11-30,https://patents.google.com/patent/US11185262B2/en,https://patentimages.storage.googleapis.com/ae/29/a9/b74ca56e535a42/US11185262-20211130-D00000.png
US-5294783-A,Analog reconstruction circuit and bar code reading apparatus employing same ,"Welch Allyn, Inc.","Charles M. Hammond, Jr., Andrew Longacre, Jr., William H. Havens",1992-01-10,1992-01-10,1994-03-15,1994-03-15,https://patents.google.com/patent/US5294783A/en,https://patentimages.storage.googleapis.com/f5/f4/94/f7135b682153b3/US5294783-drawings-page-2.png
US-5447166-A,Neurocognitive adaptive computer interface method and system based on on-line measurement of the user's mental effort ,Gevins; Alan S.,Alan S. Gevins,1991-09-26,1994-01-19,1995-09-05,1995-09-05,https://patents.google.com/patent/US5447166A/en,https://patentimages.storage.googleapis.com/07/62/e7/fcd88523ef324e/US5447166-drawings-page-2.png
US-5331546-A,Trip planner optimizing travel itinerary selection conforming to individualized travel policies ,"Rosenbluth International, Inc.","David W. Webber, Sandra E. Kangas",1988-01-06,1991-06-03,1994-07-19,1994-07-19,https://patents.google.com/patent/US5331546A/en,https://patentimages.storage.googleapis.com/9f/3c/a4/2bc3810225b75e/US5331546-drawings-page-2.png
US-8868409-B1,Evaluating transcriptions with a semantic parser ,Google Inc.,"Pedro J. Moreno Mengibar, Fadi Biadsy, Diego Melendo Casado",2014-01-16,2014-01-16,2014-10-21,2014-10-21,https://patents.google.com/patent/US8868409B1/en,https://patentimages.storage.googleapis.com/af/78/62/dd78237454f0d9/US08868409-20141021-D00000.png
US-7216292-B1,System and method for populating forms with previously used data values ,Microsoft Corporation,"Erik J. Snapper, Julian P. Jiggins, Bharat Shyam, Hadi Partovi, Eric R. Berman, Steven J. Freedman, James E. Allard, Frank Z. Chang, Stephen P. Proteau, Clint C. Jorgenson",1999-09-01,1999-09-01,2007-05-08,2007-05-08,https://patents.google.com/patent/US7216292B1/en,https://patentimages.storage.googleapis.com/2a/aa/c2/97508847577e4b/US7216292-drawings-page-2.png
US-2014276090-A1,Driver health and fatigue monitoring system and method using optics ,American Vehcular Sciences Llc,David S. Breed,2011-03-14,2014-05-12,2014-09-18,,https://patents.google.com/patent/US20140276090A1/en,https://patentimages.storage.googleapis.com/cf/20/4f/eef367c7f71845/US20140276090A1-20140918-D00000.png
US-5189608-A,Method and apparatus for storing and generating financial information employing user specified input and output formats ,"Imrs Operations, Inc.","Richard J. Lyons, Kevin F. Nolan, Wah C. Chu",1987-06-01,1990-02-15,1993-02-23,1993-02-23,https://patents.google.com/patent/US5189608A/en,https://patentimages.storage.googleapis.com/7e/f0/f7/4d403aab7a3fce/US5189608-drawings-page-2.png
US-5613495-A,High functional density cardiac monitoring system for captured windowed ECG data ,"Instromedix, Inc.","Gary N. Mills, Habib Homayoun",1991-12-26,1995-07-06,1997-03-25,1997-03-25,https://patents.google.com/patent/US5613495A/en,https://patentimages.storage.googleapis.com/51/e2/a9/dffbcd3e6d6242/US5613495-drawings-page-3.png
US-8122353-B2,Composing a message in an online textbox using a non-latin script ,Yahoo! Inc.,Brian Bouta,2008-11-07,2008-11-07,2012-02-21,2012-02-21,https://patents.google.com/patent/US8122353B2/en,https://patentimages.storage.googleapis.com/58/00/54/8bbad6cfc54e89/US08122353-20120221-D00000.png
US-5721131-A,"Surface modification of polymers with self-assembled monolayers that promote adhesion, outgrowth and differentiation of biological cells ",United States Of America As Represented By The Secretary Of The Navy,"Alan S. Rudolph, Chih-Chang Chu, David A. Stenger, Barry J. Spargo, Jacque Georger",1987-03-06,1994-04-28,1998-02-24,1998-02-24,https://patents.google.com/patent/US5721131A/en,https://patentimages.storage.googleapis.com/d2/0a/bb/ca0caff9bba523/US5721131-drawings-page-3.png
US-6006100-A,"Multi-level, hierarchical radio-frequency communication system ",Norand Corporation,"Steven E. Koenck, Alan G. Bunte, Keith K. Cargin, Jr., George E. Hanson, Ronald L. Mahany, Phillip Miller, Steven H. Salvay, Arvin D. Danielson, Guy J. West",1990-05-25,1994-05-06,1999-12-21,1999-12-21,https://patents.google.com/patent/US6006100A/en,https://patentimages.storage.googleapis.com/6e/05/31/68d07eb03a3596/US6006100-drawings-page-2.png
US-6604100-B1,Method for converting relational data into a structured document ,At&T Corp.,"Maria F. Fernandez, Dan Suciu, Wang-Chiew Tan",2000-02-09,2001-02-08,2003-08-05,2003-08-05,https://patents.google.com/patent/US6604100B1/en,https://patentimages.storage.googleapis.com/04/1b/fe/1799b92c15c552/US06604100-20030805-D00000.png
US-5995503-A,Method and apparatus for providing quality of service routing in a network ,"Bay Networks, Inc.","Eric S. Crawley, Zhaohui Zhang, William M. Salkewicz, Cheryl A. Sanchez",1996-06-12,1996-06-12,1999-11-30,1999-11-30,https://patents.google.com/patent/US5995503A/en,https://patentimages.storage.googleapis.com/b8/87/7f/f41594f6c30207/US5995503-drawings-page-2.png
US-2013275117-A1,Generalized Phonetic Transliteration Engine ,Morgan H. Winer,Morgan H. Winer,2012-04-11,2012-05-10,2013-10-17,,https://patents.google.com/patent/US20130275117A1/en,https://patentimages.storage.googleapis.com/f8/df/47/2d7c7127b3b226/US20130275117A1-20131017-D00000.png
US-5537315-A,Method and apparatus for issuing insurance from kiosk ,Mitcham; Martin K.,Martin K. Mitcham,1994-03-23,1994-03-23,1996-07-16,1996-07-16,https://patents.google.com/patent/US5537315A/en,https://patentimages.storage.googleapis.com/5e/cd/93/34faa00af39593/US5537315-drawings-page-2.png
US-4998010-A,"Polygonal information encoding article, process and system ","United Parcel Service Of America, Inc.","Donald G. Chandler, Eric P. Batterman, Govind Shah",1988-04-08,1989-11-16,1991-03-05,1991-03-05,https://patents.google.com/patent/US4998010A/en,https://patentimages.storage.googleapis.com/3e/18/b1/e40fc361298cc5/US4998010-drawings-page-2.png
US-5786584-A,Vial and cartridge reading device providing audio feedback for a blood glucose monitoring system ,Eli Lilly And Company,"Timothy Hemenway Button, Scott Forster Percy",1995-09-06,1996-08-20,1998-07-28,1998-07-28,https://patents.google.com/patent/US5786584A/en,https://patentimages.storage.googleapis.com/b5/80/00/07a5be55eafd30/US5786584-drawings-page-2.png
US-6356287-B1,Citation selection and routing feature for hand-held content display device ,"Nuvomedia, Inc.","Mary Ruberry, Martin F. Eberhard, Marc E. Tarpenning, Lance Uyehara",1998-03-20,1998-05-28,2002-03-12,2002-03-12,https://patents.google.com/patent/US6356287B1/en,https://patentimages.storage.googleapis.com/84/77/bc/bd6979198a4dc1/US6356287-drawings-page-2.png
US-5992744-A,Optical reader having multiple scanning assemblies with simultaneously decoded outputs ,"Welch Allyn, Inc.","George S. Smith, Michael A. Ehrhart",1997-02-18,1997-02-18,1999-11-30,1999-11-30,https://patents.google.com/patent/US5992744A/en,https://patentimages.storage.googleapis.com/93/4b/ab/ebef56284d155a/US5992744-drawings-page-2.png
US-5153842-A,Integrated circuit package label and/or manifest system ,Pitney Bowes Inc.,"Daniel F. Dlugos, Sr., Robert Chen",1990-02-05,1990-02-05,1992-10-06,1992-10-06,https://patents.google.com/patent/US5153842A/en,https://patentimages.storage.googleapis.com/b0/84/2a/ec24ffbed823a5/US5153842-drawings-page-2.png
US-4325146-A,Non-synchronous object identification system ,Lennington John W,John W. Lennington,1979-12-20,1979-12-20,1982-04-13,1982-04-13,https://patents.google.com/patent/US4325146A/en,https://patentimages.storage.googleapis.com/33/00/40/29fe9036f45e97/US4325146-drawings-page-2.png
US-6266685-B1,Hand-held data collection system with stylus input ,Intermec Ip Corp.,"Arvin D. Danielson, Darald R. Schultz, Dennis Silva, Darrell L. Boatwright, Rickey G. Austin, Daniel E. Alt, Steve Darren Friend",1991-07-11,1998-09-08,2001-07-24,2001-07-24,https://patents.google.com/patent/US6266685B1/en,https://patentimages.storage.googleapis.com/67/96/5f/030fbd08643a76/US6266685-drawings-page-2.png
US-5832182-A,Method and system for data clustering for very large databases ,Wisconsin Alumni Research Foundation,"Tian Zhang, Raghu Ramakrishnan, Miron Livny",1996-04-24,1996-04-24,1998-11-03,1998-11-03,https://patents.google.com/patent/US5832182A/en,https://patentimages.storage.googleapis.com/ec/b7/1b/012e0de135505d/US5832182-drawings-page-3.png
US-5991441-A,Real time handwriting recognition system ,"Wang Laboratories, Inc.",Alexander N. Jourjine,1995-06-07,1995-06-07,1999-11-23,1999-11-23,https://patents.google.com/patent/US5991441A/en,https://patentimages.storage.googleapis.com/28/8e/d2/591a6ace1cacdc/US5991441-drawings-page-2.png
US-5504746-A,Radio frequency local area network ,Norand Corporation,Robert C. Meier,1991-10-01,1995-03-27,1996-04-02,1996-04-02,https://patents.google.com/patent/US5504746A/en,https://patentimages.storage.googleapis.com/5c/da/9a/c50f00d96659f4/US5504746-drawings-page-2.png
US-6613098-B1,Storage of application specific data in HTML ,Microsoft Corporation,"Terri L. Sorge, Kevin J. Fischer, Anna V. Timasheva, Russell S. Johnson, Rajeev S. Misra, Juha Niemisto, Robert W. Coffen, Ramakrishnan Natarajan",1999-06-15,1999-06-15,2003-09-02,2003-09-02,https://patents.google.com/patent/US6613098B1/en,https://patentimages.storage.googleapis.com/b0/7b/1c/c3d0fdb7ada66a/US6613098-drawings-page-2.png
US-7006992-B1,Risk assessment and management system ,Union State Bank,Thomas R. Packwood,2000-04-06,2000-04-06,2006-02-28,2006-02-28,https://patents.google.com/patent/US7006992B1/en,https://patentimages.storage.googleapis.com/8f/22/0c/ca465cf95a41ff/US07006992-20060228-D00000.png
US-5914476-A,Optical reader configured to accurately and rapidly read multiple symbols ,"Welch Allyn, Inc.","Carl W. Gerst, III, Andrew Longacre, Jr.",1997-11-04,1997-11-04,1999-06-22,1999-06-22,https://patents.google.com/patent/US5914476A/en,https://patentimages.storage.googleapis.com/3a/3f/3a/626f31c91ec95e/US5914476-drawings-page-2.png
US-6088700-A,Automated forms completion for global information network applications ,"Larsen; Kenneth N., Peterson; Eric","Kenneth N. Larsen, Eric Peterson",1999-08-06,1999-08-06,2000-07-11,2000-07-11,https://patents.google.com/patent/US6088700A/en,https://patentimages.storage.googleapis.com/de/3b/f6/21a3e5df276954/US6088700-drawings-page-2.png
US-2016225372-A1,Smart home connected device contextual learning using audio commands ,"Samsung Electronics Company, Ltd.","Eric Cheung, Vita Markman, Fabio Gava",2015-02-03,2015-03-30,2016-08-04,,https://patents.google.com/patent/US20160225372A1/en,https://patentimages.storage.googleapis.com/37/47/bd/35d3a4e1020fb0/US20160225372A1-20160804-D00000.png
US-2011083079-A1,"Apparatus, system, and method for improved type-ahead functionality in a type-ahead field based on activity of a user within a user interface ",International Business Machines Corporation,"Colm Farrell, Liam Harpur, Patrick J. O'Sullivan, Fred Raguillat, Carol S. Zimmet",2009-10-02,2009-10-02,2011-04-07,,https://patents.google.com/patent/US20110083079A1/en,https://patentimages.storage.googleapis.com/b7/c6/2e/0c561f81f65c15/US20110083079A1-20110407-D00000.png
US-7636657-B2,Method and apparatus for automatic grammar generation from data entries ,Microsoft Corporation,"Yun-Cheng Ju, David G. Ollason, Siddharth Bhatia",2004-12-09,2004-12-09,2009-12-22,2009-12-22,https://patents.google.com/patent/US7636657B2/en,https://patentimages.storage.googleapis.com/05/30/4d/778caf62a7753a/US07636657-20091222-D00000.png
US-4262632-A,Electronic livestock identification system ,"Hanton John P, Leach Harley A","John P. Hanton, Harley A. Leach",1974-01-03,1974-04-25,1981-04-21,1981-04-21,https://patents.google.com/patent/US4262632A/en,https://patentimages.storage.googleapis.com/7a/62/18/9efc56ccb46203/US4262632-drawings-page-2.png
US-6092036-A,Multi-lingual data processing system and system and method for translating text used in computer software utilizing an embedded translator ,Davox Corporation,Rodney P. Hamann,1998-06-02,1998-06-02,2000-07-18,2000-07-18,https://patents.google.com/patent/US6092036A/en,https://patentimages.storage.googleapis.com/f9/35/65/774c25542ed82d/US6092036-drawings-page-2.png
US-6903656-B1,RFID reader with multiple antenna selection and automated antenna matching ,"Applied Wireless Identifications Group, Inc.",Donny V. Lee,2003-05-27,2003-05-27,2005-06-07,2005-06-07,https://patents.google.com/patent/US6903656B1/en,https://patentimages.storage.googleapis.com/e3/67/8e/e67da85e30e1f9/US06903656-20050607-D00000.png
US-5471611-A,Computerised information-retrieval database systems ,University Of Strathclyde,Douglas R. McGregor,1991-03-13,1992-03-12,1995-11-28,1995-11-28,https://patents.google.com/patent/US5471611A/en,https://patentimages.storage.googleapis.com/82/e2/d8/57b4dbcf00877e/US5471611-drawings-page-2.png
US-4900903-A,Automated transaction system with insertable cards for transferring account data ,"Wright Technologies, L.P.","Christopher B. Wright, Stephen Bristow",1986-11-26,1988-10-17,1990-02-13,1990-02-13,https://patents.google.com/patent/US4900903A/en,https://patentimages.storage.googleapis.com/pages/US4900903-1.png
US-8060829-B2,Participation profiles of virtual world players ,"The Invention Science Fund I, Llc","Edward K.Y. Jung, Royce A. Levien, Mark A. Malamud, John D. Rinaldo, Jr.",2005-04-15,2005-04-15,2011-11-15,2011-11-15,https://patents.google.com/patent/US8060829B2/en,https://patentimages.storage.googleapis.com/43/58/65/8491220a984688/US08060829-20111115-D00000.png
US-2011054894-A1,Speech recognition through the collection of contact information in mobile dictation application ,"Phillips Michael S, Nguyen John N","Michael S. Phillips, John N. Nguyen",2007-03-07,2010-08-27,2011-03-03,,https://patents.google.com/patent/US20110054894A1/en,https://patentimages.storage.googleapis.com/dd/a9/e5/11204515fdf977/US20110054894A1-20110303-D00000.png
US-6857102-B1,Document re-authoring systems and methods for providing device-independent access to the world wide web ,"Fuji Xerox Co., Ltd., Xerox Corporation","Timothy W. Bickmore, William N. Schilit, Andreas Girgensohn, Joseph W. Sullivan",1998-04-07,1999-01-29,2005-02-15,2005-02-15,https://patents.google.com/patent/US6857102B1/en,https://patentimages.storage.googleapis.com/c5/a3/c1/8d659704330fe2/US6857102-drawings-page-3.png
US-4807182-A,Apparatus and method for comparing data groups ,"Advanced Software, Inc.",Cary L. Queen,1986-03-12,1986-03-12,1989-02-21,1989-02-21,https://patents.google.com/patent/US4807182A/en,https://patentimages.storage.googleapis.com/db/5b/d0/1da9c2f727390f/US4807182-drawings-page-2.png
US-5809476-A,System for converting medical information into representative abbreviated codes with correction capability ,Ryan; John Kevin,John Kevin Ryan,1994-03-23,1995-03-23,1998-09-15,1998-09-15,https://patents.google.com/patent/US5809476A/en,https://patentimages.storage.googleapis.com/90/39/a8/d22a3c30e554d5/US5809476-drawings-page-2.png
US-6049813-A,Portable work station-type data collection system ,Intermec Ip Corp.,"Arvin D. Danielson, Darald R. Schultz, Dennis Silva, Darrell L. Boatwright, Rickey G. Austin, Daniel E. Alt",1993-02-26,1996-12-05,2000-04-11,2000-04-11,https://patents.google.com/patent/US6049813A/en,https://patentimages.storage.googleapis.com/6c/75/c4/9f7056e09c22e2/US6049813-drawings-page-3.png
US-5613036-A,Dynamic categories for a speech recognition system ,"Apple Computer, Inc.",Robert D. Strong,1992-12-31,1995-04-25,1997-03-18,1997-03-18,https://patents.google.com/patent/US5613036A/en,https://patentimages.storage.googleapis.com/bc/2b/8d/8fd70e0f64fb15/US5613036-drawings-page-3.png
US-4786791-A,Data processing apparatus with portable card having magnetic strip simulator ,Gateway Technology,Takuo Hodama,1987-02-10,1987-02-10,1988-11-22,1988-11-22,https://patents.google.com/patent/US4786791A/en,https://patentimages.storage.googleapis.com/8b/fd/4d/f4df3dab2da851/US4786791-drawings-page-2.png
US-5367619-A,Electronic data entry system employing an expert system to facilitate generation of electronic data forms with complex interrelationships between fields and subforms ,Eaton Corporation,"William J. Dipaolo, David M. Tinley, Timothy F. Thompson, Carol A. Parsons",1990-04-27,1994-01-10,1994-11-22,1994-11-22,https://patents.google.com/patent/US5367619A/en,https://patentimages.storage.googleapis.com/4d/8f/bf/1650f78852f696/US5367619-drawings-page-2.png
US-6708883-B2,Apparatus and method for reading indicia using charge coupled device and scanning laser beam technology ,"Symbol Technologies, Inc.",Mark Krichever,1994-06-30,2002-04-11,2004-03-23,2004-03-23,https://patents.google.com/patent/US6708883B2/en,https://patentimages.storage.googleapis.com/7c/1d/36/47fa5a26207e53/US06708883-20040323-D00000.png
US-2020067789-A1,Systems and methods for distributed systemic anticipatory industrial asset intelligence ,QiO Technologies Ltd.,"Bharat Khuti, Sasa Jovicic, Kevin Malik, Scott Taggart, Pankaj Wahane, Satish Patil, Nauman Khan, Vishal Adsool, Rick Haythornthwaite",2016-06-24,2019-09-05,2020-02-27,,https://patents.google.com/patent/US20200067789A1/en,https://patentimages.storage.googleapis.com/f0/69/99/8b309ef77f9193/US20200067789A1-20200227-D00000.png
US-4495496-A,Personnel monitoring and locating system ,Johnson Engineering Corp.,"Scott A. Miller, III",1981-12-15,1981-12-15,1985-01-22,1985-01-22,https://patents.google.com/patent/US4495496A/en,https://patentimages.storage.googleapis.com/0f/67/a5/ab9ff016683d82/US4495496-drawings-page-2.png
US-6351556-B1,Method for automatically comparing content of images for classification into events ,Eastman Kodak Company,"Alexander C. Loui, Eric S. Pavie",1998-11-20,1998-11-20,2002-02-26,2002-02-26,https://patents.google.com/patent/US6351556B1/en,https://patentimages.storage.googleapis.com/d9/2d/4d/375808db0a16c2/US6351556-drawings-page-2.png
US-7246118-B2,Method and system for automated collaboration using electronic book highlights and notations ,International Business Machines Corporation,"Alicia Anne Chastain, Christopher Joseph Paul, David Mark Wendt",2001-07-06,2001-07-06,2007-07-17,2007-07-17,https://patents.google.com/patent/US7246118B2/en,https://patentimages.storage.googleapis.com/04/f9/b3/a9a87bb8c9a894/US07246118-20070717-D00000.png
US-5778092-A,Method and apparatus for compressing color or gray scale documents ,Xerox Corporation,"Peter S. MacLeod, Luc Vincent, Xianing Zhu",1996-12-20,1996-12-20,1998-07-07,1998-07-07,https://patents.google.com/patent/US5778092A/en,https://patentimages.storage.googleapis.com/9c/19/74/a239add9078981/US5778092-drawings-page-2.png
US-2002133347-A1,Method and apparatus for natural language dialog interface ,"Eberhard Schoneburg, Fabian Donze, Klaus Kater","Eberhard Schoneburg, Fabian Donze, Klaus Kater",2000-12-29,2001-08-03,2002-09-19,,https://patents.google.com/patent/US20020133347A1/en,https://patentimages.storage.googleapis.com/67/e0/c8/d021d9bc75d642/US20020133347A1-20020919-D00000.png
US-6199034-B1,Methods and apparatus for determining theme for discourse ,Oracle Corporation,Kelly Wical,1995-05-31,1998-04-14,2001-03-06,2001-03-06,https://patents.google.com/patent/US6199034B1/en,https://patentimages.storage.googleapis.com/08/0a/3b/b630545ca0c5ef/US6199034-drawings-page-2.png
US-5811784-A,Extended working range dataform reader ,Telxon Corporation,"Mark Tausch, Ynjiun P. Wang, Timothy P. O'Hagan",1995-06-26,1995-06-26,1998-09-22,1998-09-22,https://patents.google.com/patent/US5811784A/en,https://patentimages.storage.googleapis.com/2d/65/26/75019f0d3523a4/US5811784-drawings-page-3.png
US-5239466-A,System for selectively routing and merging independent annotations to a document at remote locations ,"Motorola, Inc.","David E. Morgan, John Major, Eric K. Crane, Janusz Hyziak, Robert S. Rosenthal, Neil N. Wellenstein",1990-10-04,1990-10-04,1993-08-24,1993-08-24,https://patents.google.com/patent/US5239466A/en,https://patentimages.storage.googleapis.com/2f/44/e0/e701e869aea131/US5239466-drawings-page-2.png
US-7672833-B2,Method and apparatus for automatic entity disambiguation ,Fair Isaac Corporation,"Matthias Blume, Richard Calmbach, Dayne Freitag, Richard Rohwer, Scott Zoldi",2005-09-22,2005-09-22,2010-03-02,2010-03-02,https://patents.google.com/patent/US7672833B2/en,https://patentimages.storage.googleapis.com/e3/f6/07/33fb7dfed75697/US07672833-20100302-D00000.png
US-2004230489-A1,System and method for mobile payment and fulfillment of digital goods ,"Scott Goldthwaite, William Graylin","Scott Goldthwaite, William Graylin",2002-07-26,2003-12-05,2004-11-18,,https://patents.google.com/patent/US20040230489A1/en,https://patentimages.storage.googleapis.com/93/5b/9d/9169fca31b9952/US20040230489A1-20041118-D00000.png
US-7386449-B2,Knowledge-based flexible natural speech dialogue system ,Voice Enabling Systems Technology Inc.,"Jiping Sun, Fakhreddine Karray, Otman A. Basir",2002-12-11,2003-12-11,2008-06-10,2008-06-10,https://patents.google.com/patent/US7386449B2/en,https://patentimages.storage.googleapis.com/a6/4f/0d/5f5f12b10ab9da/US07386449-20080610-D00000.png
US-8788935-B1,Systems and methods for creating or updating an application using website content ,"Media Direct, Inc.","Scott Hirsch, Sunny Rajpal",2013-03-14,2013-06-20,2014-07-22,2014-07-22,https://patents.google.com/patent/US8788935B1/en,https://patentimages.storage.googleapis.com/d2/d0/5e/ab4d0e11831055/US08788935-20140722-D00000.png
US-2016034811-A1,Efficient generation of complementary acoustic models for performing automatic speech recognition system combination ,Apple Inc.,"Matthias Paulik, Mahesh Krishnamoorthy",2014-07-31,2014-09-30,2016-02-04,,https://patents.google.com/patent/US20160034811A1/en,https://patentimages.storage.googleapis.com/cd/c9/b1/d0ba7fab067aaf/US20160034811A1-20160204-D00000.png
US-2005033690-A1,System and method for digital bill presentment and payment ,"Antognini Walter Gerard, Antognini Thomas Charles","Walter Antognini, Thomas Antognini",1996-03-01,2004-05-25,2005-02-10,,https://patents.google.com/patent/US20050033690A1/en,https://patentimages.storage.googleapis.com/51/f9/f0/9fa461cda37022/US20050033690A1-20050210-D00000.png
WO-2018184682-A1,Wireless network communications for classifying transmission signatures and machine learning based signature generation ,Nokia Technologies Oy,Jakob Hoydis,2017-04-06,2017-04-06,2018-10-11,,https://patents.google.com/patent/WO2018184682A1/en,
US-5539394-A,Time division multiplexed batch mode item identification system ,International Business Machines Corporation,"Robert T. Cato, Richard H. Harris, Hollis P. Posey",1994-03-16,1995-06-20,1996-07-23,1996-07-23,https://patents.google.com/patent/US5539394A/en,https://patentimages.storage.googleapis.com/4c/79/4b/c92b7c48353a6b/US5539394-drawings-page-2.png
US-5822707-A,Automatic vehicle seat adjuster ,"Automotive Technologies International, Inc.","David S. Breed, Wilbur E. DuVall",1992-05-05,1995-06-07,1998-10-13,1998-10-13,https://patents.google.com/patent/US5822707A/en,https://patentimages.storage.googleapis.com/ff/da/1f/f8de65d5ebed50/US5822707-drawings-page-2.png
US-11487273-B1,Distributed industrial energy operation optimization platform automatically constructing intelligent models and algorithms ,Dalian University Of Technology,"Jun Zhao, Feng Jin, Long Chen, Fan Zhou, Zhongyang HAN, Yang Liu, Wei Wang",2021-04-30,2022-01-06,2022-11-01,2022-11-01,https://patents.google.com/patent/US11487273B1/en,https://patentimages.storage.googleapis.com/73/a7/fa/9bd3a19cf1a93c/US11487273-20221101-D00000.png
US-6581048-B1,3-brain architecture for an intelligent decision and control system ,Paul J. Werbos,Paul J. Werbos,1996-06-04,1997-06-04,2003-06-17,2003-06-17,https://patents.google.com/patent/US6581048B1/en,https://patentimages.storage.googleapis.com/e3/6c/7e/10beea7a14d689/US6581048-drawings-page-2.png
US-8103962-B2,Form-based ontology creation and information harvesting ,Brigham Young University,"David W. Embley, Cui Tao, Stephen W. Liddle",2008-11-04,2009-11-04,2012-01-24,2012-01-24,https://patents.google.com/patent/US8103962B2/en,https://patentimages.storage.googleapis.com/06/f5/d9/1b1acb8e090953/US08103962-20120124-D00000.png
US-4852570-A,Comparative medical-physical analysis ,Levine Alfred B,Alfred B. Levine,1989-02-09,1989-02-09,1989-08-01,1989-08-01,https://patents.google.com/patent/US4852570A/en,https://patentimages.storage.googleapis.com/d0/70/8f/919a8ad7bf1c05/US4852570-drawings-page-2.png
US-6526156-B1,Apparatus and method for identifying and tracking objects with view-based representations ,Xerox Corporation,"Michael J. Black, Allan D. Jepson",1997-01-10,1997-09-03,2003-02-25,2003-02-25,https://patents.google.com/patent/US6526156B1/en,https://patentimages.storage.googleapis.com/f7/2e/af/84a2202c825147/US6526156-drawings-page-3.png
US-2014146200-A1,Entries to an electronic calendar ,Research In Motion Limited,"Sherryl Lee Lorraine Scott, Scott David REEVE, Julia Murdock THOMPSON, Jodie Elizabeth Fletcher",2012-11-28,2012-11-28,2014-05-29,,https://patents.google.com/patent/US20140146200A1/en,https://patentimages.storage.googleapis.com/7a/90/44/a9c9d5eed3f765/US20140146200A1-20140529-D00000.png
US-7539557-B2,Autonomous mobile robot ,Irobot Corporation,Brian YAMAUCHI,2005-12-30,2006-12-30,2009-05-26,2009-05-26,https://patents.google.com/patent/US7539557B2/en,https://patentimages.storage.googleapis.com/82/80/30/d4510721e87f56/US07539557-20090526-D00000.png
US-7941009-B2,Real-time computerized annotation of pictures ,The Penn State Research Foundation,"Jia Li, James Z. Wang",2003-04-08,2007-10-15,2011-05-10,2011-05-10,https://patents.google.com/patent/US7941009B2/en,https://patentimages.storage.googleapis.com/c8/53/4e/aa109e0d48e552/US07941009-20110510-D00000.png
US-5845303-A,Document processing using frame-based templates with hierarchical tagging ,"Netpodium, Inc.",Michael L. Templeman,1994-12-06,1996-10-02,1998-12-01,1998-12-01,https://patents.google.com/patent/US5845303A/en,https://patentimages.storage.googleapis.com/59/70/3a/2726d89c8c11c6/US5845303-drawings-page-3.png
US-7319957-B2,Handwriting and voice input with automatic correction ,"Tegic Communications, Inc.","Alex Robinson, Ethan Bradford, David Kay, Pim van Meurs, James Stephanick",2004-02-11,2005-01-25,2008-01-15,2008-01-15,https://patents.google.com/patent/US7319957B2/en,https://patentimages.storage.googleapis.com/f0/ce/bd/2e527f5907806c/US07319957-20080115-D00000.png
US-5420943-A,Universal computer input device ,Mak; Stephen M.,Stephen M. Mak,1992-04-13,1992-10-29,1995-05-30,1995-05-30,https://patents.google.com/patent/US5420943A/en,https://patentimages.storage.googleapis.com/1e/ca/83/c44b77a087148e/US5420943-drawings-page-2.png
US-11063653-B2,Wireless device for determining a best antenna beam and method thereof ,Telefonaktiebolaget Lm Ericsson (Publ),"Johan OTTERSTEN, Maria Fresia, Hugo Tullberg",2017-08-30,2017-08-30,2021-07-13,2021-07-13,https://patents.google.com/patent/US11063653B2/en,https://patentimages.storage.googleapis.com/7b/73/58/bb0dd1799d5858/US11063653-20210713-D00000.png
US-9286910-B1,System for resolving ambiguous queries based on user context ,"Amazon Technologies, Inc.","Meng Li, Duncan Joseph Reynolds, William Tunstall-Pedoe, Petra Elisabeth Holmes, Robert Peter Stacey, David Spike Palfrey, Andrew Graham Fenn, Mark Rafn, Graham John French",2014-03-13,2014-03-13,2016-03-15,2016-03-15,https://patents.google.com/patent/US9286910B1/en,https://patentimages.storage.googleapis.com/31/2d/f1/7201a6393ccc82/US09286910-20160315-D00000.png
US-5949776-A,"Hierarchical communication system using premises, peripheral and vehicular local area networking ",Norand Corporation,"Ronald L. Mahany, Guy J. West, Alan G. Bunte",1990-01-18,1997-08-12,1999-09-07,1999-09-07,https://patents.google.com/patent/US5949776A/en,https://patentimages.storage.googleapis.com/3e/d5/bb/4fc86b61f19b06/US5949776-drawings-page-2.png
US-8775931-B2,"Spell check function that applies a preference to a spell check algorithm based upon extensive user selection of spell check results generated by the algorithm, and associated handheld electronic device ",Blackberry Limited,"Vadim Fux, Shannon Ralph White, David Paul Yach",2007-03-30,2007-03-30,2014-07-08,2014-07-08,https://patents.google.com/patent/US8775931B2/en,https://patentimages.storage.googleapis.com/13/f4/90/75e581ece5cbc5/US08775931-20140708-D00000.png
US-5983176-A,Evaluation of media content in media files ,"Magnifi, Inc.","Eric M. Hoffert, Karl Cremin, Leo Degen",1996-05-24,1997-04-30,1999-11-09,1999-11-09,https://patents.google.com/patent/US5983176A/en,https://patentimages.storage.googleapis.com/4d/fd/d5/f49e25f6759997/US5983176-drawings-page-2.png
US-9037967-B1,Arabic spell checking technique ,King Fahd University Of Petroleum And Minerals,"Majed Mohammed Al-Jefri, Sabri Abdullah Mohammed",2014-02-18,2014-02-18,2015-05-19,2015-05-19,https://patents.google.com/patent/US9037967B1/en,https://patentimages.storage.googleapis.com/1c/60/ec/cf14d02f5caf9b/US09037967-20150519-D00000.png
US-5781785-A,Method and apparatus for providing an optimized document file of multiple pages ,Adobe Systems Inc,"Edward R. Rowe, Eswar Priyadarshan",1995-09-26,1995-09-26,1998-07-14,1998-07-14,https://patents.google.com/patent/US5781785A/en,https://patentimages.storage.googleapis.com/16/e1/af/ecb3dc66099828/US5781785-drawings-page-2.png
CN-111192200-A,Image Super-Resolution Reconstruction Method Based on Residual Network with Fusion Attention Mechanism ,南京邮电大学,"陈靖, 章韵",2020-01-02,2020-01-02,2020-05-22,,https://patents.google.com/patent/CN111192200A/en,https://patentimages.storage.googleapis.com/6e/4e/1a/9cb57ed729e8ed/HDA0002353929360000011.png
US-2004268229-A1,Markup language editing with an electronic form ,Microsoft Corporation,"Jean Paoli, Adriana Ardeleanu, Christian Stark, Jonathan Rivers-Moore, Evgeny Veselov",2003-06-27,2003-06-27,2004-12-30,,https://patents.google.com/patent/US20040268229A1/en,https://patentimages.storage.googleapis.com/fc/d9/b8/9a280189920ffa/US20040268229A1-20041230-D00000.png
US-6108627-A,Automatic transcription tool ,Nortel Networks Corporation,Michael Sabourin,1997-10-31,1997-10-31,2000-08-22,2000-08-22,https://patents.google.com/patent/US6108627A/en,https://patentimages.storage.googleapis.com/fe/c9/9d/d85aa7b17c8cc8/US6108627-drawings-page-2.png
US-5780834-A,Imaging and illumination optics assembly ,"Welch Allyn, Inc.","William H. Havens, Charles M. Hammond, Jr., Robert J. Hennick, Robert C. Hinkley, Robert J. Wood, Sr., Tanya A. Onori, Thomas W. Karpen",1995-05-15,1996-05-14,1998-07-14,1998-07-14,https://patents.google.com/patent/US5780834A/en,https://patentimages.storage.googleapis.com/33/32/63/cbe1667b4f2528/US5780834-drawings-page-2.png
US-2006170669-A1,Digital picture frame and method for editing ,"Walker Jay S, Jorasch James A, Sammon Russell P, Santisi Steven M, Garcia Victor M","Jay Walker, James Jorasch, Russell Sammon, Steven Santisi, Victor Garcia",2002-08-12,2003-08-12,2006-08-03,,https://patents.google.com/patent/US20060170669A1/en,https://patentimages.storage.googleapis.com/62/b4/94/3c79cfd08be8f7/US20060170669A1-20060803-D00000.png
US-5761689-A,Autocorrecting text typed into a word processing document ,Microsoft Corporation,"Steven J. Rayson, Dean J. Hachamovitch, Andrew L. Kwatinetz, Stephen M. Hirsch",1994-09-01,1994-09-01,1998-06-02,1998-06-02,https://patents.google.com/patent/US5761689A/en,https://patentimages.storage.googleapis.com/6a/aa/74/2c7a96debc817b/US5761689-drawings-page-2.png
US-2007078314-A1,System and method for measuring and predicting insulin dosing rates ,"Grounsell Richard L, Booth Robert C","Richard Grounsell, Robert Booth",2005-09-30,2006-09-29,2007-04-05,,https://patents.google.com/patent/US20070078314A1/en,https://patentimages.storage.googleapis.com/0f/2c/a7/1cf9bcdd9b47d7/US20070078314A1-20070405-D00000.png
US-8688601-B2,Systems and methods for generating machine learning-based classifiers for detecting specific categories of sensitive information ,Symantec Corporation,Sumesh Jaiswal,2011-05-23,2011-07-26,2014-04-01,2014-04-01,https://patents.google.com/patent/US8688601B2/en,https://patentimages.storage.googleapis.com/97/52/d8/794cf6ad4d1404/US08688601-20140401-D00000.png
US-6262732-B1,Method and apparatus for managing and navigating within stacks of document pages ,"Scansoft, Inc.","Denis Raymond Coleman, Lev Belov, Todd Farrell Basche, Pierre-Alain Cotte",1993-10-25,1994-03-24,2001-07-17,2001-07-17,https://patents.google.com/patent/US6262732B1/en,https://patentimages.storage.googleapis.com/6e/ec/ba/6755437afd9481/US6262732-drawings-page-2.png
US-6427913-B1,Object control and tracking system with zonal transition detection ,"Key-Trak, Inc.",William C. Maloney,1998-09-11,1999-09-09,2002-08-06,2002-08-06,https://patents.google.com/patent/US6427913B1/en,https://patentimages.storage.googleapis.com/16/d1/51/a686cc0d9663ed/US6427913-drawings-page-3.png
US-5510975-A,Method of logical operations in home automation ,"Atlantic Software, Inc.","Eldon W. Ziegler, Jr.",1994-07-01,1994-07-01,1996-04-23,1996-04-23,https://patents.google.com/patent/US5510975A/en,https://patentimages.storage.googleapis.com/98/fd/3f/e5d8760609f386/US5510975-drawings-page-2.png
US-8762298-B1,Machine learning based botnet detection using real-time connectivity graph based traffic features ,"Narus, Inc.","Supranamaya Ranjan, Joshua Robinson, Feilong Chen",2011-01-05,2011-01-05,2014-06-24,2014-06-24,https://patents.google.com/patent/US8762298B1/en,https://patentimages.storage.googleapis.com/15/2e/b5/4a2afdc07cb379/US08762298-20140624-D00000.png
US-2011270135-A1,Augmented reality for testing and training of human performance ,"Christopher John Dooley, Barry James French","Christopher John Dooley, Barry James French",2009-11-30,2010-11-30,2011-11-03,,https://patents.google.com/patent/US20110270135A1/en,https://patentimages.storage.googleapis.com/a2/7a/ba/5cc407d84d2757/US20110270135A1-20111103-D00000.png
US-6718046-B2,Low visibility watermark using time decay fluorescence ,Digimarc Corporation,"Alastair M. Reed, Lou H. Berkley, Jr.",1995-05-08,2001-08-31,2004-04-06,2004-04-06,https://patents.google.com/patent/US6718046B2/en,https://patentimages.storage.googleapis.com/36/f1/f1/275ac37f401e3c/US06718046-20040406-D00000.png
US-5367148-A,Counterfeit detection using ID numbers with at least one random portion ,"Cias, Inc.","Leonard Storch, Ernst van Haagen",1986-04-18,1991-03-15,1994-11-22,1994-11-22,https://patents.google.com/patent/US5367148A/en,https://patentimages.storage.googleapis.com/1b/a7/3e/c0917cc872b58c/US5367148-drawings-page-2.png
US-7805299-B2,Method and apparatus for improving the transcription accuracy of speech recognition software ,Coifman Robert E,Robert E. Coifman,2004-03-01,2006-10-23,2010-09-28,2010-09-28,https://patents.google.com/patent/US7805299B2/en,https://patentimages.storage.googleapis.com/f2/cd/61/fe38f427d6f0b3/US07805299-20100928-D00000.png
US-4878175-A,Method for generating patient-specific flowsheets by adding/deleting parameters ,Emtek Health Care Systems,"Ronald E. Norden-Paul, Murray A. Fein, Sandra L. Stewart",1987-11-03,1987-11-03,1989-10-31,1989-10-31,https://patents.google.com/patent/US4878175A/en,https://patentimages.storage.googleapis.com/48/5a/ed/094d3b6acc7337/US4878175-drawings-page-2.png
US-7689409-B2,Text language identification ,France Telecom,Johannes Heinecke,2002-12-17,2003-12-11,2010-03-30,2010-03-30,https://patents.google.com/patent/US7689409B2/en,https://patentimages.storage.googleapis.com/0b/da/09/42bdf2d2042214/US07689409-20100330-D00000.png
US-8684900-B2,Health monitoring appliance ,Bao Tran,Bao Tran,2006-05-16,2012-11-29,2014-04-01,2014-04-01,https://patents.google.com/patent/US8684900B2/en,https://patentimages.storage.googleapis.com/79/69/e3/9473004e387312/US08684900-20140401-D00000.png
US-2014012574-A1,Interactive timeline for presenting and organizing tasks ,Maluuba Inc.,"Sam Pasupalak, Adrian Petrescu, Tareq Ismail, James Simpson, Jennifer Lee",2012-06-21,2013-06-21,2014-01-09,,https://patents.google.com/patent/US20140012574A1/en,https://patentimages.storage.googleapis.com/3b/34/6d/869edb337c001c/US20140012574A1-20140109-D00000.png
US-8688453-B1,Intent mining via analysis of utterances ,"Nuance Communications, Inc.","Sachindra Joshi, Shantanu Godbole",2011-02-28,2011-02-28,2014-04-01,2014-04-01,https://patents.google.com/patent/US8688453B1/en,https://patentimages.storage.googleapis.com/fd/5f/8f/c972b78940ea70/US08688453-20140401-D00000.png
US-5812697-A,Method and apparatus for recognizing hand-written characters using a weighting dictionary ,Nippon Steel Corporation,"Yoshifumi Sakai, Yoshitaka Ikeda",1994-06-10,1997-02-14,1998-09-22,1998-09-22,https://patents.google.com/patent/US5812697A/en,https://patentimages.storage.googleapis.com/7d/6c/c4/1f23d932ca8346/US5812697-drawings-page-3.png
US-9378740-B1,Command suggestions during automatic speech recognition ,"Amazon Technologies, Inc.","Alexander David Rosen, Yuwang Yin",2014-09-30,2014-09-30,2016-06-28,2016-06-28,https://patents.google.com/patent/US9378740B1/en,https://patentimages.storage.googleapis.com/e7/e9/a1/e9f1a3bfae1879/US09378740-20160628-D00000.png
US-2017132785-A1,Method and system for evaluating the quality of a surgical procedure from in-vivo video ,"Xerox Corporation, University Of Rochester","Safwan R. Wshah, Ahmed E. Ghazi, Raja Bala, Devansh Arpit",2015-11-09,2016-04-26,2017-05-11,,https://patents.google.com/patent/US20170132785A1/en,https://patentimages.storage.googleapis.com/7f/f1/6a/c3dc378091204e/US20170132785A1-20170511-D00000.png
US-2015193379-A1,System and method for cognizant time-based reminders ,Apple Inc.,Sarin S. Mehta,2014-01-06,2014-11-17,2015-07-09,,https://patents.google.com/patent/US20150193379A1/en,https://patentimages.storage.googleapis.com/80/1e/60/90921e3002d1ef/US20150193379A1-20150709-D00000.png
US-7478091-B2,System and method for measuring image similarity based on semantic meaning ,International Business Machines Corporation,"Aleksandra Mojsilovic, Bernice Rogowitz, Jose Gomes",2002-04-15,2006-02-21,2009-01-13,2009-01-13,https://patents.google.com/patent/US7478091B2/en,https://patentimages.storage.googleapis.com/cb/b8/38/ff79abbf986631/US07478091-20090113-D00000.png
US-5721938-A,Method and device for parsing and analyzing natural language sentences and text ,Stuckey; Barbara K.,Barbara K. Stuckey,1995-06-07,1995-06-07,1998-02-24,1998-02-24,https://patents.google.com/patent/US5721938A/en,https://patentimages.storage.googleapis.com/c4/68/30/af4b733928a903/US5721938-drawings-page-2.png
US-7168035-B1,Building a view on markup language data through a set of components ,Microsoft Corporation,"Joshua S. Bell, Alessandro Catorcini, Andrew Paul Begun, Jean D. Paoli, Jun Jin, Laurent Mollicone, Willson Kulandai Raj",2003-06-11,2003-06-11,2007-01-23,2007-01-23,https://patents.google.com/patent/US7168035B1/en,https://patentimages.storage.googleapis.com/e3/82/8f/4611e82c0036c4/US07168035-20070123-D00000.png
US-5781914-A,"Converting documents, with links to other electronic information, between hardcopy and electronic formats ","Ricoh Company, Ltd., Ricoh Corporation","David G. Stork, K. Venkatesh Prasad",1995-06-30,1995-06-30,1998-07-14,1998-07-14,https://patents.google.com/patent/US5781914A/en,https://patentimages.storage.googleapis.com/3d/21/73/6f2eb0102a151c/US5781914-drawings-page-2.png
US-6268853-B1,Data structure for use in enterprise controls ,"Rockwell Technologies, L.L.C.","Josiah C. Hoskins, Ruven E. Brooks",1999-09-30,1999-09-30,2001-07-31,2001-07-31,https://patents.google.com/patent/US6268853B1/en,https://patentimages.storage.googleapis.com/2d/21/bb/a1de9fc6dc474f/US6268853-drawings-page-2.png
US-5970482-A,System for data mining using neuroagents ,Datamind Corporation,"Khai Minh Pham, Eric Bertrand Rajkovic, Veronique Piffero",1996-02-12,1996-02-12,1999-10-19,1999-10-19,https://patents.google.com/patent/US5970482A/en,https://patentimages.storage.googleapis.com/c3/c5/d0/9ef0465dcd0a44/US5970482-drawings-page-3.png
US-6055531-A,Down-line transcription system having context sensitive searching capability ,Engate Incorporated,"James D. Bennett, Lawrence M. Jarvis",1993-03-24,1997-06-23,2000-04-25,2000-04-25,https://patents.google.com/patent/US6055531A/en,https://patentimages.storage.googleapis.com/21/dc/9f/5294f6c46df7fe/US6055531-drawings-page-2.png
US-8359124-B2,Energy optimization system ,General Electric Company,"Zhi Zhou, Juan Manuel De Bedout, John Michael Kern, Emrah Biyik, Ramu Sharat Chandra",2009-11-05,2009-12-17,2013-01-22,2013-01-22,https://patents.google.com/patent/US8359124B2/en,https://patentimages.storage.googleapis.com/ed/68/10/2fc5502b44a2ff/US08359124-20130122-D00000.png
US-5288985-A,Instant portable bar code reader ,Norand Corporation,"George E. Chadima, Jr., Vadim Laser",1981-12-28,1992-08-31,1994-02-22,1994-02-22,https://patents.google.com/patent/US5288985A/en,https://patentimages.storage.googleapis.com/98/91/72/001eb5b7e18996/US5288985-drawings-page-3.png
US-11194972-B1,Semantic sentiment analysis method fusing in-depth features and time sequence models ,"Institute Of Automation, Chinese Academy Of Sciences","Jianhua Tao, Ke Xu, Bin Liu, Yongwei Li",2021-02-19,2021-09-01,2021-12-07,2021-12-07,https://patents.google.com/patent/US11194972B1/en,https://patentimages.storage.googleapis.com/69/bb/ef/918549c92d4fce/US11194972-20211207-D00000.png
US-2008221866-A1,Machine Learning For Transliteration ,"Lalitesh Katragadda, Pawan Deshpande, Anupama Dutta, Nitin Arora","Lalitesh Katragadda, Pawan Deshpande, Anupama Dutta, Nitin Arora",2007-03-06,2008-03-06,2008-09-11,,https://patents.google.com/patent/US20080221866A1/en,https://patentimages.storage.googleapis.com/d4/30/29/8492cbcdef3222/US20080221866A1-20080911-D00000.png
US-5475587-A,Method and apparatus for efficient morphological text analysis using a high-level language for compact specification of inflectional paradigms ,Digital Equipment Corporation,"Peter G. Anick, Suzanne O. Artemieff",1991-06-28,1991-07-12,1995-12-12,1995-12-12,https://patents.google.com/patent/US5475587A/en,https://patentimages.storage.googleapis.com/24/7d/aa/e796826619bc7e/US5475587-drawings-page-2.png
US-8006180-B2,Spell checking in network browser based applications ,Mircrosoft Corporation,"Brian R. Tunning, Omar H. Shahine, Walter Hsueh, Imran I. Qureshi",2006-01-10,2006-01-10,2011-08-23,2011-08-23,https://patents.google.com/patent/US8006180B2/en,https://patentimages.storage.googleapis.com/cd/b2/e7/983c81a17f5a4d/US08006180-20110823-D00000.png
US-5128525-A,Convolution filtering for decoding self-clocking glyph shape codes ,Xerox Corporation,"Richard G. Stearns, David L. Hecht, Dan S. Bloomberg",1990-07-31,1990-07-31,1992-07-07,1992-07-07,https://patents.google.com/patent/US5128525A/en,https://patentimages.storage.googleapis.com/d0/6b/3b/e8d0a13d096b35/US5128525-drawings-page-2.png
US-6820075-B2,Document-centric system with auto-completion ,Xerox Corporation,"James G. Shanahan, Gregory T. Grefenstette",2001-08-13,2001-12-05,2004-11-16,2004-11-16,https://patents.google.com/patent/US6820075B2/en,https://patentimages.storage.googleapis.com/5f/2b/6d/6496d617496776/US06820075-20041116-D00000.png
US-5450537-A,Method and apparatus for completing a partially completed document in accordance with a blank form from data automatically retrieved from a database ,"Hitachi, Ltd.","Chiaki Hirai, Hidefumi Kondo",1989-12-08,1993-11-04,1995-09-12,1995-09-12,https://patents.google.com/patent/US5450537A/en,https://patentimages.storage.googleapis.com/05/f3/f3/29e4160d3a3bfe/US5450537-drawings-page-2.png
US-2005221341-A1,Sequence-based karyotyping ,"Shimkets Richard A, Braverman Michael S","Richard Shimkets, Michael Braverman",2003-10-22,2004-10-22,2005-10-06,,https://patents.google.com/patent/US20050221341A1/en,https://patentimages.storage.googleapis.com/be/d0/19/966539ccc66d8d/US20050221341A1-20051006-D00001.png
US-6119944-A,Down-loadable hand-held optical reader ,"Symbol Technologies, Inc.","Altaf Mulla, Robert Sanders, John Lert, Jr., Joseph Katz, Chinh Tan, Ed Barkan, Howard Shepard",1997-02-03,1997-02-03,2000-09-19,2000-09-19,https://patents.google.com/patent/US6119944A/en,https://patentimages.storage.googleapis.com/d4/24/54/ec8e15faf0c80f/US6119944-drawings-page-3.png
US-6470306-B1,"Automated translation of annotated text based on the determination of locations for inserting annotation tokens and linked ending, end-of-sentence or language tokens ",Logovista Corporation,"Lewis G. Pringle, Robert W. Swerdlow, Alec Wysoker",1996-04-23,1997-06-09,2002-10-22,2002-10-22,https://patents.google.com/patent/US6470306B1/en,https://patentimages.storage.googleapis.com/86/8f/63/c06c4b9946cc50/US6470306-drawings-page-3.png
US-2003040957-A1,Advertising employing watermarking ,Willam Y. Conwell,"Tony F. Rodriguez, Geoffey B. Rhoads, J. Scott Carr, Bruce L. Davis",1995-07-27,1999-06-29,2003-02-27,,https://patents.google.com/patent/US20030040957A1/en,https://patentimages.storage.googleapis.com/61/43/46/8b28edac2686b3/US20030040957A1-20030227-D00000.png
US-5541419-A,Symbology reader wth reduced specular reflection ,Intermec Corporation,Kevork G. Arackellian,1994-03-21,1994-03-21,1996-07-30,1996-07-30,https://patents.google.com/patent/US5541419A/en,https://patentimages.storage.googleapis.com/90/a3/6e/683c960a55ed99/US5541419-drawings-page-2.png
US-5267345-A,Speech recognition apparatus which predicts word classes from context and words from word classes ,International Business Machines Corporation,"Peter F. Brown, Stephen A. Della Pietra, Vincent J. Della Pietra, Robert L. Mercer, Philip S. Resnik, Stanley S. Chen",1992-02-10,1992-02-10,1993-11-30,1993-11-30,https://patents.google.com/patent/US5267345A/en,https://patentimages.storage.googleapis.com/49/a3/05/71aca5ee197292/US5267345-drawings-page-2.png
US-6314415-B1,Automated forms publishing system and method using a rule-based expert system to dynamically generate a graphical user interface ,Cch Incorporated,Krishna C. Mukherjee,1998-11-04,1998-11-04,2001-11-06,2001-11-06,https://patents.google.com/patent/US6314415B1/en,https://patentimages.storage.googleapis.com/a9/cc/79/ea0fd5015d7f6f/US6314415-drawings-page-2.png
US-5550366-A,Optical scanner with automatic activation ,Roustaei; Alexander,Alexander Roustaei,1994-06-20,1994-06-20,1996-08-27,1996-08-27,https://patents.google.com/patent/US5550366A/en,https://patentimages.storage.googleapis.com/d7/b7/8b/e477a819677682/US5550366-drawings-page-2.png
US-2004068415-A1,"System, methods and apparatus for coordination of and targeting for mobile robotic vehicles ",Neal Solomon,Neal Solomon,2002-04-22,2003-04-22,2004-04-08,,https://patents.google.com/patent/US20040068415A1/en,https://patentimages.storage.googleapis.com/8a/2b/ac/28b573ee7e2f9a/US20040068415A1-20040408-D00000.png
US-5963966-A,Automated capture of technical documents for electronic review and distribution ,Cybernet Systems Corporation,"Brian T. Mitchell, Margaret J. Whalen",1995-11-08,1996-11-08,1999-10-05,1999-10-05,https://patents.google.com/patent/US5963966A/en,https://patentimages.storage.googleapis.com/f3/45/f0/9bc1dfd60fde0a/US5963966-drawings-page-2.png
US-2004148170-A1,Statistical classifiers for spoken language understanding and command/control scenarios ,"Alejandro Acero, Ciprian Chelba, Wang Yeyi, Leon Wong, Ravi Shahani, Michael Calcagno, Domenic Cipollone, Curtis Huttenhower","Alejandro Acero, Ciprian Chelba, YeYi Wang, Leon Wong, Ravi Shahani, Michael Calcagno, Domenic Cipollone, Curtis Huttenhower",2003-01-23,2003-05-30,2004-07-29,,https://patents.google.com/patent/US20040148170A1/en,https://patentimages.storage.googleapis.com/0f/01/64/d346a45948bf7b/US20040148170A1-20040729-D00000.png
US-6604021-B2,Communication robot ,Advanced Telecommunications Research Institute International,"Michita Imai, Hiroshi Ishiguro, Tesuo Ono, Takeshi Maeda, Takayuki Kanda",2001-06-21,2001-06-21,2003-08-05,2003-08-05,https://patents.google.com/patent/US6604021B2/en,https://patentimages.storage.googleapis.com/d0/38/f3/685ec036c9b1f6/US06604021-20030805-D00000.png
US-5942741-A,Apparatus for optimizing throughput in decoded-output scanners and method of using same ,"Welch Allyn, Inc.","Andrew Longacre, Jr., Robert M. Hussey",1994-03-04,1997-08-19,1999-08-24,1999-08-24,https://patents.google.com/patent/US5942741A/en,https://patentimages.storage.googleapis.com/26/ec/81/e795d45a28801f/US5942741-drawings-page-2.png
US-6431452-B2,Portable data collection device with variable focusing module for optic assembly ,Metanetics Corporation,Chen Feng,1997-01-31,2001-01-30,2002-08-13,2002-08-13,https://patents.google.com/patent/US6431452B2/en,https://patentimages.storage.googleapis.com/3f/ee/a3/4edf9fc3dfeb61/US06431452-20020813-D00000.png
US-6373965-B1,Apparatus and methods for authentication using partially fluorescent graphic images and OCR characters ,"Angstrom Technologies, Inc.",Louis H. Liang,1994-06-24,1999-10-27,2002-04-16,2002-04-16,https://patents.google.com/patent/US6373965B1/en,https://patentimages.storage.googleapis.com/eb/e2/a6/968e0898abdef6/US6373965-drawings-page-3.png
US-8020104-B2,Contextual responses based on automated learning techniques ,Microsoft Corporation,"James O. Robarts, Eric L. Matteson",1998-12-18,2005-01-11,2011-09-13,2011-09-13,https://patents.google.com/patent/US8020104B2/en,https://patentimages.storage.googleapis.com/bb/dd/b2/9c24d114b7ce15/US08020104-20110913-D00000.png
US-5623137-A,Illumination apparatus for optical readers ,"Welch Allyn, Inc.","Jeffrey B. Powers, William H. Havens, Thomas W. Karpen",1993-08-20,1995-03-30,1997-04-22,1997-04-22,https://patents.google.com/patent/US5623137A/en,https://patentimages.storage.googleapis.com/bd/04/4c/4994db517d967c/US5623137-drawings-page-2.png
US-6048690-A,Methods for electronic fluorescent perturbation for analysis and electronic perturbation catalysis for synthesis ,"Nanogen, Inc.","Michael J. Heller, Eugene Tu, Ronald G. Sosnowski, James P. O'Connell",1991-11-07,1997-05-14,2000-04-11,2000-04-11,https://patents.google.com/patent/US6048690A/en,https://patentimages.storage.googleapis.com/94/ee/51/72180c9956dfa3/US6048690-drawings-page-3.png
US-6223984-B1,"Distinct smart card reader having wiegand, magnetic strip and bar code types emulation output ","Cybermark, Inc.","G. Fred Renner, Randall E. Johnson, Caroline Chu-Jeng",1995-03-31,1997-06-06,2001-05-01,2001-05-01,https://patents.google.com/patent/US6223984B1/en,https://patentimages.storage.googleapis.com/70/54/dd/1518d11a1ae52d/US6223984-drawings-page-3.png
US-6208971-B1,Method and apparatus for command recognition using data-driven semantic inference ,"Apple Computer, Inc.","Jerome R. Bellegarda, Kim E. A. Silverman",1998-10-30,1998-10-30,2001-03-27,2001-03-27,https://patents.google.com/patent/US6208971B1/en,https://patentimages.storage.googleapis.com/6b/3b/d5/b4f96b6ddeb6fa/US6208971-drawings-page-2.png
US-5991713-A,"Efficient method for compressing, storing, searching and transmitting natural language text ",International Business Machines Corp.,"Jay Unger, Glen Fuller",1997-11-26,1997-11-26,1999-11-23,1999-11-23,https://patents.google.com/patent/US5991713A/en,https://patentimages.storage.googleapis.com/db/4f/b5/e7b10928a4d740/US5991713-drawings-page-2.png
US-5745654-A,Fast explanations of scored observations ,"Hnc Software, Inc.",Hari Titan,1996-02-13,1996-02-13,1998-04-28,1998-04-28,https://patents.google.com/patent/US5745654A/en,https://patentimages.storage.googleapis.com/14/a5/31/8d00199efb0ee2/US5745654-drawings-page-2.png
KR-100810500-B1,Method for enhancing usability in a spoken dialog system ,한국전자통신연구원,"윤승, 김상훈",2005-12-08,2006-06-23,2008-03-07,2008-03-07,https://patents.google.com/patent/KR100810500B1/en,https://patentimages.storage.googleapis.com/bd/d5/30/ecf070921d752a/112006044608709-pat00001.png
US-5377103-A,Constrained natural language interface for a computer that employs a browse function ,International Business Machines Corporation,"Donna M. Lamberti, John M. Prager, Mark A. Nappari",1992-05-15,1992-05-15,1994-12-27,1994-12-27,https://patents.google.com/patent/US5377103A/en,https://patentimages.storage.googleapis.com/e0/f2/37/69523cee4914f2/US5377103-drawings-page-2.png
US-5794234-A,Method and system for providing electronic commerce between incompatible data processing systems ,The Ec Company,"Craig A Church, Joel Chaban, Mark Erbaugh",1996-08-14,1996-08-14,1998-08-11,1998-08-11,https://patents.google.com/patent/US5794234A/en,https://patentimages.storage.googleapis.com/b7/d5/c6/a570243989203c/US5794234-drawings-page-2.png
US-2004088647-A1,Web-based XML document processing system ,"Miller Adrian S., Lawyer James P.","Adrian Miller, James Lawyer",2002-11-06,2002-11-06,2004-05-06,,https://patents.google.com/patent/US20040088647A1/en,https://patentimages.storage.googleapis.com/a5/ff/46/b1c9321ae79e40/US20040088647A1-20040506-D00000.png
US-5535120-A,Machine translation and telecommunications system using user ID data to select dictionaries ,Trans-Link International Corp.,"Leighton K. Chong, Christine K. Kamprath",1990-12-31,1995-06-07,1996-07-09,1996-07-09,https://patents.google.com/patent/US5535120A/en,https://patentimages.storage.googleapis.com/46/be/e9/37e613eec7c9ad/US5535120-drawings-page-2.png
US-7469550-B2,System and method for controlling appliances and thermostat for use therewith ,Robertshaw Controls Company,"John Gilman Chapman, Jr., Nicholas Ashworth, Robert Burt, Timothy E. Wallaert, Joseph P. Rao",2004-01-08,2006-04-27,2008-12-30,2008-12-30,https://patents.google.com/patent/US7469550B2/en,https://patentimages.storage.googleapis.com/14/a3/32/68d65914171f4d/US07469550-20081230-D00000.png
US-6180427-B1,Method of manufacture of a thermally actuated ink jet including a tapered heater element ,Silverbrook Research Pty. Ltd.,Kia Silverbrook,1997-07-15,1998-07-10,2001-01-30,2001-01-30,https://patents.google.com/patent/US6180427B1/en,https://patentimages.storage.googleapis.com/2a/a8/33/eeda7a8383d8b5/US6180427-drawings-page-2.png
US-6658626-B1,User interface for displaying document comparison information ,The Regents Of The University Of California,Alexander Aiken,1998-07-31,1999-09-03,2003-12-02,2003-12-02,https://patents.google.com/patent/US6658626B1/en,https://patentimages.storage.googleapis.com/55/83/98/98a4a996e0cf05/US6658626-drawings-page-3.png
US-7401057-B2,Entity centric computer system ,"Asset Trust, Inc.",Jeff Scott Eder,2002-12-10,2003-11-19,2008-07-15,2008-07-15,https://patents.google.com/patent/US7401057B2/en,https://patentimages.storage.googleapis.com/7a/be/d8/26aeaf3f3dc645/US07401057-20080715-D00000.png
US-6487566-B1,Transforming documents using pattern matching and a replacement language ,International Business Machines Corporation,Neelakantan Sundaresan,1998-10-05,1998-10-05,2002-11-26,2002-11-26,https://patents.google.com/patent/US6487566B1/en,https://patentimages.storage.googleapis.com/18/17/8e/121bfd56df9912/US6487566-drawings-page-2.png
US-6173260-B1,System and method for automatic classification of speech based upon affective content ,Interval Research Corporation,Malcolm Slaney,1997-10-29,1998-03-31,2001-01-09,2001-01-09,https://patents.google.com/patent/US6173260B1/en,https://patentimages.storage.googleapis.com/99/24/52/9eca907d3ecd8c/US6173260-drawings-page-3.png
US-6758403-B1,System for editing data collection device message data ,"Psc Scanning, Inc.","Barry Keys, Stephen P. Deloge, Larry Ramsey-Macomber",2001-09-11,2001-09-11,2004-07-06,2004-07-06,https://patents.google.com/patent/US6758403B1/en,https://patentimages.storage.googleapis.com/b3/ee/1f/fb20ec61fcbb19/US06758403-20040706-D00000.png
US-7092888-B1,Unsupervised training in natural language call routing ,Verizon Corporate Services Group Inc.,"Daniel J. McCarthy, Premkumar Natarajan",2001-10-26,2002-10-24,2006-08-15,2006-08-15,https://patents.google.com/patent/US7092888B1/en,https://patentimages.storage.googleapis.com/bc/60/fe/21b89abafac1c1/US07092888-20060815-D00000.png
US-5859636-A,Recognition of and operation on text data ,Intel Corporation,Milind S. Pandit,1995-12-27,1995-12-27,1999-01-12,1999-01-12,https://patents.google.com/patent/US5859636A/en,https://patentimages.storage.googleapis.com/a5/62/b1/6e82f80231d6fd/US5859636-drawings-page-2.png
US-10133933-B1,Item put and take detection using image recognition ,"Standard Cognition, Corp","Jordan E. Fisher, Daniel L. Fischetti, Brandon L. Ogle, John F. Novak, Kyle E. Dorman, Kenneth S. Kihara, Juan C. Lasheras",2017-08-07,2018-02-27,2018-11-20,2018-11-20,https://patents.google.com/patent/US10133933B1/en,https://patentimages.storage.googleapis.com/ae/c5/1a/2d24a160e8ecae/US10133933-20181120-D00000.png
US-7652577-B1,Systems and methods of beamforming in radio frequency identification applications ,"Checkpoint Systems, Inc.","Upamanyu Madhow, Ben J. Wild, Kannan Ramchandran",2006-02-04,2007-02-05,2010-01-26,2010-01-26,https://patents.google.com/patent/US7652577B1/en,https://patentimages.storage.googleapis.com/66/f9/da/a16426570c1116/US07652577-20100126-D00000.png
US-7818165-B2,Method and system for language identification ,International Business Machines Corporation,"Richard Carlgren, Daniel McCloskey, Alexei Nevidomski, Brian O'Donovan, Mayo Takeuchi, Alexandre Troussov, Pavel Volkov",2005-04-07,2005-07-26,2010-10-19,2010-10-19,https://patents.google.com/patent/US7818165B2/en,https://patentimages.storage.googleapis.com/83/10/da/62f67f75464fb6/US07818165-20101019-D00000.png
US-5546538-A,System for processing handwriting written by user of portable computer by server or processing by the computer when the computer no longer communicate with server ,Intel Corporation,"David A. Cobbley, James A. Valerio, Frederick J. Pollack",1993-12-14,1993-12-14,1996-08-13,1996-08-13,https://patents.google.com/patent/US5546538A/en,https://patentimages.storage.googleapis.com/dc/d7/80/b3b5303ce6f9e4/US5546538-drawings-page-2.png
US-6278968-B1,Method and apparatus for adaptive speech recognition hypothesis construction and selection in a spoken language translation system ,"Sony Corporation, Sony Electronics, Inc.","Alexander M. Franz, Keiko Horiguchi",1999-01-29,1999-01-29,2001-08-21,2001-08-21,https://patents.google.com/patent/US6278968B1/en,https://patentimages.storage.googleapis.com/25/67/89/ae06f925a15fd9/US6278968-drawings-page-3.png
US-8082498-B2,Systems and methods for automatic spell checking of dynamically generated web pages ,"Appfolio, Inc.","David SALAMON, Jonathan Walker",2008-05-27,2008-05-27,2011-12-20,2011-12-20,https://patents.google.com/patent/US8082498B2/en,https://patentimages.storage.googleapis.com/b3/ad/05/057aa1eea53e7e/US08082498-20111220-D00000.png
US-6681028-B2,Paper-based control of computer systems ,Digimarc Corporation,"Tony F. Rodriguez, Jonathan Scott Carr, Geoffrey B. Rhoads",1995-07-27,1999-05-19,2004-01-20,2004-01-20,https://patents.google.com/patent/US6681028B2/en,https://patentimages.storage.googleapis.com/c1/98/88/88492623c9dc9d/US6681028-drawings-page-6.png
US-6254003-B1,Optical reader exposure control apparatus comprising illumination level detection circuitry ,"Welch Allyn Data Collection, Inc.","John A. Pettinelli, Dennis McEnery",1995-12-18,1998-06-18,2001-07-03,2001-07-03,https://patents.google.com/patent/US6254003B1/en,https://patentimages.storage.googleapis.com/bf/d2/53/afc31433d42fb0/US6254003-drawings-page-2.png
US-5619995-A,Motion video transformation system and method ,Lobodzinski; Suave M.,Suave M. Lobodzinski,1991-11-12,1994-06-14,1997-04-15,1997-04-15,https://patents.google.com/patent/US5619995A/en,https://patentimages.storage.googleapis.com/d9/ca/e2/ca3ff64f67399b/US5619995-drawings-page-2.png
US-5848184-A,Document page analyzer and method ,Unisys Corporation,"Suzanne Amy Taylor, Mark Lipshutz",1993-03-15,1995-06-30,1998-12-08,1998-12-08,https://patents.google.com/patent/US5848184A/en,https://patentimages.storage.googleapis.com/d5/fe/13/7b01f616b88de1/US5848184-drawings-page-3.png
US-9081411-B2,Rapid development of virtual personal assistant applications ,Sri International,"Edgar T. Kalns, Dayne B. Freitag, William S. Mark, Necip Fazil Ayan, Michael J. Wolverton, Thomas J. Lee",2013-05-10,2013-05-10,2015-07-14,2015-07-14,https://patents.google.com/patent/US9081411B2/en,https://patentimages.storage.googleapis.com/4d/0c/7f/8c5a81f2b69c90/US09081411-20150714-D00000.png
US-5113445-A,System for encoding data in machine readable graphic form ,Symbol Technologies Inc.,Ynjiun P. Wang,1990-07-09,1991-02-11,1992-05-12,1992-05-12,https://patents.google.com/patent/US5113445A/en,https://patentimages.storage.googleapis.com/a2/f3/b4/d8a80109f8d5c4/US5113445-drawings-page-2.png
US-5237502-A,Method and apparatus for paraphrasing information contained in logical forms ,International Business Machines Corporation,"Brian F. White, Ivan P. Bretan, Mohammad A. Sanamrad",1990-09-04,1991-08-26,1993-08-17,1993-08-17,https://patents.google.com/patent/US5237502A/en,https://patentimages.storage.googleapis.com/0c/09/d9/23a8d84af80319/US5237502-drawings-page-2.png
US-5493107-A,Shelf price label and product placement verification method and apparatus ,Digicomp Research Corporation,"Om P. Gupta, Robert C. Ricketson",1993-05-07,1994-10-18,1996-02-20,1996-02-20,https://patents.google.com/patent/US5493107A/en,https://patentimages.storage.googleapis.com/55/f9/39/ec41e5d373764a/US5493107-drawings-page-2.png
US-5956709-A,Dynamic data assembling on internet client side ,Xue; Yansheng,Yansheng Xue,1997-07-28,1997-07-28,1999-09-21,1999-09-21,https://patents.google.com/patent/US5956709A/en,https://patentimages.storage.googleapis.com/14/34/b5/faffde8ebd1bbd/US5956709-drawings-page-2.png
US-6786877-B2,inertial orientation tracker having automatic drift compensation using an at rest sensor for tracking parts of a human body ,Masschusetts Institute Of Technology,Eric M. Foxlin,1994-06-16,2001-12-18,2004-09-07,2004-09-07,https://patents.google.com/patent/US6786877B2/en,https://patentimages.storage.googleapis.com/ec/1e/c2/4a9761c2a2b15d/US06786877-20040907-D00000.png
US-5957857-A,Apparatus and method for automatic sensing threshold determination in cardiac pacemakers ,"Cardiac Pacemakers, Inc.",Jesse W. Hartley,1998-05-07,1998-05-07,1999-09-28,1999-09-28,https://patents.google.com/patent/US5957857A/en,https://patentimages.storage.googleapis.com/14/75/b0/26f1fb799c160c/US5957857-drawings-page-2.png
US-5778404-A,String inserter for pen-based computer systems and method for providing same ,"Apple Computer, Inc.","Stephen P. Capps, Ernest H. Beernink, David T. Temkin",1995-08-07,1995-08-07,1998-07-07,1998-07-07,https://patents.google.com/patent/US5778404A/en,https://patentimages.storage.googleapis.com/c6/5f/eb/db0b5684167edd/US5778404-drawings-page-2.png
US-6581839-B1,Transaction card ,"American Express Travel Related Services Company, Inc.","Ellen Lasch, Lisa Webb, Judy Vigiletti, William J. Faenza, Jr.",1999-09-07,2000-09-01,2003-06-24,2003-06-24,https://patents.google.com/patent/US6581839B1/en,https://patentimages.storage.googleapis.com/7a/a9/86/168f0580ca2f02/US06581839-20030624-D00000.png
US-9989560-B2,Interference detector for patient monitor ,Masimo Corporation,"Jeroen Poeze, Jesse Chen, Mathew Paul, Marcelo Lamego, Massi Joe E. Kiani",2009-07-24,2014-06-05,2018-06-05,2018-06-05,https://patents.google.com/patent/US9989560B2/en,https://patentimages.storage.googleapis.com/e7/d5/da/0044ba23eeb2e3/US09989560-20180605-D00000.png
US-2009228273-A1,Handwriting-based user interface for correction of speech recognition errors ,Microsoft Corporation,"Lijuan Wang, Frank Kao-Ping Soong",2008-03-05,2008-03-05,2009-09-10,,https://patents.google.com/patent/US20090228273A1/en,https://patentimages.storage.googleapis.com/2d/49/81/3b80382d86ef1d/US20090228273A1-20090910-D00000.png
US-6014663-A,"System, method, and computer program product for comparing text portions by reference to index information ","Aurigin Systems, Inc.","Kevin G. Rivette, Irving S. Rappaport, Patrick O'Brien",1996-01-23,1998-04-10,2000-01-11,2000-01-11,https://patents.google.com/patent/US6014663A/en,https://patentimages.storage.googleapis.com/4a/60/1b/c49ca01bc5a2f1/US6014663-drawings-page-3.png
US-6832729-B1,Portable data collection device for reading fluorescent indicia ,Zih Corp.,"Richard A. Perry, Michael J. Natalizia, Roy P. Lyman, Richard J. Preliasco, Steven F. Petteruti",2001-03-23,2002-03-22,2004-12-21,2004-12-21,https://patents.google.com/patent/US6832729B1/en,https://patentimages.storage.googleapis.com/ba/d7/89/aa084ab979019b/US06832729-20041221-D00000.png
US-6879850-B2,Pulse oximeter with motion detection ,Optical Sensors Incorporated,Victor E. Kimball,2002-08-16,2002-08-16,2005-04-12,2005-04-12,https://patents.google.com/patent/US6879850B2/en,https://patentimages.storage.googleapis.com/7a/ae/3e/9be7fb20fc5c17/US06879850-20050412-D00000.png
US-5479600-A,Attribute-enhanced scroll bar system and method ,"Wroblewski; David A., Hill; William C., Mccandless; Timothy P.","David A. Wroblewski, William C. Hill, Timothy P. McCandless",1990-05-14,1994-08-01,1995-12-26,1995-12-26,https://patents.google.com/patent/US5479600A/en,https://patentimages.storage.googleapis.com/38/7d/97/fc01aaa6ab5b4f/US5479600-drawings-page-2.png
US-5991710-A,Statistical translation system with features based on phrases or groups of words ,International Business Machines Corporation,"Kishore Ananda Papineni, Salim Estephan Roukos, Robert Todd Ward",1997-05-20,1997-05-20,1999-11-23,1999-11-23,https://patents.google.com/patent/US5991710A/en,https://patentimages.storage.googleapis.com/7f/c6/d9/dc73999a984362/US5991710-drawings-page-2.png
US-5608417-A,RF transponder system with parallel resonant interrogation series resonant response ,Palomar Technologies Corporation,Franklin B. de Vall,1994-09-30,1996-05-16,1997-03-04,1997-03-04,https://patents.google.com/patent/US5608417A/en,https://patentimages.storage.googleapis.com/b1/a6/47/26f1eafd7a2b51/US5608417-drawings-page-2.png
US-5827195-A,Electrocardiogram noise reduction using multi-dimensional filtering ,"Cambridge Heart, Inc.",Paul Lander,1997-05-09,1997-05-09,1998-10-27,1998-10-27,https://patents.google.com/patent/US5827195A/en,https://patentimages.storage.googleapis.com/2b/4f/12/a7b13265a3d564/US5827195-drawings-page-4.png
US-6483427-B1,Article tracking system ,"Rf Technologies, Inc.",Jay Werb,1996-10-17,2000-03-09,2002-11-19,2002-11-19,https://patents.google.com/patent/US6483427B1/en,https://patentimages.storage.googleapis.com/42/2e/e1/ac73ceb0824a74/US06483427-20021119-D00000.png
US-6637658-B2,Optical reader having partial frame operating mode ,"Welch Allyn, Inc.","Charles P. Barber, Carl W. Gerst, III, II George S. Smith, Robert M. Hussey, Robert Gardiner, Matthew Pankow",2001-01-22,2001-01-22,2003-10-28,2003-10-28,https://patents.google.com/patent/US6637658B2/en,https://patentimages.storage.googleapis.com/25/76/14/8f407c053d10df/US06637658-20031028-D00000.png
US-6583798-B1,On-object user interface ,Microsoft Corporation,"Tjeerd Hoek, Glenn Frankel",2000-07-21,2000-07-21,2003-06-24,2003-06-24,https://patents.google.com/patent/US6583798B1/en,https://patentimages.storage.googleapis.com/77/7d/79/8c887d8c323a47/US06583798-20030624-D00000.png
US-2010050064-A1,System and method for selecting a multimedia presentation to accompany text ,"At & T Labs, Inc.","Zhu Liu, Andrea Basso, Lee Begeja, David C. Gibbon, Bernard S. Renger, Behzad Shahraray",2008-08-22,2008-08-22,2010-02-25,,https://patents.google.com/patent/US20100050064A1/en,https://patentimages.storage.googleapis.com/73/73/c8/1596f29c086f1d/US20100050064A1-20100225-D00000.png
US-6152369-A,"System for storing, accessing and displaying html encoded ","Metrologic Instruments, Inc.","David M. Wilz, Sr., C. Harry Knowles",1990-09-11,1997-08-04,2000-11-28,2000-11-28,https://patents.google.com/patent/US6152369A/en,https://patentimages.storage.googleapis.com/pages/US6152369-10.png
US-6012071-A,Distributed electronic publishing system ,"Futuretense, Inc.","B. C. Krishna, Julie Melbin, Daniel E. Latham",1996-01-29,1997-01-29,2000-01-04,2000-01-04,https://patents.google.com/patent/US6012071A/en,https://patentimages.storage.googleapis.com/8c/eb/38/9cbe04d53bd548/US6012071-drawings-page-4.png
US-6566997-B1,Interference control method for RFID systems ,Hid Corporation,John P. Bradin,1999-12-03,1999-12-03,2003-05-20,2003-05-20,https://patents.google.com/patent/US6566997B1/en,https://patentimages.storage.googleapis.com/70/e0/41/a2a8dabbe48f68/US6566997-drawings-page-2.png
US-10127438-B1,Predicting inventory events using semantic diffing ,"Standard Cognition, Corp","Jordan E. Fisher, Daniel L. Fischetti, Brandon L. Ogle, John F. Novak, Kyle E. Dorman, Kenneth S. Kihara, Juan C. Lasheras",2017-08-07,2018-04-04,2018-11-13,2018-11-13,https://patents.google.com/patent/US10127438B1/en,https://patentimages.storage.googleapis.com/c0/2e/2f/7845e069d81143/US10127438-20181113-D00000.png
US-5835893-A,Class-based word clustering for speech recognition using a three-level balanced hierarchical similarity ,Atr Interpreting Telecommunications Research Labs,Akira Ushioda,1996-02-15,1996-04-18,1998-11-10,1998-11-10,https://patents.google.com/patent/US5835893A/en,https://patentimages.storage.googleapis.com/90/f7/66/e0919b867134c4/US5835893-drawings-page-3.png
US-6705990-B1,Method and apparatus for monitoring physiologic parameters of a living subject ,"Tensys Medical, Inc.","Stuart L. Gallant, William H. Markle",2000-07-25,2000-07-25,2004-03-16,2004-03-16,https://patents.google.com/patent/US6705990B1/en,https://patentimages.storage.googleapis.com/b2/fa/ec/d765967ea9e340/US06705990-20040316-D00000.png
US-7940999-B2,System and method for learning-based 2D/3D rigid registration for image-guided surgery using Jensen-Shannon divergence ,"Siemens Medical Solutions Usa, Inc.","Rui Liao, Christoph Guetter, Chenyang Xu, Yiyong Sun, Ali Khamene, Frank Sauer",2006-04-24,2007-03-15,2011-05-10,2011-05-10,https://patents.google.com/patent/US7940999B2/en,https://patentimages.storage.googleapis.com/41/dc/8c/db3665da024364/US07940999-20110510-D00000.png
US-8515736-B1,Training call routing applications by reusing semantically-labeled data collected for prior applications ,"Nuance Communications, Inc.",Nicolae Duta,2010-09-30,2010-09-30,2013-08-20,2013-08-20,https://patents.google.com/patent/US8515736B1/en,https://patentimages.storage.googleapis.com/87/9b/0c/81dc6dae5285d8/US08515736-20130820-D00000.png
US-6731700-B1,Soft decision output generator ,Comsys Communication & Signal Processing Ltd.,"Evgeny Yakhnich, Ehud Reshef",2001-01-04,2001-01-04,2004-05-04,2004-05-04,https://patents.google.com/patent/US6731700B1/en,https://patentimages.storage.googleapis.com/69/e2/fe/0afbd572cadc4c/US06731700-20040504-D00000.png
US-7376632-B1,"Model and method for using an interactive rational agent, multiagent server and system implementing same ",France Telecom,"David Sadek, Philippe Bretier, Franck Panaget",1998-12-23,1999-12-21,2008-05-20,2008-05-20,https://patents.google.com/patent/US7376632B1/en,https://patentimages.storage.googleapis.com/6b/08/15/f516315a0c047d/US7376632-drawings-page-4.png
US-5839438-A,Computer-based neural network system and method for medical diagnosis and interpretation ,"Neuralmed, Inc.","Timothy Joseph Graettinger, Paul Alton DuBose",1996-09-10,1996-09-10,1998-11-24,1998-11-24,https://patents.google.com/patent/US5839438A/en,https://patentimages.storage.googleapis.com/1d/0d/26/426976ff811f62/US5839438-drawings-page-2.png
US-6229533-B1,Ghost object for a virtual world ,Fujitsu Limited,"Randy Farmer, John E. Onusko",1996-08-02,1996-08-02,2001-05-08,2001-05-08,https://patents.google.com/patent/US6229533B1/en,https://patentimages.storage.googleapis.com/4c/da/d6/2cba3007c33ac8/US6229533-drawings-page-3.png
US-6636238-B1,System and method for linking an audio stream with accompanying text material ,International Business Machines Corporation,"Arnon Amir, Carlton Wayne Niblack, Norman Jerome Pass, Dragutin Petkovic, Dulce Beatriz Ponceleon, Savitha Srinivasan, Tanveer Fathima Syeda-Mahood",1999-04-20,1999-04-20,2003-10-21,2003-10-21,https://patents.google.com/patent/US6636238B1/en,https://patentimages.storage.googleapis.com/a6/9d/d1/8039d9139f36ae/US6636238-drawings-page-2.png
US-4829423-A,Menu-based natural language understanding system ,Texas Instruments Incorporated,"Harry R. Tennant, Kenneth M. Ross, Richard M. Saenz",1983-01-28,1987-04-03,1989-05-09,1989-05-09,https://patents.google.com/patent/US4829423A/en,https://patentimages.storage.googleapis.com/7e/d7/a9/9cc7b5949a9af9/US4829423-drawings-page-2.png
US-6937986-B2,Automatic dynamic speech recognition vocabulary based on external sources of information ,"Comverse, Inc.","Lawrence A. Denenberg, Christopher M. Schmandt, Erin M. Panttaja",2000-12-28,2000-12-28,2005-08-30,2005-08-30,https://patents.google.com/patent/US6937986B2/en,https://patentimages.storage.googleapis.com/4a/f1/61/2973154fdfc0de/US06937986-20050830-D00000.png
US-7353114-B1,Markup language for an interactive geographic information system ,Google Inc.,"John Rohlf, Brian McClendon",2005-06-27,2006-06-27,2008-04-01,2008-04-01,https://patents.google.com/patent/US7353114B1/en,https://patentimages.storage.googleapis.com/de/11/cf/fe67bcde0eac40/US07353114-20080401-D00000.png
US-6778951-B1,Information retrieval method with natural language interface ,"Concerto Software, Inc.",Saeed Contractor,2000-08-09,2000-08-09,2004-08-17,2004-08-17,https://patents.google.com/patent/US6778951B1/en,https://patentimages.storage.googleapis.com/7c/85/87/81c5cbf4e07d7b/US06778951-20040817-D00000.png
CN-106569998-A,"Text named entity recognition method based on Bi-LSTM, CNN and CRF ",浙江大学,"汤斯亮, 吴飞, 张宁, 戴洪良, 庄越挺, 张寅�",2016-10-27,2016-10-27,2017-04-19,,https://patents.google.com/patent/CN106569998A/en,
US-5351187-A,Automatic debiting parking meter system ,At/Comm Incorporated,John J. Hassett,1992-12-30,1992-12-30,1994-09-27,1994-09-27,https://patents.google.com/patent/US5351187A/en,https://patentimages.storage.googleapis.com/09/e1/20/bdf3cb635f742c/US5351187-drawings-page-2.png
US-6463404-B1,Translation ,British Telecommunications Public Limited Company,Stephen C Appleby,1997-08-08,1998-08-07,2002-10-08,2002-10-08,https://patents.google.com/patent/US6463404B1/en,https://patentimages.storage.googleapis.com/d2/00/9a/f8f51e83a0452e/US6463404-drawings-page-2.png
US-7062709-B2,Method and apparatus for caching VoiceXML documents ,International Business Machines Corporation,Daniel Lee Yuk Cheung,2002-12-21,2003-05-08,2006-06-13,2006-06-13,https://patents.google.com/patent/US7062709B2/en,https://patentimages.storage.googleapis.com/d9/48/7a/0eb69f136f3b61/US07062709-20060613-D00000.png
US-2015199960-A1,I-Vector Based Clustering Training Data in Speech Recognition ,Microsoft Corporation,"Qiang Huo, Zhi-Jie Yan, Yu Zhang, Jian Xu",2012-08-24,2012-08-24,2015-07-16,,https://patents.google.com/patent/US20150199960A1/en,https://patentimages.storage.googleapis.com/08/07/26/15b8109986ea2a/US20150199960A1-20150716-D00000.png
US-5461699-A,Forecasting using a neural network and a statistical forecast ,International Business Machines Corporation,"Mansur Arbabi, Scott M. Fischthal",1993-10-25,1993-10-25,1995-10-24,1995-10-24,https://patents.google.com/patent/US5461699A/en,https://patentimages.storage.googleapis.com/2d/55/38/021be7ac35bb4e/US5461699-drawings-page-2.png
US-5331176-A,Hand held two dimensional symbol reader with a symbol illumination window ,Veritec Inc.,"Robert Sant' Anselmo, Carl Sant' Anselmo",1992-04-10,1992-04-10,1994-07-19,1994-07-19,https://patents.google.com/patent/US5331176A/en,https://patentimages.storage.googleapis.com/ae/ef/2e/0841d34cccf9c2/US5331176-drawings-page-2.png
US-2006271520-A1,Content-based implicit search query ,Ragan Gene Z,Gene Ragan,2005-05-27,2005-05-27,2006-11-30,,https://patents.google.com/patent/US20060271520A1/en,https://patentimages.storage.googleapis.com/a5/91/e1/a69470b069fcee/US20060271520A1-20061130-D00000.png
US-2003065409-A1,Adaptively detecting an event of interest ,"Raeth Peter G., Bostick Randall L., Bertke Donald Allen","Peter Raeth, Randall Bostick, Donald Bertke",2001-09-28,2001-09-28,2003-04-03,,https://patents.google.com/patent/US20030065409A1/en,https://patentimages.storage.googleapis.com/74/85/ad/f690e55fde32b2/US20030065409A1-20030403-D00000.png
US-6421070-B1,Smart images and image bookmarking for an internet browser ,Digimarc Corporation,"Daniel O. Ramos, Brian T. MacIntosh, Geoffrey B. Rhoads",1996-11-12,1998-10-01,2002-07-16,2002-07-16,https://patents.google.com/patent/US6421070B1/en,https://patentimages.storage.googleapis.com/08/e1/4b/24ed19a805397e/US6421070-drawings-page-3.png
US-5721847-A,Method and system for linking controls with cells of a spreadsheet ,Microsoft Corporation,Jeffrey J. Johnson,1994-10-21,1997-02-03,1998-02-24,1998-02-24,https://patents.google.com/patent/US5721847A/en,https://patentimages.storage.googleapis.com/91/b2/05/f7cd693bfce6b5/US5721847-drawings-page-2.png
US-5627915-A,Pattern recognition system employing unlike templates to detect objects having distinctive features in a video field ,"Princeton Video Image, Inc.","Roy Rosser, Subhodev Das, Yi Tan, Peter von Kaenel",1995-01-31,1995-01-31,1997-05-06,1997-05-06,https://patents.google.com/patent/US5627915A/en,https://patentimages.storage.googleapis.com/6c/84/42/286798b2537f52/US5627915-drawings-page-2.png
US-6347313-B1,Information embedding based on user relevance feedback for object retrieval ,Hewlett-Packard Company,"Wei-Ying Ma, Catherine S. Lee, HongJiang Zhang",1999-03-01,1999-03-01,2002-02-12,2002-02-12,https://patents.google.com/patent/US6347313B1/en,https://patentimages.storage.googleapis.com/42/fb/7d/06e61e5958700c/US6347313-drawings-page-2.png
US-2006147094-A1,"Pupil detection method and shape descriptor extraction method for a iris recognition, iris feature extraction apparatus and method, and iris recognition system and method using its ",Woong-Tuk Yoo,Woong-Tuk Yoo,2003-09-08,2004-09-08,2006-07-06,,https://patents.google.com/patent/US20060147094A1/en,https://patentimages.storage.googleapis.com/0d/0b/0c/8ec2bb1495adbe/US20060147094A1-20060706-D00000.png
US-8228194-B2,Recharging apparatus ,University Of Pittsburgh - Of The Commonwealth System Of Higher Education,"Marlin H. Mickle, Christopher C. Capelli, Harold Swift",2004-10-28,2004-10-28,2012-07-24,2012-07-24,https://patents.google.com/patent/US8228194B2/en,https://patentimages.storage.googleapis.com/73/a7/93/2f15f200638486/US08228194-20120724-D00000.png
US-6209789-B1,Optical filtering system for a laser bar code scanner having narrow band-pass characteristics employing spatially separated filtering elements including a scanner window ,"Metrologic Instruments, Inc.","Thomas Amundsen, Robert Blake, George Rockstein, David M. Wilz, Sr., Carl H. Knowles",1991-09-17,1999-11-09,2001-04-03,2001-04-03,https://patents.google.com/patent/US6209789B1/en,https://patentimages.storage.googleapis.com/80/f9/b2/7664b3019c09bb/US6209789-drawings-page-3.png
US-5394322-A,Self-tuning controller that extracts process model characteristics ,The Foxboro Company,Peter D. Hansen,1990-07-16,1993-07-22,1995-02-28,1995-02-28,https://patents.google.com/patent/US5394322A/en,https://patentimages.storage.googleapis.com/c1/00/71/d99b786de5d83a/US5394322-drawings-page-2.png
US-2003023435-A1,Interfacing apparatus and methods ,Josephson Daryl Craig,Daryl Josephson,2000-07-13,2001-07-13,2003-01-30,,https://patents.google.com/patent/US20030023435A1/en,https://patentimages.storage.googleapis.com/d8/58/27/f904ca5d3913be/US20030023435A1-20030130-D00000.png
US-5963205-A,Automatic index creation for a word processor ,Iconovex Corporation,Bernardo Sotomayor,1995-05-26,1995-06-14,1999-10-05,1999-10-05,https://patents.google.com/patent/US5963205A/en,https://patentimages.storage.googleapis.com/03/a1/86/39c87e130891ef/US5963205-drawings-page-2.png
US-4894523-A,Instant portable bar code reader ,Norand Corporation,"George E. Chadima, Jr., Vadim Laser",1981-12-28,1989-04-18,1990-01-16,1990-01-16,https://patents.google.com/patent/US4894523A/en,https://patentimages.storage.googleapis.com/3a/1f/25/bb9b8aabaad5b0/US4894523-drawings-page-2.png
US-6560590-B1,Method and apparatus for multiple tiered matching of natural language queries to positions in a text corpus ,"Kana Software, Inc.","Michael Shwe, Brian O'Neill",2000-02-14,2000-02-14,2003-05-06,2003-05-06,https://patents.google.com/patent/US6560590B1/en,https://patentimages.storage.googleapis.com/e5/d1/c2/64223b5f2eba88/US06560590-20030506-D00000.png
US-7062428-B2,Natural language machine interface ,Canon Kabushiki Kaisha,"Wide Roeland Hogenhout, Robert John Noble",2000-03-22,2001-03-13,2006-06-13,2006-06-13,https://patents.google.com/patent/US7062428B2/en,https://patentimages.storage.googleapis.com/8b/16/42/5a6941abbd9ec6/US07062428-20060613-D00000.png
US-6360237-B1,Method and system for performing text edits during audio recording playback ,Lernout & Hauspie Speech Products N.V.,"David E. Schulz, Colin W. Wightman, Michael D. Crovitz",1998-10-05,1998-10-05,2002-03-19,2002-03-19,https://patents.google.com/patent/US6360237B1/en,https://patentimages.storage.googleapis.com/4c/61/65/1b3999b1ad3641/US6360237-drawings-page-2.png
US-4766299-A,Hand-mounted bar code reader ,"Spectra-Physics, Inc.","Danial J. Tierney, P. Guy Howard",1986-03-28,1986-03-28,1988-08-23,1988-08-23,https://patents.google.com/patent/US4766299A/en,https://patentimages.storage.googleapis.com/5c/35/b3/a3f882ad702944/US4766299-drawings-page-2.png
US-6171252-B1,Pressure sensor with increased sensitivity for use with an implantable medical device ,"Medtronic, Inc.",Jonathan P. Roberts,1999-04-29,1999-04-29,2001-01-09,2001-01-09,https://patents.google.com/patent/US6171252B1/en,https://patentimages.storage.googleapis.com/67/9c/7f/3eae0fd0eb27ed/US6171252-drawings-page-2.png
US-2010332287-A1,System and method for real-time prediction of customer satisfaction ,International Business Machines Corporation,"Stephen C. Gates, Youngja Park",2009-06-24,2009-06-24,2010-12-30,,https://patents.google.com/patent/US20100332287A1/en,https://patentimages.storage.googleapis.com/ca/c6/76/22f5f4591e73c0/US20100332287A1-20101230-D00000.png
US-5581655-A,Method for recognizing speech using linguistically-motivated hidden Markov models ,Sri International,"Michael H. Cohen, Mitchel Weintraub, Patti J. Price, Hy Murveit, Jared C. Bernstein",1991-01-31,1996-01-22,1996-12-03,1996-12-03,https://patents.google.com/patent/US5581655A/en,https://patentimages.storage.googleapis.com/28/ca/28/19adca04385699/US5581655-drawings-page-2.png
US-5111531-A,Process control using neural network ,"Automation Technology, Inc.","S. Keith Grayson, John B. Rudd",1990-01-08,1990-01-08,1992-05-05,1992-05-05,https://patents.google.com/patent/US5111531A/en,https://patentimages.storage.googleapis.com/7c/b4/ea/906b1fe436f4b5/US5111531-drawings-page-2.png
US-2015095031-A1,System and method for crowdsourcing of word pronunciation verification ,"At&T Intellectual Property I, L.P.","Alistair D. Conkie, Ladan GOLIPOUR, Taniya MISHRA",2013-09-30,2013-09-30,2015-04-02,,https://patents.google.com/patent/US20150095031A1/en,https://patentimages.storage.googleapis.com/75/dc/9e/2feb76af519ca0/US20150095031A1-20150402-D00000.png
US-7216080-B2,Natural-language voice-activated personal assistant ,Mindfabric Holdings Llc,"James Chi-Shun Tsiao, David Yinkai Chao, Peter P. Tong",2000-09-29,2001-09-26,2007-05-08,2007-05-08,https://patents.google.com/patent/US7216080B2/en,https://patentimages.storage.googleapis.com/6b/cf/c0/03b0183e4b0547/US07216080-20070508-D00000.png
US-7707026-B2,"Multilingual translation memory, translation method, and translation program ","Fuji Xerox Co., Ltd.",Shaoming Liu,2005-03-14,2005-09-01,2010-04-27,2010-04-27,https://patents.google.com/patent/US7707026B2/en,https://patentimages.storage.googleapis.com/b1/47/88/dc71fcbd0219e5/US07707026-20100427-D00000.png
US-5745910-A,Frame structure which provides an interface between parts of a compound document ,"Apple Computer, Inc.","Kurt W. Piersol, Joshua B. Susser, Richard C. Rodseth",1993-05-10,1996-04-17,1998-04-28,1998-04-28,https://patents.google.com/patent/US5745910A/en,https://patentimages.storage.googleapis.com/fd/d3/d4/a62fdbce7f0f9a/US5745910-drawings-page-2.png
US-6342830-B1,Controlled shielding of electronic tags ,Xerox Corporation,"Roy Want, Kenneth P. Fishkin, Anuj Uday Gujar, Beverly L. Harrison, Wesley R. Irish",1998-09-10,1998-09-10,2002-01-29,2002-01-29,https://patents.google.com/patent/US6342830B1/en,https://patentimages.storage.googleapis.com/40/7e/7c/ee095970c9d9c6/US6342830-drawings-page-2.png
US-9292487-B1,Discriminative language model pruning ,"Amazon Technologies, Inc.",Frederick V. Weber,2012-08-16,2012-08-16,2016-03-22,2016-03-22,https://patents.google.com/patent/US9292487B1/en,https://patentimages.storage.googleapis.com/50/60/e6/cc7f22553b62ff/US09292487-20160322-D00000.png
US-6367699-B2,Method and apparatus for utilizing specular light to image low contrast symbols ,Intermec Ip Corp.,H. Sprague Ackley,1996-07-11,1998-09-17,2002-04-09,2002-04-09,https://patents.google.com/patent/US6367699B2/en,https://patentimages.storage.googleapis.com/b9/6f/c3/24a95b8b550242/US6367699-drawings-page-2.png
US-6092043-A,Apparatuses and method for training and operating speech recognition systems ,"Dragon Systems, Inc.","Steven D. Squires, Frank J. McGrath, Peter S. Heitman, Joel W. Parke",1992-11-13,1997-06-26,2000-07-18,2000-07-18,https://patents.google.com/patent/US6092043A/en,https://patentimages.storage.googleapis.com/35/fa/90/3eb963372032c7/US6092043-drawings-page-3.png
US-5509083-A,Method and apparatus for confirming the identity of an individual presenting an identification card ,Nooral S. Abtahi,"Nooral S. Abtahi, Grady C. Shumate, Sr., Waddie Heyward, Hedong Yang",1994-06-15,1994-06-15,1996-04-16,1996-04-16,https://patents.google.com/patent/US5509083A/en,https://patentimages.storage.googleapis.com/1b/17/4c/d95f41389642d5/US5509083-drawings-page-3.png
US-8571851-B1,Semantic interpretation using user gaze order ,Google Inc.,"Simon Tickner, Richard Z. Cohen",2012-12-31,2012-12-31,2013-10-29,2013-10-29,https://patents.google.com/patent/US8571851B1/en,https://patentimages.storage.googleapis.com/9a/90/f6/02d4b876848dd3/US08571851-20131029-D00000.png
US-4900904-A,Automated transaction system with insertable cards for downloading rate or program data ,"Wright Technologies, L.P.","Christopher B. Wright, Stephen Bristow",1986-11-26,1988-10-17,1990-02-13,1990-02-13,https://patents.google.com/patent/US4900904A/en,https://patentimages.storage.googleapis.com/pages/US4900904-1.png
US-2017164878-A1,Wearable Technology for Non-Invasive Glucose Monitoring ,Medibotics Llc,Robert A. Connor,2012-06-14,2017-02-14,2017-06-15,,https://patents.google.com/patent/US20170164878A1/en,https://patentimages.storage.googleapis.com/21/06/61/cf10e169ded0b5/US20170164878A1-20170615-D00000.png
US-6608551-B1,Low-cost radio replacement utilizing RFID technology ,Intermec Ip Corp,"James A. Anderson, Christopher A. Wiklof",1999-09-13,1999-09-13,2003-08-19,2003-08-19,https://patents.google.com/patent/US6608551B1/en,https://patentimages.storage.googleapis.com/2f/60/c7/524be2f119b57d/US6608551-drawings-page-2.png
US-5894266-A,Method and apparatus for remote monitoring ,"Micron Technology, Inc.","Cliff Wood, Jr., David K. Ovard, George E. Pax, John R. Tuttle",1996-05-30,1996-05-30,1999-04-13,1999-04-13,https://patents.google.com/patent/US5894266A/en,https://patentimages.storage.googleapis.com/95/84/e4/b4496256928d24/US5894266-drawings-page-3.png
US-6098034-A,Method for standardizing phrasing in a document ,"Expert Ease Development, Ltd.","Ely Y. Razin, Sean P. Engelson",1996-03-18,1996-03-18,2000-08-01,2000-08-01,https://patents.google.com/patent/US6098034A/en,https://patentimages.storage.googleapis.com/e3/81/3f/d9e92add2dff43/US6098034-drawings-page-3.png
US-2010251104-A1,System and method for reflowing content in a structured portable document format (pdf) file ,Litera Technology Llc.,Deepak Massand,2009-03-27,2009-03-27,2010-09-30,,https://patents.google.com/patent/US20100251104A1/en,https://patentimages.storage.googleapis.com/6e/b3/19/5923fc80dcae23/US20100251104A1-20100930-D00000.png
US-2015120723-A1,Methods and systems for processing speech queries ,Xerox Corporation,"Om Deshmukh, Anirban Mondal, Koustuv Dasgupta, Nischal M. Piratla",2013-10-24,2013-10-24,2015-04-30,,https://patents.google.com/patent/US20150120723A1/en,https://patentimages.storage.googleapis.com/da/d6/c6/4a6111dbdfc4f9/US20150120723A1-20150430-D00000.png
US-7475015-B2,Semantic language modeling and confidence measurement ,International Business Machines Corporation,"Mark E. Epstein, Hakan Erdogan, Yuqing Gao, Michael A. Picheny, Ruhi Sarikaya",2003-09-05,2003-09-05,2009-01-06,2009-01-06,https://patents.google.com/patent/US7475015B2/en,https://patentimages.storage.googleapis.com/ff/e1/69/5b90cd71269d5b/US07475015-20090106-D00000.png
US-7552045-B2,"Method, apparatus and computer program product for providing flexible text based language identification ",Nokia Corporation,"Bogdan Barliga, Mikko A. Harju, Juha Iso-Sipila",2006-12-18,2006-12-18,2009-06-23,2009-06-23,https://patents.google.com/patent/US7552045B2/en,https://patentimages.storage.googleapis.com/af/ed/a4/641354c8f36b68/US07552045-20090623-D00000.png
US-6392544-B1,Method and apparatus for selectively activating radio frequency identification tags that are in close proximity ,"Motorola, Inc.","Timothy James Collins, Patrick L. Rakers, Richard Stanley Rachwalski, James G. Quaderer",2000-09-25,2000-09-25,2002-05-21,2002-05-21,https://patents.google.com/patent/US6392544B1/en,https://patentimages.storage.googleapis.com/d0/4e/5e/24ef37ffffe366/US06392544-20020521-D00000.png
US-5986746-A,Topographical object detection system ,Imedge Technology Inc.,"Michael Metz, Nicholas J. Phillips, Zane Coleman, Carl Flatow",1994-02-18,1997-03-26,1999-11-16,1999-11-16,https://patents.google.com/patent/US5986746A/en,https://patentimages.storage.googleapis.com/a0/e3/e9/d3433b7bab0aaa/US5986746-drawings-page-2.png
US-2014351760-A1,Order-independent text input ,Google Inc.,"Adam Travis Skory, Andrew David Walbran",2013-05-24,2013-05-24,2014-11-27,,https://patents.google.com/patent/US20140351760A1/en,https://patentimages.storage.googleapis.com/74/6d/6b/6a80eba509992b/US20140351760A1-20141127-D00000.png
US-6632251-B1,Document producing support system ,Polydoc N.V.,"Hubert J. M. Rutten, Frank van Ruyssevelt, David Wilkinson",1996-07-03,1998-12-30,2003-10-14,2003-10-14,https://patents.google.com/patent/US6632251B1/en,https://patentimages.storage.googleapis.com/8a/29/42/24a7977cebf00a/US6632251-drawings-page-3.png
US-2013185202-A1,System and method for mobile payment transactions ,"Verifone, Inc.","Scott Goldthwaite, William Graylin",2002-07-30,2012-11-01,2013-07-18,,https://patents.google.com/patent/US20130185202A1/en,https://patentimages.storage.googleapis.com/fa/9d/0a/a05384bb63a3cd/US20130185202A1-20130718-D00000.png
US-6269351-B1,Method and system for training an artificial neural network ,"Dryken Technologies, Inc.",Christopher Lee Black,1999-03-31,1999-03-31,2001-07-31,2001-07-31,https://patents.google.com/patent/US6269351B1/en,https://patentimages.storage.googleapis.com/77/9b/73/5076a0346380c4/US6269351-drawings-page-2.png
US-2006132302-A1,Power management of transponders and sensors in an RFID security network ,Stilp Louis A,louis Stilp,2003-02-03,2005-12-29,2006-06-22,,https://patents.google.com/patent/US20060132302A1/en,https://patentimages.storage.googleapis.com/09/72/37/dcbc831b7b4199/US20060132302A1-20060622-D00000.png
US-2015006148-A1,Automatically Creating Training Data For Language Identifiers ,Microsoft Corporation,"Moises Goldszmit, Marc Najork, Stelios Paparizos",2013-06-27,2013-07-17,2015-01-01,,https://patents.google.com/patent/US20150006148A1/en,https://patentimages.storage.googleapis.com/3d/a4/6b/f4589912377894/US20150006148A1-20150101-D00000.png
US-7660715-B1,Transparent monitoring and intervention to improve automatic adaptation of speech models ,Avaya Inc.,David Preshan Thambiratnam,2004-01-12,2004-01-12,2010-02-09,2010-02-09,https://patents.google.com/patent/US7660715B1/en,https://patentimages.storage.googleapis.com/f7/2b/8a/cd8bd1076c7a67/US07660715-20100209-D00000.png
US-6034603-A,Radio tag system and method with improved tag interference avoidance ,"Axcess, Inc.",Wayne E. Steeves,1997-01-24,1997-01-24,2000-03-07,2000-03-07,https://patents.google.com/patent/US6034603A/en,https://patentimages.storage.googleapis.com/d5/5e/f4/0412cfbe950763/US6034603-drawings-page-4.png
US-6970821-B1,Method of creating scripts by translating agent/customer conversations ,"Rockwell Electronic Commerce Technologies, Llc","Craig R. Shambaugh, Anthony Dezonno, Mark J. Power, Jared Bluestein, Kenneth Venner, Jim F. Martin, Darryl Hymel, Laird C. Williams",2000-09-26,2000-09-26,2005-11-29,2005-11-29,https://patents.google.com/patent/US6970821B1/en,https://patentimages.storage.googleapis.com/eb/60/4d/6575a1db3ac59b/US06970821-20051129-D00000.png
US-4656603-A,Schematic diagram generating system using library of general purpose interactively selectable graphic primitives to create special applications icons ,"The Cadware Group, Ltd.",Robert M. Dunn,1984-03-01,1984-03-01,1987-04-07,1987-04-07,https://patents.google.com/patent/US4656603A/en,https://patentimages.storage.googleapis.com/7c/1b/a8/238045cccc803b/US4656603-drawings-page-2.png
US-5513649-A,Adaptive interference canceler for EEG movement and eye artifacts ,"Sam Technology, Inc.","Alan S. Gevins, Weixiu Du, Harrison Leong",1994-03-22,1994-03-22,1996-05-07,1996-05-07,https://patents.google.com/patent/US5513649A/en,https://patentimages.storage.googleapis.com/a7/13/77/553628740c99a5/US5513649-drawings-page-2.png
US-2004068351-A1,"System, methods and apparatus for integrating behavior-based approach into hybrid control model for use with mobile robotic vehicles ",Neal Solomon,Neal Solomon,2002-04-22,2003-04-22,2004-04-08,,https://patents.google.com/patent/US20040068351A1/en,https://patentimages.storage.googleapis.com/e9/a6/0f/62a57d92e7d968/US20040068351A1-20040408-D00000.png
US-4935702-A,Subthreshold CMOS amplifier with offset adaptation ,"Synaptics, Inc.","Carver A. Mead, Timothy P. Allen",1988-12-09,1988-12-09,1990-06-19,1990-06-19,https://patents.google.com/patent/US4935702A/en,https://patentimages.storage.googleapis.com/64/72/81/5e4c3ea42d9644/US4935702-drawings-page-2.png
US-6171109-B1,Method for generating a multi-strata model and an intellectual information processing device ,"Adin Research, Inc.",Setsuo Ohsuga,1997-06-18,1997-06-18,2001-01-09,2001-01-09,https://patents.google.com/patent/US6171109B1/en,https://patentimages.storage.googleapis.com/8e/58/3c/ae58bf9e29ee85/US6171109-drawings-page-2.png
US-7672952-B2,System and method of semantic correlation of rich content ,"Novell, Inc.","Scott Isaacson, Stephen R. Carter",2000-07-13,2006-12-26,2010-03-02,2010-03-02,https://patents.google.com/patent/US7672952B2/en,https://patentimages.storage.googleapis.com/10/fc/bd/ee551ff0f7e9b1/US07672952-20100302-D00000.png
US-6507857-B1,Extending the capabilities of an XSL style sheet to include components for content transformation ,"Sun Microsystems, Inc.",L. Umit Yalcinalp,1999-03-12,2000-03-10,2003-01-14,2003-01-14,https://patents.google.com/patent/US6507857B1/en,https://patentimages.storage.googleapis.com/2d/d9/f3/15e0fb4c78e3dc/US06507857-20030114-D00000.png
US-7797269-B2,Method and apparatus using a context sensitive dictionary ,Nokia Corporation,"John Rieman, Minna Hekanaho, Minna Koutonen, Tero Rantonen, John Hard",2007-03-29,2007-03-29,2010-09-14,2010-09-14,https://patents.google.com/patent/US7797269B2/en,https://patentimages.storage.googleapis.com/8c/aa/59/a0714ac012251e/US07797269-20100914-D00000.png
US-5246002-A,Noise insensitive pulse transmittance oximeter ,Physio-Control Corporation,Stephen J. Prosser,1992-02-11,1992-02-11,1993-09-21,1993-09-21,https://patents.google.com/patent/US5246002A/en,https://patentimages.storage.googleapis.com/6f/77/13/902ce0285a7552/US5246002-drawings-page-2.png
US-2015088511-A1,Named-entity based speech recognition ,Verizon Patent And Licensing Inc.,"Sujeeth S. Bharadwaj, Suri B. Medapati",2013-09-24,2013-09-24,2015-03-26,,https://patents.google.com/patent/US20150088511A1/en,https://patentimages.storage.googleapis.com/e3/48/53/afe6ad71457b0b/US20150088511A1-20150326-D00000.png
US-7357319-B1,External adapter for magnetic stripe card reader ,"Vivotech, Inc.","Li Liu, Mohammad A. Khan, Jorge M. Fernandes, Ahmer Ali Khan, Anna C. Stockel",2005-01-24,2005-02-04,2008-04-15,2008-04-15,https://patents.google.com/patent/US7357319B1/en,https://patentimages.storage.googleapis.com/ce/5c/ab/24e82bb05dee81/US07357319-20080415-D00000.png
US-6289464-B1,Receiving wireless information on a mobile device with reduced power consumption ,Microsoft Corporation,"Dave Wecker, John Mark Miller, Michael J. O'Leary, David Tuniman, Vinay Deo, Don Kadyk, Dennis Cronin",1998-01-07,1998-11-10,2001-09-11,2001-09-11,https://patents.google.com/patent/US6289464B1/en,https://patentimages.storage.googleapis.com/43/67/bd/1e9358319893e2/US6289464-drawings-page-3.png
US-6652379-B2,"Method, apparatus and article for verifying card games, such as blackjack ",Mindplay Llc,"Richard Soltys, Richard Huizinga",2001-01-04,2001-05-04,2003-11-25,2003-11-25,https://patents.google.com/patent/US6652379B2/en,https://patentimages.storage.googleapis.com/06/01/b0/7f710c281f80bb/US06652379-20031125-D00000.png
