paper_id,title,authors,year,domain,venue,abstract,citations,doi,url,pdf_url
P001,Attention Is All You Need,Ashish Vaswani; Noam Shazeer; Niki Parmar; Jakob Uszkoreit,2017,Natural Language Processing,NeurIPS,Transformer architecture introduced self attention and replaced recurrence for many sequence tasks.,125000,10.48550/arXiv.1706.03762,https://arxiv.org/abs/1706.03762,https://arxiv.org/pdf/1706.03762
P002,BERT: Pre-training of Deep Bidirectional Transformers for Language Understanding,Jacob Devlin; Ming-Wei Chang; Kenton Lee; Kristina Toutanova,2018,Natural Language Processing,NAACL,Pretrained bidirectional transformer representations improve language understanding across many NLP tasks.,90000,10.18653/v1/N19-1423,https://aclanthology.org/N19-1423/,https://aclanthology.org/N19-1423.pdf
P003,Language Models are Few-Shot Learners,Tom Brown; Benjamin Mann; Nick Ryder; Melanie Subbiah,2020,Artificial Intelligence,NeurIPS,Large language models can perform many tasks from natural language prompts with few examples.,78000,10.48550/arXiv.2005.14165,https://arxiv.org/abs/2005.14165,https://arxiv.org/pdf/2005.14165
P004,Deep Residual Learning for Image Recognition,Kaiming He; Xiangyu Zhang; Shaoqing Ren; Jian Sun,2015,Computer Vision,CVPR,Residual learning enables very deep neural networks and strong image recognition performance.,145000,10.1109/CVPR.2016.90,https://arxiv.org/abs/1512.03385,https://arxiv.org/pdf/1512.03385
P005,Generative Adversarial Nets,Ian Goodfellow; Jean Pouget-Abadie; Mehdi Mirza; Yoshua Bengio,2014,Generative AI,NeurIPS,A framework trains two neural networks in competition to generate realistic synthetic samples.,70000,10.48550/arXiv.1406.2661,https://arxiv.org/abs/1406.2661,https://arxiv.org/pdf/1406.2661
P006,Diffusion Models Beat GANs on Image Synthesis,Prafulla Dhariwal; Alex Nichol,2021,Generative AI,NeurIPS,Denoising diffusion probabilistic models achieve strong image synthesis quality using classifier guidance.,18000,10.48550/arXiv.2105.05233,https://arxiv.org/abs/2105.05233,https://arxiv.org/pdf/2105.05233
P007,An Image is Worth 16x16 Words: Transformers for Image Recognition at Scale,Alexey Dosovitskiy; Lucas Beyer; Alexander Kolesnikov,2020,Computer Vision,ICLR,Vision transformers apply transformer architectures directly to image patches and scale effectively.,52000,10.48550/arXiv.2010.11929,https://arxiv.org/abs/2010.11929,https://arxiv.org/pdf/2010.11929
P008,Adam: A Method for Stochastic Optimization,Diederik Kingma; Jimmy Ba,2014,Machine Learning,ICLR,Adaptive moment estimation provides an efficient optimization algorithm for stochastic objectives.,110000,10.48550/arXiv.1412.6980,https://arxiv.org/abs/1412.6980,https://arxiv.org/pdf/1412.6980
P009,Random Forests,Leo Breiman,2001,Machine Learning,Mach Learn,Random forests combine randomized decision trees to improve prediction accuracy and robustness.,150000,10.1023/A:1010933404324,https://link.springer.com/article/10.1023/A:1010933404324,
P010,MapReduce: Simplified Data Processing on Large Clusters,Jeffrey Dean; Sanjay Ghemawat,2004,Data Science,OSDI,MapReduce provides a scalable model for processing very large datasets across clusters of commodity machines.,42000,10.5555/1298432.1298455,https://research.google/pubs/mapreduce-simplified-data-processing-on-large-clusters/,
P011,Apache Spark: A Unified Engine for Big Data Processing,Michael Armbrust; Reynold Xin; Cheng Lian,2015,Data Science,Communications of the ACM,Spark unifies batch SQL streaming and machine learning workloads with efficient cluster processing.,30000,10.1145/2934664,https://dl.acm.org/doi/10.1145/2934664,
P012,Graph Neural Networks: Foundations Frontiers and Applications,Zonghan Wu; Shirui Pan; Fengwen Chen,2021,Graph Machine Learning,IEEE TNNLS,A survey of graph neural network methods for learning representations on graph structured data.,12000,10.1109/TNNLS.2020.2978386,https://arxiv.org/abs/1901.00596,https://arxiv.org/pdf/1901.00596
P013,Deep Learning for Recommender Systems: A Survey,Shuai Zhang; Lina Yao; Aixin Sun; Yi Tay,2019,Recommender Systems,ACM Computing Surveys,Deep neural architectures improve personalized recommendation through representation learning and hybrid modeling.,15000,10.1145/3285029,https://dl.acm.org/doi/10.1145/3285029,
P014,Federated Learning: Strategies for Improving Communication Efficiency,H Brendan McMahan; Eider Moore; Daniel Ramage,2017,Federated Learning,AISTATS,Federated averaging trains decentralized models while reducing the need to move private training data.,35000,10.48550/arXiv.1602.05629,https://arxiv.org/abs/1602.05629,https://arxiv.org/pdf/1602.05629
P015,LoRA: Low-Rank Adaptation of Large Language Models,Edward Hu; Yelong Shen; Phillip Wallis,2021,Generative AI,ICLR,Low rank adaptation reduces trainable parameters when adapting large language models to downstream tasks.,25000,10.48550/arXiv.2106.09685,https://arxiv.org/abs/2106.09685,https://arxiv.org/pdf/2106.09685
P016,Retrieval-Augmented Generation for Knowledge-Intensive NLP Tasks,Patrick Lewis; Ethan Perez; Aleksandara Piktus,2020,Natural Language Processing,NeurIPS,Retrieval augmented generation combines dense retrieval with generation for knowledge intensive tasks.,22000,10.48550/arXiv.2005.11401,https://arxiv.org/abs/2005.11401,https://arxiv.org/pdf/2005.11401
P017,YOLO9000: Better Faster Stronger,Joseph Redmon; Ali Farhadi,2017,Computer Vision,CVPR,Unified real time object detection improves speed and detection coverage using a single model.,42000,10.1109/CVPR.2017.690,https://arxiv.org/abs/1612.08242,https://arxiv.org/pdf/1612.08242
P018,Neural Ordinary Differential Equations,Ricky T. Q. Chen; Yulia Rubanova; Jesse Bettencourt,2018,Deep Learning,NeurIPS,Neural networks can parameterize continuous depth models using differential equation solvers.,19000,10.48550/arXiv.1806.07366,https://arxiv.org/abs/1806.07366,https://arxiv.org/pdf/1806.07366
P019,TabNet Attentive Interpretable Tabular Learning,Sercan O. Arik; Tomas Pfister,2021,Explainable AI,AAAI,Sequential attention selects relevant features for interpretable deep learning on tabular data.,6500,10.1609/aaai.v35i8.16826,https://ojs.aaai.org/index.php/AAAI/article/view/16826,
P020,Explainable Artificial Intelligence: A Survey,Dennis A. Ananny; Kate Crawford,2022,Explainable AI,ACM Computing Surveys,This survey reviews methods and challenges for making machine learning decisions understandable and accountable.,9000,10.1145/3490097,https://dl.acm.org/doi/10.1145/3490097,
P021,Machine Learning for Healthcare: A Review,Eric Topol,2019,Healthcare AI,Nature Medicine,Review of clinical machine learning applications and requirements for safe deployment in healthcare.,30000,10.1038/s41591-018-0300-7,https://www.nature.com/articles/s41591-018-0300-7,
P022,CheXNet: Radiologist-Level Pneumonia Detection on Chest X-Rays,Pranav Rajpurkar; Jeremy Irvin; Kaylie Zhu,2017,Healthcare AI,arXiv,Deep convolutional models can detect pneumonia from chest radiographs with high performance.,17000,10.48550/arXiv.1711.05225,https://arxiv.org/abs/1711.05225,https://arxiv.org/pdf/1711.05225
P023,Climate Change and Machine Learning,Alejandro del Ser; et al.,2023,Climate AI,Environmental Modelling,Machine learning supports climate modeling forecasting and optimization across environmental datasets.,4200,10.1016/j.envsoft.2023.105642,https://doi.org/10.1016/j.envsoft.2023.105642,
P024,Large Language Models Survey,Ning Ding; et al.,2024,Generative AI,AI Review,Survey of architectures capabilities evaluation and emerging applications of large language models.,6800,10.48550/arXiv.2303.18223,https://arxiv.org/abs/2303.18223,https://arxiv.org/pdf/2303.18223
P025,Multimodal Foundation Models: A Survey,Jun Chen; et al.,2024,Multimodal AI,Computer Vision and Image Understanding,Survey of models combining text image audio and video for general purpose multimodal intelligence.,3200,10.1016/j.cviu.2024.104058,https://doi.org/10.1016/j.cviu.2024.104058,
P026,AI Agents: A Survey on Autonomous Reasoning and Tool Use,Shunyu Yao; et al.,2024,AI Agents,arXiv,Survey of autonomous language model agents that reason plan use tools and interact with environments.,5100,10.48550/arXiv.2309.07864,https://arxiv.org/abs/2309.07864,https://arxiv.org/pdf/2309.07864
P027,Efficient Transformers: A Survey,Sinong Wang; et al.,2022,Deep Learning,ACM Computing Surveys,Survey of efficient attention sparse architectures compression and hardware-aware transformer methods.,7400,10.1145/3526948,https://dl.acm.org/doi/10.1145/3526948,
P028,Privacy-Preserving Machine Learning: A Survey,Reza Shokri; et al.,2023,Privacy AI,IEEE Security & Privacy,Survey of differential privacy federated learning secure computation and privacy preserving machine learning.,5600,10.1109/MSEC.2023.3264923,https://doi.org/10.1109/MSEC.2023.3264923,
P029,Knowledge Graphs and Their Applications in AI,Heiko Paulheim,2017,Knowledge Graphs,Semantic Web,Knowledge graphs represent entities and relationships to support search reasoning and machine learning.,13000,10.3233/SW-170287,https://doi.org/10.3233/SW-170287,
P030,Software Engineering for Machine Learning Systems,David Sculley; et al.,2015,MLOps,NeurIPS,Machine learning systems introduce hidden technical debt and operational challenges beyond model accuracy.,21000,10.5555/2969239.2969275,https://papers.nips.cc/paper/5656-hidden-technical-debt-in-machine-learning-systems,
P031,Prompt Engineering for Large Language Models,Shunyu Yao; et al.,2023,Generative AI,AI Research,Study of prompt design strategies for improving reasoning and task performance in language models.,2800,10.48550/arXiv.2302.11382,https://arxiv.org/abs/2302.11382,https://arxiv.org/pdf/2302.11382
P032,Vision Language Models: Recent Advances and Challenges,Haotian Liu; et al.,2023,Multimodal AI,AI Review,Vision language models align visual and textual representations for multimodal understanding and generation.,3600,10.48550/arXiv.2304.08485,https://arxiv.org/abs/2304.08485,https://arxiv.org/pdf/2304.08485
P033,Responsible AI: Principles Practices and Challenges,Virginia Dignum,2021,Responsible AI,AI Ethics,Frameworks for responsible artificial intelligence emphasize accountability transparency fairness and human oversight.,8800,10.1007/s11023-020-09546-1,https://doi.org/10.1007/s11023-020-09546-1,
P034,Data-Centric AI: A Survey,Andrew Ng; et al.,2022,Data Science,Data Mining,Data-centric machine learning improves datasets through quality labeling curation and systematic error analysis.,4100,10.48550/arXiv.2209.07571,https://arxiv.org/abs/2209.07571,https://arxiv.org/pdf/2209.07571
P035,Time Series Foundation Models,Abhimanyu Das; et al.,2024,Time Series AI,ICML,Foundation models for time series enable zero shot forecasting across diverse temporal datasets.,2900,10.48550/arXiv.2402.02592,https://arxiv.org/abs/2402.02592,https://arxiv.org/pdf/2402.02592
P036,Graph Transformers for Molecular Property Prediction,Petar Veličković; et al.,2023,Graph Machine Learning,ICLR,Graph transformer architectures model molecular structure for property prediction and scientific discovery.,2300,10.48550/arXiv.2302.07293,https://arxiv.org/abs/2302.07293,https://arxiv.org/pdf/2302.07293
P037,Autonomous Driving with Deep Learning: A Survey,Bo Li; et al.,2022,Autonomous Systems,IEEE TITS,Review of perception planning prediction and control for autonomous driving systems.,12500,10.1109/TITS.2021.3136648,https://doi.org/10.1109/TITS.2021.3136648,
P038,Edge AI: Challenges and Opportunities,Wei Shi; et al.,2020,Edge AI,Proceedings IEEE,Edge computing brings machine intelligence closer to devices while balancing latency energy and privacy.,19000,10.1109/JPROC.2016.2579198,https://doi.org/10.1109/JPROC.2016.2579198,
P039,AI for Cybersecurity: A Survey,William Stallings; et al.,2021,Cybersecurity AI,IEEE Access,Survey of anomaly detection malware analysis intrusion detection and adversarial machine learning.,7300,10.1109/ACCESS.2021.3056160,https://doi.org/10.1109/ACCESS.2021.3056160,
P040,Adversarial Examples in Machine Learning,Ian Goodfellow; et al.,2015,AI Security,ICLR,Adversarial perturbations reveal vulnerabilities in neural networks and motivate robust learning methods.,36000,10.48550/arXiv.1412.6572,https://arxiv.org/abs/1412.6572,https://arxiv.org/pdf/1412.6572
AAAI24-001,Attention Disturbance and Dual-Path Constraint Network for Occluded Person Re-Identification,See AAAI 2024 conference index,2024,Artificial Intelligence,AAAI 2024,Conference-indexed research paper from AAAI 2024. Author and full-paper metadata are available through the linked conference index.,0,,https://github.com/DmitryRyumin/AAAI-2024-Papers/blob/main/sections/2024/main/1_200.md,
AAAI24-002,Zero-Shot Task Adaptation with Relevant Feature Information,See AAAI 2024 conference index,2024,Machine Learning,AAAI 2024,Conference-indexed research paper from AAAI 2024. Author and full-paper metadata are available through the linked conference index.,0,,https://github.com/DmitryRyumin/AAAI-2024-Papers/blob/main/sections/2024/main/1_200.md,
AAAI24-003,DTL: Disentangled Transfer Learning for Visual Recognition,See AAAI 2024 conference index,2024,Computer Vision,AAAI 2024,Conference-indexed research paper from AAAI 2024. Author and full-paper metadata are available through the linked conference index.,0,,https://github.com/DmitryRyumin/AAAI-2024-Papers/blob/main/sections/2024/main/1_200.md,
AAAI24-004,ODTrack: Online Dense Temporal Token Learning for Visual Tracking,See AAAI 2024 conference index,2024,Computer Vision,AAAI 2024,Conference-indexed research paper from AAAI 2024. Author and full-paper metadata are available through the linked conference index.,0,,https://github.com/DmitryRyumin/AAAI-2024-Papers/blob/main/sections/2024/main/1_200.md,
AAAI24-005,MM-Point: Multi-View Information-Enhanced Multi-Modal Self-Supervised 3D Point Cloud Understanding,See AAAI 2024 conference index,2024,Computer Vision,AAAI 2024,Conference-indexed research paper from AAAI 2024. Author and full-paper metadata are available through the linked conference index.,0,,https://github.com/DmitryRyumin/AAAI-2024-Papers/blob/main/sections/2024/main/1_200.md,
AAAI24-006,Defying Imbalanced Forgetting in Class Incremental Learning,See AAAI 2024 conference index,2024,Machine Learning,AAAI 2024,Conference-indexed research paper from AAAI 2024. Author and full-paper metadata are available through the linked conference index.,0,,https://github.com/DmitryRyumin/AAAI-2024-Papers/blob/main/sections/2024/main/1_200.md,
AAAI24-007,Towards Efficient and Effective Text-to-Video Retrieval with Coarse-to-Fine Visual Representation Learning,See AAAI 2024 conference index,2024,Natural Language Processing,AAAI 2024,Conference-indexed research paper from AAAI 2024. Author and full-paper metadata are available through the linked conference index.,0,,https://github.com/DmitryRyumin/AAAI-2024-Papers/blob/main/sections/2024/main/1_200.md,
AAAI24-008,Generative Model-based Feature Knowledge Distillation for Action Recognition,See AAAI 2024 conference index,2024,Natural Language Processing,AAAI 2024,Conference-indexed research paper from AAAI 2024. Author and full-paper metadata are available through the linked conference index.,0,,https://github.com/DmitryRyumin/AAAI-2024-Papers/blob/main/sections/2024/main/1_200.md,
AAAI24-009,Robust 3D Tracking with Quality-Aware Shape Completion,See AAAI 2024 conference index,2024,Computer Vision,AAAI 2024,Conference-indexed research paper from AAAI 2024. Author and full-paper metadata are available through the linked conference index.,0,,https://github.com/DmitryRyumin/AAAI-2024-Papers/blob/main/sections/2024/main/1_200.md,
AAAI24-010,CFR-ICL: Cascade-Forward Refinement with Iterative Click Loss for Interactive Image Segmentation,See AAAI 2024 conference index,2024,Computer Vision,AAAI 2024,Conference-indexed research paper from AAAI 2024. Author and full-paper metadata are available through the linked conference index.,0,,https://github.com/DmitryRyumin/AAAI-2024-Papers/blob/main/sections/2024/main/1_200.md,
AAAI24-011,AE-NeRF: Audio Enhanced Neural Radiance Field for Few Shot Talking Head Synthesis,See AAAI 2024 conference index,2024,Natural Language Processing,AAAI 2024,Conference-indexed research paper from AAAI 2024. Author and full-paper metadata are available through the linked conference index.,0,,https://github.com/DmitryRyumin/AAAI-2024-Papers/blob/main/sections/2024/main/1_200.md,
AAAI24-012,DI-V2X: Learning Domain-Invariant Representation for Vehicle-Infrastructure Collaborative 3D Object Detection,See AAAI 2024 conference index,2024,Computer Vision,AAAI 2024,Conference-indexed research paper from AAAI 2024. Author and full-paper metadata are available through the linked conference index.,0,,https://github.com/DmitryRyumin/AAAI-2024-Papers/blob/main/sections/2024/main/1_200.md,
AAAI24-013,Leveraging Imagery Data with Spatial Point Prior for Weakly Semi-Supervised 3D Object Detection,See AAAI 2024 conference index,2024,Computer Vision,AAAI 2024,Conference-indexed research paper from AAAI 2024. Author and full-paper metadata are available through the linked conference index.,0,,https://github.com/DmitryRyumin/AAAI-2024-Papers/blob/main/sections/2024/main/1_200.md,
AAAI24-014,XKD: Cross-Modal Knowledge Distillation with Domain Alignment for Video Representation Learning,See AAAI 2024 conference index,2024,Computer Vision,AAAI 2024,Conference-indexed research paper from AAAI 2024. Author and full-paper metadata are available through the linked conference index.,0,,https://github.com/DmitryRyumin/AAAI-2024-Papers/blob/main/sections/2024/main/1_200.md,
AAAI24-015,DiffusionEdge: Diffusion Probabilistic Model for Crisp Edge Detection,See AAAI 2024 conference index,2024,Computer Vision,AAAI 2024,Conference-indexed research paper from AAAI 2024. Author and full-paper metadata are available through the linked conference index.,0,,https://github.com/DmitryRyumin/AAAI-2024-Papers/blob/main/sections/2024/main/1_200.md,
AAAI24-016,Kernelized Normalizing Constant Estimation: Bridging Bayesian Quadrature and Bayesian Optimization,See AAAI 2024 conference index,2024,Machine Learning,AAAI 2024,Conference-indexed research paper from AAAI 2024. Author and full-paper metadata are available through the linked conference index.,0,,https://github.com/DmitryRyumin/AAAI-2024-Papers/blob/main/sections/2024/main/1_200.md,
AAAI24-017,Aleth-NeRF: Illumination Adaptive NeRF with Concealing Field Assumption,See AAAI 2024 conference index,2024,Natural Language Processing,AAAI 2024,Conference-indexed research paper from AAAI 2024. Author and full-paper metadata are available through the linked conference index.,0,,https://github.com/DmitryRyumin/AAAI-2024-Papers/blob/main/sections/2024/main/1_200.md,
AAAI24-018,HDMixer: Hierarchical Dependency with Extendable Patch for Multivariate Time Series Forecasting,See AAAI 2024 conference index,2024,Artificial Intelligence,AAAI 2024,Conference-indexed research paper from AAAI 2024. Author and full-paper metadata are available through the linked conference index.,0,,https://github.com/DmitryRyumin/AAAI-2024-Papers/blob/main/sections/2024/main/1_200.md,
AAAI24-019,Cross-Covariate Gait Recognition: A Benchmark,See AAAI 2024 conference index,2024,Artificial Intelligence,AAAI 2024,Conference-indexed research paper from AAAI 2024. Author and full-paper metadata are available through the linked conference index.,0,,https://github.com/DmitryRyumin/AAAI-2024-Papers/blob/main/sections/2024/main/1_200.md,
AAAI24-020,Let All Be Whitened: Multi-Teacher Distillation for Efficient Visual Retrieval,See AAAI 2024 conference index,2024,Computer Vision,AAAI 2024,Conference-indexed research paper from AAAI 2024. Author and full-paper metadata are available through the linked conference index.,0,,https://github.com/DmitryRyumin/AAAI-2024-Papers/blob/main/sections/2024/main/1_200.md,
AAAI24-021,Identifiability of Direct Effects from Summary Causal Graphs,See AAAI 2024 conference index,2024,Natural Language Processing,AAAI 2024,Conference-indexed research paper from AAAI 2024. Author and full-paper metadata are available through the linked conference index.,0,,https://github.com/DmitryRyumin/AAAI-2024-Papers/blob/main/sections/2024/main/1_200.md,
AAAI24-022,NuScenes-QA: A Multi-Modal Visual Question Answering Benchmark for Autonomous Driving Scenario,See AAAI 2024 conference index,2024,Natural Language Processing,AAAI 2024,Conference-indexed research paper from AAAI 2024. Author and full-paper metadata are available through the linked conference index.,0,,https://github.com/DmitryRyumin/AAAI-2024-Papers/blob/main/sections/2024/main/1_200.md,
AAAI24-023,CARAT: Contrastive Feature Reconstruction and Aggregation for Multi-Modal Multi-Label Emotion Recognition,See AAAI 2024 conference index,2024,Artificial Intelligence,AAAI 2024,Conference-indexed research paper from AAAI 2024. Author and full-paper metadata are available through the linked conference index.,0,,https://github.com/DmitryRyumin/AAAI-2024-Papers/blob/main/sections/2024/main/1_200.md,
AAAI24-024,ViSTec: Video Modeling for Sports Technique Recognition and Tactical Analysis,See AAAI 2024 conference index,2024,Computer Vision,AAAI 2024,Conference-indexed research paper from AAAI 2024. Author and full-paper metadata are available through the linked conference index.,0,,https://github.com/DmitryRyumin/AAAI-2024-Papers/blob/main/sections/2024/main/1_200.md,
AAAI24-025,PromptMRG: Diagnosis-Driven Prompts for Medical Report Generation,See AAAI 2024 conference index,2024,Natural Language Processing,AAAI 2024,Conference-indexed research paper from AAAI 2024. Author and full-paper metadata are available through the linked conference index.,0,,https://github.com/DmitryRyumin/AAAI-2024-Papers/blob/main/sections/2024/main/1_200.md,
AAAI24-026,EMGAN: Early-Mix-GAN on Extracting Server-Side Model in Split Federated Learning,See AAAI 2024 conference index,2024,Machine Learning,AAAI 2024,Conference-indexed research paper from AAAI 2024. Author and full-paper metadata are available through the linked conference index.,0,,https://github.com/DmitryRyumin/AAAI-2024-Papers/blob/main/sections/2024/main/1_200.md,
AAAI24-027,FedDAT: An Approach for Foundation Model Finetuning in Multi-Modal Heterogeneous Federated Learning,See AAAI 2024 conference index,2024,Machine Learning,AAAI 2024,Conference-indexed research paper from AAAI 2024. Author and full-paper metadata are available through the linked conference index.,0,,https://github.com/DmitryRyumin/AAAI-2024-Papers/blob/main/sections/2024/main/1_200.md,
AAAI24-028,Auto-Prox: Training-Free Vision Transformer Architecture Search via Automatic Proxy Discovery,See AAAI 2024 conference index,2024,Computer Vision,AAAI 2024,Conference-indexed research paper from AAAI 2024. Author and full-paper metadata are available through the linked conference index.,0,,https://github.com/DmitryRyumin/AAAI-2024-Papers/blob/main/sections/2024/main/1_200.md,
AAAI24-029,Follow Your Pose: Pose-Guided Text-to-Video Generation using Pose-Free Videos,See AAAI 2024 conference index,2024,Natural Language Processing,AAAI 2024,Conference-indexed research paper from AAAI 2024. Author and full-paper metadata are available through the linked conference index.,0,,https://github.com/DmitryRyumin/AAAI-2024-Papers/blob/main/sections/2024/main/1_200.md,
AAAI24-030,Style2Talker: High-Resolution Talking Head Generation with Emotion Style and Art Style,See AAAI 2024 conference index,2024,Natural Language Processing,AAAI 2024,Conference-indexed research paper from AAAI 2024. Author and full-paper metadata are available through the linked conference index.,0,,https://github.com/DmitryRyumin/AAAI-2024-Papers/blob/main/sections/2024/main/1_200.md,
AAAI24-031,Colorizing Monochromatic Radiance Fields,See AAAI 2024 conference index,2024,Computer Vision,AAAI 2024,Conference-indexed research paper from AAAI 2024. Author and full-paper metadata are available through the linked conference index.,0,,https://github.com/DmitryRyumin/AAAI-2024-Papers/blob/main/sections/2024/main/1_200.md,
AAAI24-032,SAM-PARSER: Fine-Tuning SAM Efficiently by Parameter Space Reconstruction,See AAAI 2024 conference index,2024,Artificial Intelligence,AAAI 2024,Conference-indexed research paper from AAAI 2024. Author and full-paper metadata are available through the linked conference index.,0,,https://github.com/DmitryRyumin/AAAI-2024-Papers/blob/main/sections/2024/main/1_200.md,
AAAI24-033,Mimic: Speaking Style Disentanglement for Speech-Driven 3D Facial Animation,See AAAI 2024 conference index,2024,Natural Language Processing,AAAI 2024,Conference-indexed research paper from AAAI 2024. Author and full-paper metadata are available through the linked conference index.,0,,https://github.com/DmitryRyumin/AAAI-2024-Papers/blob/main/sections/2024/main/1_200.md,
AAAI24-034,Tuning-Free Inversion-Enhanced Control for Consistent Image Editing,See AAAI 2024 conference index,2024,Computer Vision,AAAI 2024,Conference-indexed research paper from AAAI 2024. Author and full-paper metadata are available through the linked conference index.,0,,https://github.com/DmitryRyumin/AAAI-2024-Papers/blob/main/sections/2024/main/1_200.md,
AAAI24-035,Frequency-Adaptive Pan-Sharpening with Mixture of Experts,See AAAI 2024 conference index,2024,Artificial Intelligence,AAAI 2024,Conference-indexed research paper from AAAI 2024. Author and full-paper metadata are available through the linked conference index.,0,,https://github.com/DmitryRyumin/AAAI-2024-Papers/blob/main/sections/2024/main/1_200.md,
AAAI24-036,Transformer-based Video-Structure Multi-Instance Learning for whole Slide Image Classification,See AAAI 2024 conference index,2024,Computer Vision,AAAI 2024,Conference-indexed research paper from AAAI 2024. Author and full-paper metadata are available through the linked conference index.,0,,https://github.com/DmitryRyumin/AAAI-2024-Papers/blob/main/sections/2024/main/1_200.md,
AAAI24-037,Attribute-Missing Graph Clustering Network,See AAAI 2024 conference index,2024,Machine Learning,AAAI 2024,Conference-indexed research paper from AAAI 2024. Author and full-paper metadata are available through the linked conference index.,0,,https://github.com/DmitryRyumin/AAAI-2024-Papers/blob/main/sections/2024/main/1_200.md,
AAAI24-038,Explicit Visual Prompts for Visual Object Tracking,See AAAI 2024 conference index,2024,Natural Language Processing,AAAI 2024,Conference-indexed research paper from AAAI 2024. Author and full-paper metadata are available through the linked conference index.,0,,https://github.com/DmitryRyumin/AAAI-2024-Papers/blob/main/sections/2024/main/1_200.md,
AAAI24-039,Task-Agnostic Privacy-Preserving Representation Learning for Federated Learning against Attribute Inference Attacks,See AAAI 2024 conference index,2024,Machine Learning,AAAI 2024,Conference-indexed research paper from AAAI 2024. Author and full-paper metadata are available through the linked conference index.,0,,https://github.com/DmitryRyumin/AAAI-2024-Papers/blob/main/sections/2024/main/1_200.md,
AAAI24-040,LERE: Learning-based Low-Rank Matrix Recovery with Rank Estimation,See AAAI 2024 conference index,2024,Machine Learning,AAAI 2024,Conference-indexed research paper from AAAI 2024. Author and full-paper metadata are available through the linked conference index.,0,,https://github.com/DmitryRyumin/AAAI-2024-Papers/blob/main/sections/2024/main/1_200.md,
AAAI24-041,ColNeRF: Collaboration for Generalizable Sparse Input Neural Radiance Field,See AAAI 2024 conference index,2024,Natural Language Processing,AAAI 2024,Conference-indexed research paper from AAAI 2024. Author and full-paper metadata are available through the linked conference index.,0,,https://github.com/DmitryRyumin/AAAI-2024-Papers/blob/main/sections/2024/main/201_400.md,
AAAI24-042,Reverse Multi-Choice Dialogue Commonsense Inference with Graph-of-Thought,See AAAI 2024 conference index,2024,Natural Language Processing,AAAI 2024,Conference-indexed research paper from AAAI 2024. Author and full-paper metadata are available through the linked conference index.,0,,https://github.com/DmitryRyumin/AAAI-2024-Papers/blob/main/sections/2024/main/201_400.md,
AAAI24-043,Can Large Language Models Serve as Rational Players in Game Theory? A Systematic Analysis,See AAAI 2024 conference index,2024,Natural Language Processing,AAAI 2024,Conference-indexed research paper from AAAI 2024. Author and full-paper metadata are available through the linked conference index.,0,,https://github.com/DmitryRyumin/AAAI-2024-Papers/blob/main/sections/2024/main/201_400.md,
AAAI24-044,Say Anything with Any Style,See AAAI 2024 conference index,2024,Artificial Intelligence,AAAI 2024,Conference-indexed research paper from AAAI 2024. Author and full-paper metadata are available through the linked conference index.,0,,https://github.com/DmitryRyumin/AAAI-2024-Papers/blob/main/sections/2024/main/201_400.md,
AAAI24-045,Inducing Clusters Deep Kernel Gaussian Process for Longitudinal Data,See AAAI 2024 conference index,2024,Artificial Intelligence,AAAI 2024,Conference-indexed research paper from AAAI 2024. Author and full-paper metadata are available through the linked conference index.,0,,https://github.com/DmitryRyumin/AAAI-2024-Papers/blob/main/sections/2024/main/201_400.md,
AAAI24-046,Learning Deformable Hypothesis Sampling for Accurate PatchMatch Multi-View Stereo,See AAAI 2024 conference index,2024,Computer Vision,AAAI 2024,Conference-indexed research paper from AAAI 2024. Author and full-paper metadata are available through the linked conference index.,0,,https://github.com/DmitryRyumin/AAAI-2024-Papers/blob/main/sections/2024/main/201_400.md,
AAAI24-047,Semi-Supervised Open-World Object Detection,See AAAI 2024 conference index,2024,Computer Vision,AAAI 2024,Conference-indexed research paper from AAAI 2024. Author and full-paper metadata are available through the linked conference index.,0,,https://github.com/DmitryRyumin/AAAI-2024-Papers/blob/main/sections/2024/main/201_400.md,
AAAI24-048,Decoupling Representation and Knowledge for Few-Shot Intent Classification and Slot Filling,See AAAI 2024 conference index,2024,Machine Learning,AAAI 2024,Conference-indexed research paper from AAAI 2024. Author and full-paper metadata are available through the linked conference index.,0,,https://github.com/DmitryRyumin/AAAI-2024-Papers/blob/main/sections/2024/main/201_400.md,
AAAI24-049,QI-IRA: Quantum-Inspired Interactive Ranking Aggregation for Person Re-Identification,See AAAI 2024 conference index,2024,Artificial Intelligence,AAAI 2024,Conference-indexed research paper from AAAI 2024. Author and full-paper metadata are available through the linked conference index.,0,,https://github.com/DmitryRyumin/AAAI-2024-Papers/blob/main/sections/2024/main/201_400.md,
AAAI24-050,Boosting Adversarial Transferability across Model Genus by Deformation-Constrained Warping,See AAAI 2024 conference index,2024,Artificial Intelligence,AAAI 2024,Conference-indexed research paper from AAAI 2024. Author and full-paper metadata are available through the linked conference index.,0,,https://github.com/DmitryRyumin/AAAI-2024-Papers/blob/main/sections/2024/main/201_400.md,
AAAI24-051,What Makes Good Collaborative Views? Contrastive Mutual Information Maximization for Multi-Agent Perception,See AAAI 2024 conference index,2024,Artificial Intelligence,AAAI 2024,Conference-indexed research paper from AAAI 2024. Author and full-paper metadata are available through the linked conference index.,0,,https://github.com/DmitryRyumin/AAAI-2024-Papers/blob/main/sections/2024/main/201_400.md,
AAAI24-052,Towards Compact 3D Representations via Point Feature Enhancement Masked Autoencoders,See AAAI 2024 conference index,2024,Computer Vision,AAAI 2024,Conference-indexed research paper from AAAI 2024. Author and full-paper metadata are available through the linked conference index.,0,,https://github.com/DmitryRyumin/AAAI-2024-Papers/blob/main/sections/2024/main/201_400.md,
AAAI24-053,UMIE: Unified Multimodal Information Extraction with Instruction Tuning,See AAAI 2024 conference index,2024,Artificial Intelligence,AAAI 2024,Conference-indexed research paper from AAAI 2024. Author and full-paper metadata are available through the linked conference index.,0,,https://github.com/DmitryRyumin/AAAI-2024-Papers/blob/main/sections/2024/main/201_400.md,
AAAI24-054,Exploring Base-Class Suppression with Prior Guidance for Bias-Free One-Shot Object Detection,See AAAI 2024 conference index,2024,Computer Vision,AAAI 2024,Conference-indexed research paper from AAAI 2024. Author and full-paper metadata are available through the linked conference index.,0,,https://github.com/DmitryRyumin/AAAI-2024-Papers/blob/main/sections/2024/main/201_400.md,
AAAI24-055,Generalizing across Temporal Domains with Koopman Operators,See AAAI 2024 conference index,2024,Natural Language Processing,AAAI 2024,Conference-indexed research paper from AAAI 2024. Author and full-paper metadata are available through the linked conference index.,0,,https://github.com/DmitryRyumin/AAAI-2024-Papers/blob/main/sections/2024/main/201_400.md,
AAAI24-056,eTag: Class-Incremental Learning via Embedding Distillation and Task-Oriented Generation,See AAAI 2024 conference index,2024,Natural Language Processing,AAAI 2024,Conference-indexed research paper from AAAI 2024. Author and full-paper metadata are available through the linked conference index.,0,,https://github.com/DmitryRyumin/AAAI-2024-Papers/blob/main/sections/2024/main/201_400.md,
AAAI24-057,Progressively Knowledge Distillation via Re-Parameterizing Diffusion Reverse Process,See AAAI 2024 conference index,2024,Computer Vision,AAAI 2024,Conference-indexed research paper from AAAI 2024. Author and full-paper metadata are available through the linked conference index.,0,,https://github.com/DmitryRyumin/AAAI-2024-Papers/blob/main/sections/2024/main/201_400.md,
AAAI24-058,A Generalized Shuffle Framework for Privacy Amplification: Strengthening Privacy Guarantees and Enhancing Utility,See AAAI 2024 conference index,2024,Natural Language Processing,AAAI 2024,Conference-indexed research paper from AAAI 2024. Author and full-paper metadata are available through the linked conference index.,0,,https://github.com/DmitryRyumin/AAAI-2024-Papers/blob/main/sections/2024/main/201_400.md,
AAAI24-059,Point-to-Spike Residual Learning for Energy-Efficient 3D Point Cloud Classification,See AAAI 2024 conference index,2024,Natural Language Processing,AAAI 2024,Conference-indexed research paper from AAAI 2024. Author and full-paper metadata are available through the linked conference index.,0,,https://github.com/DmitryRyumin/AAAI-2024-Papers/blob/main/sections/2024/main/201_400.md,
AAAI24-060,SALSA: Semantically-Aware Latent Space Autoencoder,See AAAI 2024 conference index,2024,Artificial Intelligence,AAAI 2024,Conference-indexed research paper from AAAI 2024. Author and full-paper metadata are available through the linked conference index.,0,,https://github.com/DmitryRyumin/AAAI-2024-Papers/blob/main/sections/2024/main/201_400.md,
AAAI24-061,SAT-based Techniques for Lexicographically Smallest Finite Models,See AAAI 2024 conference index,2024,Machine Learning,AAAI 2024,Conference-indexed research paper from AAAI 2024. Author and full-paper metadata are available through the linked conference index.,0,,https://github.com/DmitryRyumin/AAAI-2024-Papers/blob/main/sections/2024/main/201_400.md,
AAAI24-062,Joint Demosaicing and Denoising for Spike Camera,See AAAI 2024 conference index,2024,Artificial Intelligence,AAAI 2024,Conference-indexed research paper from AAAI 2024. Author and full-paper metadata are available through the linked conference index.,0,,https://github.com/DmitryRyumin/AAAI-2024-Papers/blob/main/sections/2024/main/201_400.md,
AAAI24-063,Does Few-Shot Learning Suffer from Backdoor Attacks?,See AAAI 2024 conference index,2024,Machine Learning,AAAI 2024,Conference-indexed research paper from AAAI 2024. Author and full-paper metadata are available through the linked conference index.,0,,https://github.com/DmitryRyumin/AAAI-2024-Papers/blob/main/sections/2024/main/201_400.md,
AAAI24-064,O2-Recon: Completing 3D Reconstruction of Occluded Objects in the Scene with a Pre-Trained 2D Diffusion Model,See AAAI 2024 conference index,2024,Computer Vision,AAAI 2024,Conference-indexed research paper from AAAI 2024. Author and full-paper metadata are available through the linked conference index.,0,,https://github.com/DmitryRyumin/AAAI-2024-Papers/blob/main/sections/2024/main/201_400.md,
AAAI24-065,Learning from Polar Representation: An Extreme-Adaptive Model for Long-Term Time Series Forecasting,See AAAI 2024 conference index,2024,Machine Learning,AAAI 2024,Conference-indexed research paper from AAAI 2024. Author and full-paper metadata are available through the linked conference index.,0,,https://github.com/DmitryRyumin/AAAI-2024-Papers/blob/main/sections/2024/main/201_400.md,
AAAI24-066,TF-CLIP: Learning Text-Free CLIP for Video-based Person Re-Identification,See AAAI 2024 conference index,2024,Natural Language Processing,AAAI 2024,Conference-indexed research paper from AAAI 2024. Author and full-paper metadata are available through the linked conference index.,0,,https://github.com/DmitryRyumin/AAAI-2024-Papers/blob/main/sections/2024/main/201_400.md,
AAAI24-067,Suppressing Uncertainty in Gaze Estimation,See AAAI 2024 conference index,2024,Computer Vision,AAAI 2024,Conference-indexed research paper from AAAI 2024. Author and full-paper metadata are available through the linked conference index.,0,,https://github.com/DmitryRyumin/AAAI-2024-Papers/blob/main/sections/2024/main/201_400.md,
AAAI24-068,Rethinking Peculiar Images by Diffusion Models: Revealing Local Minima's Role,See AAAI 2024 conference index,2024,Computer Vision,AAAI 2024,Conference-indexed research paper from AAAI 2024. Author and full-paper metadata are available through the linked conference index.,0,,https://github.com/DmitryRyumin/AAAI-2024-Papers/blob/main/sections/2024/main/201_400.md,
AAAI24-069,RoPDA: Robust Prompt-based Data Augmentation for Low-Resource Named Entity Recognition,See AAAI 2024 conference index,2024,Natural Language Processing,AAAI 2024,Conference-indexed research paper from AAAI 2024. Author and full-paper metadata are available through the linked conference index.,0,,https://github.com/DmitryRyumin/AAAI-2024-Papers/blob/main/sections/2024/main/201_400.md,
AAAI24-070,Composite Sketch+Text Queries for Retrieving Objects with Elusive Names and Complex Interactions,See AAAI 2024 conference index,2024,Natural Language Processing,AAAI 2024,Conference-indexed research paper from AAAI 2024. Author and full-paper metadata are available through the linked conference index.,0,,https://github.com/DmitryRyumin/AAAI-2024-Papers/blob/main/sections/2024/main/201_400.md,
AAAI24-071,How to Protect Copyright Data in Optimization of Large Language Models?,See AAAI 2024 conference index,2024,Natural Language Processing,AAAI 2024,Conference-indexed research paper from AAAI 2024. Author and full-paper metadata are available through the linked conference index.,0,,https://github.com/DmitryRyumin/AAAI-2024-Papers/blob/main/sections/2024/main/201_400.md,
AAAI24-072,Dialogue for Prompting: A Policy-Gradient-based Discrete Prompt Generation for Few-Shot Learning,See AAAI 2024 conference index,2024,Natural Language Processing,AAAI 2024,Conference-indexed research paper from AAAI 2024. Author and full-paper metadata are available through the linked conference index.,0,,https://github.com/DmitryRyumin/AAAI-2024-Papers/blob/main/sections/2024/main/201_400.md,
AAAI24-073,Runtime vs. Extracted Proof Size: An Exponential Gap for CDCL on QBFs,See AAAI 2024 conference index,2024,Artificial Intelligence,AAAI 2024,Conference-indexed research paper from AAAI 2024. Author and full-paper metadata are available through the linked conference index.,0,,https://github.com/DmitryRyumin/AAAI-2024-Papers/blob/main/sections/2024/main/201_400.md,
AAAI24-074,Transformer as Linear Expansion of Learngene,See AAAI 2024 conference index,2024,Artificial Intelligence,AAAI 2024,Conference-indexed research paper from AAAI 2024. Author and full-paper metadata are available through the linked conference index.,0,,https://github.com/DmitryRyumin/AAAI-2024-Papers/blob/main/sections/2024/main/201_400.md,
AAAI24-075,Transitivity-Preserving Graph Representation Learning for Bridging Local Connectivity and Role-based Similarity,See AAAI 2024 conference index,2024,Machine Learning,AAAI 2024,Conference-indexed research paper from AAAI 2024. Author and full-paper metadata are available through the linked conference index.,0,,https://github.com/DmitryRyumin/AAAI-2024-Papers/blob/main/sections/2024/main/201_400.md,
AAAI24-076,A Diffusion-based Framework for Multi-Class Anomaly Detection,See AAAI 2024 conference index,2024,Computer Vision,AAAI 2024,Conference-indexed research paper from AAAI 2024. Author and full-paper metadata are available through the linked conference index.,0,,https://github.com/DmitryRyumin/AAAI-2024-Papers/blob/main/sections/2024/main/201_400.md,
AAAI24-077,Cross-Sentence Gloss Consistency for Continuous Sign Language Recognition,See AAAI 2024 conference index,2024,Natural Language Processing,AAAI 2024,Conference-indexed research paper from AAAI 2024. Author and full-paper metadata are available through the linked conference index.,0,,https://github.com/DmitryRyumin/AAAI-2024-Papers/blob/main/sections/2024/main/201_400.md,
AAAI24-078,Online Restless Multi-Armed Bandits with Long-Term Fairness Constraints,See AAAI 2024 conference index,2024,Artificial Intelligence,AAAI 2024,Conference-indexed research paper from AAAI 2024. Author and full-paper metadata are available through the linked conference index.,0,,https://github.com/DmitryRyumin/AAAI-2024-Papers/blob/main/sections/2024/main/201_400.md,
AAAI24-079,M2SD: Multiple Mixing Self-Distillation for Few-Shot Class-Incremental Learning,See AAAI 2024 conference index,2024,Machine Learning,AAAI 2024,Conference-indexed research paper from AAAI 2024. Author and full-paper metadata are available through the linked conference index.,0,,https://github.com/DmitryRyumin/AAAI-2024-Papers/blob/main/sections/2024/main/201_400.md,
AAAI24-080,S3A: Towards Realistic Zero-Shot Classification via Self Structural Semantic Alignment,See AAAI 2024 conference index,2024,Machine Learning,AAAI 2024,Conference-indexed research paper from AAAI 2024. Author and full-paper metadata are available through the linked conference index.,0,,https://github.com/DmitryRyumin/AAAI-2024-Papers/blob/main/sections/2024/main/201_400.md,
AAAI24-081,A Provably Accurate Randomized Sampling Algorithm for Logistic Regression,See AAAI 2024 conference index,2024,Machine Learning,AAAI 2024,Conference-indexed research paper from AAAI 2024. Author and full-paper metadata are available through the linked conference index.,0,,https://github.com/DmitryRyumin/AAAI-2024-Papers/blob/main/sections/2024/main/201_400.md,
AAAI24-082,Towards Squeezing-Averse Virtual Try-On via Sequential Deformation,See AAAI 2024 conference index,2024,Artificial Intelligence,AAAI 2024,Conference-indexed research paper from AAAI 2024. Author and full-paper metadata are available through the linked conference index.,0,,https://github.com/DmitryRyumin/AAAI-2024-Papers/blob/main/sections/2024/main/201_400.md,
AAAI24-083,BARET: Balanced Attention based Real Image Editing Driven by Target-Text Inversion,See AAAI 2024 conference index,2024,Natural Language Processing,AAAI 2024,Conference-indexed research paper from AAAI 2024. Author and full-paper metadata are available through the linked conference index.,0,,https://github.com/DmitryRyumin/AAAI-2024-Papers/blob/main/sections/2024/main/201_400.md,
AAAI24-084,HORIZON: High-Resolution Semantically Controlled Panorama Synthesis,See AAAI 2024 conference index,2024,Artificial Intelligence,AAAI 2024,Conference-indexed research paper from AAAI 2024. Author and full-paper metadata are available through the linked conference index.,0,,https://github.com/DmitryRyumin/AAAI-2024-Papers/blob/main/sections/2024/main/201_400.md,
AAAI24-085,Double-Layer Hybrid-Label Identification Feature Selection for Multi-View Multi-Label Learning,See AAAI 2024 conference index,2024,Machine Learning,AAAI 2024,Conference-indexed research paper from AAAI 2024. Author and full-paper metadata are available through the linked conference index.,0,,https://github.com/DmitryRyumin/AAAI-2024-Papers/blob/main/sections/2024/main/201_400.md,
AAAI24-086,Open-Set Facial Expression Recognition,See AAAI 2024 conference index,2024,Artificial Intelligence,AAAI 2024,Conference-indexed research paper from AAAI 2024. Author and full-paper metadata are available through the linked conference index.,0,,https://github.com/DmitryRyumin/AAAI-2024-Papers/blob/main/sections/2024/main/201_400.md,
AAAI24-087,SimCS: Simulation for Domain Incremental Online Continual Segmentation,See AAAI 2024 conference index,2024,Computer Vision,AAAI 2024,Conference-indexed research paper from AAAI 2024. Author and full-paper metadata are available through the linked conference index.,0,,https://github.com/DmitryRyumin/AAAI-2024-Papers/blob/main/sections/2024/main/201_400.md,
AAAI24-088,Variance-Insensitive and Target-Preserving Mask Refinement for Interactive Image Segmentation,See AAAI 2024 conference index,2024,Computer Vision,AAAI 2024,Conference-indexed research paper from AAAI 2024. Author and full-paper metadata are available through the linked conference index.,0,,https://github.com/DmitryRyumin/AAAI-2024-Papers/blob/main/sections/2024/main/201_400.md,
AAAI24-089,DCLP: Neural Architecture Predictor with Curriculum Contrastive Learning,See AAAI 2024 conference index,2024,Machine Learning,AAAI 2024,Conference-indexed research paper from AAAI 2024. Author and full-paper metadata are available through the linked conference index.,0,,https://github.com/DmitryRyumin/AAAI-2024-Papers/blob/main/sections/2024/main/201_400.md,
AAAI24-090,UniCATS: A Unified Context-Aware Text-to-Speech Framework with Contextual VQ-Diffusion and Vocoding,See AAAI 2024 conference index,2024,Natural Language Processing,AAAI 2024,Conference-indexed research paper from AAAI 2024. Author and full-paper metadata are available through the linked conference index.,0,,https://github.com/DmitryRyumin/AAAI-2024-Papers/blob/main/sections/2024/main/201_400.md,
AAAI24-091,Homophily-Related: Adaptive Hybrid Graph Filter for Multi-View Graph Clustering,See AAAI 2024 conference index,2024,Machine Learning,AAAI 2024,Conference-indexed research paper from AAAI 2024. Author and full-paper metadata are available through the linked conference index.,0,,https://github.com/DmitryRyumin/AAAI-2024-Papers/blob/main/sections/2024/main/201_400.md,
AAAI24-092,NaRuto: Automatically Acquiring Planning Models from Narrative Texts,See AAAI 2024 conference index,2024,Natural Language Processing,AAAI 2024,Conference-indexed research paper from AAAI 2024. Author and full-paper metadata are available through the linked conference index.,0,,https://github.com/DmitryRyumin/AAAI-2024-Papers/blob/main/sections/2024/main/201_400.md,
AAAI24-093,GLDL: Graph Label Distribution Learning,See AAAI 2024 conference index,2024,Machine Learning,AAAI 2024,Conference-indexed research paper from AAAI 2024. Author and full-paper metadata are available through the linked conference index.,0,,https://github.com/DmitryRyumin/AAAI-2024-Papers/blob/main/sections/2024/main/201_400.md,
AAAI24-094,CoSTA: End-to-End Comprehensive Space-Time Entanglement for Spatio-Temporal Video Grounding,See AAAI 2024 conference index,2024,Computer Vision,AAAI 2024,Conference-indexed research paper from AAAI 2024. Author and full-paper metadata are available through the linked conference index.,0,,https://github.com/DmitryRyumin/AAAI-2024-Papers/blob/main/sections/2024/main/201_400.md,
AAAI24-095,FedTGP: Trainable Global Prototypes with Adaptive-Margin-Enhanced Contrastive Learning for Data and Model Heterogeneity in Federated Learning,See AAAI 2024 conference index,2024,Machine Learning,AAAI 2024,Conference-indexed research paper from AAAI 2024. Author and full-paper metadata are available through the linked conference index.,0,,https://github.com/DmitryRyumin/AAAI-2024-Papers/blob/main/sections/2024/main/201_400.md,
AAAI24-096,Generalized Planning in PDDL Domains with Pretrained Large Language Models,See AAAI 2024 conference index,2024,Natural Language Processing,AAAI 2024,Conference-indexed research paper from AAAI 2024. Author and full-paper metadata are available through the linked conference index.,0,,https://github.com/DmitryRyumin/AAAI-2024-Papers/blob/main/sections/2024/main/201_400.md,
AAAI24-097,Combining Multiple Supervision for Robust Zero-Shot Dense Retrieval,See AAAI 2024 conference index,2024,Computer Vision,AAAI 2024,Conference-indexed research paper from AAAI 2024. Author and full-paper metadata are available through the linked conference index.,0,,https://github.com/DmitryRyumin/AAAI-2024-Papers/blob/main/sections/2024/main/201_400.md,
AAAI24-098,DPA-P2PNet: Deformable Proposal-Aware P2PNet for Accurate Point-based Cell Detection,See AAAI 2024 conference index,2024,Artificial Intelligence,AAAI 2024,Conference-indexed research paper from AAAI 2024. Author and full-paper metadata are available through the linked conference index.,0,,https://github.com/DmitryRyumin/AAAI-2024-Papers/blob/main/sections/2024/main/201_400.md,
AAAI24-099,SEA-GWNN: Simple and Effective Adaptive Graph Wavelet Neural Network,See AAAI 2024 conference index,2024,Machine Learning,AAAI 2024,Conference-indexed research paper from AAAI 2024. Author and full-paper metadata are available through the linked conference index.,0,,https://github.com/DmitryRyumin/AAAI-2024-Papers/blob/main/sections/2024/main/201_400.md,
AAAI24-100,Navigating Open Set Scenarios for Skeleton-based Action Recognition,See AAAI 2024 conference index,2024,Artificial Intelligence,AAAI 2024,Conference-indexed research paper from AAAI 2024. Author and full-paper metadata are available through the linked conference index.,0,,https://github.com/DmitryRyumin/AAAI-2024-Papers/blob/main/sections/2024/main/201_400.md,
AAAI24-101,E2HQV: High-Quality Video Generation from Event Camera via Theory-Inspired Model-Aided Deep Learning,See AAAI 2024 conference index,2024,Natural Language Processing,AAAI 2024,Conference-indexed research paper from AAAI 2024. Author and full-paper metadata are available through the linked conference index.,0,,https://github.com/DmitryRyumin/AAAI-2024-Papers/blob/main/sections/2024/main/201_400.md,
AAAI24-102,Parallel Empirical Evaluations: Resilience despite Concurrency,See AAAI 2024 conference index,2024,Artificial Intelligence,AAAI 2024,Conference-indexed research paper from AAAI 2024. Author and full-paper metadata are available through the linked conference index.,0,,https://github.com/DmitryRyumin/AAAI-2024-Papers/blob/main/sections/2024/main/201_400.md,
AAAI24-103,ANEDL: Adaptive Negative Evidential Deep Learning for Open-Set Semi-Supervised Learning,See AAAI 2024 conference index,2024,Machine Learning,AAAI 2024,Conference-indexed research paper from AAAI 2024. Author and full-paper metadata are available through the linked conference index.,0,,https://github.com/DmitryRyumin/AAAI-2024-Papers/blob/main/sections/2024/main/201_400.md,
AAAI24-104,Test-Time Personalization with Meta Prompt for Gaze Estimation,See AAAI 2024 conference index,2024,Natural Language Processing,AAAI 2024,Conference-indexed research paper from AAAI 2024. Author and full-paper metadata are available through the linked conference index.,0,,https://github.com/DmitryRyumin/AAAI-2024-Papers/blob/main/sections/2024/main/201_400.md,
AAAI24-105,IINet: Implicit Intra-Inter Information Fusion for Real-Time Stereo Matching,See AAAI 2024 conference index,2024,Computer Vision,AAAI 2024,Conference-indexed research paper from AAAI 2024. Author and full-paper metadata are available through the linked conference index.,0,,https://github.com/DmitryRyumin/AAAI-2024-Papers/blob/main/sections/2024/main/201_400.md,
AAAI24-106,ALISON: Fast and Effective Stylometric Authorship Obfuscation,See AAAI 2024 conference index,2024,Artificial Intelligence,AAAI 2024,Conference-indexed research paper from AAAI 2024. Author and full-paper metadata are available through the linked conference index.,0,,https://github.com/DmitryRyumin/AAAI-2024-Papers/blob/main/sections/2024/main/201_400.md,
AAAI24-107,LION: Implicit Vision Prompt Tuning,See AAAI 2024 conference index,2024,Natural Language Processing,AAAI 2024,Conference-indexed research paper from AAAI 2024. Author and full-paper metadata are available through the linked conference index.,0,,https://github.com/DmitryRyumin/AAAI-2024-Papers/blob/main/sections/2024/main/201_400.md,
AAAI24-108,Diffusion Language-Shapelets for Semi-Supervised Time-Series Classification,See AAAI 2024 conference index,2024,Natural Language Processing,AAAI 2024,Conference-indexed research paper from AAAI 2024. Author and full-paper metadata are available through the linked conference index.,0,,https://github.com/DmitryRyumin/AAAI-2024-Papers/blob/main/sections/2024/main/201_400.md,
AAAI24-109,Deep Structural Knowledge Exploitation and Synergy for Estimating Node Importance Value on Heterogeneous Information Networks,See AAAI 2024 conference index,2024,Natural Language Processing,AAAI 2024,Conference-indexed research paper from AAAI 2024. Author and full-paper metadata are available through the linked conference index.,0,,https://github.com/DmitryRyumin/AAAI-2024-Papers/blob/main/sections/2024/main/201_400.md,
AAAI24-110,Bi-ViT: Pushing the Limit of Vision Transformer Quantization,See AAAI 2024 conference index,2024,Computer Vision,AAAI 2024,Conference-indexed research paper from AAAI 2024. Author and full-paper metadata are available through the linked conference index.,0,,https://github.com/DmitryRyumin/AAAI-2024-Papers/blob/main/sections/2024/main/201_400.md,
AAAI24-111,Almost Envy-Free Allocations of Indivisible Goods or Chores with Entitlements,See AAAI 2024 conference index,2024,Artificial Intelligence,AAAI 2024,Conference-indexed research paper from AAAI 2024. Author and full-paper metadata are available through the linked conference index.,0,,https://github.com/DmitryRyumin/AAAI-2024-Papers/blob/main/sections/2024/main/201_400.md,
AAAI24-112,Unraveling Batch Normalization for Realistic Test-Time Adaptation,See AAAI 2024 conference index,2024,Machine Learning,AAAI 2024,Conference-indexed research paper from AAAI 2024. Author and full-paper metadata are available through the linked conference index.,0,,https://github.com/DmitryRyumin/AAAI-2024-Papers/blob/main/sections/2024/main/201_400.md,
AAAI24-113,Inspecting Prediction Confidence for Detecting Black-Box Backdoor Attacks,See AAAI 2024 conference index,2024,Artificial Intelligence,AAAI 2024,Conference-indexed research paper from AAAI 2024. Author and full-paper metadata are available through the linked conference index.,0,,https://github.com/DmitryRyumin/AAAI-2024-Papers/blob/main/sections/2024/main/201_400.md,
AAAI24-114,Layer Compression of Deep Networks with Straight Flows,See AAAI 2024 conference index,2024,Artificial Intelligence,AAAI 2024,Conference-indexed research paper from AAAI 2024. Author and full-paper metadata are available through the linked conference index.,0,,https://github.com/DmitryRyumin/AAAI-2024-Papers/blob/main/sections/2024/main/201_400.md,
AAAI24-115,Spherical Pseudo-Cylindrical Representation for Omnidirectional Image Super-Resolution,See AAAI 2024 conference index,2024,Computer Vision,AAAI 2024,Conference-indexed research paper from AAAI 2024. Author and full-paper metadata are available through the linked conference index.,0,,https://github.com/DmitryRyumin/AAAI-2024-Papers/blob/main/sections/2024/main/201_400.md,
AAAI24-116,Task-Free Dynamic Sparse Vision Transformer for Continual Learning,See AAAI 2024 conference index,2024,Computer Vision,AAAI 2024,Conference-indexed research paper from AAAI 2024. Author and full-paper metadata are available through the linked conference index.,0,,https://github.com/DmitryRyumin/AAAI-2024-Papers/blob/main/sections/2024/main/201_400.md,
AAAI24-117,TriSampler: A Better Negative Sampling Principle for Dense Retrieval,See AAAI 2024 conference index,2024,Artificial Intelligence,AAAI 2024,Conference-indexed research paper from AAAI 2024. Author and full-paper metadata are available through the linked conference index.,0,,https://github.com/DmitryRyumin/AAAI-2024-Papers/blob/main/sections/2024/main/201_400.md,
AAAI24-118,SuperJunction: Learning-based Junction Detection for Retinal Image Registration,See AAAI 2024 conference index,2024,Computer Vision,AAAI 2024,Conference-indexed research paper from AAAI 2024. Author and full-paper metadata are available through the linked conference index.,0,,https://github.com/DmitryRyumin/AAAI-2024-Papers/blob/main/sections/2024/main/201_400.md,
AAAI24-119,Towards more Faithful Natural Language Explanation using Multi-Level Contrastive Learning in VQA,See AAAI 2024 conference index,2024,Natural Language Processing,AAAI 2024,Conference-indexed research paper from AAAI 2024. Author and full-paper metadata are available through the linked conference index.,0,,https://github.com/DmitryRyumin/AAAI-2024-Papers/blob/main/sections/2024/main/201_400.md,
AAAI24-120,NeRF-LiDAR: Generating Realistic LiDAR Point Clouds with Neural Radiance Fields,See AAAI 2024 conference index,2024,Natural Language Processing,AAAI 2024,Conference-indexed research paper from AAAI 2024. Author and full-paper metadata are available through the linked conference index.,0,,https://github.com/DmitryRyumin/AAAI-2024-Papers/blob/main/sections/2024/main/201_400.md,
AAAI24-121,A Pre-convolved Representation for Plug-and-Play Neural Illumination Fields,See AAAI 2024 conference index,2024,Machine Learning,AAAI 2024,Conference-indexed research paper from AAAI 2024. Author and full-paper metadata are available through the linked conference index.,0,,https://github.com/DmitryRyumin/AAAI-2024-Papers/blob/main/sections/2024/main/201_400.md,
AAAI24-122,ArtBank: Artistic Style Transfer with Pre-trained Diffusion Model and Implicit Style Prompt Bank,See AAAI 2024 conference index,2024,Natural Language Processing,AAAI 2024,Conference-indexed research paper from AAAI 2024. Author and full-paper metadata are available through the linked conference index.,0,,https://github.com/DmitryRyumin/AAAI-2024-Papers/blob/main/sections/2024/main/201_400.md,
AAAI24-123,Complexity of Neural Network Training and ETR: Extensions with Effectively Continuous Functions,See AAAI 2024 conference index,2024,Machine Learning,AAAI 2024,Conference-indexed research paper from AAAI 2024. Author and full-paper metadata are available through the linked conference index.,0,,https://github.com/DmitryRyumin/AAAI-2024-Papers/blob/main/sections/2024/main/201_400.md,
AAAI24-124,Knowledge Graph Prompting for Multi-Document Question Answering,See AAAI 2024 conference index,2024,Natural Language Processing,AAAI 2024,Conference-indexed research paper from AAAI 2024. Author and full-paper metadata are available through the linked conference index.,0,,https://github.com/DmitryRyumin/AAAI-2024-Papers/blob/main/sections/2024/main/201_400.md,
AAAI24-125,Multiscale Low-Frequency Memory Network for Improved Feature Extraction in Convolutional Neural Networks,See AAAI 2024 conference index,2024,Machine Learning,AAAI 2024,Conference-indexed research paper from AAAI 2024. Author and full-paper metadata are available through the linked conference index.,0,,https://github.com/DmitryRyumin/AAAI-2024-Papers/blob/main/sections/2024/main/201_400.md,
AAAI24-126,Minimum Coverage Sets for Training Robust Ad Hoc Teamwork Agents,See AAAI 2024 conference index,2024,Artificial Intelligence,AAAI 2024,Conference-indexed research paper from AAAI 2024. Author and full-paper metadata are available through the linked conference index.,0,,https://github.com/DmitryRyumin/AAAI-2024-Papers/blob/main/sections/2024/main/201_400.md,
AAAI24-127,Learning Multi-Object Positional Relationships via Emergent Communication,See AAAI 2024 conference index,2024,Computer Vision,AAAI 2024,Conference-indexed research paper from AAAI 2024. Author and full-paper metadata are available through the linked conference index.,0,,https://github.com/DmitryRyumin/AAAI-2024-Papers/blob/main/sections/2024/main/201_400.md,
AAAI24-128,Fusion-Vital: Video-RF Fusion Transformer for Advanced Remote Physiological Measurement,See AAAI 2024 conference index,2024,Computer Vision,AAAI 2024,Conference-indexed research paper from AAAI 2024. Author and full-paper metadata are available through the linked conference index.,0,,https://github.com/DmitryRyumin/AAAI-2024-Papers/blob/main/sections/2024/main/201_400.md,
AAAI24-129,Spiking NeRF: Representing the Real-World Geometry by a Discontinuous Representation,See AAAI 2024 conference index,2024,Natural Language Processing,AAAI 2024,Conference-indexed research paper from AAAI 2024. Author and full-paper metadata are available through the linked conference index.,0,,https://github.com/DmitryRyumin/AAAI-2024-Papers/blob/main/sections/2024/main/201_400.md,
AAAI24-130,Swift-Mapping: Online Neural Implicit Dense Mapping in Urban Scenes,See AAAI 2024 conference index,2024,Machine Learning,AAAI 2024,Conference-indexed research paper from AAAI 2024. Author and full-paper metadata are available through the linked conference index.,0,,https://github.com/DmitryRyumin/AAAI-2024-Papers/blob/main/sections/2024/main/201_400.md,
AAAI24-131,Three Heads are Better than One: Improving Cross-Domain NER with Progressive Decomposed Network,See AAAI 2024 conference index,2024,Natural Language Processing,AAAI 2024,Conference-indexed research paper from AAAI 2024. Author and full-paper metadata are available through the linked conference index.,0,,https://github.com/DmitryRyumin/AAAI-2024-Papers/blob/main/sections/2024/main/201_400.md,
AAAI24-132,Probabilistic Neural Circuits,See AAAI 2024 conference index,2024,Machine Learning,AAAI 2024,Conference-indexed research paper from AAAI 2024. Author and full-paper metadata are available through the linked conference index.,0,,https://github.com/DmitryRyumin/AAAI-2024-Papers/blob/main/sections/2024/main/201_400.md,
AAAI24-133,ExpCLIP: Bridging Text and Facial Expressions via Semantic Alignment,See AAAI 2024 conference index,2024,Natural Language Processing,AAAI 2024,Conference-indexed research paper from AAAI 2024. Author and full-paper metadata are available through the linked conference index.,0,,https://github.com/DmitryRyumin/AAAI-2024-Papers/blob/main/sections/2024/main/201_400.md,
AAAI24-134,Improving Diffusion-based Image Restoration with Error Contraction and Error Correction,See AAAI 2024 conference index,2024,Computer Vision,AAAI 2024,Conference-indexed research paper from AAAI 2024. Author and full-paper metadata are available through the linked conference index.,0,,https://github.com/DmitryRyumin/AAAI-2024-Papers/blob/main/sections/2024/main/201_400.md,
AAAI24-135,Geometry-Guided Domain Generalization for Monocular 3D Object Detection,See AAAI 2024 conference index,2024,Natural Language Processing,AAAI 2024,Conference-indexed research paper from AAAI 2024. Author and full-paper metadata are available through the linked conference index.,0,,https://github.com/DmitryRyumin/AAAI-2024-Papers/blob/main/sections/2024/main/201_400.md,
AAAI24-136,Learning the Topology and Behavior of Discrete Dynamical Systems,See AAAI 2024 conference index,2024,Machine Learning,AAAI 2024,Conference-indexed research paper from AAAI 2024. Author and full-paper metadata are available through the linked conference index.,0,,https://github.com/DmitryRyumin/AAAI-2024-Papers/blob/main/sections/2024/main/201_400.md,
AAAI24-137,Any-Stereo: Arbitrary Scale Disparity Estimation for Iterative Stereo Matching,See AAAI 2024 conference index,2024,Computer Vision,AAAI 2024,Conference-indexed research paper from AAAI 2024. Author and full-paper metadata are available through the linked conference index.,0,,https://github.com/DmitryRyumin/AAAI-2024-Papers/blob/main/sections/2024/main/201_400.md,
AAAI24-138,Robust Policy Learning via Offline Skill Diffusion,See AAAI 2024 conference index,2024,Computer Vision,AAAI 2024,Conference-indexed research paper from AAAI 2024. Author and full-paper metadata are available through the linked conference index.,0,,https://github.com/DmitryRyumin/AAAI-2024-Papers/blob/main/sections/2024/main/201_400.md,
AAAI24-139,EAN: An Efficient Attention Module Guided by Normalization for Deep Neural Networks,See AAAI 2024 conference index,2024,Machine Learning,AAAI 2024,Conference-indexed research paper from AAAI 2024. Author and full-paper metadata are available through the linked conference index.,0,,https://github.com/DmitryRyumin/AAAI-2024-Papers/blob/main/sections/2024/main/201_400.md,
AAAI24-140,Learning to Optimize Permutation Flow Shop Scheduling via Graph-based Imitation Learning,See AAAI 2024 conference index,2024,Machine Learning,AAAI 2024,Conference-indexed research paper from AAAI 2024. Author and full-paper metadata are available through the linked conference index.,0,,https://github.com/DmitryRyumin/AAAI-2024-Papers/blob/main/sections/2024/main/201_400.md,
AAAI24-141,FG-EmoTalk: Talking Head Video Generation with Fine-Grained Controllable Facial Expressions,See AAAI 2024 conference index,2024,Natural Language Processing,AAAI 2024,Conference-indexed research paper from AAAI 2024. Author and full-paper metadata are available through the linked conference index.,0,,https://github.com/DmitryRyumin/AAAI-2024-Papers/blob/main/sections/2024/main/201_400.md,
AAAI24-142,Spectral Prompt Tuning: Unveiling Unseen Classes for Zero-Shot Semantic Segmentation,See AAAI 2024 conference index,2024,Natural Language Processing,AAAI 2024,Conference-indexed research paper from AAAI 2024. Author and full-paper metadata are available through the linked conference index.,0,,https://github.com/DmitryRyumin/AAAI-2024-Papers/blob/main/sections/2024/main/201_400.md,
AAAI24-143,Decoupled Contrastive Learning for Long-Tailed Recognition,See AAAI 2024 conference index,2024,Machine Learning,AAAI 2024,Conference-indexed research paper from AAAI 2024. Author and full-paper metadata are available through the linked conference index.,0,,https://github.com/DmitryRyumin/AAAI-2024-Papers/blob/main/sections/2024/main/201_400.md,
AAAI24-144,The Expected Loss of Preconditioned Langevin Dynamics Reveals the Hessian Rank,See AAAI 2024 conference index,2024,Artificial Intelligence,AAAI 2024,Conference-indexed research paper from AAAI 2024. Author and full-paper metadata are available through the linked conference index.,0,,https://github.com/DmitryRyumin/AAAI-2024-Papers/blob/main/sections/2024/main/201_400.md,
AAAI24-145,Improving Robustness for Joint Optimization of Camera Pose and Decomposed Low-Rank Tensorial Radiance Fields,See AAAI 2024 conference index,2024,Computer Vision,AAAI 2024,Conference-indexed research paper from AAAI 2024. Author and full-paper metadata are available through the linked conference index.,0,,https://github.com/DmitryRyumin/AAAI-2024-Papers/blob/main/sections/2024/main/201_400.md,
AAAI24-146,Exact Algorithms and Lowerbounds for Multiagent Path Finding: Power of Treelike Topology,See AAAI 2024 conference index,2024,Artificial Intelligence,AAAI 2024,Conference-indexed research paper from AAAI 2024. Author and full-paper metadata are available through the linked conference index.,0,,https://github.com/DmitryRyumin/AAAI-2024-Papers/blob/main/sections/2024/main/201_400.md,
AAAI24-147,SiMA-Hand: Boosting 3D Hand-Mesh Reconstruction by Single-to-Multi-View Adaptation,See AAAI 2024 conference index,2024,Computer Vision,AAAI 2024,Conference-indexed research paper from AAAI 2024. Author and full-paper metadata are available through the linked conference index.,0,,https://github.com/DmitryRyumin/AAAI-2024-Papers/blob/main/sections/2024/main/201_400.md,
AAAI24-148,Context-I2W: Mapping Images to Context-Dependent Words for Accurate Zero-Shot Composed Image Retrieval,See AAAI 2024 conference index,2024,Natural Language Processing,AAAI 2024,Conference-indexed research paper from AAAI 2024. Author and full-paper metadata are available through the linked conference index.,0,,https://github.com/DmitryRyumin/AAAI-2024-Papers/blob/main/sections/2024/main/201_400.md,
AAAI24-149,Modeling Continuous Motion for 3D Point Cloud Object Tracking,See AAAI 2024 conference index,2024,Computer Vision,AAAI 2024,Conference-indexed research paper from AAAI 2024. Author and full-paper metadata are available through the linked conference index.,0,,https://github.com/DmitryRyumin/AAAI-2024-Papers/blob/main/sections/2024/main/201_400.md,
AAAI24-150,Symbolic Regression Enhanced Decision Trees for Classification Tasks,See AAAI 2024 conference index,2024,Machine Learning,AAAI 2024,Conference-indexed research paper from AAAI 2024. Author and full-paper metadata are available through the linked conference index.,0,,https://github.com/DmitryRyumin/AAAI-2024-Papers/blob/main/sections/2024/main/201_400.md,
AAAI24-151,Trash to Treasure: Low-Light Object Detection via Decomposition-and-Aggregation,See AAAI 2024 conference index,2024,Computer Vision,AAAI 2024,Conference-indexed research paper from AAAI 2024. Author and full-paper metadata are available through the linked conference index.,0,,https://github.com/DmitryRyumin/AAAI-2024-Papers/blob/main/sections/2024/main/201_400.md,
AAAI24-152,DocMSU: A Comprehensive Benchmark for Document-Level Multimodal Sarcasm Understanding,See AAAI 2024 conference index,2024,Artificial Intelligence,AAAI 2024,Conference-indexed research paper from AAAI 2024. Author and full-paper metadata are available through the linked conference index.,0,,https://github.com/DmitryRyumin/AAAI-2024-Papers/blob/main/sections/2024/main/201_400.md,
AAAI24-153,VadCLIP: Adapting Vision-Language Models for Weakly Supervised Video Anomaly Detection,See AAAI 2024 conference index,2024,Natural Language Processing,AAAI 2024,Conference-indexed research paper from AAAI 2024. Author and full-paper metadata are available through the linked conference index.,0,,https://github.com/DmitryRyumin/AAAI-2024-Papers/blob/main/sections/2024/main/201_400.md,
AAAI24-154,Conformal Crystal Graph Transformer with Robust Encoding of Periodic Invariance,See AAAI 2024 conference index,2024,Machine Learning,AAAI 2024,Conference-indexed research paper from AAAI 2024. Author and full-paper metadata are available through the linked conference index.,0,,https://github.com/DmitryRyumin/AAAI-2024-Papers/blob/main/sections/2024/main/201_400.md,
AAAI24-155,CI-STHPAN: Pre-trained Attention Network for Stock Selection with Channel-Independent Spatio-Temporal Hypergraph,See AAAI 2024 conference index,2024,Machine Learning,AAAI 2024,Conference-indexed research paper from AAAI 2024. Author and full-paper metadata are available through the linked conference index.,0,,https://github.com/DmitryRyumin/AAAI-2024-Papers/blob/main/sections/2024/main/201_400.md,
AAAI24-156,Effective Causal Discovery under Identifiable Heteroscedastic Noise Model,See AAAI 2024 conference index,2024,Artificial Intelligence,AAAI 2024,Conference-indexed research paper from AAAI 2024. Author and full-paper metadata are available through the linked conference index.,0,,https://github.com/DmitryRyumin/AAAI-2024-Papers/blob/main/sections/2024/main/201_400.md,
AAAI24-157,Harnessing Edge Information for Improved Robustness in Vision Transformers,See AAAI 2024 conference index,2024,Computer Vision,AAAI 2024,Conference-indexed research paper from AAAI 2024. Author and full-paper metadata are available through the linked conference index.,0,,https://github.com/DmitryRyumin/AAAI-2024-Papers/blob/main/sections/2024/main/201_400.md,
AAAI24-158,Learning from Failure: Improving Meeting Summarization without Good Samples,See AAAI 2024 conference index,2024,Natural Language Processing,AAAI 2024,Conference-indexed research paper from AAAI 2024. Author and full-paper metadata are available through the linked conference index.,0,,https://github.com/DmitryRyumin/AAAI-2024-Papers/blob/main/sections/2024/main/201_400.md,
AAAI24-159,Deep Active Learning with Noise Stability,See AAAI 2024 conference index,2024,Machine Learning,AAAI 2024,Conference-indexed research paper from AAAI 2024. Author and full-paper metadata are available through the linked conference index.,0,,https://github.com/DmitryRyumin/AAAI-2024-Papers/blob/main/sections/2024/main/201_400.md,
AAAI24-160,Stable Unlearnable Example: Enhancing the Robustness of Unlearnable Examples via Stable Error-Minimizing Noise,See AAAI 2024 conference index,2024,Artificial Intelligence,AAAI 2024,Conference-indexed research paper from AAAI 2024. Author and full-paper metadata are available through the linked conference index.,0,,https://github.com/DmitryRyumin/AAAI-2024-Papers/blob/main/sections/2024/main/201_400.md,
AAAI24-161,Adaptive FSS: A Novel Few-Shot Segmentation Framework via Prototype Enhancement,See AAAI 2024 conference index,2024,Computer Vision,AAAI 2024,Conference-indexed research paper from AAAI 2024. Author and full-paper metadata are available through the linked conference index.,0,,https://github.com/DmitryRyumin/AAAI-2024-Papers/blob/main/sections/2024/main/201_400.md,
AAAI24-162,Efficient Lightweight Image Denoising with Triple Attention Transformer,See AAAI 2024 conference index,2024,Computer Vision,AAAI 2024,Conference-indexed research paper from AAAI 2024. Author and full-paper metadata are available through the linked conference index.,0,,https://github.com/DmitryRyumin/AAAI-2024-Papers/blob/main/sections/2024/main/201_400.md,
AAAI24-163,Attention-Induced Embedding Imputation for Incomplete Multi-View Partial Multi-Label Classification,See AAAI 2024 conference index,2024,Machine Learning,AAAI 2024,Conference-indexed research paper from AAAI 2024. Author and full-paper metadata are available through the linked conference index.,0,,https://github.com/DmitryRyumin/AAAI-2024-Papers/blob/main/sections/2024/main/201_400.md,
AAAI24-164,Sample-Level Cross-View Similarity Learning for Incomplete Multi-View Clustering,See AAAI 2024 conference index,2024,Machine Learning,AAAI 2024,Conference-indexed research paper from AAAI 2024. Author and full-paper metadata are available through the linked conference index.,0,,https://github.com/DmitryRyumin/AAAI-2024-Papers/blob/main/sections/2024/main/201_400.md,
AAAI24-165,Gaze Target Detection by Merging Human Attention and Activity Cues,See AAAI 2024 conference index,2024,Computer Vision,AAAI 2024,Conference-indexed research paper from AAAI 2024. Author and full-paper metadata are available through the linked conference index.,0,,https://github.com/DmitryRyumin/AAAI-2024-Papers/blob/main/sections/2024/main/201_400.md,
AAAI24-166,SHoP: A Deep Learning Framework for Solving High-Order Partial Differential Equations,See AAAI 2024 conference index,2024,Machine Learning,AAAI 2024,Conference-indexed research paper from AAAI 2024. Author and full-paper metadata are available through the linked conference index.,0,,https://github.com/DmitryRyumin/AAAI-2024-Papers/blob/main/sections/2024/main/201_400.md,
AAAI24-167,ResMatch: Residual Attention Learning for Feature Matching,See AAAI 2024 conference index,2024,Machine Learning,AAAI 2024,Conference-indexed research paper from AAAI 2024. Author and full-paper metadata are available through the linked conference index.,0,,https://github.com/DmitryRyumin/AAAI-2024-Papers/blob/main/sections/2024/main/201_400.md,
AAAI24-168,ISP-Teacher: Image Signal Process with Disentanglement Regularization for Unsupervised Domain Adaptive Dark Object Detection,See AAAI 2024 conference index,2024,Computer Vision,AAAI 2024,Conference-indexed research paper from AAAI 2024. Author and full-paper metadata are available through the linked conference index.,0,,https://github.com/DmitryRyumin/AAAI-2024-Papers/blob/main/sections/2024/main/201_400.md,
AAAI24-169,FacetCRS: Multi-Faceted Preference Learning for Pricking Filter Bubbles in Conversational Recommender System,See AAAI 2024 conference index,2024,Computer Vision,AAAI 2024,Conference-indexed research paper from AAAI 2024. Author and full-paper metadata are available through the linked conference index.,0,,https://github.com/DmitryRyumin/AAAI-2024-Papers/blob/main/sections/2024/main/201_400.md,
AAAI24-170,Adaptive Discovering and Merging for Incremental Novel Class Discovery,See AAAI 2024 conference index,2024,Artificial Intelligence,AAAI 2024,Conference-indexed research paper from AAAI 2024. Author and full-paper metadata are available through the linked conference index.,0,,https://github.com/DmitryRyumin/AAAI-2024-Papers/blob/main/sections/2024/main/201_400.md,
AAAI24-171,IGAMT: Privacy Preserved Electronic Health Record Synthetic Approach with Heterogeneity and Irregularity,See AAAI 2024 conference index,2024,Artificial Intelligence,AAAI 2024,Conference-indexed research paper from AAAI 2024. Author and full-paper metadata are available through the linked conference index.,0,,https://github.com/DmitryRyumin/AAAI-2024-Papers/blob/main/sections/2024/main/201_400.md,
AAAI24-172,Sample Efficient Reinforcement Learning with Partial Dynamics Knowledge,See AAAI 2024 conference index,2024,Machine Learning,AAAI 2024,Conference-indexed research paper from AAAI 2024. Author and full-paper metadata are available through the linked conference index.,0,,https://github.com/DmitryRyumin/AAAI-2024-Papers/blob/main/sections/2024/main/201_400.md,
AAAI24-173,Chain of Generation: Multi-Modal Gesture Synthesis via Cascaded Conditional Control,See AAAI 2024 conference index,2024,Natural Language Processing,AAAI 2024,Conference-indexed research paper from AAAI 2024. Author and full-paper metadata are available through the linked conference index.,0,,https://github.com/DmitryRyumin/AAAI-2024-Papers/blob/main/sections/2024/main/201_400.md,
AAAI24-174,Locality Preserving Refinement for Shape Matching with Functional Maps,See AAAI 2024 conference index,2024,Artificial Intelligence,AAAI 2024,Conference-indexed research paper from AAAI 2024. Author and full-paper metadata are available through the linked conference index.,0,,https://github.com/DmitryRyumin/AAAI-2024-Papers/blob/main/sections/2024/main/201_400.md,
AAAI24-175,ViTree: Single-Path Neural Tree for Step-Wise Interpretable Fine-Grained Visual Categorization,See AAAI 2024 conference index,2024,Computer Vision,AAAI 2024,Conference-indexed research paper from AAAI 2024. Author and full-paper metadata are available through the linked conference index.,0,,https://github.com/DmitryRyumin/AAAI-2024-Papers/blob/main/sections/2024/main/201_400.md,
AAAI24-176,TIKP: Text-to-Image Knowledge Preservation for Continual Semantic Segmentation,See AAAI 2024 conference index,2024,Natural Language Processing,AAAI 2024,Conference-indexed research paper from AAAI 2024. Author and full-paper metadata are available through the linked conference index.,0,,https://github.com/DmitryRyumin/AAAI-2024-Papers/blob/main/sections/2024/main/201_400.md,
AAAI24-177,Symmetric Self-Paced Learning for Domain Generalization,See AAAI 2024 conference index,2024,Natural Language Processing,AAAI 2024,Conference-indexed research paper from AAAI 2024. Author and full-paper metadata are available through the linked conference index.,0,,https://github.com/DmitryRyumin/AAAI-2024-Papers/blob/main/sections/2024/main/201_400.md,
AAAI24-178,Comprehensive View Embedding Learning for Single-Cell Multimodal Integration,See AAAI 2024 conference index,2024,Machine Learning,AAAI 2024,Conference-indexed research paper from AAAI 2024. Author and full-paper metadata are available through the linked conference index.,0,,https://github.com/DmitryRyumin/AAAI-2024-Papers/blob/main/sections/2024/main/201_400.md,
AAAI24-179,"A Multimodal, Multi-Task Adapting Framework for Video Action Recognition",See AAAI 2024 conference index,2024,Computer Vision,AAAI 2024,Conference-indexed research paper from AAAI 2024. Author and full-paper metadata are available through the linked conference index.,0,,https://github.com/DmitryRyumin/AAAI-2024-Papers/blob/main/sections/2024/main/201_400.md,
AAAI24-180,SwiftPillars: High-Efficiency Pillar Encoder for Lidar-based 3D Detection,See AAAI 2024 conference index,2024,Computer Vision,AAAI 2024,Conference-indexed research paper from AAAI 2024. Author and full-paper metadata are available through the linked conference index.,0,,https://github.com/DmitryRyumin/AAAI-2024-Papers/blob/main/sections/2024/main/201_400.md,
AAAI24-181,Image Content Generation with Causal Reasoning,See AAAI 2024 conference index,2024,Natural Language Processing,AAAI 2024,Conference-indexed research paper from AAAI 2024. Author and full-paper metadata are available through the linked conference index.,0,,https://github.com/DmitryRyumin/AAAI-2024-Papers/blob/main/sections/2024/main/201_400.md,
AAAI24-182,Cross-Modal and Uni-Modal Soft-Label Alignment for Image-Text Retrieval,See AAAI 2024 conference index,2024,Natural Language Processing,AAAI 2024,Conference-indexed research paper from AAAI 2024. Author and full-paper metadata are available through the linked conference index.,0,,https://github.com/DmitryRyumin/AAAI-2024-Papers/blob/main/sections/2024/main/201_400.md,
AAAI24-183,FocalDreamer: Text-Driven 3D Editing via Focal-Fusion Assembly,See AAAI 2024 conference index,2024,Natural Language Processing,AAAI 2024,Conference-indexed research paper from AAAI 2024. Author and full-paper metadata are available through the linked conference index.,0,,https://github.com/DmitryRyumin/AAAI-2024-Papers/blob/main/sections/2024/main/201_400.md,
AAAI24-184,Enhancing RAW-to-sRGB with Decoupled Style Structure in Fourier Domain,See AAAI 2024 conference index,2024,Artificial Intelligence,AAAI 2024,Conference-indexed research paper from AAAI 2024. Author and full-paper metadata are available through the linked conference index.,0,,https://github.com/DmitryRyumin/AAAI-2024-Papers/blob/main/sections/2024/main/201_400.md,
AAAI24-185,MmAP: Multi-Modal Alignment Prompt for Cross-Domain Multi-Task Learning,See AAAI 2024 conference index,2024,Natural Language Processing,AAAI 2024,Conference-indexed research paper from AAAI 2024. Author and full-paper metadata are available through the linked conference index.,0,,https://github.com/DmitryRyumin/AAAI-2024-Papers/blob/main/sections/2024/main/201_400.md,
AAAI24-186,"On the Affinity, Rationality, and Diversity of Hierarchical Topic Modeling",See AAAI 2024 conference index,2024,Artificial Intelligence,AAAI 2024,Conference-indexed research paper from AAAI 2024. Author and full-paper metadata are available through the linked conference index.,0,,https://github.com/DmitryRyumin/AAAI-2024-Papers/blob/main/sections/2024/main/201_400.md,
AAAI24-187,ZOOM: Learning Video Mirror Detection with Extremely-Weak Supervision,See AAAI 2024 conference index,2024,Computer Vision,AAAI 2024,Conference-indexed research paper from AAAI 2024. Author and full-paper metadata are available through the linked conference index.,0,,https://github.com/DmitryRyumin/AAAI-2024-Papers/blob/main/sections/2024/main/201_400.md,
AAAI24-188,Double Buffers CEM-TD3: More Efficient Evolution and Richer Exploration,See AAAI 2024 conference index,2024,Artificial Intelligence,AAAI 2024,Conference-indexed research paper from AAAI 2024. Author and full-paper metadata are available through the linked conference index.,0,,https://github.com/DmitryRyumin/AAAI-2024-Papers/blob/main/sections/2024/main/201_400.md,
AAAI24-189,Distilling Reliable Knowledge for Instance-Dependent Partial Label Learning,See AAAI 2024 conference index,2024,Machine Learning,AAAI 2024,Conference-indexed research paper from AAAI 2024. Author and full-paper metadata are available through the linked conference index.,0,,https://github.com/DmitryRyumin/AAAI-2024-Papers/blob/main/sections/2024/main/201_400.md,
AAAI24-190,Settling Decentralized Multi-Agent Coordinated Exploration by Novelty Sharing,See AAAI 2024 conference index,2024,Artificial Intelligence,AAAI 2024,Conference-indexed research paper from AAAI 2024. Author and full-paper metadata are available through the linked conference index.,0,,https://github.com/DmitryRyumin/AAAI-2024-Papers/blob/main/sections/2024/main/201_400.md,
AAAI24-191,Information Design for Congestion Games with Unknown Demand,See AAAI 2024 conference index,2024,Artificial Intelligence,AAAI 2024,Conference-indexed research paper from AAAI 2024. Author and full-paper metadata are available through the linked conference index.,0,,https://github.com/DmitryRyumin/AAAI-2024-Papers/blob/main/sections/2024/main/201_400.md,
AAAI24-192,Hypercorrelation Evolution for Video Class-Incremental Learning,See AAAI 2024 conference index,2024,Computer Vision,AAAI 2024,Conference-indexed research paper from AAAI 2024. Author and full-paper metadata are available through the linked conference index.,0,,https://github.com/DmitryRyumin/AAAI-2024-Papers/blob/main/sections/2024/main/201_400.md,
AAAI24-193,Improving Transferability for Cross-Domain Trajectory Prediction via Neural Stochastic Differential Equation,See AAAI 2024 conference index,2024,Machine Learning,AAAI 2024,Conference-indexed research paper from AAAI 2024. Author and full-paper metadata are available through the linked conference index.,0,,https://github.com/DmitryRyumin/AAAI-2024-Papers/blob/main/sections/2024/main/201_400.md,
AAAI24-194,Towards Efficient Diffusion-based Image Editing with Instant Attention Masks,See AAAI 2024 conference index,2024,Computer Vision,AAAI 2024,Conference-indexed research paper from AAAI 2024. Author and full-paper metadata are available through the linked conference index.,0,,https://github.com/DmitryRyumin/AAAI-2024-Papers/blob/main/sections/2024/main/201_400.md,
AAAI24-195,ModWaveMLP: MLP-based Mode Decomposition and Wavelet Denoising Model to Defeat Complex Structures in Traffic Forecasting,See AAAI 2024 conference index,2024,Artificial Intelligence,AAAI 2024,Conference-indexed research paper from AAAI 2024. Author and full-paper metadata are available through the linked conference index.,0,,https://github.com/DmitryRyumin/AAAI-2024-Papers/blob/main/sections/2024/main/201_400.md,
AAAI24-196,V2Meow: Meowing to the Visual Beat via Video-to-Music Generation,See AAAI 2024 conference index,2024,Natural Language Processing,AAAI 2024,Conference-indexed research paper from AAAI 2024. Author and full-paper metadata are available through the linked conference index.,0,,https://github.com/DmitryRyumin/AAAI-2024-Papers/blob/main/sections/2024/main/201_400.md,
AAAI24-197,Explicitly Perceiving and Preserving the Local Geometric Structures for 3D Point Cloud Attack,See AAAI 2024 conference index,2024,Computer Vision,AAAI 2024,Conference-indexed research paper from AAAI 2024. Author and full-paper metadata are available through the linked conference index.,0,,https://github.com/DmitryRyumin/AAAI-2024-Papers/blob/main/sections/2024/main/201_400.md,
AAAI24-198,Boosting Residual Networks with Group Knowledge,See AAAI 2024 conference index,2024,Artificial Intelligence,AAAI 2024,Conference-indexed research paper from AAAI 2024. Author and full-paper metadata are available through the linked conference index.,0,,https://github.com/DmitryRyumin/AAAI-2024-Papers/blob/main/sections/2024/main/201_400.md,
AAAI24-199,Understanding the Generalization of Pretrained Diffusion Models on Out-of-Distribution Data,See AAAI 2024 conference index,2024,Natural Language Processing,AAAI 2024,Conference-indexed research paper from AAAI 2024. Author and full-paper metadata are available through the linked conference index.,0,,https://github.com/DmitryRyumin/AAAI-2024-Papers/blob/main/sections/2024/main/201_400.md,
AAAI24-200,Semantic Segmentation in Multiple Adverse Weather Conditions with Domain Knowledge Retention,See AAAI 2024 conference index,2024,Computer Vision,AAAI 2024,Conference-indexed research paper from AAAI 2024. Author and full-paper metadata are available through the linked conference index.,0,,https://github.com/DmitryRyumin/AAAI-2024-Papers/blob/main/sections/2024/main/201_400.md,
AAAI24-201,Progressive High-Frequency Reconstruction for Pan-Sharpening with Implicit Neural Representation,See AAAI 2024 conference index,2024,Machine Learning,AAAI 2024,Conference-indexed research paper from AAAI 2024. Author and full-paper metadata are available through the linked conference index.,0,,https://github.com/DmitryRyumin/AAAI-2024-Papers/blob/main/sections/2024/main/401_600.md,
AAAI24-202,Orthogonal Dictionary Guided Shape Completion Network for Point Cloud,See AAAI 2024 conference index,2024,Computer Vision,AAAI 2024,Conference-indexed research paper from AAAI 2024. Author and full-paper metadata are available through the linked conference index.,0,,https://github.com/DmitryRyumin/AAAI-2024-Papers/blob/main/sections/2024/main/401_600.md,
AAAI24-203,Pantypes: Diverse Representatives for Self-Explainable Models,See AAAI 2024 conference index,2024,Artificial Intelligence,AAAI 2024,Conference-indexed research paper from AAAI 2024. Author and full-paper metadata are available through the linked conference index.,0,,https://github.com/DmitryRyumin/AAAI-2024-Papers/blob/main/sections/2024/main/401_600.md,
AAAI24-204,Pseudo-Label Calibration Semi-Supervised Multi-Modal Entity Alignment,See AAAI 2024 conference index,2024,Artificial Intelligence,AAAI 2024,Conference-indexed research paper from AAAI 2024. Author and full-paper metadata are available through the linked conference index.,0,,https://github.com/DmitryRyumin/AAAI-2024-Papers/blob/main/sections/2024/main/401_600.md,
AAAI24-205,Set Prediction Guided by Semantic Concepts for Diverse Video Captioning,See AAAI 2024 conference index,2024,Computer Vision,AAAI 2024,Conference-indexed research paper from AAAI 2024. Author and full-paper metadata are available through the linked conference index.,0,,https://github.com/DmitryRyumin/AAAI-2024-Papers/blob/main/sections/2024/main/401_600.md,
AAAI24-206,SFC: Shared Feature Calibration in Weakly Supervised Semantic Segmentation,See AAAI 2024 conference index,2024,Computer Vision,AAAI 2024,Conference-indexed research paper from AAAI 2024. Author and full-paper metadata are available through the linked conference index.,0,,https://github.com/DmitryRyumin/AAAI-2024-Papers/blob/main/sections/2024/main/401_600.md,
AAAI24-207,Cross-Modal Feature Distribution Calibration for Few-Shot Visual Question Answering,See AAAI 2024 conference index,2024,Natural Language Processing,AAAI 2024,Conference-indexed research paper from AAAI 2024. Author and full-paper metadata are available through the linked conference index.,0,,https://github.com/DmitryRyumin/AAAI-2024-Papers/blob/main/sections/2024/main/401_600.md,
AAAI24-208,EG-NAS: Neural Architecture Search with Fast Evolutionary Exploration,See AAAI 2024 conference index,2024,Machine Learning,AAAI 2024,Conference-indexed research paper from AAAI 2024. Author and full-paper metadata are available through the linked conference index.,0,,https://github.com/DmitryRyumin/AAAI-2024-Papers/blob/main/sections/2024/main/401_600.md,
AAAI24-209,Variable Importance in High-Dimensional Settings Requires Grouping,See AAAI 2024 conference index,2024,Artificial Intelligence,AAAI 2024,Conference-indexed research paper from AAAI 2024. Author and full-paper metadata are available through the linked conference index.,0,,https://github.com/DmitryRyumin/AAAI-2024-Papers/blob/main/sections/2024/main/401_600.md,
AAAI24-210,Selective Deep Autoencoder for Unsupervised Feature Selection,See AAAI 2024 conference index,2024,Artificial Intelligence,AAAI 2024,Conference-indexed research paper from AAAI 2024. Author and full-paper metadata are available through the linked conference index.,0,,https://github.com/DmitryRyumin/AAAI-2024-Papers/blob/main/sections/2024/main/401_600.md,
AAAI24-211,Beyond the Label Itself: Latent Labels Enhance Semi-Supervised Point Cloud Panoptic Segmentation,See AAAI 2024 conference index,2024,Computer Vision,AAAI 2024,Conference-indexed research paper from AAAI 2024. Author and full-paper metadata are available through the linked conference index.,0,,https://github.com/DmitryRyumin/AAAI-2024-Papers/blob/main/sections/2024/main/401_600.md,
AAAI24-212,Continuous Rotation Group Equivariant Network Inspired by Neural Population Coding,See AAAI 2024 conference index,2024,Machine Learning,AAAI 2024,Conference-indexed research paper from AAAI 2024. Author and full-paper metadata are available through the linked conference index.,0,,https://github.com/DmitryRyumin/AAAI-2024-Papers/blob/main/sections/2024/main/401_600.md,
AAAI24-213,Agile-Quant: Activation-Guided Quantization for Faster Inference of LLMs on the Edge,See AAAI 2024 conference index,2024,Machine Learning,AAAI 2024,Conference-indexed research paper from AAAI 2024. Author and full-paper metadata are available through the linked conference index.,0,,https://github.com/DmitryRyumin/AAAI-2024-Papers/blob/main/sections/2024/main/401_600.md,
AAAI24-214,Point Deformable Network with Enhanced Normal Embedding for Point Cloud Analysis,See AAAI 2024 conference index,2024,Computer Vision,AAAI 2024,Conference-indexed research paper from AAAI 2024. Author and full-paper metadata are available through the linked conference index.,0,,https://github.com/DmitryRyumin/AAAI-2024-Papers/blob/main/sections/2024/main/401_600.md,
AAAI24-215,Generating and Reweighting Dense Contrastive Patterns for Unsupervised Anomaly Detection,See AAAI 2024 conference index,2024,Natural Language Processing,AAAI 2024,Conference-indexed research paper from AAAI 2024. Author and full-paper metadata are available through the linked conference index.,0,,https://github.com/DmitryRyumin/AAAI-2024-Papers/blob/main/sections/2024/main/401_600.md,
AAAI24-216,Patched Line Segment Learning for Vector Road Mapping,See AAAI 2024 conference index,2024,Machine Learning,AAAI 2024,Conference-indexed research paper from AAAI 2024. Author and full-paper metadata are available through the linked conference index.,0,,https://github.com/DmitryRyumin/AAAI-2024-Papers/blob/main/sections/2024/main/401_600.md,
AAAI24-217,CLIP-Gaze: Towards General Gaze Estimation via Visual-Linguistic Model,See AAAI 2024 conference index,2024,Natural Language Processing,AAAI 2024,Conference-indexed research paper from AAAI 2024. Author and full-paper metadata are available through the linked conference index.,0,,https://github.com/DmitryRyumin/AAAI-2024-Papers/blob/main/sections/2024/main/401_600.md,
AAAI24-218,Explaining Reinforcement Learning Agents through Counterfactual Action Outcomes,See AAAI 2024 conference index,2024,Machine Learning,AAAI 2024,Conference-indexed research paper from AAAI 2024. Author and full-paper metadata are available through the linked conference index.,0,,https://github.com/DmitryRyumin/AAAI-2024-Papers/blob/main/sections/2024/main/401_600.md,
AAAI24-219,PMET: Precise Model Editing in a Transformer,See AAAI 2024 conference index,2024,Artificial Intelligence,AAAI 2024,Conference-indexed research paper from AAAI 2024. Author and full-paper metadata are available through the linked conference index.,0,,https://github.com/DmitryRyumin/AAAI-2024-Papers/blob/main/sections/2024/main/401_600.md,
AAAI24-220,Sampling for Beyond-Worst-Case Online Ranking,See AAAI 2024 conference index,2024,Artificial Intelligence,AAAI 2024,Conference-indexed research paper from AAAI 2024. Author and full-paper metadata are available through the linked conference index.,0,,https://github.com/DmitryRyumin/AAAI-2024-Papers/blob/main/sections/2024/main/401_600.md,
AAAI24-221,MedBench: A Large-Scale Chinese Benchmark for Evaluating Medical Large Language Models,See AAAI 2024 conference index,2024,Natural Language Processing,AAAI 2024,Conference-indexed research paper from AAAI 2024. Author and full-paper metadata are available through the linked conference index.,0,,https://github.com/DmitryRyumin/AAAI-2024-Papers/blob/main/sections/2024/main/401_600.md,
AAAI24-222,Graph-based Prediction and Planning Policy Network (GP3Net) for Scalable Self-Driving in Dynamic Environments using Deep Reinforcement Learning,See AAAI 2024 conference index,2024,Machine Learning,AAAI 2024,Conference-indexed research paper from AAAI 2024. Author and full-paper metadata are available through the linked conference index.,0,,https://github.com/DmitryRyumin/AAAI-2024-Papers/blob/main/sections/2024/main/401_600.md,
AAAI24-223,Electron Microscopy Images as Set of Fragments for Mitochondrial Segmentation,See AAAI 2024 conference index,2024,Computer Vision,AAAI 2024,Conference-indexed research paper from AAAI 2024. Author and full-paper metadata are available through the linked conference index.,0,,https://github.com/DmitryRyumin/AAAI-2024-Papers/blob/main/sections/2024/main/401_600.md,
AAAI24-224,Multi-Cross Sampling and Frequency-Division Reconstruction for Image Compressed Sensing,See AAAI 2024 conference index,2024,Computer Vision,AAAI 2024,Conference-indexed research paper from AAAI 2024. Author and full-paper metadata are available through the linked conference index.,0,,https://github.com/DmitryRyumin/AAAI-2024-Papers/blob/main/sections/2024/main/401_600.md,
AAAI24-225,Zhongjing: Enhancing the Chinese Medical Capabilities of Large Language Model through Expert Feedback and Real-World Multi-Turn Dialogue,See AAAI 2024 conference index,2024,Natural Language Processing,AAAI 2024,Conference-indexed research paper from AAAI 2024. Author and full-paper metadata are available through the linked conference index.,0,,https://github.com/DmitryRyumin/AAAI-2024-Papers/blob/main/sections/2024/main/401_600.md,
AAAI24-226,ExpeL: LLM Agents are Experiential Learners,See AAAI 2024 conference index,2024,Natural Language Processing,AAAI 2024,Conference-indexed research paper from AAAI 2024. Author and full-paper metadata are available through the linked conference index.,0,,https://github.com/DmitryRyumin/AAAI-2024-Papers/blob/main/sections/2024/main/401_600.md,
AAAI24-227,PRP Rebooted: Advancing the State of the Art in FOND Planning,See AAAI 2024 conference index,2024,Artificial Intelligence,AAAI 2024,Conference-indexed research paper from AAAI 2024. Author and full-paper metadata are available through the linked conference index.,0,,https://github.com/DmitryRyumin/AAAI-2024-Papers/blob/main/sections/2024/main/401_600.md,
AAAI24-228,All Beings are Equal in Open Set Recognition,See AAAI 2024 conference index,2024,Artificial Intelligence,AAAI 2024,Conference-indexed research paper from AAAI 2024. Author and full-paper metadata are available through the linked conference index.,0,,https://github.com/DmitryRyumin/AAAI-2024-Papers/blob/main/sections/2024/main/401_600.md,
AAAI24-229,Improving Expressive Power of Spectral Graph Neural Networks with Eigenvalue Correction,See AAAI 2024 conference index,2024,Machine Learning,AAAI 2024,Conference-indexed research paper from AAAI 2024. Author and full-paper metadata are available through the linked conference index.,0,,https://github.com/DmitryRyumin/AAAI-2024-Papers/blob/main/sections/2024/main/401_600.md,
AAAI24-230,Decentralized Sum-of-Nonconvex Optimization,See AAAI 2024 conference index,2024,Machine Learning,AAAI 2024,Conference-indexed research paper from AAAI 2024. Author and full-paper metadata are available through the linked conference index.,0,,https://github.com/DmitryRyumin/AAAI-2024-Papers/blob/main/sections/2024/main/401_600.md,
AAAI24-231,MeDM: Mediating Image Diffusion Models for Video-to-Video Translation with Temporal Correspondence Guidance,See AAAI 2024 conference index,2024,Natural Language Processing,AAAI 2024,Conference-indexed research paper from AAAI 2024. Author and full-paper metadata are available through the linked conference index.,0,,https://github.com/DmitryRyumin/AAAI-2024-Papers/blob/main/sections/2024/main/401_600.md,
AAAI24-232,B-Spine: Learning B-Spline Curve Representation for Robust and Interpretable Spinal Curvature Estimation,See AAAI 2024 conference index,2024,Machine Learning,AAAI 2024,Conference-indexed research paper from AAAI 2024. Author and full-paper metadata are available through the linked conference index.,0,,https://github.com/DmitryRyumin/AAAI-2024-Papers/blob/main/sections/2024/main/401_600.md,
AAAI24-233,Collaborative Synthesis of Patient Records through Multi-Visit Health State Inference,See AAAI 2024 conference index,2024,Artificial Intelligence,AAAI 2024,Conference-indexed research paper from AAAI 2024. Author and full-paper metadata are available through the linked conference index.,0,,https://github.com/DmitryRyumin/AAAI-2024-Papers/blob/main/sections/2024/main/401_600.md,
AAAI24-234,Primitive-based 3D Human-Object Interaction Modelling and Programming,See AAAI 2024 conference index,2024,Computer Vision,AAAI 2024,Conference-indexed research paper from AAAI 2024. Author and full-paper metadata are available through the linked conference index.,0,,https://github.com/DmitryRyumin/AAAI-2024-Papers/blob/main/sections/2024/main/401_600.md,
AAAI24-235,Link Prediction in Multilayer Networks via Cross-Network Embedding,See AAAI 2024 conference index,2024,Artificial Intelligence,AAAI 2024,Conference-indexed research paper from AAAI 2024. Author and full-paper metadata are available through the linked conference index.,0,,https://github.com/DmitryRyumin/AAAI-2024-Papers/blob/main/sections/2024/main/401_600.md,
AAAI24-236,An Effective Augmented Lagrangian Method for Fine-Grained Multi-View Optimization,See AAAI 2024 conference index,2024,Machine Learning,AAAI 2024,Conference-indexed research paper from AAAI 2024. Author and full-paper metadata are available through the linked conference index.,0,,https://github.com/DmitryRyumin/AAAI-2024-Papers/blob/main/sections/2024/main/401_600.md,
AAAI24-237,Multiscale Attention Wavelet Neural Operator for Capturing Steep Trajectories in Biochemical Systems,See AAAI 2024 conference index,2024,Machine Learning,AAAI 2024,Conference-indexed research paper from AAAI 2024. Author and full-paper metadata are available through the linked conference index.,0,,https://github.com/DmitryRyumin/AAAI-2024-Papers/blob/main/sections/2024/main/401_600.md,
AAAI24-238,TMFormer: Token Merging Transformer for Brain Tumor Segmentation with Missing Modalities,See AAAI 2024 conference index,2024,Computer Vision,AAAI 2024,Conference-indexed research paper from AAAI 2024. Author and full-paper metadata are available through the linked conference index.,0,,https://github.com/DmitryRyumin/AAAI-2024-Papers/blob/main/sections/2024/main/401_600.md,
AAAI24-239,Prompting Multi-Modal Image Segmentation with Semantic Grouping,See AAAI 2024 conference index,2024,Natural Language Processing,AAAI 2024,Conference-indexed research paper from AAAI 2024. Author and full-paper metadata are available through the linked conference index.,0,,https://github.com/DmitryRyumin/AAAI-2024-Papers/blob/main/sections/2024/main/401_600.md,
AAAI24-240,Semi-Supervised TEE Segmentation via Interacting with SAM Equipped with Noise-Resilient Prompting,See AAAI 2024 conference index,2024,Natural Language Processing,AAAI 2024,Conference-indexed research paper from AAAI 2024. Author and full-paper metadata are available through the linked conference index.,0,,https://github.com/DmitryRyumin/AAAI-2024-Papers/blob/main/sections/2024/main/401_600.md,
AAAI24-241,FedCD: Federated Semi-Supervised Learning with Class Awareness Balance via Dual Teachers,See AAAI 2024 conference index,2024,Machine Learning,AAAI 2024,Conference-indexed research paper from AAAI 2024. Author and full-paper metadata are available through the linked conference index.,0,,https://github.com/DmitryRyumin/AAAI-2024-Papers/blob/main/sections/2024/main/401_600.md,
AAAI24-242,Transfer and Alignment Network for Generalized Category Discovery,See AAAI 2024 conference index,2024,Natural Language Processing,AAAI 2024,Conference-indexed research paper from AAAI 2024. Author and full-paper metadata are available through the linked conference index.,0,,https://github.com/DmitryRyumin/AAAI-2024-Papers/blob/main/sections/2024/main/401_600.md,
AAAI24-243,Distribution-Conditioned Adversarial Variational Autoencoder for Valid Instrumental Variable Generation,See AAAI 2024 conference index,2024,Natural Language Processing,AAAI 2024,Conference-indexed research paper from AAAI 2024. Author and full-paper metadata are available through the linked conference index.,0,,https://github.com/DmitryRyumin/AAAI-2024-Papers/blob/main/sections/2024/main/401_600.md,
AAAI24-244,On Unsupervised Domain Adaptation: Pseudo Label Guided Mixup for Adversarial Prompt Tuning,See AAAI 2024 conference index,2024,Natural Language Processing,AAAI 2024,Conference-indexed research paper from AAAI 2024. Author and full-paper metadata are available through the linked conference index.,0,,https://github.com/DmitryRyumin/AAAI-2024-Papers/blob/main/sections/2024/main/401_600.md,
AAAI24-245,Learning Coalition Structures with Games,See AAAI 2024 conference index,2024,Machine Learning,AAAI 2024,Conference-indexed research paper from AAAI 2024. Author and full-paper metadata are available through the linked conference index.,0,,https://github.com/DmitryRyumin/AAAI-2024-Papers/blob/main/sections/2024/main/401_600.md,
AAAI24-246,Fusing Conditional Submodular GAN and Programmatic Weak Supervision,See AAAI 2024 conference index,2024,Computer Vision,AAAI 2024,Conference-indexed research paper from AAAI 2024. Author and full-paper metadata are available through the linked conference index.,0,,https://github.com/DmitryRyumin/AAAI-2024-Papers/blob/main/sections/2024/main/401_600.md,
AAAI24-247,Enhancing Representation of Spiking Neural Networks via Similarity-Sensitive Contrastive Learning,See AAAI 2024 conference index,2024,Machine Learning,AAAI 2024,Conference-indexed research paper from AAAI 2024. Author and full-paper metadata are available through the linked conference index.,0,,https://github.com/DmitryRyumin/AAAI-2024-Papers/blob/main/sections/2024/main/401_600.md,
AAAI24-248,Text2Analysis: A Benchmark of Table Question Answering with Advanced Data Analysis and Unclear Queries,See AAAI 2024 conference index,2024,Natural Language Processing,AAAI 2024,Conference-indexed research paper from AAAI 2024. Author and full-paper metadata are available through the linked conference index.,0,,https://github.com/DmitryRyumin/AAAI-2024-Papers/blob/main/sections/2024/main/401_600.md,
AAAI24-249,Are You Concerned about Limited Function Evaluations: Data-Augmented Pareto Set Learning for Expensive Multi-Objective Optimization,See AAAI 2024 conference index,2024,Computer Vision,AAAI 2024,Conference-indexed research paper from AAAI 2024. Author and full-paper metadata are available through the linked conference index.,0,,https://github.com/DmitryRyumin/AAAI-2024-Papers/blob/main/sections/2024/main/401_600.md,
AAAI24-250,LRS: Enhancing Adversarial Transferability through Lipschitz Regularized Surrogate,See AAAI 2024 conference index,2024,Artificial Intelligence,AAAI 2024,Conference-indexed research paper from AAAI 2024. Author and full-paper metadata are available through the linked conference index.,0,,https://github.com/DmitryRyumin/AAAI-2024-Papers/blob/main/sections/2024/main/401_600.md,
AAAI24-251,Towards Continual Learning Desiderata via HSIC-Bottleneck Orthogonalization and Equiangular Embedding,See AAAI 2024 conference index,2024,Machine Learning,AAAI 2024,Conference-indexed research paper from AAAI 2024. Author and full-paper metadata are available through the linked conference index.,0,,https://github.com/DmitryRyumin/AAAI-2024-Papers/blob/main/sections/2024/main/401_600.md,
AAAI24-252,Transformer-based No-Reference Image Quality Assessment via Supervised Contrastive Learning,See AAAI 2024 conference index,2024,Computer Vision,AAAI 2024,Conference-indexed research paper from AAAI 2024. Author and full-paper metadata are available through the linked conference index.,0,,https://github.com/DmitryRyumin/AAAI-2024-Papers/blob/main/sections/2024/main/401_600.md,
AAAI24-253,Multi-View Randomized Kernel Classification via Nonconvex Optimization,See AAAI 2024 conference index,2024,Machine Learning,AAAI 2024,Conference-indexed research paper from AAAI 2024. Author and full-paper metadata are available through the linked conference index.,0,,https://github.com/DmitryRyumin/AAAI-2024-Papers/blob/main/sections/2024/main/401_600.md,
AAAI24-254,On the Structural Hardness of Answer Set Programming: Can Structure Efficiently Confine the Power of Disjunctions?,See AAAI 2024 conference index,2024,Artificial Intelligence,AAAI 2024,Conference-indexed research paper from AAAI 2024. Author and full-paper metadata are available through the linked conference index.,0,,https://github.com/DmitryRyumin/AAAI-2024-Papers/blob/main/sections/2024/main/401_600.md,
AAAI24-255,HEAP: Unsupervised Object Discovery and Localization with Contrastive Grouping,See AAAI 2024 conference index,2024,Computer Vision,AAAI 2024,Conference-indexed research paper from AAAI 2024. Author and full-paper metadata are available through the linked conference index.,0,,https://github.com/DmitryRyumin/AAAI-2024-Papers/blob/main/sections/2024/main/401_600.md,
AAAI24-256,Topic-VQ-VAE: Leveraging Latent Codebooks for Flexible Topic-Guided Document Generation,See AAAI 2024 conference index,2024,Natural Language Processing,AAAI 2024,Conference-indexed research paper from AAAI 2024. Author and full-paper metadata are available through the linked conference index.,0,,https://github.com/DmitryRyumin/AAAI-2024-Papers/blob/main/sections/2024/main/401_600.md,
AAAI24-257,SasWOT: Real-Time Semantic Segmentation Architecture Search WithOut Training,See AAAI 2024 conference index,2024,Computer Vision,AAAI 2024,Conference-indexed research paper from AAAI 2024. Author and full-paper metadata are available through the linked conference index.,0,,https://github.com/DmitryRyumin/AAAI-2024-Papers/blob/main/sections/2024/main/401_600.md,
AAAI24-258,Efficient Asynchronous Federated Learning with Prospective Momentum Aggregation and Fine-Grained Correction,See AAAI 2024 conference index,2024,Machine Learning,AAAI 2024,Conference-indexed research paper from AAAI 2024. Author and full-paper metadata are available through the linked conference index.,0,,https://github.com/DmitryRyumin/AAAI-2024-Papers/blob/main/sections/2024/main/401_600.md,
AAAI24-259,PoetryDiffusion: Towards Joint Semantic and Metrical Manipulation in Poetry Generation,See AAAI 2024 conference index,2024,Natural Language Processing,AAAI 2024,Conference-indexed research paper from AAAI 2024. Author and full-paper metadata are available through the linked conference index.,0,,https://github.com/DmitryRyumin/AAAI-2024-Papers/blob/main/sections/2024/main/401_600.md,
AAAI24-260,Video-Context Aligned Transformer for Video Question Answering,See AAAI 2024 conference index,2024,Natural Language Processing,AAAI 2024,Conference-indexed research paper from AAAI 2024. Author and full-paper metadata are available through the linked conference index.,0,,https://github.com/DmitryRyumin/AAAI-2024-Papers/blob/main/sections/2024/main/401_600.md,
