"opportunity_id","opportunity_number","opportunity_title","opportunity_status","agency_code","category","category_explanation","post_date","close_date","close_date_description","archive_date","is_cost_sharing","expected_number_of_awards","estimated_total_program_funding","award_floor","award_ceiling","additional_info_url","additional_info_url_description","opportunity_assistance_listings","funding_instruments","funding_categories","funding_category_description","applicant_types","applicant_eligibility_description","agency_name","top_level_agency_name","agency_contact_description","agency_email_address","agency_email_address_description","is_forecast","forecasted_post_date","forecasted_close_date","forecasted_close_date_description","forecasted_award_date","forecasted_project_start_date","fiscal_year","created_at","updated_at","url","summary_description"
"aacc85a1-69de-483f-9d8b-0da1144f7baf","DFOP0019193","Pax Silica Artificial Intelligence Assistance Project","posted","DOS-EB","discretionary","","2026-07-01","2026-08-20","","","False","3","0","1000000","50000000","https://mygrants.servicenowservices.com/mygrants?id=mygrants_form&table=x_g_usd4_d_grant_funding_opportunity&sys_id=e4e4ef39873107d020b862060cbb350b&view=Default","Link to Opportunity in MyGrants","19.322|Economic Statecraft","cooperative_agreement","business_and_commerce","","for_profit_organizations_other_than_small_businesses","","Bureau of Economic and Business Affairs","Department of State","PaxFund-NOFO-DL@state.gov","","","False","","","","","","","","","https://simpler.grants.gov/opportunity/aacc85a1-69de-483f-9d8b-0da1144f7baf","Leveraging foreign assistance from the Pax Fund, this NOFO launches the Pax Silica Artificial Intelligence (AI) Assistance Project—a historic first-of-its-kind programmatic initiative to strengthen global AI supply chain security by creating a trusted supply chain credentialing and provenance platform to secure the AI supply chain in partner countries and economies. This NOFO seeks to fund the establishment of a Silicon Highway: a digital-physical corridor that accelerates logistics and compliance operations among partner countries with cryptographic cargo verification, AI-expedited risk assessment, and pre-approved expedited processing early in the supply chain. The Department maintains its rights of use to intangible property created under this project per 2 CFR 200.315."
"508e8ee7-6925-4593-a548-66578974572f","24-569","Mathematical Foundations of Artificial Intelligence","posted","NSF","discretionary","","2024-05-02","2026-10-09","","2026-11-08","False","","8500000","500000","1500000","http://www.nsf.gov/publications/pub_summ.jsp?ods_key=nsf24569","NSF Publication 24-569","47.075|Social, Behavioral, and Economic Sciences;47.049|Mathematical and Physical Sciences;47.041|Engineering;47.070|Computer and Information Science and Engineering","grant","science_technology_and_other_research_and_development","","other","*Who May Submit Proposals: Proposals may only be submitted by the following:
  -Non-profit, non-academic organizations: Independent museums, observatories, research laboratories, professional societies and similar organizations located in the U.S. that are directly associated with educational or research activities.
  -
<span>Institutions of Higher Education (IHEs) - Two- and four-year IHEs (including community colleges) accredited in, and having a campus located in the US, acting on behalf of their faculty members.</span>


*Who May Serve as PI:
<div class=""OutlineElement Ltr SCXW177155816 BCX0"">
<p class=""Paragraph SCXW177155816 BCX0""><span class=""TrackChangeTextInsertion TrackedChange SCXW177155816 BCX0""><span class=""TextRun SCXW177155816 BCX0"" lang=""EN-US"" xml:lang=""EN-US"" data-contrast=""none""><span class=""NormalTextRun SCXW177155816 BCX0"">As of the date the proposal is </span><span class=""NormalTextRun SCXW177155816 BCX0"">submitted</span><span class=""NormalTextRun SCXW177155816 BCX0"">, any PI, co-PI, or senior/key personnel must hold either:</span></span></span><span class=""EOP TrackedChange SCXW177155816 BCX0"" data-ccp-props=""{""></span>

<ul>
<li><span class=""TrackChangeTextInsertion TrackedChange SCXW177155816 BCX0""><span class=""TextRun SCXW177155816 BCX0"" lang=""EN-US"" xml:lang=""EN-US"" data-contrast=""none"">a tenured or tenure-track position, </span></span><span class=""TrackChangeTextInsertion TrackedChange SCXW177155816 BCX0""><span class=""TextRun SCXW177155816 BCX0"" lang=""EN-US"" xml:lang=""EN-US"" data-contrast=""none"">or</span></span><span class=""EOP TrackedChange SCXW177155816 BCX0"" data-ccp-props=""{""></span></li>
<li><span class=""TrackChangeTextInsertion TrackedChange SCXW177155816 BCX0""><span class=""TextRun SCXW177155816 BCX0"" lang=""EN-US"" xml:lang=""EN-US"" data-contrast=""none"">a primary, full-time, paid appointment in a research or teaching position</span></span></li>
</ul>
<span class=""TrackChangeTextInsertion TrackedChange SCXW177155816 BCX0""><span class=""TextRun SCXW177155816 BCX0"" lang=""EN-US"" xml:lang=""EN-US"" data-contrast=""none""><span class=""NormalTextRun SCXW177155816 BCX0"">at a US-based campus of an organization eligible to </span><span class=""NormalTextRun SCXW177155816 BCX0"">submit</span><span class=""NormalTextRun SCXW177155816 BCX0""> to this solicitation (see above), with exceptions granted for family or medical leave, as </span><span class=""NormalTextRun SCXW177155816 BCX0"">determined</span><span class=""NormalTextRun SCXW177155816 BCX0""> by the </span><span class=""NormalTextRun SCXW177155816 BCX0"">submitting</span><span class=""NormalTextRun SCXW177155816 BCX0""> organization. Individuals with </span></span></span><span class=""TrackChangeTextInsertion TrackedChange SCXW177155816 BCX0""><span class=""TextRun SCXW177155816 BCX0"" lang=""EN-US"" xml:lang=""EN-US"" data-contrast=""none"">primary</span></span><span class=""TrackChangeTextInsertion TrackedChange SCXW177155816 BCX0""><span class=""TextRun SCXW177155816 BCX0"" lang=""EN-US"" xml:lang=""EN-US"" data-contrast=""none""> appointments at for-profit non-academic organizations or at overseas branch campuses of U.S. institutions of higher education are not eligible.</span></span><span class=""EOP TrackedChange SCXW177155816 BCX0"" data-ccp-props=""{""></span></div>","U.S. National Science Foundation","U.S. National Science Foundation","NSF grants.gov support
grantsgovsupport@nsf.gov","grantsgovsupport@nsf.gov","If you have any problems linking to this funding announcement, please contact the email address above.","False","","","","","","","","","https://simpler.grants.gov/opportunity/508e8ee7-6925-4593-a548-66578974572f","<span class=""TextRun SCXW5499492 BCX9"" lang=""EN-US"" xml:lang=""EN-US"" data-contrast=""auto""><span class=""NormalTextRun SCXW5499492 BCX9"">Machine Learning and Artificial Intelligence (AI) are enabling extraordinary scientific breakthroughs in fields ranging from protein folding, natural language processing, drug synthesis, and recommender </span></span>systems to the discovery of novel engineering materials and products. These achievements lie at the confluence of mathematics, statistics, engineering and computer science, yet a clear explanation of the remarkable power and also the limitations of such AI systems has eluded scientists from all disciplines. Critical foundational gaps remain that, if not properly addressed, will soon limit advances in machine learning, curbing progress in artificial intelligence. It appears increasingly unlikely that these critical gaps can be surmounted with increased computational power and experimentation alone. Deeper mathematical understanding is essential to ensuring that AI can be harnessed to meet the future needs of society and enable broad scientific discovery, while forestalling the unintended consequences of a disruptive technology.


The National Science Foundation Directorates for Mathematical and Physical Sciences (MPS), Computer and Information Science and Engineering (CISE), Engineering (ENG), and Social, Behavioral and Economic Sciences (SBE) will jointly sponsor research collaborations consisting of mathematicians, statisticians, computer scientists, engineers, and social and behavioral scientists focused on the mathematical and theoretical foundations of AI. Research activities should focus on the most challenging mathematical and theoretical questions aimed at understanding the capabilities, limitations, and emerging properties of AI methods as well as the development of novel, and mathematically grounded, design and analysis principles for the current and next generation of AI approaches.


<span class=""TextRun SCXW112196119 BCX9"" lang=""EN-US"" xml:lang=""EN-US"" data-contrast=""none"">Specific research goals include: establishing a fundamental mathematical understanding of the</span><span class=""TrackChangeTextInsertion TrackedChange SCXW112196119 BCX9""><span class=""TextRun SCXW112196119 BCX9"" lang=""EN-US"" xml:lang=""EN-US"" data-contrast=""none"">factors determining the </span></span><span class=""TrackChangeTextInsertion TrackedChange SCXW112196119 BCX9""><span class=""TextRun SCXW112196119 BCX9"" lang=""EN-US"" xml:lang=""EN-US"" data-contrast=""none"">capabilities and limitations of</span></span><span class=""TextRun SCXW112196119 BCX9"" lang=""EN-US"" xml:lang=""EN-US"" data-contrast=""none""> current </span><span class=""TrackChangeTextInsertion TrackedChange SCXW112196119 BCX9""><span class=""TextRun SCXW112196119 BCX9"" lang=""EN-US"" xml:lang=""EN-US"" data-contrast=""none"">and emerging </span></span><span class=""TextRun SCXW112196119 BCX9"" lang=""EN-US"" xml:lang=""EN-US"" data-contrast=""none"">generation</span><span class=""TrackChangeTextInsertion TrackedChange SCXW112196119 BCX9""><span class=""TextRun SCXW112196119 BCX9"" lang=""EN-US"" xml:lang=""EN-US"" data-contrast=""none"">s</span></span><span class=""TextRun SCXW112196119 BCX9"" lang=""EN-US"" xml:lang=""EN-US"" data-contrast=""none""><span class=""NormalTextRun SCXW112196119 BCX9""> of</span><span class=""NormalTextRun CommentStart CommentHighlightPipeRest CommentHighlightRest SCXW112196119 BCX9""> AI systems,</span></span> including, but not limited to, foundation models, generative models, deep learning, statistical learning, federated learning, and other evolving paradigms; the development of mathematically grounded design and analysis principles for the current and next generations of AI systems; rigorous approaches for characterizing and validating machine learning algorithms and their predictions; research enabling provably reliable, translational, general-purpose AI systems and algorithms; e<span class=""TextRun SCXW130074789 BCX0"" lang=""EN-US"" xml:lang=""EN-US"" data-contrast=""none"">ncouragement of new collaborations</span><span class=""TextRun SCXW130074789 BCX0"" lang=""EN-US"" xml:lang=""EN-US"" data-contrast=""none"">&#8239;in this interdisciplinary research community and between institution</span><span class=""TrackChangeTextInsertion TrackedChange SCXW130074789 BCX0""><span class=""TextRun SCXW130074789 BCX0"" lang=""EN-US"" xml:lang=""EN-US"" data-contrast=""none"">s.</span></span>


The overall goal is to establish innovative and principled design and analysis approaches for AI technology using creative yet theoretically grounded mathematical and statistical frameworks, yielding explainable and interpretable models that can enable sustainable, socially responsible, and trustworthy AI.

<div></div>"
"8b106d7a-a5ec-4226-b3d4-90bc8c3eade1","HHS-2026-ACF-ANA-NAI-0035","AI3 Action Institute - Artificial Intelligence for American Indians","forecasted","HHS-ACF-ANA","discretionary","","2026-05-06","","","2026-08-20","True","1","3500000","2500000","3500000","https://www.acf.hhs.gov/ana","https://www.acf.hhs.gov/ana","93.612|Native American Programs","cooperative_agreement","opportunity_zone_benefits","","nonprofits_non_higher_education_with_501c3;other;federally_recognized_native_american_tribal_governments;other_native_american_tribal_organizations;nonprofits_non_higher_education_without_501c3","These types of organizations may apply based on 42 U.S.C. 2991b:Federally recognized Indian tribes, as recognized by the Bureau of Indian Affairs (BIA).Incorporated non-federally recognized tribes.Incorporated state-recognized Indian tribes.Consortia of Indian tribes.Incorporated, nonprofit multipurpose, community-based Indian organizations (including Urban Indian Organizations as defined by 25 U.S.C. 1603(29)).Urban Indian Centers.Native Community Development Financial Institutions (Native CDFIs).Alaska Native villages as defined in the Alaska Native Claims Settlement Act (ANCSA) and/or nonprofit village consortia.Nonprofit Native organizations in Alaska with village-specific projects.Incorporated nonprofit Alaska Native multipurpose, community-based organizations.Nonprofit Alaska Native Regional Corporations/Associations in Alaska with village-specific projects.Nonprofit Alaska Native community entities or tribal governing bodies (Indian Reorganization Act or Traditional Councils) as recognized by the BIA.Public and nonprofit private agencies serving Native Hawaiians.National or regional incorporated nonprofit Native American organizations with Native American community-specific objectives.Public and nonprofit private agencies serving Native peoples from Guam, American Samoa, or the Commonwealth of the Northern Mariana Islands.Tribal Colleges and Universities, and colleges and universities located in Hawaii, Guam, American Samoa, or the Commonwealth of the Northern Mariana Islands that serve Native American Pacific Islanders. Applications from individuals (including sole proprietorships) and foreign entities are not eligible and will be disqualified from the merit review and funding under this funding opportunity. Faith-based and community organizations that meet the eligibility requirements are eligible for awards under this funding opportunity.","Administration for Children and Families - ANA","Department of Health and Human Services","Carmelia Strickland
833-262-4636","carmelia.strickland@acf.hhs.gov","carmelia.strickland@acf.hhs.gov","True","2026-06-20","2026-07-21","Electronically submitted applications must be submitted no later than 11:59 pm Eastern Standard Time on the listed application due date.","2026-09-30","2026-09-30","2026","","","https://simpler.grants.gov/opportunity/8b106d7a-a5ec-4226-b3d4-90bc8c3eade1","<p>The Administration for Native Americans (ANA) anticipates announcing the availability of funds and requesting applications for the&nbsp;AI<sup>3</sup> Action Institute – Artificial Intelligence for American Indians. The successful applicant will establish the&nbsp;AI<sup>3</sup>&nbsp;Action Institute, which will monitor the pace of AI change, identify responsible and practical opportunities to apply this technology to socioeconomic domains in Native communities, and support its thoughtful integration across Indian Country. Consistent with the Administration for Children and Families’ (ACF) mission to strengthen families and promote work as the pathway to self-sufficiency, the Institute will leverage AI applications to accelerate economic development, workforce participation, community governance, and efficient service delivery. The primary goals are to (1) reduce the immense learning curve on behalf of hundreds of Native communities; (2) establish a bird’s-eye view to identify opportunities aligned with Tribal priorities and local leadership; (3) optimize deployment of this technology; (4) establish a knowledge manager to accumulate lessons learned and develop expertise and intuition; and (5) strengthen Tribal governance, while maximizing community capacity. Through this approach, the AI3 Action Institute will help ensure AI investments advance strong economies, strong families, and resilient Native communities.</p>"
"d9d42c44-ae3f-4926-a109-c7678b66ab18","DFOP0018449","​Mitigating Proliferation Risks Posed by Artificial Intelligence Enabled Molecular Models and Leveraging Nonproliferation Opportunities​","posted","DOS-ACN","discretionary","","2026-06-29","2026-07-21","","","False","3","4000000","0","4000000","https://mygrants.servicenowservices.com/mygrants?id=mygrants_form&table=x_g_usd4_d_grant_funding_opportunity&sys_id=552a347893010f50d114b7986cba1028&view=Default","Link to Opportunity in MyGrants","19.224|Nonproliferation and Disarmament Fund","cooperative_agreement;other","science_technology_and_other_research_and_development","","small_businesses;nonprofits_non_higher_education_without_501c3;for_profit_organizations_other_than_small_businesses;private_institutions_of_higher_education;other;public_and_state_institutions_of_higher_education;nonprofits_non_higher_education_with_501c3","U.S. Federal Government Entities. Lead applicant organizations must be based in the U.S. to be eligible.","Bureau of Arms Control and Nonproliferation","Department of State","ACN/NDF Grants Mailbox","acn-ndf-grants@state.gov","ACN/NDF Grants Mailbox","False","","","","","","","","","https://simpler.grants.gov/opportunity/d9d42c44-ae3f-4926-a109-c7678b66ab18","<p>The Department of State’s Office of the Nonproliferation and Disarmament Fund (ACN/NDF) is pleased to announce an open competition for assistance awards through this Notice of Funding Opportunity (NOFO). ACN/NDF invites domestic non-profit/non-governmental organizations, educational institutions, and for-profit organizations to submit proposals for projects that will advance the mission of NDF’s efforts to identify, evaluate, and develop safeguards to counter the misuse risks enabled by the proliferation of chemical and biological Artificial Intelligence (AI) models (CBAIMs). Proposals may not exceed the total availability of funds under this NOFO. ACN/NDF welcomes proposals that fully address all or a clearly articulated, targeted subset of the key objectives of this NDF line of effort (Section II). Please indicate whether the proposal involves collaboration with a partner organization that is separately responding to this solicitation.</p>"
"3a5aa6a1-c4ed-4907-8758-5bba1be09394","PD-19-127Y","Science of Learning and Augmented Intelligence","posted","NSF","discretionary","","2019-09-19","2026-08-05","","2033-09-02","False","","","550","","http://www.nsf.gov/funding/pgm_summ.jsp?pims_id=505731","NSF Program Desccription PD-19-127Y","47.075|Social, Behavioral, and Economic Sciences","grant","science_technology_and_other_research_and_development","","unrestricted","","U.S. National Science Foundation","U.S. National Science Foundation","NSF grants.gov support
grantsgovsupport@nsf.gov","grantsgovsupport@nsf.gov","If you have any problems linking to this funding announcement, please contact the email address above.","False","","","","","","","","","https://simpler.grants.gov/opportunity/3a5aa6a1-c4ed-4907-8758-5bba1be09394","Science of Learning and Augmented Intelligence (SL) supports potentially transformative research that develops basic theoretical insights and fundamental knowledge about principles, processes and mechanisms of learning, and about augmented intelligence &mdash; how human cognitive function can be augmented through interactions with others or with technology, or through variations in context.


The program supportsresearch addressing learning in individuals and in groups, across a wide range of domains at one or more levels of analysis, including molecular and cellular mechanisms; brain systems; cognitive, affective and behavioral processes; and social and cultural influences.


The program also supports research on augmented intelligence that clearly articulates principled ways in which human approaches to learning and related processes, such as in design, complex decision-making and problem-solving, can be improved through interactions with others or through the use of artificial intelligence in technology. These could include ways of using knowledge about human functioning to improve the design of collaborative technologies that have the capacity to learn to adapt to humans.


For both aspects of the program, there is special interest in collaborative and collective models of learning and intelligence that are supported by the unprecedented speed and scale of technological connectivity.This includes emphasis on how people and technology working together in new ways and at scale can achieve more than either can attain alone. The program also seeks explanations for how the emergent intelligence of groups, organizations and networks intersects with processes of learning, behavior and cognition in individuals. 


Projects that are convergent or interdisciplinary may be especially valuable in advancing basic understanding of these areas, but research within a single discipline or methodology is also appropriate.Connections between proposed research and specific technological, educational and workforce applications will be considered as valuable broader impacts but are not necessarily central to the intellectual merit of proposed research. The program supports a variety of approaches, including experiments, field studies, surveys, computational modeling, and artificial intelligence or machine learning methods.


Examples of general research questions within scope of Science of Learning and Augmented Intelligence (SL)include:

<ul type=""disc"">
<li>What are the underlying mechanisms that support transfer of learning from one context to another or from one domain to another?How is learning generalized from a small set of specific experiences?What is the basis for robust learning that is resilient against potential interference from new experiences?How is learning consolidated and reconsolidated from transient experience to stable memory?</li>
<li>How do human interactions with technologies, imbued with artificial intelligence, provide improved human task performance?What models best describe the interplay of the individual and collaborative processes that lead to co-creation of knowledge and collective intelligence? In what ways do the capacities and constraints of human cognition inform improved methods of human-artificial intelligence collaboration?</li>
<li>How can we integrate research findings and insights across levels of analysis, relating understanding of cellular and molecular mechanisms of learning in the neurons, to circuit and systems-level computations of learning in the brain, to cognitive, affective, social and behavioral processes of learning? What is the relationship between assembly of new networks (development) and learning new knowledge in a maturing or mature brain? What concepts, tools (including Big Data, machine learning, and other computational models) or questions will provide the most productive linkages across levels of analysis?</li>
<li>How can insights from biological learners contribute and derive new theoretical perspectives to artificial intelligence, neuromorphic engineering, materials science and nanotechnology? How can the ability of biological systems to learn from relatively few examples improve efficiency of artificial systems?How do learning systems (biological and artificial) address complex issues of causal reasoning?How can knowledge about the ways in which humans learn help in the design of human-machine interfaces?</li>
</ul>"
"56b71085-ed91-4468-b7eb-3a04bf840794","HR001126S0010","Decentralized Artificial Intelligence through Controlled Emergence (DICE)","posted","DOD-DARPA-IPTO","discretionary","","2026-06-10","2026-08-25","See Full Announcement for details.","2026-09-24","False","","","","","https://sam.gov/opp/0800655bb5714d68957ce0d5ee922938/view","SAM.gov Contract Opportunities","12.910|Research and Technology Development","cooperative_agreement;other;procurement_contract","science_technology_and_other_research_and_development","","other","All responsible sources capable of satisfying the Government's needs may submit a proposal that shall be considered by DARPA.  See the Eligibility Information section of the BAA for more information.","DARPA - Information Processing Technologies Office","Department of Defense","BAA Coordinator
DICE@darpa.mil","DICE@darpa.mil","","False","","","","","","","","","https://simpler.grants.gov/opportunity/56b71085-ed91-4468-b7eb-3a04bf840794","The DICE program seeks to develop the theory and algorithms for decentralized coordination and local inference control to enable a scalable, adaptive, and resilient collective of heterogeneous AI agents that can autonomously execute sustained long-time-horizon missions in contested environments while remaining under human control. In contrast to small-scale, rigid, and fragile centralized orchestration or the high-risk unpredictable nature of ad hoc compositions of AI agents, DICE aims to harness the scalability and adaptability of self-organizing systems while minimizing risks and ensuring that the collective behavior remains predictable and aligned with intended outcomes. This approach mirrors the principles of decentralized self-organization that underpin the internet's own scalability and resilience, where robust global behavior emerges from simple, local rules."
"835f88cc-44cb-4983-8d30-c4f40e8850a0","DFOP0018586","Artificial Intelligence for American Competitiveness and Economic Security (AI-ACES) in South Asia","posted","DOS-SA","discretionary","","2026-07-01","2026-08-02","","","False","1","2000000","2000000","5000000","https://mygrants.servicenowservices.com/mygrants?id=mygrants_form&table=x_g_usd4_d_grant_funding_opportunity&sys_id=ec7a8a3693d50754d114b7986cba1030&view=Default","Link to Opportunity in MyGrants","19.108|Bureau of South and Central Asian Affairs","cooperative_agreement","other","Artificial Intelligence (AI)","for_profit_organizations_other_than_small_businesses","U.S. based non profit or non governmental organizations with or without 501(c) 3 status of the U.S. tax code; foreign based non profit organizations or non-government organizations; For profit organizations; Public and private educational institutions; Public International Organizations and Governmental institutions","Bureau of South and Central Asian Affairs","Department of State","SCA-FA-ProgramOfficers-Only-DL@state.gov","","","False","","","","","","","","","https://simpler.grants.gov/opportunity/835f88cc-44cb-4983-8d30-c4f40e8850a0","The program within SCA will aim to deploy American AI technology securely in U.S. partners’ strategic economic sectors and infrastructure.  The specific strategic economic sector(s) and organizations (including government, public institutions like utilities, and private companies) targeted in each country for support would be developed in consultation with State Department and host country governments and based on the geopolitical and economic factors of each country."
"f892bfb3-ae6b-4b13-8241-93aecc115428","26-507","National Science Foundation Fostering Interdisciplinary Networks to Develop Emergent and Responsive Solutions Foundry","posted","NSF","discretionary","","2026-03-23","2026-11-18","","2026-12-18","False","","8500000","","","http://www.nsf.gov/publications/pub_summ.jsp?ods_key=nsf26507","NSF Publication 26-507","47.076|STEM Education (formerly Education and Human Resources);47.084|NSF Technology, Innovation, and Partnerships","grant","science_technology_and_other_research_and_development","","other","*Who May Submit Proposals: Proposals may only be submitted by the following:
  -Non-profit, non-academic organizations: Independent museums, observatories, research laboratories, professional societies and similar organizations located in the U.S. that are directly associated with educational or research activities.
  -State and Local Governments
  -Institutions of Higher Education (IHEs): Two- and four-year IHEs (including community colleges) accredited in, and having a campus located in the US, acting on behalf of their faculty members. Special Instructions for International Branch Campuses of US IHEs: If the proposal includes funding to be provided to an international branch campus of a US institution of higher education (including through use of sub-awards and consultant arrangements), the proposer must explain the benefit(s) to the project of performance at the international branch campus, and justify why the project activities cannot be performed at the US campus.
  -Tribal Nations: An American Indian or Alaska Native tribe, band, nation, pueblo, village, or community that the Secretary of the Interior acknowledges as a federally recognized tribe pursuant to the Federally Recognized Indian Tribe List Act of 1994, 25 U.S.C. §§ 5130-5131.

*Who May Serve as PI:
<div class=""OutlineElement Ltr SCXW250762343 BCX8"">

Each NSF FINDERS FOUNDRY leadership team must have at least one member from each of three stakeholder groups: (1) K-12 educators, (2) technologists, and (3) researchers. One of these individuals must act as the Principal Investigator (PI) through an eligible organization described above. Co-PIs andadditionalSenior Personnel, (sub)contractors, consultants, etc., are also allowed.


Unaffiliated individuals are not eligible tosubmitproposals in response to this solicitation.


There are no PI degree requirements (i.e., the PIis not required tohold a Ph.D. nor any other degree).

</div>","U.S. National Science Foundation","U.S. National Science Foundation","NSF grants.gov support
grantsgovsupport@nsf.gov","grantsgovsupport@nsf.gov","If you have any problems linking to this funding announcement, please contact the email address above.","False","","","","","","","","","https://simpler.grants.gov/opportunity/f892bfb3-ae6b-4b13-8241-93aecc115428","The NSF FINDERS FOUNDRY program supports collaboration among K-12 educators, technologists, and researchers to develop innovative solutions to persistent challenges in learning and workforce development. These challenges are identified by K-12 students, families, and educators. The program aims to create and scale evidence-based practices, tools, and technologies that improve learning outcomes and prepare students for a digital, Artificial Intelligence (AI)-driven future.


A key focus is early exposure to AI to build curiosity, understanding, and readiness for future careers. The program encourages partnerships across sectors - schools, universities, industry, government, and nonprofits - to co-design responsive, technology-based solutions.


NSF FINDERS FOUNDRY program includes two phases: Planning and Development. Planning proposals help teams explore one of several focus areas. Only teams awarded Planning grants may submit Development proposals, which support the growth and implementation of promising ideas.


The program aligns with national priorities, including the <a href=""https://www.whitehouse.gov/presidential-actions/2025/04/advancing-artificial-intelligence-education-for-american-youth/"">Executive Order 14277, &ldquo;Advancing Artificial Intelligence Education for American Youth</a>&rdquo; (April 23, 2025), and the CHIPS and Science Act of 2022, <a href=""https://www.congress.gov/117/plaws/publ167/PLAW-117publ167.pdf"">Public Law 117-167</a>, Sections 10381-10383 and 10395."
"d269d1d5-241b-48d5-b1c0-d7e614f02f09","HM047623BAA0001","Boosting Innovative GEOINT - Science & Technology  Broad Agency Announcement (BIG-ST BAA)","posted","DOD-NGIA","discretionary","","2023-12-15","2026-12-14","","2026-12-15","False","","","","","","","12.630|Basic, Applied, and Advanced Research in Science and Engineering","cooperative_agreement;grant;other;procurement_contract","science_technology_and_other_research_and_development","","other","All responsible sources capable of satisfying the Government's needs may submit an abstract and proposal for NGA’s consideration. See Section 3: Eligibility Information, of Broad Agency Announcement HM047623BAA0001 for detailed information.","National Geospatial-Intelligence Agency ","Department of Defense","OCS Grants","ocsgrants@nga.mil","Unclassified E-Mail","False","","","","","","","","","https://simpler.grants.gov/opportunity/d269d1d5-241b-48d5-b1c0-d7e614f02f09","<p><strong>The Boosting Innovative GEOINT-Science and Technology (BIG-ST) Broad Agency Announcement (BAA) invites proposers to submit innovative concepts to address hard GEOINT problems that align to one or more of the following technical domains: </strong></p><p><strong>(1) Foundational GEOINT, </strong></p><p><strong>(2) Advanced Phenomenologies, and </strong></p><p><strong>(3) Analytic Technologies.</strong></p><p><br></p><p><strong><u>BAA Process and Topic Call Publication:</u></strong></p><p>The BIG-ST BAA is a <u>general announcement</u> of NGA’s research interest, including criteria for selecting proposals and soliciting the participation of all offerors capable of satisfying the Government’s needs.</p><p><strong>The requests for abstracts and proposals are transmitted via Topic Calls </strong>that are published separately under the BIG-ST BAA General Solicitation at various times during the open period of the General Solicitation.&nbsp;Topic Calls will be published via updates to the BIG-ST BAA General Solicitation site on Sam.gov, Grants.gov, and/or the Classified IC-Acquisition Research Center (https://acq-ui.ace.proj.nro.ic.gov).&nbsp;If a Topic Call is Classified, interested parties must have an account to log into the <strong><u>Classified IC-ARC</u> </strong>to see the notice, and all associated RFP documents.&nbsp;For additional support with account access, please&nbsp;contact the Classified ACE Help Desk at 855-4ACE.Interested parties should periodically check these websites for updates.</p><p><br></p><p><strong>No submissions shall be accepted to the General Solicitation; abstracts and proposals will only be reviewed in response to open Topic Calls.</strong>&nbsp;Please refer to the Topic Calls for Abstract and Proposal due dates.&nbsp;</p><p>The BIG-ST BAA General Solicitation, <u>HM047623BAA0001 </u><strong><u>Revision 3</u></strong><u>&nbsp;(dated 04/25/2025),</u> is posted and applies to Topic 5 and forward.&nbsp;&nbsp;<strong>See Attachments/Links.</strong></p><p><br></p><p><strong><u>Closed Topics:</u></strong></p><p>Topic 1 - Geospatial-Intelligence Foundational Model (GFM) is closed</p><p>Topic 2 - Magnifying University Science Expertise (MUSE) is closed.</p><p>Topic 3 - VLBI+G Signal Chain Development (VLBI+G) is closed.</p><p>Topic 5 - Better Ingested GEOINT - Identifying Artificial Intelligence and Manually Manipulated Media (BIGISLAND) is closed.</p><p><br></p><p><strong><u>Canceled Topics:</u></strong></p><p>Topic 4 - Production of Radio Frequency (RF) Surveys from Commercial On-orbit Passive RF (RF-COP) is canceled.</p><p><br></p><p><strong><u>Active Topics:</u></strong></p><p>Topic 6 – Magnifying University Science Expertise 2 (MUSE 2) is open. Topic is open to Grant Applicants only. Go to Grants.gov for details.</p><p>Topic 6 Update (3/16/2026): The Questions and Answers (Q&amp;A) session is closed. The Q&amp;A document is embedded in the revised Topic 6 document titled ""BIGST_BAA_T06_MUSE_2v2.pdf."" The revised Topic 6 can be found in Grants.gov under RELATED DOCUMENTS.</p><p>Topic 6 Update (3/24/2026): Topic 6 ""BIGST_BAA_T06_MUSE_2v3.pdf"" and Appendix 5 ""APPENDIX 5 Grants Coops_version3' have been revised and can be found in Grants.gov under RELATED DOCUMENTS. The Abstract submission date has been extended to 31 March 2026 (10AM ET). Additionally, APPENDIX 5 Grants Coops_version3 has been uploaded as an Attachment to this General Solicitation.</p><p><strong>Topic 6 Update (4/01/2026):</strong> Topic 6 ""BIGST_BAA_T06_MUSE_2v4.pdf"" has been revised and can be found in Grants.gov under RELATED DOCUMENTS. <strong>Abstract Submissions are CLOSED and are no longer being accepted. </strong></p>"
"f3b7c04e-a364-4193-9c76-96aea974d618","W519TC-25-S-0001","Broad Agency Announcement for Fundamental AI Research","forecasted","DOD-AMC-ACCRI","discretionary","","2025-04-16","","","","False","","","","","","","12.431|Basic Scientific Research","cooperative_agreement","science_technology_and_other_research_and_development","","other","Eligible applicants under this BAA include institutions of higher education, nonprofit organizations, state and local governments, foreign organizations, foreign public entities, and for-profit organizations (i.e. large and small businesses).","Army Contracting Command Rock Island","Department of Defense","Jordan Myers
Grantor
N/A","jordan.m.myers7.civ@army.mil","Work","True","","","","","","2025","","","https://simpler.grants.gov/opportunity/f3b7c04e-a364-4193-9c76-96aea974d618","<p>The purpose of this combined Broad Agency Announcement (BAA) under Federal Acquisition Regulation (FAR) Part 35 and Funding Opportunity Announcement (FOA) under 2 Code of Federal Regulations (CFR) 200.204 (henceforth referred to as “BAA”) is to solicit research proposals for submission to the U.S. Army Artificial Intelligence Integration Center (AI2C) for funding consideration.</p><p>&nbsp;</p><p>This Broad Agency Announcement (BAA), for the Army Artificial Intelligence Integration Center (AI2C), is issued under the provisions of paragraph 6.102(d)(2) and 35.016 of the Federal Acquisition Regulation (FAR), which provides for the acquisition of basic, applied, and advanced research and that part of development not related to the development of a specific system or hardware procurement. This will be done through the competitive selection of proposals, and 10 U.S.C. 4001, 10 U.S.C. 4021, and 10 U.S.C. 4022, which provide the authorities for issuing awards under this announcement for basic, applied, and advanced research.&nbsp;The definitions of basic and applied research may be found at 32 CFR 22.105.&nbsp;Proposals submitted in response to this BAA and selected for award are considered to be the result of full and open competition and in full compliance with the provisions of Public Law 98-369, ""The Competition in Contracting Act of 1984"" and subsequent amendments.</p><p>&nbsp;</p><p>The Army Artificial Intelligence Integration Center (AI2C) is seeking artificial intelligence research and development whitepapers and proposals in support of new technologies and translational research-based approaches that support the identification, alignment, and exploitation of basic, applied, and advanced research.</p><p>&nbsp;</p><p>AI2C’s foundational research mission spans basic research (budget activity 6.1) and applied research (budget activity 6.2) as defined by 32 CFR 22.105 but may include advanced technology development (budget activity 6.3) and advanced component development and prototypes (budget activity 6.4) when opportunities arise to directly or indirectly help achieve AI2C’s mission.</p><p>&nbsp;</p><p>This publication constitutes a BAA for awards as contemplated in FAR 6.102(d)(2) and 35.016 as well as a merit-based, competitive procedure in accordance with the Department of Defense Grant and Agreement Regulations (DoDGARS) at 32 CFR 22.315(a) and the Office of the Under Secretary of Defense for Acquisition and Sustainment Other Transaction Guide version 2.0 dated July 2023.</p>"
"26ddba31-5cad-48a7-9b78-ac5a5e15154a","26-504","Postdoctoral Research Fellowships in Biology","posted","NSF","discretionary","","2026-02-05","2026-09-29","","2028-10-26","False","","16500000","220000","","http://www.nsf.gov/publications/pub_summ.jsp?ods_key=nsf26504","NSF Publication 26-504","47.074|Biological Sciences","grant","science_technology_and_other_research_and_development","","other","*Who May Submit Proposals: Proposals may only be submitted by the following:
  -
Proposals must be submitted by the individual, not the host institution, and awards are made directly to Fellows.


Each postdoctoral Fellow must identify a sponsoring scientist(s) and must affiliate with an appropriate U.S. or international host institution at the time of proposal submission. Appropriate U.S. organizations include institutions of higher education, private nonprofit institutes and museums, government agencies and laboratories, and, under special conditions that require prior approval from a Program Officer, for-profit organizations. Appropriate international institutions include institutions of higher education and many government or non-profit research organizations.


*Who May Serve as PI:

The PRFB awards are intended primarily for graduate students who are seeking independent support for their &#64257;rst postdoctoral position, or postdoctoral Fellows early in their careers. An individual is eligible to submit a proposal if all the following criteria are met:

<ul>
<li>Must be a U.S. citizen, U.S. national, or U.S. permanent resident, i.e., have a ""green card,"" at the time of submission.</li>
<li>Must present a research plan that falls within the purview of BIO and that focuses on the research area described in this solicitation.</li>
<li>Must earn the doctoral degree in an appropriate &#64257;eld prior to beginning the fellowship.</li>
<li>Must select sponsoring scientists, departments, and institutions that offer a signi&#64257;cant opportunity to broaden the proposer's research focus and training.</li>
<li>Must not have submitted the same research to another NSF postdoctoral fellowship program.</li>
<li>Must not have worked in any position that requires a doctoral degree for a combined total of more than 15 full-time months prior to the deadline.</li>
<li>Must not have submitted proposals to the PRFB program more than once in previous years, i.e., you are limited to a maximum of two submissions, regardless of the outcome.</li>
</ul>

Proposals that fail to meet the above eligibility requirements will be returned without review.


By signing and submitting the proposal, the proposer is certifying that they meet the eligibility criteria speci&#64257;ed in this program solicitation. Willful provision of false information in this request and its supporting documents or in reports required under an ensuing award is a criminal offense (U.S. Code, Title 18, Section 1001).","U.S. National Science Foundation","U.S. National Science Foundation","NSF grants.gov support
grantsgovsupport@nsf.gov","grantsgovsupport@nsf.gov","If you have any problems linking to this funding announcement, please contact the email address above.","False","","","","","","","","","https://simpler.grants.gov/opportunity/26ddba31-5cad-48a7-9b78-ac5a5e15154a","The integration of Artificial Intelligence (AI) and Biological Research has the potential to pave the way for breakthroughs in biotechnology and bio-system design that will create innovations, new industries, and jobs. To capitalize on this promise, the Directorate for Biological Sciences (BIO) will make awards for Postdoctoral Research Fellowships in Biology (PRFB) to recent doctoral degree recipients, for proposals with a research and training focus at the Intersection of Artificial Intelligence and Biological Sciences to Strengthen and Safeguard Biotechnology Innovations. Applying AI to highly complex biological systems will reveal unknown mechanisms in the natural world that hold promise for technological developments.


Candidates with AI and/or biology experience will develop deep expertise in both by proposing additional training in both areas. These combinations of current expertise and new cross-training will produce scientists who work seamlessly at the intersection of AI and biology. The fellows are expected to become field leaders who use AI capabilities to extrapolate from biological data to technological advances.


Proposers are encouraged to consider how to leverage the nation&rsquo;s diversity of existing biological data, and biological infrastructure, such as Biofoundries, Programmable Cloud Labs, Manufacturing USA Institutes, and NEON, to accelerate discovery, innovation and the biotechnology that improves human lives, promotes the U.S. economy, and benefits the nation."
"1b49b219-b655-4560-b837-68ed45b6580f","RFA-AR-27-001","NIAMS P30 Centers Program (P30 - Clinical Trial Not Allowed)","forecasted","HHS-NIH11","discretionary","","2025-05-28","","","","False","30","","","","","","93.846|Arthritis, Musculoskeletal and Skin Diseases Research;93.313|NIH Office of Research on Women's Health","grant","health","","small_businesses;state_governments;other_native_american_tribal_organizations;for_profit_organizations_other_than_small_businesses;public_and_indian_housing_authorities;federally_recognized_native_american_tribal_governments;county_governments;nonprofits_non_higher_education_without_501c3;other;city_or_township_governments;independent_school_districts;nonprofits_non_higher_education_with_501c3;public_and_state_institutions_of_higher_education;special_district_governments;private_institutions_of_higher_education","Other Eligible ApplicantsIndian/Native American Tribal Governments (Other than Federally Recognized);Eligible Agencies of the Federal Government;U.S. Territory or Possession;Faith-based or Community-based Organizations;Regional Organizations;Non-domestic (non-U.S.) Entities (Foreign Institutions).","National Institutes of Health","Department of Health and Human Services","National Institute of Arthritis and Musculoskeletal and Skin Diseases (NIAMS)
Please contact via e-mail.","NIAMSCentersProgram@mail.nih.gov","NIAMSCentersProgram@mail.nih.gov","True","2026-07-01","2026-10-01","","2027-07-01","2027-07-01","2026","","","https://simpler.grants.gov/opportunity/1b49b219-b655-4560-b837-68ed45b6580f","<p style=""margin-left:0in;"">The overall goal of this program is to accelerate scientific discovery, improve research efficiency, and enhance the translation of research findings into improved health outcomes. Centers funded under this program will also foster multidisciplinary collaboration, support workforce development across career stages, and promote training in emerging areas such as data science, artificial intelligence, and implementation research.&nbsp;The National Institute of Arthritis and Musculoskeletal and Skin Diseases (NIAMS) requests applications for the NIAMS P30 Centers Program to support integrated research Centers within its mission areas of skin biology and diseases; bone, muscle, and orthopaedic research; and rheumatic diseases. The NIAMS P30 Centers Program supports Centers that provide coordinated research infrastructure, shared resources, and methodological expertise to advance basic, translational, and clinical research. These Centers are expected to integrate state-of-the-art research resources with capabilities that support clinical and translational research, including the development, testing, and dissemination of novel analytical methods, study designs, outcome measures, and data-driven approaches. The overall goal of this program is to accelerate scientific discovery, improve research efficiency, and enhance the translation of research findings into improved health outcomes. Centers funded under this program will also foster multidisciplinary collaboration, support workforce development across career stages, and promote training in emerging areas such as data science, artificial intelligence, and implementation research.</p>"
"62abae0f-28df-4c32-97e1-90df960365a0","DFOP0018502","Countering Terrorist Recruitment Online","posted","DOS-SCT","discretionary","","2026-06-22","2026-07-27","","","False","0","0","4933399","4933399","https://mygrants.servicenowservices.com/mygrants?id=mygrants_form&table=x_g_usd4_d_grant_funding_opportunity&sys_id=7c4c2083474dc75067358810326d43ef&view=Default","Link to Opportunity in MyGrants","19.701|Global Counterterrorism Programs","cooperative_agreement","other","Counterterrorism","unrestricted","The following types of organizations are eligible to apply:  

Not-for-profit organizations, including think tanks and civil society/non-governmental organizations  

Public and private educational institutions  

For-profit organizations;

Public International Organizations (PIOs) and Governmental institutions","Bureau of Counterterrorism ","Department of State","CT_Grants@state.gov","","","False","","","","","","","","","https://simpler.grants.gov/opportunity/62abae0f-28df-4c32-97e1-90df960365a0","U.S.-designated foreign terrorist organizations (FTOs), including jihadist networks, drug cartels, and individual extremists, continue to act on violent ideations and inspire others globally.  Recruitment efforts are increasingly digital, thus making counterterrorism investigations more complex across borders.  Furthermore, emerging technology, such as generative artificial intelligence (AI), are enhancing recruitment effectiveness with target populations.  The U.S. Department of State, Bureau of Counterterrorism, announces this notice of funding opportunity (NOFO) to support law enforcement in countering U.S.-designated FTO online recruitment, pending the availability of funds."
"c08bbf7a-563b-4af4-a79b-b1cb7bdd71ad","HHS-2026-ACL-NIDILRR-REGE-0212","Rehabilitation Engineering Research Centers (RERC) Program: RERC on AI-Driven Assistive and Rehabilitation Technologies","posted","HHS-ACL","discretionary","","2026-06-01","2026-07-16","Electronically submitted applications must be submitted no later than 11:59 p.m., ET, on the listed application due date.","2026-09-30","False","1","975000","970000","975000","https://www.acl.gov/grants/applying-grants","https://www.acl.gov/grants/applying-grants","93.433|ACL National Institute on Disability, Independent Living, and Rehabilitation Research","grant","science_technology_and_other_research_and_development","","small_businesses;state_governments;county_governments;special_district_governments;other;other_native_american_tribal_organizations;federally_recognized_native_american_tribal_governments;nonprofits_non_higher_education_without_501c3;private_institutions_of_higher_education;for_profit_organizations_other_than_small_businesses;public_and_state_institutions_of_higher_education;city_or_township_governments;nonprofits_non_higher_education_with_501c3","States; public or private agencies, including for-profit agencies; public or private organizations, including for-profit organizations; IHEs; and Indian tribes and tribal organizations.  Foreign entities are not eligible to compete for, or receive, awards made under this announcement. Faith-based and community organizations that meet the eligibility requirements are eligible to receive awards under this funding opportunity announcement.","Administration for Community Living","Department of Health and Human Services","Thomas Corfman
Thomas.Corfman@acl.hhs.gov","Thomas.Corfman@acl.hhs.gov","Thomas.Corfman@acl.hhs.gov","False","","","","","","","","","https://simpler.grants.gov/opportunity/c08bbf7a-563b-4af4-a79b-b1cb7bdd71ad","The purpose of the Rehabilitation Engineering Research Centers (RERC) program is to improve the effectiveness of services authorized under the Rehabilitation Act by conducting advanced engineering research on and development of innovative technologies that are designed to solve particular rehabilitation problems or to remove environmental barriers. The purpose of this RERC is to conduct research on, develop, and evaluate Artificial Intelligence (AI)-driven assistive and rehabilitation technologies that enhance independence, participation, and quality of life for people with disabilities. Many existing assistive and rehabilitation technologies lack adaptability, personalization, and seamless integration into daily life. AI and machine learning (ML) offer trans-formative potential to address these gaps by enabling smarter, more responsive, and individualized assistive and rehabilitation technologies. AI-driven innovations in assistive and rehabilitation technology can shift them from static tools to dynamic, intelligent systems that continuously learn and adapt in real time to individual preferences, needs, and changing abilities. This grant will have a 60-month project period, with five 12-month budget periods."
"2b5135c3-a845-4edd-a3a3-df496e84ba99","25-531","Cybersecurity Innovation for Cyberinfrastructure","posted","NSF","discretionary","","2025-01-04","2027-01-20","","2030-02-15","False","20","12000000","","1200000","http://www.nsf.gov/publications/pub_summ.jsp?ods_key=nsf25531","NSF Publication 25-531","47.070|Computer and Information Science and Engineering","grant","science_technology_and_other_research_and_development","","other","*Who May Submit Proposals: Proposals may only be submitted by the following:
  -Non-profit, non-academic organizations: Independent museums, observatories, research laboratories, professional societies and similar organizations located in the U.S. that are directly associated with educational or research activities.
  -Institutions of Higher Education (IHEs): Two- and four-year IHEs (including community colleges) accredited in, and having a campus located in the US, acting on behalf of their faculty members. Special Instructions for International Branch Campuses of US IHEs: If the proposal includes funding to be provided to an international branch campus of a US institution of higher education (including through use of sub-awards and consultant arrangements), the proposer must explain the benefit(s) to the project of performance at the international branch campus, and justify why the project activities cannot be performed at the US campus.","U.S. National Science Foundation","U.S. National Science Foundation","NSF grants.gov support
grantsgovsupport@nsf.gov","grantsgovsupport@nsf.gov","If you have any problems linking to this funding announcement, please contact the email address above.","False","","","","","","","","","https://simpler.grants.gov/opportunity/2b5135c3-a845-4edd-a3a3-df496e84ba99","The objective of the Cybersecurity Innovation for Cyberinfrastructure (CICI) program is to advance scientific discovery and innovation by enhancing the security and privacy of cyberinfrastructure. CICI supports efforts to develop, deploy and integrate cybersecurity that will benefit the broader scientific community by securing science data, computation, collaborations workflows, and infrastructure. CICI recognizes the unique nature of modern, complex, data-driven, distributed, rapid, and collaborative science and the breadth of infrastructure and requirements across scientific disciplines, practitioners, researchers, and projects. CICI seeks proposals in four program areas:


1.  Usable and Collaborative Security for Science (UCSS): Projects in this program area should support novel and/or applied security and usability research that facilitates scientific collaboration, encourages the adoption of security into the scientific workflow, and helps create a holistic, integrated security environment that spans the entire scientific cyberinfrastructure ecosystem.


2.  Reference Scientific Security Datasets (RSSD): Projects in this program area should leverage instrumented cyberinfrastructure to capture metadata from scientific workflows and workloads as reference data artifacts that can help support reproducible security research, testing and evaluation.


3.  Transition to Cyberinfrastructure Resilience (TCR): Projects in this program area should improve the robustness, trustworthiness, integrity, and/or resilience of scientific cyberinfrastructure through testing, evaluation, hardening, validation, and technology transition of novel cybersecurity research. The TCR area further encourages transition activities that advance the deployment and use of reproducibility in CI, workflows, and data.


4.  Integrity, Provenance, and Authenticity for Artificial Intelligence Ready Data (IPAAI): Projects in this program area should enhance confidence and reproducibility in AI produced scientific results by improving the integrity, provenance, and authenticity of scientific datasets used by Artificial Intelligence systems."
"ee38f06d-8148-4715-997b-e9a10511ab86","IR-ORI-26-001","Ensuring Research Integrity – Research on Research Integrity Program (RRI)","posted","HHS-OPHS","discretionary","","2026-06-25","2026-07-27","Applications must be submitted electronically no later than 6:00 pm Eastern Time.","2026-09-30","False","2","500000","150000","250000","https://www.ori.hhs.gov","https://www.ori.hhs.gov","93.085|Research on Research Integrity","grant","other","Research Integrity","private_institutions_of_higher_education;city_or_township_governments;public_and_state_institutions_of_higher_education;federally_recognized_native_american_tribal_governments;other_native_american_tribal_organizations;independent_school_districts;for_profit_organizations_other_than_small_businesses;state_governments;public_and_indian_housing_authorities;nonprofits_non_higher_education_with_501c3;small_businesses;special_district_governments;county_governments;nonprofits_non_higher_education_without_501c3","","Office of the Assistant Secretary for Health","Department of Health and Human Services","Armineh Ghazarian
Armineh.Ghazarian@hhs.gov","Armineh.Ghazarian@hhs.gov","Armineh.Ghazarian@hhs.gov","False","","","","","","","","","https://simpler.grants.gov/opportunity/ee38f06d-8148-4715-997b-e9a10511ab86","We seek applications to conduct empirical research on societal, organizational, behavioral, group, and individual factors that affect integrity in research, focusing on the identification of the root causes of research misconduct and driving factors for research integrity in compliance with 42 C.F.R. part 93. The projects funded under this opportunity must aim to research any combination of the following focus areas: 1) Explore the financial, cultural, institutional, and individual factors; 2) Assess the effectiveness of policies and training; 3) Investigate reporting and response mechanisms; and 4) Examine how artificial intelligence (AI) acts as a potential driver of research integrity or a risk factor for research misconduct."
"093302d1-5ade-4c5b-a90a-ab6e43bcc72b","USDA-NIFA-TCRGP-011697","Tribal Colleges Research Grants Program","posted","USDA-NIFA","discretionary","","2026-04-22","2026-12-31","","2027-01-30","False","15","11574000","150000","2500000","https://www.nifa.usda.gov/grants/funding-opportunities/tribal-colleges-research-grants-program","Tribal Colleges Research Grants Program","10.227|1994 Institutions Research Grants","grant","agriculture","","other","Applicants for the TCRGP must meet all the requirements discussed in this NOFO. Failure to meet the eligibility criteria by the application deadline may result in exclusion from consideration or preclude NIFA from making an award. For those new to Federal financial assistance, NIFA’s About Grants provides highly recommended information about grants and other resources to help understand the Federal awards process.The eligible 1994s are listed below:1)	Aaniiih Nakoda College2)	Bay Mills Community College3)	Blackfeet Community College4)	Cankdeska Cikana Community College5)	Chief Dull Knife College6)	College of Menominee Nation7)	College of the Muscogee Nation8)	Dine College9)	Fond du Lac Tribal and Community College10)	Fort Peck Community College11)	Haskell Indian Nations University12)	Ilisagvik College13)	Institute of American Indian and Alaska Native Culture and Arts Development.14)	Keweenaw Bay Ojibwa Community College15)	Lac Courte Oreilles Ojibwa Community College16)	Leech Lake Tribal College17)	Little Big Horn College18)	Little Priest Tribal College19)	Navajo Technical University20)	Nebraska Indian Community College21)	Northwest Indian College22)	Nueta Hidatsa Sahnish College23)	Oglala Lakota College24)	Red Lake Nation College25)	Saginaw Chippewa Tribal College26)	Salish Kootenai College27)	Sinte Gleska University28)	Sisseton Wahpeton College29)	Sitting Bull College30)	Southwestern Indian Polytechnic Institute31)	Stone Child College32)	Tohono O'odham Community College33)	Turtle Mountain Community College34)	United Tribes Technical College35)	White Earth Tribal and Community College USDA will not accept competitive applications for grants and cooperative agreements submitted for dangerous gain-of-function research, as defined in Section 8 of E.O. 14292.Duplicate or Multiple Submissions – duplicate or multiple submissions are not allowed. NIFA will disqualify both applications if an applicant submits duplicate or multiple submissions.","National Institute of Food and Agriculture","Department of Agriculture","NIFA Support Email grantapplicationquestions@usda.gov
Business hours: Monday thru Friday, 7a.m. – 5p.m. ET, except federal holidays","grantapplicationquestions@usda.gov","If you have questions about preparing application content, contact grantapplicationquestions@usda.gov","False","","","","","","","","","https://simpler.grants.gov/opportunity/093302d1-5ade-4c5b-a90a-ab6e43bcc72b","<p>TCRGP focuses on development of research capacity at Tribal colleges, specifically in agriculture, natural resources, and human sciences. The program aims to teach leadership skills, knowledge, and qualities that are necessary to prepare students to be competitive with other students for agricultural and related careers in the private sector, government, and academia. Of interest are the projects involving innovative agricultural technologies, including artificial intelligence (AI), data science, robotics, and other cutting edge digital tools. NIFA encourages incorporation of opportunities for training undergraduate students in these areas to equip them with the foundational knowledge and skills necessary to adapt to and thrive in an increasingly digital society and expose them to educational and career pathways in AI for food and agricultural sciences.</p>"
"ca108e77-69f6-4d3a-9723-a1353076a4ad","PAR-26-040","Advancing Bioinformatics, Translational Bioinformatics and Computational Biology Research (R01 Clinical Trial Optional)","posted","HHS-NIH11","discretionary","","2026-02-11","2029-03-05","","2029-05-04","False","10","2500000","","250000","","","93.879|Medical Library Assistance","grant","health","","other_native_american_tribal_organizations;nonprofits_non_higher_education_with_501c3;public_and_indian_housing_authorities;other;city_or_township_governments;independent_school_districts;for_profit_organizations_other_than_small_businesses;county_governments;public_and_state_institutions_of_higher_education;federally_recognized_native_american_tribal_governments;private_institutions_of_higher_education;special_district_governments;small_businesses;state_governments;nonprofits_non_higher_education_without_501c3","Refer to Section III. Eligibility Information in the NOFO for additional information on eligibility.Foreign Organizations/International CollaborationsNon-domestic (non-U.S.) Entities (Foreign Organizations) are eligible to apply.Non-domestic (non-U.S.) components of U.S. Organizations are eligible to apply.Foreign components, as defined in the NIH Grants Policy Statement, are allowed.NIH will no longer issue awards (i.e., new, renewal, or non-competing continuation) to domestic or foreign entities that involve foreign subawards/subcontracts. All NIH-funded research involving foreign subawards/subcontracts must be submitted in response to a NOFO that is specifically designated for funded international collaborations. This new requirement was effective, May 1, 2025.Applications involving foreign subawards/subcontracts submitted in response to this NOFO will be deemed noncompliant and will not be considered for funding. This policy applies to all monetary international collaborations resulting in foreign subawards/subcontracts, however, it does not preclude unfunded international collaborations or foreign components, funding for foreign consultants, or procurement of unique equipment or supplies from foreign vendors.","National Institutes of Health","Department of Health and Human Services","NLM Extramural Programs
NLMProgram@nih.gov","NLMProgram@nih.gov","NLMProgram@nih.gov","False","","","","","","","","","https://simpler.grants.gov/opportunity/ca108e77-69f6-4d3a-9723-a1353076a4ad","The National Library of Medicine (NLM) seeks applications for research projects that drive groundbreaking innovation and advanced development in the fields of bioinformatics, translational bioinformatics, and computational biology. The primary goal of this initiative is to support the creation and implementation of cutting-edge methods, tools, and approaches that can transform the landscape of biomedical data science. This NOFO aims to address the growing need to leverage transformative technologies — such as artificial intelligence (AI), machine learning, and large-scale computational platforms — to extract actionable knowledge from vast, diverse, and complex biological datasets. By enabling more effective interpretation and integration of multi-dimensional biological and biomedical data, this research will ultimately contribute to improving individual and population health outcomes."
"72e1732b-ce47-49a4-98c0-8c04576cceff","FOR-FD-24-003","Utilizing Real-World Data and Algorithmic Analyses to Assess Post-Market Clinical Outcomes in Patients Switching Amongst Therapeutically Equivalent Complex Generic Drug Products and Reference Listed Drugs (U01) Clinical Trial Not Allowed","forecasted","HHS-FDA","discretionary","","2023-11-24","","","","False","1","","300000","300000","","","93.103|Food and Drug Administration Research","cooperative_agreement","consumer_protection;food_and_nutrition;agriculture","","other_native_american_tribal_organizations;special_district_governments;for_profit_organizations_other_than_small_businesses;unrestricted;independent_school_districts;federally_recognized_native_american_tribal_governments;county_governments;public_and_indian_housing_authorities;state_governments;private_institutions_of_higher_education;city_or_township_governments;small_businesses;nonprofits_non_higher_education_with_501c3;public_and_state_institutions_of_higher_education;nonprofits_non_higher_education_without_501c3","Applicant organizations may submit more than one application, provided that each application is scientifically distinct. The FDA will not accept duplicate or highly overlapping applications under review at the same time per 2.3.7.4 Submission of Resubmission Application.  This means that the NIH or FDA will not accept:•A new (A0) application that is submitted before issuance of the summary statement from the review of an overlapping new (A0) or resubmission (A1) application.•A resubmission (A1) application that is submitted before issuance of the summary statement from the review of the previous new (A0) application.•An application that has substantial overlap with another application pending appeal of initial peer review (see 2.3.9.4 Similar, Essentially Identical, or Identical Applications).","Food and Drug Administration","Department of Health and Human Services","Terrin Brown
Grantor
2403387494","terrin.brown@fda.hhs.gov","terrin.brown@fda.hhs.gov","True","","","","","","2024","","","https://simpler.grants.gov/opportunity/72e1732b-ce47-49a4-98c0-8c04576cceff","<p><span style=""color: black;"">Complex generic drug products represent an increasing share of the generic marketplace and may have distinct user interface differences compared to reference listed drug (RLD) products. A modernized post-market surveillance approach is needed to compare clinical outcomes between complex generic products and their corresponding RLD products to monitor for potential issues with therapeutic equivalence and to inform regulatory decision making. Real-world data (RWD) combined with machine learning (ML) and/or artificial intelligence (AI) could help to identify post-market signals efficiently in an automated and repeatable fashion, facilitating timely regulatory action. The purpose of this funding opportunity is to develop and test an AI- or ML-based algorithmic RWD model for post-market surveillance of complex generic drug products.&nbsp;</span></p>"
"1c1ad215-73b3-44cf-afef-a386915e2f7f","RFA-LM-26-004","NLM Institutional Grants for Research Training in Biomedical Informatics, Data Science, and AI","forecasted","HHS-NIH11","discretionary","","2026-02-18","","","","False","25","12000000","500000","775000","","","93.879|Medical Library Assistance","grant","health","","private_institutions_of_higher_education;nonprofits_non_higher_education_with_501c3;other_native_american_tribal_organizations;public_and_state_institutions_of_higher_education;nonprofits_non_higher_education_without_501c3;federally_recognized_native_american_tribal_governments","","National Institutes of Health","Department of Health and Human Services","NLM Extramural Programs
Please contact via e-mail.","NLMProgram@nih.gov","NLMProgram@nih.gov","True","2026-06-02","2026-09-25","","2027-01-30","2027-07-01","2027","","","https://simpler.grants.gov/opportunity/1c1ad215-73b3-44cf-afef-a386915e2f7f","<p>The National Library of Medicine (NLM) invites applications for innovative predoctoral and postdoctoral training programs that prepare the next generation of&nbsp;researchers&nbsp;in biomedical informatics, data science, and artificial intelligence/machine learning (AI/ML). NLM emphasizes&nbsp;cutting-edge, forward-looking training experiences that equip trainees to address complex health and biomedical challenges through advanced computational approaches. Applications may propose the creation of new training programs or the renewal of existing NLM-supported programs. These programs are designed to meet the growing demand for researchers with deep&nbsp;expertise&nbsp;in biomedical computing, data science, and AI/ML, with clear relevance to health and biomedical research. Recognizing the inherently interdisciplinary nature of these fields, NLM seeks programs that integrate methods&nbsp;and&nbsp;perspectives&nbsp;across disciplines to advance biomedical informatics, data science, and AI/ML.</p>"
"76b05ef4-0a28-4680-af48-599d095c8e2c","SMYPD-FY26-APS-001","Post Kuala Lumpur FY2026 Annual Program Statement","posted","DOS-MLA","discretionary","","2026-03-27","2026-07-31","","2026-08-30","False","25","500000","10000","150000","","","19.040|Public Diplomacy Programs","cooperative_agreement;grant","other","1) Advancing U.S. Technological Leadership and Economic Interests
2) Promoting American Excellence Through Sports Diplomacy
3) Engaging Alumni Networks to Advance U.S. Interests
4) Promoting American English Language Education and U.S. Higher Education
5) Countering Malign Influence and Promoting Free Speech","public_and_state_institutions_of_higher_education;nonprofits_non_higher_education_without_501c3;private_institutions_of_higher_education;other;individuals;nonprofits_non_higher_education_with_501c3","Public International Organizations and Governmental institutions","U.S. Mission to Malaysia","Department of State","Grants Management Team
Public Affairs Section","PublicAffairsKL@state.gov","Public Affairs Office E-Mail","False","","","","","","","","","https://simpler.grants.gov/opportunity/76b05ef4-0a28-4680-af48-599d095c8e2c","<p><span style=""color: black;"">The U.S. Embassy Kuala Lumpur Public Diplomacy Section seeks proposals that advance American leadership, prosperity, and security interests in Malaysia. This program supports initiatives that promote U.S. technological innovation and economic competitiveness, showcase American excellence in sports and education, strengthen ties with exchange program alumni, and position the United States as Malaysia's most trusted international partner.</span></p>
<p><span style=""color: black;"">&nbsp;</span></p>
<p><span style=""color: black;"">Priority areas include: advancing U.S. leadership in artificial intelligence and emerging technologies; leveraging major sporting events to demonstrate American excellence; engaging alumni networks to amplify U.S. influence; and promoting American English language education and pathways to U.S. higher education institutions. Programs should demonstrate clear alignment with U.S. national interests, measurable outcomes, and sustainable impact beyond the grant period. Successful proposals will engage influential Malaysian stakeholders, promote American standards, and contribute to making America more prosperous and secure.</span></p>"
"c4e39e95-ac54-466c-8d9a-774c50c6247c","PAR-27-015","Community-Based Participatory Research to Advance Data and Practice Transformation (ADAPT) for Optimizing Oral Health for All (UG3/UH3 Clinical Trial Optional)","posted","HHS-NIH11","discretionary","","2026-04-27","2028-11-16","","2029-01-15","False","","","","300000","","","93.121|Oral Diseases and Disorders Research;93.310|Trans-NIH Research Support;93.313|NIH Office of Research on Women's Health;93.307|Minority Health and Health Disparities Research","cooperative_agreement","health","","city_or_township_governments;small_businesses;private_institutions_of_higher_education;county_governments;public_and_indian_housing_authorities;federally_recognized_native_american_tribal_governments;for_profit_organizations_other_than_small_businesses;public_and_state_institutions_of_higher_education;independent_school_districts;state_governments;nonprofits_non_higher_education_without_501c3;nonprofits_non_higher_education_with_501c3;other;special_district_governments;other_native_american_tribal_organizations","Refer to Section III. Eligibility Information in the NOFO for additional information on eligibility.Foreign Organizations/International CollaborationsNon-domestic (non-U.S.) Entities (Foreign Organizations) are not eligible to apply.Non-domestic (non-U.S.) components of U.S. Organizations are not eligible to apply.Foreign components, as defined in the NIH Grants Policy Statement, are not allowed.","National Institutes of Health","Department of Health and Human Services","National Institute of Dental and Craniofacial Research (NIDCR)
NIDCR-ADAPT@nih.gov","NIDCR-ADAPT@nih.gov","NIDCR-ADAPT@nih.gov","False","","","","","","","","","https://simpler.grants.gov/opportunity/c4e39e95-ac54-466c-8d9a-774c50c6247c","The purpose of this Notice of Funding Opportunity (NOFO) is to solicit UG3/UH3 phased, cooperative agreement research applications to evaluate, implement, and/or test population-based interventions to policies, programs, and/or practices for promoting integration of services, systems, and/or values by leveraging cross-sector partnerships in communities. Such interventions must address social and chronic disease common risk factors and/or barriers driving oral disease burden in communities. Projects funded through this funding opportunity and a separately funded Community Engagement Evaluation and Data Coordination hub (CEED) will form a Community-Based Participatory Research (CBPR) consortium: Advancing Data and Practice Transformation (ADAPT), which will receive consultative services from the NIH Community Engagement Alliance Consultative Resource (CEACR) and join in the Science Collaborative for Health and Artificial Intelligence Reduction of Errors (SCHARE) platform for the overarching goal of promoting data use and transformational community engagement to optimize oral health for all people across the lifespan."
"d07ebcd7-96cf-40cb-8ae3-f401b6274080","RFA-RM-27-012","PRIMED-AI: Data-to-Model Academic-Industrial Partnerships (D2M-AIP) for Precision Medicine with AI: Integrating Imaging with Multimodal Data (UG3/UH3 Clinical Trial Optional)","posted","HHS-NIH11","discretionary","","2026-06-30","2026-10-19","","2026-12-18","False","8","","","","","","93.310|Trans-NIH Research Support","cooperative_agreement","health","","state_governments;independent_school_districts;city_or_township_governments;special_district_governments;public_and_state_institutions_of_higher_education;federally_recognized_native_american_tribal_governments;nonprofits_non_higher_education_without_501c3;other;private_institutions_of_higher_education;other_native_american_tribal_organizations;small_businesses;public_and_indian_housing_authorities;nonprofits_non_higher_education_with_501c3;county_governments;for_profit_organizations_other_than_small_businesses","Refer to Section III. Eligibility Information in the NOFO for additional information on eligibility.Foreign Organizations/International Collaborations:Non-domestic (non-U.S.) Entities (Foreign Organizations) are eligible to apply.Non-domestic (non-U.S.) components of U.S. Organizations are eligible to apply.Foreign components, as defined in the NIH Grants Policy Statement, are allowed.","National Institutes of Health","Department of Health and Human Services","PRIMED-AI Program
ODPRIMED-AI@od.nih.gov","ODPRIMED-AI@od.nih.gov","ODPRIMED-AI@od.nih.gov","False","","","","","","","","","https://simpler.grants.gov/opportunity/d07ebcd7-96cf-40cb-8ae3-f401b6274080","The overarching goal of this notice of funding opportunity (NOFO) and its companion opportunities is to establish the Precision Medicine with AI: Integrating Imaging with Multimodal Data (PRIMED-AI) Program to support development of innovative, reliable, cost-effective, and sustainable multimodal AI-based clinical decision support (CDS) tools. PRIMED-AI CDS tools are based on the integration of clinical imaging with other types of multimodal health data to enhance care for patients with a wide range of health conditions.  The PRIMED-AI Program seeks to catalyze the adoption of AI-based CDS tools into clinical workflows to enable novel personalized medicine strategies that address significant health challenges. The purpose of this Notice of Funding Opportunity (NOFO) is to catalyze the development and testing of Artificial Intelligence (AI)-enabled, image-centered, multimodal Clinical Decision Support (CDS) tools, developed in pursuance as Software as a Medical Device (SaMD). These projects are expected to have high potential for demonstrable, positive impact on patient outcomes and/or healthcare processes."
"07b5ef08-35da-4934-94a6-389b5dd4e221","RFA-DE-27-001","Community Engagement Evaluation and Data Coordination (CEED) Hub to Advance Data and Practice Transformation for Optimizing Oral Health for All (U01, Clinical Trial Not Allowed)","posted","HHS-NIH11","discretionary","","2026-04-27","2026-10-19","","2026-12-18","False","1","1000000","","","","","93.121|Oral Diseases and Disorders Research;93.310|Trans-NIH Research Support;93.313|NIH Office of Research on Women's Health","cooperative_agreement","health","","federally_recognized_native_american_tribal_governments;public_and_indian_housing_authorities;nonprofits_non_higher_education_with_501c3;county_governments;other;special_district_governments;nonprofits_non_higher_education_without_501c3;for_profit_organizations_other_than_small_businesses;city_or_township_governments;other_native_american_tribal_organizations;private_institutions_of_higher_education;small_businesses;public_and_state_institutions_of_higher_education;state_governments;independent_school_districts","Refer to Section III. Eligibility Information in the NOFO for additional information on eligibility.Foreign Organizations/International CollaborationsNon-domestic (non-U.S.) Entities (Foreign Organizations) are not eligible to apply.Non-domestic (non-U.S.) components of U.S. Organizations are not eligible to apply.Foreign components, as defined in the NIH Grants Policy Statement, are not allowed.","National Institutes of Health","Department of Health and Human Services","National Institute of Dental and Craniofacial Research (NIDCR)
NIDCR-ADAPT@nih.gov","NIDCR-ADAPT@nih.gov","NIDCR-ADAPT@nih.gov","False","","","","","","","","","https://simpler.grants.gov/opportunity/07b5ef08-35da-4934-94a6-389b5dd4e221","The purpose of this Notice of Funding Opportunity (NOFO) is to seek applications for a Community Engagement Evaluation and Data coordination hub (CEED) for the Community-Based Participatory Research (CBPR) consortium: Advancing Data and Practice Transformation (ADAPT) for Optimizing Oral Health for All. In addition to CEED, the ADAPT consortium will include separately funded CBPR projects, which will receive consultative services from the NIH Community Engagement Alliance Consultative Resource (CEACR) and join in the Science Collaborative for Health and Artificial Intelligence Reduction of Errors (SCHARE) platform for the overarching goal of promoting data use and transformational community engagement to optimize oral health for all people. The CEED hub will coordinate communications and various activities in support of CBPR projects and consortium functions in three domains:1) Data Planning, Consultation, and Technical Assistance for Research Methodology and Analytics; 2) Community Engagement Evaluation; and 3) ADAPT Infrastructure and Operational Support."
"7af5a10c-9297-4236-abb2-f7cb8b793498","PD-19-072Y","Engineering Design and Systems Engineering","posted","NSF","discretionary","","2018-06-12","","Proposals accepted anytime","","False","","","","","http://www.nsf.gov/funding/pgm_summ.jsp?pims_id=505478","NSF Program Desccription PD-19-072Y","47.041|Engineering","grant","science_technology_and_other_research_and_development","","unrestricted","","U.S. National Science Foundation","U.S. National Science Foundation","NSF grants.gov support
grantsgovsupport@nsf.gov","grantsgovsupport@nsf.gov","If you have any problems linking to this funding announcement, please contact the email address above.","False","","","","","","","","","https://simpler.grants.gov/opportunity/7af5a10c-9297-4236-abb2-f7cb8b793498","The Engineering Design and Systems Engineering (EDSE) program supports fundamental research that advances design science and/or systems science through the creation of new knowledge about the design of engineered artifacts. Engineered artifacts include, but are not limited to, devices, products, processes, platforms, materials, organizations, systems, and systems of systems. The program focuses on design as a system, in which designers, the artifacts they create, the methods they use to create them, and the environment in which this occurs are all subject to rigorous scientific inquiry, along with the interactions among these elements.


The EDSE program strongly encourages proposals that embrace the multidisciplinary nature of design and supports well-defined collaborations of experts in design science and/or systems science with experts in other domains, including (but not limited to) the social, behavioral, computational, and natural (biological and physical) sciences. Competitive proposals will be firmly grounded in theory, will demonstrate the potential of the proposed work to improve design, and will include a plan to rigorously assess the performance and effectiveness of the proposed research methods across all domains involved.


In particular, the EDSE program supports fundamental contributions in areas that include but are not limited to design representation; design optimization; design validation; mechanism design; robotics and intelligent system design; design of engineered materials systems; design cognition; design collaboration; data science and artificial intelligence in design; design in under-resourced communities; immersive design; and design at extreme scales and in extreme environments. 


Prospective investigators are encouraged to discuss their research ideas with the Program Director in advance of proposal preparation and submission."
"1c599942-0af2-482e-a9dc-77e14021ebdc","26-509","Integrated Data Systems & Services","posted","NSF","discretionary","","2026-04-15","2026-07-28","Category II Submissions;","2029-08-23","False","9","60000000","500000","30000000","http://www.nsf.gov/publications/pub_summ.jsp?ods_key=nsf26509","NSF Publication 26-509","47.070|Computer and Information Science and Engineering","grant","science_technology_and_other_research_and_development","","other","*Who May Submit Proposals: Proposals may only be submitted by the following:  -Non-profit, non-academic organizations: Independent museums, observatories, research laboratories, professional societies and similar organizations located in the U.S. that are directly associated with educational or research activities.  -Other Federal Agencies and Federally Funded Research and Development Centers (FFRDCs): Prospective proposers from other Federal Agencies and FFRDCs, including NSF sponsored FFRDCs, must follow the guidance in PAPPG Chapter I.E.2 regarding limitations on eligibility.  -Institutions of Higher Education (IHEs): Two- and four-year IHEs (including community colleges) accredited in, and having a campus located in the US, acting on behalf of their faculty members. Special Instructions for International Branch Campuses of US IHEs: If the proposal includes funding to be provided to an international branch campus of a US institution of higher education (including through use of sub-awards and consultant arrangements), the proposer must explain the benefit(s) to the project of performance at the international branch campus, and justify why the project activities cannot be performed at the US campus.","U.S. National Science Foundation","U.S. National Science Foundation","NSF grants.gov support
grantsgovsupport@nsf.gov","grantsgovsupport@nsf.gov","If you have any problems linking to this funding announcement, please contact the email address above.","False","","","","","","","","","https://simpler.grants.gov/opportunity/1c599942-0af2-482e-a9dc-77e14021ebdc","<p>The Integrated Data Systems and Services (IDSS) program supports operations-level national-scale cyberinfrastructure systems and services that broadly advance and facilitate open, data-intensive and artificial intelligence-driven science and engineering research, innovation, and education.</p>
<p>Through this solicitation, the IDSS program is accepting proposals for three categories of projects:</p>
<ul>
 <li><strong>Category I</strong>. Development, deployment, and operation of novel national-scale integrated data systems and services, which may include interfacing with or leveraging other existing capabilities, systems and services, as appropriate to the project;</li>
 <li><strong>Category II.</strong> Transition of established smaller scale, regional, pilot, or prototype data-focused systems and services to national-scale production/operational quality/level. This may also include enhancement and expansion of existing national-scale data-focused operational systems and services; and</li>
 <li><strong>Category III. </strong>Planning grants for future potential development/deployment or transition/enhancement IDSS projects.</li>
</ul>
<p><br></p>
<p>NSF and the Office of Advanced Cyberinfrastructure (OAC) have long supported the development of innovative foundational and application-specific cyberinfrastructure resources and systems to address data-intensive research needs at the campus, regional, and community scales, through programs such as <a href=""https://new.nsf.gov/funding/opportunities/cssi-cyberinfrastructure-sustained-scientific-innovation"" target=""_blank"" style=""color: rgb(0, 0, 255);"">Cyberinfrastructure for Sustained Scientific Innovation (CSSI)</a>, <a href=""https://new.nsf.gov/funding/opportunities/cc-campus-cyberinfrastructure"" target=""_blank"" style=""color: rgb(0, 0, 255);"">Campus Cyberinfrastructure (CC*)</a>, and other investments. The primary goal of the IDSS program is to support national-scale foundational data cyberinfrastructure that broadly enables data- and artificial intelligence-driven research for many communities. The IDSS program supports foundational transdisciplinary and demonstrably multi-disciplinary projects aimed to broadly impact the science and engineering research and education community. <strong>Projects that aim to primarily benefit a single science discipline, domain, project, or application are not supported.</strong></p>
<p>It is recommended that prospective PIs contact program officer(s) from the list of Cognizant Program Officers to gain insight about alignment of their project ideas with the priorities of the IDSS program and Office of Advanced Cyberinfrastructure. As part of contacting Cognizant Program Officers, prospective PIs are also encouraged to ascertain that the focus and budget of their proposed work are appropriate for this solicitation.</p>
<p><br></p>"
"e4cf88a0-2324-4777-8719-9684d6ab2fa8","LAWPOLICY-OSTR24","Interdisciplinary Transportation Law and Policy Technology Training Development","posted","DOT-RITA","discretionary","","2026-06-30","2026-08-28","","2026-09-27","True","1","600000","600000","600000","","","20.909|Transportation Research and Technology Advancement","cooperative_agreement","science_technology_and_other_research_and_development","","other","Eligible applicants are current DOT-funded University Transportation Centers (UTC) with a consortia of one or more entities from academia, non-profit, or for-profit organizations.","69A355 Research and Technology","Department of Transportation","Kelley C Severns
Special Projects Manager
Phone 202-934-2655","kelley.severns@dot.gov","Project Manager","False","","","","","","","","","https://simpler.grants.gov/opportunity/e4cf88a0-2324-4777-8719-9684d6ab2fa8","<p>The U.S. Department of Transportation’s Office of the Assistant Secretary for Research and Technology (OST-R) is announcing a Notice of Funding Opportunity (NOFO) for the <strong>Interdisciplinary Transportation Law and Policy Technology Training Development</strong> program. This 24-month cooperative agreement aims to bridge the critical knowledge gap between fast-changing transportation technologies and our Nation's policymakers, lawmakers, and legal counsel.</p><p><br></p><p>The primary objective of this program is to research, prioritize, and provide instructional materials on rapidly developing transportation technologies, specifically artificial intelligence (AI), automated vehicles (AV), and the digital infrastructure supporting automation. The selected applicant will be responsible for developing three distinct educational tools: a one-day training course for congressional and support staff, a one-hour Executive Briefing for busy elected leaders and policymakers, and a full-semester curriculum for law students planning to work in transportation policy. The project will culminate in regional pilot training sessions and the transfer of materials for future use.</p>"
"0765e59e-2094-4f96-9d37-fe08934e626c","PA-26-085","Research Council of Finland (RCF) – National Institutes of Health (NIH) Partnership Program","forecasted","HHS-NIH11","discretionary","","2025-09-22","","","","False","","","","","","","93.989|International Research and Research Training","grant","health","","other_native_american_tribal_organizations;county_governments;state_governments;independent_school_districts;nonprofits_non_higher_education_without_501c3;public_and_indian_housing_authorities;small_businesses;nonprofits_non_higher_education_with_501c3;federally_recognized_native_american_tribal_governments;private_institutions_of_higher_education;city_or_township_governments;public_and_state_institutions_of_higher_education;for_profit_organizations_other_than_small_businesses;special_district_governments;other","Other Eligible ApplicantsIndian/Native American Tribal Governments (Other than Federally Recognized);Eligible Agencies of the Federal Government;U.S. Territory or Possession;Faith-based or Community-based Organizations;Regional Organizations; andForeign components, as defined in the NIH Grant Policy Statement, are allowed.","National Institutes of Health","Department of Health and Human Services","Sarah Scharf
301-496-4784","sarah.scharf@nih.gov","sarah.scharf@nih.gov","True","2025-11-28","2026-06-05","","2027-04-01","2027-04-01","2027","","","https://simpler.grants.gov/opportunity/0765e59e-2094-4f96-9d37-fe08934e626c","<p style=""margin-left:0px;"">The Research Council of Finland (RCF)-National Institutes of Health (NIH) Partnership Program established in 2020 fosters the expansion of U.S.-Finland biomedical and behavioral research, generating valuable discoveries and innovations which may lead to enhancements in multiple areas of science and technology that are of mutual benefit to RCF and NIH such as population health, disease prevention, artificial intelligence in health, and quantum sensing in biomedical applications.</p><p style=""margin-left:0px;"">U.S. institutions will be encouraged to submit applications that must include significant collaboration with Finnish investigators who have received permission from RCF to participate in the joint research program. NIH will support receipt, review, and selection for funding of the projects. RCF will fully fund the Finnish investigators on collaborative grant applications while participating NIH Institutes and Centers (ICs) will fund the U.S. component(s).</p><p style=""margin-left:0px;"">Authorities that allow Fogarty International Center to forecast this opportunity: Sections 301, 307, and 482 of the Public Health Service Act as amended (42 USC 241, 242, and 287b).</p>"
"bb965470-bd8d-4529-b30b-39efe6f81147","HHS-2026-ACF-ANA-NEG-0120","Economic Advancement Grants for Local Empowerment (EAGLE)","forecasted","HHS-ACF-ANA","discretionary","","2026-04-15","","","","True","31","24000000","300000","1000000","https://www.acf.hhs.gov/ana","https://www.acf.hhs.gov/ana","93.612|Native American Programs","grant","income_security_and_social_services","","federally_recognized_native_american_tribal_governments;other;nonprofits_non_higher_education_with_501c3;nonprofits_non_higher_education_without_501c3;other_native_american_tribal_organizations","Pursuant to 42 U.S.C. §2991b and 45 CFR §1336.33, eligible applicants under this announcement are: Federally-recognized Indian tribes, as recognized by the Bureau of Indian Affairs (BIA); Incorporated non-federally recognized tribes; Incorporated state-recognized Indian tribes; Consortia of Indian tribes; Incorporated non-profit multi-purpose community-based Indian organizations (including Urban Indian Organizations as defined by 25 U.S.C §1603(29)); Urban Indian Centers; Native Community Development Financial Institutions (Native CDFIs); Alaska Native villages as defined in the Alaska Native Claims Settlement Act (ANCSA) and/or non-profit village consortia; Non-profit native organizations in Alaska with village-specific projects; Incorporated non-profit Alaska Native multipurpose, community-based organizations; Non-profit Alaska Native Regional Corporations/Associations in Alaska with village-specific projects; Non-profit Alaska Native community entities or tribal governing bodies (Indian Reorganization Act or Traditional Councils) as recognized by the BIA; Public and non-profit private agencies serving Native Hawaiians; National or regional incorporated non-profit Native American organizations with Native American community-specific objectives; Public and non-profit private agencies serving Native peoples from Guam, American Samoa, or the Commonwealth of the Northern Mariana Islands; Tribal Colleges and Universities, and colleges and universities located in Hawaii, Guam, American Samoa, or the Commonwealth of the Northern Mariana Islands that serve Native American Pacific Islanders. Applications from individuals (including sole proprietorships) and foreign entities are not eligible and will be disqualified from the merit review and funding under this funding opportunity. Faith-based and community organizations that meet the eligibility requirements are eligible for awards under this funding opportunity.","Administration for Children and Families - ANA","Department of Health and Human Services","Carmelia Strickland
(202) 401-6741","Carmelia.Strickland@acf.hhs.gov","Carmelia.Strickland@acf.hhs.gov","True","2026-07-08","2026-08-07","Electronically submitted applications must be submitted no later than 11:59 pm Eastern Standard Time on the listed application due date.","2026-09-30","2026-09-30","2026","","","https://simpler.grants.gov/opportunity/bb965470-bd8d-4529-b30b-39efe6f81147","<p>The Administration for Native Americans anticipates announcing the availability of funds and requesting applications for EAGLE: Economic Advancement Grants for Local Empowerment, supporting socioeconomic and cultural success for Native communities through business creation in regenerative agriculture, artificial intelligence, tribal energy sovereignty, and human capital development.&nbsp;</p><p>The primary goals are to 1) support Native capacity, health, employability, and resourcefulness; 2) foster sustainable economic growth through job creation, infrastructure, and wealth-building; and 3) accelerate economic development and optimize governance. ANA intends to fully fund FY 2026 EAGLE awards for three years, with the NOFO including multiple Program Areas (PAs): Seventh-Generation Greenhouses to expand affordable, nutritious food production and local enterprise; Microgrids to enhance energy reliability, resilience, and independence; Welders to Elders to promote workforce development and community resilience; Tradition in Action—A Native Elder Program to support cultural education, intergenerational knowledge transfer, and leadership pipelines; and Indigenous Designs to Empower and Advance Self-Determination (IDEAS) to enable community-designed solutions to priority needs.</p>"
"b19c89bb-baf4-4121-a24f-28891f9b1111","RFA-AG-26-022","Novel Approaches to Advance Precision Aging and Cognitive Health","forecasted","HHS-NIH11","discretionary","","2025-11-24","","","","False","","","","","","","93.866|Aging Research","grant","health","","independent_school_districts;public_and_indian_housing_authorities;other_native_american_tribal_organizations;for_profit_organizations_other_than_small_businesses;federally_recognized_native_american_tribal_governments;private_institutions_of_higher_education;county_governments;special_district_governments;public_and_state_institutions_of_higher_education;city_or_township_governments;other;nonprofits_non_higher_education_without_501c3;small_businesses;nonprofits_non_higher_education_with_501c3;state_governments","Other Eligible ApplicantsIndian/Native American Tribal Governments (Other than Federally Recognized);Eligible Agencies of the Federal Government;U.S. Territory or Possession;Faith-based or Community-based Organizations;Regional Organizations;Non-domestic (non-U.S.) Entities (Foreign Institutions).","National Institutes of Health","Department of Health and Human Services","Molly Wagster, Ph.D.
301-496-9350","wagsterm@nia.nih.gov","wagsterm@nia.nih.gov","True","2026-08-06","2026-10-06","","2027-07-06","2027-07-06","2027","","","https://simpler.grants.gov/opportunity/b19c89bb-baf4-4121-a24f-28891f9b1111","<p style=""margin-left:0in;"">The National Institute on Aging (NIA) intends to publish a Notice of Funding Opportunity (NOFO) to solicit applications&nbsp;that develop or incorporate novel, cutting-edge study designs/methods/analytic approaches through the use of machine learning, artificial intelligence, and adaptive designs to allow the discovery of health/function profiles at the level of the individual and that could lead to the implementation of personalized prevention plans/interventions for cognitive/brain health in older adults.&nbsp;The initiative would allow for both basic research in animal models, as well as the development of profiles for humans, which would span levels of analysis from cellular to societal.&nbsp;</p><p style=""margin-left:0in;"">Applications are not being solicited at this time. Notice is being provided to allow potential applicants sufficient time to develop meaningful collaborations and responsive projects. This NOFO will utilize the R01 activity code. Investigators with expertise and insights into this area of aging research are encouraged to begin to consider applying for this new NOFO.</p>"
"360c4588-1512-4fa4-9b61-52a3f1d6c368","RFA-RM-27-013","Model-to-Clinic (M2C) for Precision Medicine with AI: Integrating Imaging with Multimodal Data (PRIMED-AI) (UG3/UH3, Clinical Trial Optional)","posted","HHS-NIH11","discretionary","","2026-06-30","2026-10-19","","2026-12-18","False","8","","","","","","93.310|Trans-NIH Research Support","cooperative_agreement","health","","nonprofits_non_higher_education_with_501c3;public_and_state_institutions_of_higher_education;nonprofits_non_higher_education_without_501c3;state_governments;for_profit_organizations_other_than_small_businesses;other;independent_school_districts;city_or_township_governments;private_institutions_of_higher_education;small_businesses;public_and_indian_housing_authorities;special_district_governments;federally_recognized_native_american_tribal_governments;other_native_american_tribal_organizations;county_governments","Refer to Section III. Eligibility Information in the NOFO for additional information on eligibility.Foreign Organizations/International Collaborations:Non-domestic (non-U.S.) Entities (Foreign Organizations) are eligible to apply.Non-domestic (non-U.S.) components of U.S. Organizations are eligible to apply.Foreign components, as defined in the NIH Grants Policy Statement, are allowed.","National Institutes of Health","Department of Health and Human Services","PRIMED-AI Program
ODPRIMED-AI@od.nih.gov","ODPRIMED-AI@od.nih.gov","ODPRIMED-AI@od.nih.gov","False","","","","","","","","","https://simpler.grants.gov/opportunity/360c4588-1512-4fa4-9b61-52a3f1d6c368","The overarching goal of this notice of funding opportunity (NOFO) and its companion opportunities is to establish the Precision Medicine with AI: Integrating Imaging with Multimodal Data (PRIMED-AI) Program to support development of innovative, reliable, cost-effective, and sustainable multimodal AI-based clinical decision support (CDS) tools.  PRIMED-AI CDS tools are based on the integration of clinical imaging with other types of multimodal health data to enhance care for patients with a wide range of health conditions.  The PRIMED-AI Program seeks to catalyze the adoption of AI-based CDS tools into clinical workflows to enable novel personalized medicine strategies that address significant health challenges.The purpose of this NOFO is to catalyze the translation of Artificial Intelligence (AI)-enabled, image-centered, multimodal CDS tools, developed as Software as a Medical Device, from training and testing of prototypes towards clinical applications that address unmet health challenges in precision medicine. These projects are expected to have high potential for demonstrable, positive impact on patient outcomes and/or healthcare processes."
"d668c4cc-d773-481d-b659-9c0e02fe3801","26-502","NSF Trailblazer Engineering Impact Award","posted","NSF","discretionary","","2025-12-12","2026-07-24","","2026-08-23","False","","15000000","","","http://www.nsf.gov/publications/pub_summ.jsp?ods_key=nsf26502","NSF Publication 26-502","47.041|Engineering","grant","science_technology_and_other_research_and_development","","other","*Who May Submit Proposals: Proposals may only be submitted by the following:
  -Non-profit, non-academic organizations: Independent museums, observatories, research laboratories, professional societies and similar organizations located in the U.S. that are directly associated with educational or research activities.
  -Institutions of Higher Education (IHEs): Two- and four-year IHEs (including community colleges) accredited in, and having a campus located in the US, acting on behalf of their faculty members. Special Instructions for International Branch Campuses of US IHEs: If the proposal includes funding to be provided to an international branch campus of a US institution of higher education (including through use of sub-awards and consultant arrangements), the proposer must explain the benefit(s) to the project of performance at the international branch campus, and justify why the project activities cannot be performed at the US campus.

*Who May Serve as PI:

The PI must hold a tenured or tenure-eligible faculty appointment at the Associate or Full Professor rank or equivalent at an organization that is eligible to submit as described under ""Who May Submit Proposals."" Additionally, the PI must have an appointment in an Engineering School or College and/or have earned an Engineering Doctorate degree. If the proposal is submitted by a non-profit, non-academic organization, the PI must meet the following requirements: (1) the PI has a continuing appointment that is expected to last the 3 years of a TRAILBLAZER award; and (2) the appointment has substantial research responsibilities.


Prior or concurrent funding support for other projects that overlap with the proposed TRAILBLAZER project will preclude eligibility for a TRAILBLAZER award.


Only single PI TRAILBLAZER proposals will be accepted in response to this solicitation.Collaborative proposals,as described in PAPPG ChapterII.E.3.a.andII.E.3.b,are not allowed.Any proposal submittedwith subawards,or as separate submissions from multiple organizations,will be returned without review.","U.S. National Science Foundation","U.S. National Science Foundation","NSF grants.gov support
grantsgovsupport@nsf.gov","grantsgovsupport@nsf.gov","If you have any problems linking to this funding announcement, please contact the email address above.","False","","","","","","","","","https://simpler.grants.gov/opportunity/d668c4cc-d773-481d-b659-9c0e02fe3801","The NSF Trailblazer Engineering Impact Award (TRAILBLAZER) program supports individual investigators who propose novel research projects with the potential to innovatively and creatively address new areas of fundamental or applied research, catalyze development of new industries or capabilities that increase the leadership position for the country, and/or make significant progress towards addressing a national need or grand challenge, particularly in current priority areas including, but not limited to, artificial intelligence (AI), bioengineering, quantum engineering, robotics, and nuclear engineering. TRAILBLAZER will support engineers and scientists who leverage their distinctive track record of innovation and creativity to pursue new research directions that are distinct from their previous or current research areas.


All funded TRAILBLAZER projects will form an NSF TRAILBLAZER cohort, and principal investigators will be expected to participate in an annual meeting. TRAILBLAZER investigators may also be invited to additional activities.


INFORMATIONAL WEBINAR:The Emerging Frontiers and Multidisciplinary Activities (EFMA) Office will host an informational webinar in early calendar year 2026 to discuss the TRAILBLAZER program and answer questions about the FY 2026 TRAILBLAZER solicitation. Details on how to join this webinar will be posted on theDirectorate for Engineering and EFMA Websites."
"01c7dbb9-1543-4c7f-970a-8edad50d7d7d","HT942526PCRPDSA","DoW Prostate Cancer, Data Science Award","posted","DOD-AMRAA","discretionary","","2026-05-21","2026-09-02","","2026-10-02","False","4","5600000","","","","","12.420|Military Medical Research and Development","grant","science_technology_and_other_research_and_development","","unrestricted","","Defense Health Agency Contracting Activity - DHACA","Department of Defense","eBRAP Help Desk
Phone:  301-682-5507
Email:  help@eBRAP.org","help@eBRAP.org","eBRAP Help Desk","False","","","","","","","","","https://simpler.grants.gov/opportunity/01c7dbb9-1543-4c7f-970a-8edad50d7d7d","<p><strong>Summary:</strong> The fiscal year 2026 (FY26) Prostate Cancer Research Program (PCRP) Data Science Award (DSA) supports research that develops or uses quantitative and analytical approaches, processes and/or systems to obtain knowledge and insight from large and/or complex sets of prostate cancer data in one or more of the following research areas: Analysis of clinically annotated datasets; analysis of -omics data; artificial intelligence and machine learning; bioinformatics; computational biology; digital pathology; epidemiology; and medical imaging. All applications must address one of the <a href=""https://militaryhealth-my.sharepoint-mil.us/personal/teresa_m_parkerreeser_civ_health_mil/Documents/Documents/FY%202026/PCRP/HT942526PCRPDSA_for%20GO%20review.docx#Overarching_Challenges"" target=""_blank"">FY26 PCRP Overarching Challenges</a>.</p>
<p><br></p>
<p><strong>Distinctive Features: This funding mechanism allows for multiple Principal Investigators (PIs).</strong> Only the initiating PI will submit a pre-application, but all PIs will need to submit full applications. The partnering PI application is an abbreviated package specific to their distinct portion of the research project. Be advised, all associated applications for a research project may be withdrawn if the initiating or partnering application is rejected or administratively withdrawn.</p>
<p><br></p>
<p><br></p>"
"54f77fd7-7117-4d57-b433-20c3fd323434","PAR-26-067","Interdisciplinary Research to Understand the Complex Biology of Resilience to Alzheimer’s and Related Dementias Disease Risk","forecasted","HHS-NIH11","discretionary","","2025-09-03","","","","False","","","","","","","93.866|Aging Research","cooperative_agreement","health","","city_or_township_governments;county_governments;independent_school_districts;special_district_governments;federally_recognized_native_american_tribal_governments;nonprofits_non_higher_education_without_501c3;public_and_state_institutions_of_higher_education;other_native_american_tribal_organizations;public_and_indian_housing_authorities;for_profit_organizations_other_than_small_businesses;nonprofits_non_higher_education_with_501c3;small_businesses;other;state_governments;private_institutions_of_higher_education","Other Eligible ApplicantsIndian/Native American Tribal Governments (Other than Federally Recognized);Eligible Agencies of the Federal Government;U.S. Territory or Possession;Faith-based or Community-based Organizations;Regional Organizations;Non-domestic (non-U.S.) Entities (Foreign Institutions).","National Institutes of Health","Department of Health and Human Services","Suzana Petanceska, Ph.D.
301-496-9350","petanceskas@nia.nih.gov","petanceskas@nia.nih.gov","True","2026-02-26","2026-06-05","","2027-04-05","2027-04-05","2027","","","https://simpler.grants.gov/opportunity/54f77fd7-7117-4d57-b433-20c3fd323434","<p>The National Institute on Aging (NIA) intends to publish a Notice of Funding Opportunity (NOFO) that builds upon its investment in data-driven approaches for the purpose of defining molecular mechanisms of resilience in the presence of various types of Alzheimer's disease (AD) and AD-related dementias (ADRD) risk. The goal of this NOFO is to build a robust program that integrates epidemiologic, genomic, and mechanistic research through the use of data driven, systems-based approaches (including the use of artificial intelligence and/or machine learning methods) to discover the molecular/cellular determinants of resilience to AD/ADRD risk across representative populations. The initiative will support the generation of high-dimensional molecular data from brain and peripheral tissues, including longitudinal data, to enable dynamic modeling of resilience mechanisms and to discover molecular predictors of resilience.</p><p>Applications are not being solicited at this time. Notice is being provided to allow potential applicants sufficient time to develop meaningful collaborations and responsive projects.&nbsp;This NOFO intends to utilize the U01 activity code. Investigators with expertise and insights into this area of aging research are encouraged to begin to consider applying for this new NOFO.&nbsp;</p>"
"0cbb2b4f-c123-48cf-bdc4-6d5666ce73d9","RFA-AI-28-014","Precision and Systems Biology to Uncover the Link Between Chronic and Infectious Diseases","forecasted","HHS-NIH11","discretionary","","2026-06-24","","","","False","10","17500000","","","","","93.855|Allergy and Infectious Diseases Research;93.866|Aging Research","cooperative_agreement","health","","federally_recognized_native_american_tribal_governments;public_and_indian_housing_authorities;county_governments;other;private_institutions_of_higher_education;other_native_american_tribal_organizations;for_profit_organizations_other_than_small_businesses;small_businesses;nonprofits_non_higher_education_without_501c3;state_governments;public_and_state_institutions_of_higher_education;city_or_township_governments;nonprofits_non_higher_education_with_501c3;independent_school_districts;special_district_governments","Other Eligible ApplicantsIndian/Native American Tribal Governments (Other than Federally Recognized);Eligible Agencies of the Federal Government;U.S. Territory or Possession;Faith-based or Community-based Organizations;Regional Organizations;Non-domestic (non-U.S.) Entities (Foreign Institutions).","National Institutes of Health","Department of Health and Human Services","NIAID OGAT (Division of Microbiology and Infectious Diseases)
Please contact via email.","NIAIDOGAT@mail.nih.gov","NIAIDOGAT@mail.nih.gov","True","2026-11-06","2027-01-22","","2028-01-01","2028-01-01","2028","","","https://simpler.grants.gov/opportunity/0cbb2b4f-c123-48cf-bdc4-6d5666ce73d9","<p>The National Institute of Allergy and Infectious Diseases (NIAID) seeks to advance its mission by supporting multidisciplinary, consortium-based research using precision systems biology approaches to uncover links among chronic illnesses, infectious diseases and microbiomes. There is an urgent scientific and clinical need to understand the pathways by which infections lead to chronic lifelong health issues or alternatively, how long-term illnesses might predispose or exacerbate acute infections. The objective is to harness cutting-edge technologies along with longitudinal patient cohorts and biobank data for comprehensive analysis of genetic, environmental, and lifestyle factors leading to advances in prevention and treatment strategies for both chronic and infectious diseases. The cutting-edge technologies may include multi-omics, computational modeling, artificial intelligence, organoid-based validation systems, and integration of real-world data, alongside improved access to digital health records and advanced clinical informatics tools. The goal is to generate meaningful insights into disease progression and host-pathogen interactions. Grant authorities that allow NIAID to forecast this opportunity are as follows: Sections 301 and 405 of the Public Health Service Act as amended (42 USC 241 and 284) and under Federal Regulations 42 CFR Part 52 and 2 CFR Part 200.</p>"
"19cdbfa9-20f5-423f-9b45-cfff9feda6b3","RFA-MH-27-120","BRAIN Initiative Cell Atlas Network (BICAN): Coordinating Unit for Biostatistics, Informatics, and Engagement (CUBIE)","forecasted","HHS-NIH11","discretionary","","2026-03-11","","","","False","4","","","","","","93.242|Mental Health Research Grants","cooperative_agreement","health","","nonprofits_non_higher_education_with_501c3;public_and_indian_housing_authorities;federally_recognized_native_american_tribal_governments;private_institutions_of_higher_education;other;city_or_township_governments;independent_school_districts;special_district_governments;public_and_state_institutions_of_higher_education;county_governments;other_native_american_tribal_organizations;state_governments;nonprofits_non_higher_education_without_501c3;for_profit_organizations_other_than_small_businesses;small_businesses","Other Eligible ApplicantsEligible Agencies of the Federal Government including the NIH Intramural Program;U.S. Territory or Possession;Faith-based or Community-based Organizations;Regional Organizations","National Institutes of Health","Department of Health and Human Services","BRAIN-BICAN@nih.gov
Please contact via e-mail.","BRAIN-BICAN@nih.gov","BRAIN-BICAN@nih.gov","True","2026-08-01","2026-10-01","","2027-07-01","2027-07-01","2027","","","https://simpler.grants.gov/opportunity/19cdbfa9-20f5-423f-9b45-cfff9feda6b3","<p>The National Institute of Mental Health (NIMH), with other NIH Institutes and Centers (ICs), intends to publish a notice of funding opportunity (NOFO) to solicit research applications for the BRAIN Initiative Cell Atlas Network (BICAN) Coordinating Unit for Biostatistics, Informatics, and Engagement (CUBIE). In accordance with NIH standard peer-review processes, the application(s) will be peer-reviewed, and only meritorious application(s) will be considered for funding. The overall goals of CUBIE are to (i) enable the exploration of large-scale brain cell atlas data and knowledge, and inspire research in brain function and disorders; and (ii) ensure research rigor and data reproducibility by making the data Findable, Accessible, Interoperable, and Reusable (FAIR), and the process transparent. This is a renewal that will continue the funding for a 2-year period. Applications are not being solicited at this time. Notice is being provided to allow eligible applicants sufficient time to develop meaningful collaborations and responsive projects. Applications are expected to collaborate with the broader research community to analyze and interpret all existing brain cell census/atlas data to enhance statistical power, ensure research rigor and data reproducibility, and foster the formation of a brain cell atlas ecosystem by leveraging recent Artificial Intelligence/Machine Learning (AI/ML) advancements.</p>"
"0a65e226-f9b2-405f-a354-f234493fdd71","FOA-WB-26-01","FY26 Women in Apprenticeship and Nontraditional Occupations (WANTO) Technical Assistance Grant Program","posted","DOL-WB","discretionary","","2026-06-05","2026-07-06","Applications must be submitted electronically no later than 11:59 pm Eastern Time.","","False","28","10000000","350000","750000","","","17.701|Women in Apprenticeship and Nontraditional Occupations (“WANTO”) Technical Assistance Grant Program","grant","employment_labor_and_training","","nonprofits_non_higher_education_without_501c3;nonprofits_non_higher_education_with_501c3;other","Faith-based organizations are encouraged to apply, as are any eligible organizations. Those that meet the eligibility requirements may receive awards under this funding opportunity. DOL will not, in the selection of recipients and administration of the grant, discriminate on the basis of an organization's religious character, affiliation, exercise, or lack thereof, or on the basis of conduct that would not be considered grounds to favor or disfavor a similarly situated secular organization. Please also note these additional eligibility requirements: Only CBOs as defined in Section III.G. are eligible to apply for these grants. A consortium of CBOs may apply as a single applicant; in such instances, the applicant should provide a copy of the consortium agreement that specifies which entity will administer the grant. Please see Section III of the Funding Oppportunity Announcement for all eligibility requirements.","Womens Bureau","Department of Labor","WB.OGM@dol.gov
WB.OGM@dol.gov","WB.OGM@dol.gov","WB.OGM@dol.gov","False","","","","","","","","","https://simpler.grants.gov/opportunity/0a65e226-f9b2-405f-a354-f234493fdd71","The Women's Bureau, U.S. Department of Labor (DOL, or the Department, or we), announces the availability of approximately $10,000,000 in grant funds authorized by the Women in Apprenticeship and Nontraditional Occupations (""WANTO"") Act of 1992, Pub. L. 102-530, 29 U.S.C. § 2501 et seq.; 29 U.S.C. § 13; and the Consolidated Appropriations Act, 2026 for the WANTO Technical Assistance Grant Program. This program aims to provide technical assistance (TA) to employers and labor unions in the United States and its territories to encourage employment of women in apprenticeable occupations or nontraditional occupations (A/NTO), such as Advanced Manufacturing, Artificial Intelligence (AI), Information Technology (IT), mining, and Shipbuilding and Defense Industrial Base, specifically in the following ways: 1.) Developing (establishing, expanding, and/or enhancing) pre-apprenticeships that lead to Registered Apprenticeships, Registered Apprenticeship (as defined in Section III.G. Definitions), or other nontraditional skills training programs designed to prepare women for careers in A/NTO;  2.) Providing ongoing orientations or other resources for employers, unions, and workers on creating a successful environment for women in A/NTO; and/or 3.) Setting up support groups, facilitating networks, and/or providing supportive services (as defined in section III.H.3.) for women in A/NTO to improve their retention."
"5405aab0-e416-4386-bd4b-88f2f07dbb0a","26-506","Pathways to Enable Secure Open-Source Ecosystems","posted","NSF","discretionary","","2026-02-19","2026-09-01","","2037-04-02","False","60","40000000","","","http://www.nsf.gov/publications/pub_summ.jsp?ods_key=nsf26506","NSF Publication 26-506","47.049|Mathematical and Physical Sciences;47.074|Biological Sciences;47.041|Engineering;47.076|STEM Education (formerly Education and Human Resources);47.050|Geosciences;47.084|NSF Technology, Innovation, and Partnerships;47.070|Computer and Information Science and Engineering;47.075|Social, Behavioral, and Economic Sciences","grant","science_technology_and_other_research_and_development","","other","*Who May Submit Proposals: Proposals may only be submitted by the following:
  -For-profit organizations: U.S.-based commercial organizations, including small businesses, with strong capabilities in scientific or engineering research or education and a passion for innovation.
  -Non-profit, non-academic organizations: Independent museums, observatories, research laboratories, professional societies and similar organizations located in the U.S. that are directly associated with educational or research activities.
  -Other Federal Agencies and Federally Funded Research and Development Centers (FFRDCs): Prospective proposers from other Federal Agencies and FFRDCs, including NSF sponsored FFRDCs, must follow the guidance in PAPPG Chapter I.E.2 regarding limitations on eligibility.
  -State and Local Governments
  -Institutions of Higher Education (IHEs): Two- and four-year IHEs (including community colleges) accredited in, and having a campus located in the US, acting on behalf of their faculty members. Special Instructions for International Branch Campuses of US IHEs: If the proposal includes funding to be provided to an international branch campus of a US institution of higher education (including through use of sub-awards and consultant arrangements), the proposer must explain the benefit(s) to the project of performance at the international branch campus, and justify why the project activities cannot be performed at the US campus.
  -Tribal Nations: An American Indian or Alaska Native tribe, band, nation, pueblo, village, or community that the Secretary of the Interior acknowledges as a federally recognized tribe pursuant to the Federally Recognized Indian Tribe List Act of 1994, 25 U.S.C. §§ 5130-5131.

*Who May Serve as PI:

For Institutions of Higher Education (IHEs):


By the submission deadline, any PI, co-PI, or other Senior/Key Personnel must hold either:

<ul>
<li>a tenured or tenure-track position, or</li>
<li>a primary, full-time, paid appointment in a research or teaching position, or</li>
<li>a staff leadership role in an Open-Source Program Office or equivalent position</li>
</ul>

at a U.S.-based campus of an Institution of Higher Education (see above), with exceptions granted for family or medical leave, as determined by the submitting institution.


Individuals with primary appointments at overseas branch campuses of U.S. institutions of higher education are not eligible. Researchers from foreign academic institutions who contribute essential expertise to the project may participate as Senior/Key Personnel or collaborators but may not receive NSF support.


For all other eligible proposing organizations:


The PI must be an employee of the proposing organization who is normally resident in the U.S. and must be acting as an employee of the proposing organization while performing PI responsibilities. The PI may perform the PI responsibilities while temporarily out of the U.S.


Individuals withprimaryappointments atnon-U.S. basednon-profit ornon-U.S. basedfor-profit organizations are not eligible.","U.S. National Science Foundation","U.S. National Science Foundation","NSF grants.gov support
grantsgovsupport@nsf.gov","grantsgovsupport@nsf.gov","If you have any problems linking to this funding announcement, please contact the email address above.","False","","","","","","","","","https://simpler.grants.gov/opportunity/5405aab0-e416-4386-bd4b-88f2f07dbb0a","The Pathways to Enable Secure Open-Source Ecosystems (PESOSE) program supports the translation of open-source science and engineering-focused research products into safe and sustainable ecosystems that address national and societal challenges. Open-source tools such as software, hardware, machine learning models, languages, and data platforms are designed to be shared as they are publicly-accessible and modifiable. These tools spark innovation in critical fields as varied as artificial intelligence (AI) and cloud computing, banking, healthcare, research, education, next-gen manufacturing, mobility, and National security (including cybersecurity).


PESOSE supports the creation of managing organizations for these ecosystems, ensuring strong governance, distributed development, and broad user communities across academia, industry, and government. PESOSE also supports enhancements to the safety, security, and privacy of Open-Source Ecosystems (OSE) by addressing significant vulnerabilities, both technical and socio-technical, to improve the resistance of the ecosystem against threats.


This solicitation seeks three types of proposals, allowing teams to propose specific activities to:1) scope and planthe establishment of an OSE, 2)establishand expand a sustainable OSE based on a robust, promising open-source product that meets an emergent societal or national need, and 3) improve the safety, security, and privacy of an existing OSE and its products."
"3fa87d49-6854-435b-80c9-7d6739c3a2ee","RFA-TR-26-001","Screening for Conditions by Electronic Nose Technology (SCENT III) (Clinical Trial Not Allowed)","forecasted","HHS-NIH11","discretionary","","2025-09-29","","","","False","","","","","","","93.350|National Center for Advancing Translational Sciences","cooperative_agreement","health","","state_governments;federally_recognized_native_american_tribal_governments;city_or_township_governments;small_businesses;public_and_state_institutions_of_higher_education;nonprofits_non_higher_education_without_501c3;private_institutions_of_higher_education;nonprofits_non_higher_education_with_501c3;other;county_governments;independent_school_districts;other_native_american_tribal_organizations","Other Eligible ApplicantsIndian/Native American Tribal Governments (Other than Federally Recognized);Eligible Agencies of the Federal Government;U.S. Territory or Possession;Faith-based or Community-based Organizations;Regional Organizations;Non-domestic (non-U.S.) Entities (Foreign Institutions).","National Institutes of Health","Department of Health and Human Services","Leah Croucher, PhD
240-701-2580","leah.croucher@nih.gov","leah.croucher@nih.gov","True","2026-02-05","2026-06-05","","2027-04-05","2027-04-05","2027","","","https://simpler.grants.gov/opportunity/3fa87d49-6854-435b-80c9-7d6739c3a2ee","<p style=""margin-left:0in;"">This NOFO seeks to develop electronic nose technologies that mimic the olfactory system, leading to a robust diagnostic platform subject to validation and regulatory approval. A previous iteration demonstrated the feasibility of developing safe and effective biosensing technologies for volatile organic compound (VOC) signatures from human skin through systems engineering and artificial intelligence. VOCs are biomarkers that underlie the effects of a wide array of diseases. Under this iteration of the NOFO, improved sensing, detection, and analytical technologies will be developed for integration into tools for disease diagnosis and monitoring in everyday settings. These novel technologies will complement traditional blood analysis and other invasive, expensive, and highly technical procedures to monitor the onset, progression, and resolution of disease.</p><p style=""margin-left:0in;"">NCATS’ vision is to bring more treatments for all people more quickly. The electronic nose platform is noninvasive and makes diagnosis in real time, in situ. This NOFO seeks to improve the translation of existing knowledge for the prevention and treatment of various diseases conditions.</p><p style=""margin-left:0in;"">Grant authorities that allow the National Center for Advancing Translational Science (NCATS) to forecast this opportunity are as follows: 42 U.S. Code § 287a - Cures Acceleration Network.</p>"
"86437da2-5b05-4bf9-ab6d-d76aba0b9ffe","HHS-2026-ACL-CIP-AAFP-0017","A Demonstration to Scale Innovative Person-Centered Approaches to Falls Prevention through Clinical-Community Partnerships","posted","HHS-ACL","discretionary","","2026-06-26","2026-07-27","Electronically submitted applications must be submitted no later than 11:59 p.m., ET, on the listed application due date.","","False","1","4700000","4700000","4700000","https://acl.gov/grants/open-opportunities","https://acl.gov/grants/open-opportunities","93.048|Special Programs for the Aging, Title IV, and Title II, Discretionary Projects","cooperative_agreement","health","","federally_recognized_native_american_tribal_governments;other_native_american_tribal_organizations;special_district_governments;state_governments;private_institutions_of_higher_education;public_and_indian_housing_authorities;city_or_township_governments;public_and_state_institutions_of_higher_education;nonprofits_non_higher_education_with_501c3;county_governments;independent_school_districts","Foreign entities are not eligible to compete for, or receive, awards made under this announcement. Faith-based and community organizations that meet the eligibility requirements are eligible to receive awards under this funding opportunity announcement.","Administration for Community Living","Department of Health and Human Services","William Bleser
william.bleser@acl.hhs.gov","william.bleser@acl.hhs.gov","Government Email","False","","","","","","","","","https://simpler.grants.gov/opportunity/86437da2-5b05-4bf9-ab6d-d76aba0b9ffe","The purpose of this funding announcement is to demonstrate and evaluate the scalability of person-centered and evidence-based approaches to falls prevention that leverage clinical and community partnerships and related data and technology tools. ACL intends to award a single cooperative agreement to one grantee for a three-year project period with the expectation that the grantee will fund up to three demonstrations. This award will build on the ACL Innovation Lab to demonstrate the scaling of person-centered and evidence-based approaches to falls prevention and related chronic disease management programs through community care hubs and their respective clinical partners and community-based organizations in the aging services network. The successful applicant will be expected to collaborate with ACL in the design and implementation of these demonstrations in the scalability of falls prevention and related chronic disease management interventions through approximately three advanced community care hubs that support care transitions and screening for the risk of falls. They should also have the capacity to 1) do rapid cycle evaluation to iterate and improve the impact of the interventions as they are scaled and, 2) administer sub-awards to community care hubs that can implement and scale person-centered interventions enabled by artificial intelligence, data analytics, assistive technology, virtual delivery of interventions, tools to support consumer behaviors, and related data infrastructure."
"5b0a5980-5b84-4cdf-9370-2a36c301760b","RFA-RM-27-011","Development and Testing of a Multi-use Frameworks Playbook for Precision Medicine with AI: Integrating Imaging with Multimodal Data (PRIMED-AI) (U01 Clinical Trial Not Allowed)","posted","HHS-NIH11","discretionary","","2026-06-30","2026-10-09","","2026-12-08","False","5","2000000","","300000","","","93.310|Trans-NIH Research Support","cooperative_agreement","health","","public_and_indian_housing_authorities;public_and_state_institutions_of_higher_education;state_governments;nonprofits_non_higher_education_with_501c3;other;county_governments;city_or_township_governments;independent_school_districts;small_businesses;private_institutions_of_higher_education;for_profit_organizations_other_than_small_businesses;other_native_american_tribal_organizations;special_district_governments;federally_recognized_native_american_tribal_governments;nonprofits_non_higher_education_without_501c3","Refer to Section III. Eligibility Information in the NOFO for additional information on eligibility.Foreign Organizations/International Collaborations:Non-domestic (non-U.S.) Entities (Foreign Organizations) are not eligible to apply.Non-domestic (non-U.S.) components of U.S. Organizations are not eligible to apply.Foreign components, as defined in the NIH Grants Policy Statement, are not allowed.","National Institutes of Health","Department of Health and Human Services","PRIMED-AI Program
ODPRIMED-AI@od.nih.gov","ODPRIMED-AI@od.nih.gov","ODPRIMED-AI@od.nih.gov","False","","","","","","","","","https://simpler.grants.gov/opportunity/5b0a5980-5b84-4cdf-9370-2a36c301760b","The overarching goal of this notice of funding opportunity (NOFO) and its companion opportunities is to establish the Precision Medicine with AI: Integrating Imaging with Multimodal Data (PRIMED-AI) Program to support development of innovative, reliable, cost-effective, and sustainable multimodal AI-based clinical decision support (CDS) tools.  PRIMED-AI CDS tools are based on the integration of clinical imaging with other types of multimodal health data to enhance care for patients with a wide range of health conditions.  The PRIMED-AI Program seeks to catalyze the adoption of AI-based CDS tools into clinical workflows to enable novel personalized medicine strategies that address significant health challenges. The purpose of this NOFO is to solicit applications for the design, development, and preliminary validation of robust frameworks for the application of multimodal-artificial intelligence (AI) models for clinical use. Frameworks developed through these awards would populate a ""playbook"", defined as a collection of actionable guidelines, standardized protocols, and/or standard operating procedures (SOPs) for reliable and effective development and deployment of multimodal AI tools.   It is expected that the frameworks delineated in this playbook will directly address PRIMED-AI objectives and needs, while also remaining flexible enough to enable sufficient extensibility and interoperability for use across a broad spectrum of multimodal biomedical AI applications, both internal and external to the PRIMED-AI Program."
"1cbf54ae-fe15-47d9-838f-8e25ef9b11fd","26-508","TechAccess: AI-Ready America","posted","NSF","discretionary","","2026-03-25","2026-07-16","","2026-08-15","False","","224000000","3000000","4000000","http://www.nsf.gov/publications/pub_summ.jsp?ods_key=nsf26508","NSF Publication 26-508","47.084|NSF Technology, Innovation, and Partnerships;17.280|WIOA Dislocated Worker National Reserve Demonstration Grants;47.070|Computer and Information Science and Engineering;47.076|STEM Education (formerly Education and Human Resources)","grant","science_technology_and_other_research_and_development","","unrestricted","","U.S. National Science Foundation","U.S. National Science Foundation","NSF grants.gov support
grantsgovsupport@nsf.gov","grantsgovsupport@nsf.gov","If you have any problems linking to this funding announcement, please contact the email address above.","False","","","","","","","","","https://simpler.grants.gov/opportunity/1cbf54ae-fe15-47d9-838f-8e25ef9b11fd","TechAccess: AI&#8209;Ready America is a national-scale initiative to accelerate Artificial Intelligence (AI) readiness and adoption across the U.S. by strengthening coordination, leveraging partnerships and resources, filling gaps, and scaling what works&mdash;so local and state priorities can lead in shaping an AI-driven economy that benefits all Americans.


Unlike initiatives centered around K&ndash;16 education, AI&#8209;Ready America additionally reaches businesses, public-serving organizations, and individuals, among others, expanding access to AI knowledge, tools, and resources. The program also emphasizes practical implementation through hands&#8209;on assistance and workforce upskilling, including experiential learning such as internships, project&#8209;based work, and apprenticeships, to ensure stakeholders can effectively apply and innovate with AI.


The program supports:


(1) State/Territory Coordination Hubs (Coordination Hubs) &ndash; one inevery state, the District of Columbia (DC), or territory inthe United States &ndash; connecting partners, strengthening planning and deployment, and rapidly scaling approaches;


(2) A National Coordination Lead (National Lead) &ndash; facilitating collaboration and knowledge sharing among Coordination Hubs, coordinating priority economic sectors, and informing national AI strategies; and


(3) AI-Ready Catalyst Award Competitions &ndash; a series of topic-driven competitions issued over the course of the program to pilot and scale innovative approaches that address critical national AI readiness needs.


This funding opportunity focuses on Coordination Hubs. The National Lead will be funded as an Other Transaction (OT) offered through an Other Transaction Agreement Solutions Offering.AI-Ready Catalyst Award Competitions will be announced through an NSF-approved mechanism, with proposals submitted according to the instructions provided at the time of announcement."
"ea7cac0c-01f5-49d7-a2f4-909a606701bc","RFA-DK-27-109","Single Source Competition: Continuation of the Cardiovascular Repository for Type 1 Diabetes (CaRe-T1D) - Resource Center (U24 Clinical Trial Not Allowed)","posted","HHS-NIH11","discretionary","","2026-06-04","2026-09-30","","2026-11-29","False","1","2000000","","1500000","","","93.847|Diabetes, Digestive, and Kidney Diseases Extramural Research;93.837|Cardiovascular Diseases Research;93.839|Blood Diseases and Resources Research;93.838|Lung Diseases Research;93.310|Trans-NIH Research Support;93.233|National Center on Sleep Disorders Research;93.840|Translation and Implementation Science Research for Heart, Lung, Blood Diseases, and Sleep Disorders","cooperative_agreement","health","","independent_school_districts;nonprofits_non_higher_education_with_501c3;for_profit_organizations_other_than_small_businesses;private_institutions_of_higher_education;federally_recognized_native_american_tribal_governments;county_governments;public_and_state_institutions_of_higher_education;nonprofits_non_higher_education_without_501c3;small_businesses;state_governments;other_native_american_tribal_organizations;city_or_township_governments;other;special_district_governments;public_and_indian_housing_authorities","Refer to Section III. Eligibility Information in the NOFO for additional information on eligibility. Only the following applicant is eligible to apply for this single source funding: University of Florida. Foreign Organizations/Foreign Collaborations:Non-domestic (non-U.S.) Entities (Foreign Organizations) are not eligible to apply.Non-domestic (non-U.S.) components of U.S. Organizations are not eligible to apply.Foreign components, as defined in the NIH Grants Policy Statement, are not allowed.","National Institutes of Health","Department of Health and Human Services","NIDDK Division of Diabetes, Endocrinology and Metabolic Diseases
NIDDK_DEM@nih.gov","NIDDK_DEM@nih.gov","NIDDK_DEM@nih.gov","False","","","","","","","","","https://simpler.grants.gov/opportunity/ea7cac0c-01f5-49d7-a2f4-909a606701bc","This Notice of Funding Opportunity (NOFO) invites a single cooperative agreement application for the Resource Center for the Cardiovascular Repository for Type 1 Diabetes (CaRe-T1D).  The purpose of CaRe-T1D is to support innovative, discovery and mechanistic research through the study of human cardiovascular (CV) tissue.  This research seeks to better understand cardiovascular disease (CVD) in type 1 diabetes, highlight differences compared to type 2 diabetes, and ultimately guide the development of therapies to treat this major cause of morbidity and mortality for individuals with type 1 diabetes. To achieve these goals, the Resource Center will expand the CaRe-T1D biorepository of human CV tissue, further develop the data commons for data sharing and for artificial intelligence (AI) tools, coordinate the research activities of the investigative teams in the CaRe-T1D consortium, and make CaRe-T1D resources accessible to the broader research community. This NOFO is associated with the Special Diabetes Program (https://www.niddk.nih.gov/about-niddk/research-areas/diabetes/type-1-diabetes-special-statutory-funding-program/about-special-diabetes-program) which funds research on the prevention, treatment, and cure of type 1 diabetes and its complications, including unique, innovative, and collaborative research consortia and clinical trials networks.This is a Notice of Funding Opportunity (NOFO) for a Single Source that will invite application(s) from eligible organization(s) to apply. Please see Section III. Eligibility for additional information. In accordance with NIH standard peer-review processes, the application(s) will be peer-reviewed, and only meritorious application(s) will be considered for funding."
"27344320-2b7e-47b2-afd7-b6f6f9360b1f","RFA-NS-26-028","HEAL Initiative: Optimization of Therapeutic Medical Devices through Team Science Mechanistic Research (RM1)","forecasted","HHS-NIH11","discretionary","","2026-03-16","","","","False","4","","","","","","93.853|Extramural Research Programs in the Neurosciences and Neurological Disorders","grant","health","","county_governments;nonprofits_non_higher_education_with_501c3;federally_recognized_native_american_tribal_governments;small_businesses;nonprofits_non_higher_education_without_501c3;other;for_profit_organizations_other_than_small_businesses;state_governments;special_district_governments;city_or_township_governments;other_native_american_tribal_organizations;public_and_state_institutions_of_higher_education;independent_school_districts;public_and_indian_housing_authorities;private_institutions_of_higher_education","Other Eligible ApplicantsIndian/Native American Tribal Governments (Other than Federally Recognized);Eligible Agencies of the Federal Government;U.S. Territory or Possession;Faith-based or Community-based Organizations;Regional Organizations;Non-domestic (non-U.S.) Entities (Foreign Institutions).","National Institutes of Health","Department of Health and Human Services","NINDS Translational Devices Team
Please contact via e-mail.","NINDS-Devices@nih.gov","NINDS-Devices@nih.gov","True","2026-06-11","2026-10-30","","2027-07-01","2027-07-01","2027","","","https://simpler.grants.gov/opportunity/27344320-2b7e-47b2-afd7-b6f6f9360b1f","<p>The National Institute of Neurological Disorders and Stroke (NINDS), with other NIH Institutes and Centers (ICs), intends to publish a Notice of Funding Opportunity (NOFO) to investigate the mechanisms of action of therapeutic medical devices with the overall goal of improving clinical outcomes with device-based approaches. Medical devices are essential in managing health conditions, complementing drugs and behavioral interventions, and often offer unique benefits. Despite the commercial availability of numerous medical devices and ongoing development of new technologies, many have shown inconsistent results in preclinical studies, failed translation to humans, and exhibit varied patient outcomes. To overcome these challenges, it is crucial to understand the mechanisms by which medical devices produce a therapeutic effect, to identify physiological markers of neurological conditions, and to assess how device-based therapies influence these markers. Advancing this knowledge will improve device-based interventions, inspire new device designs, and optimize current clinical approaches.</p><p>Applications will be invited from interdisciplinary teams pursuing innovative research on how medical devices produce a therapeutic effect. Applicant teams will likely exhibit expertise in areas such as engineering, biology, pathophysiology, surgery, clinical care, healthcare delivery, biostatistics, software development, computational modeling, artificial intelligence, regulatory science, and clinical trials. This program will accept projects on investigational devices and those already FDA-approved and in clinical use. Applications are expected to include strategies for developing or optimizing therapies that could significantly improve patient care. Supported research may include mechanistic clinical trials, animal studies, and computational modeling or simulation. Applications are not being solicited at this time. Notice is being provided to allow potential applicants sufficient time to develop meaningful collaborations and responsive projects.</p>"
"e0219396-5b18-4836-a3f2-a966449f06f4","DFOP0018285","FY 2026 U.S. Creative Tech Exchange","posted","DOS-ECA","discretionary","","2026-05-07","2026-07-06","","2026-08-05","False","1","","1320000","1320000","https://www.state.gov/eca-grant-opportunities/","Bureau of Educational and Cultural Affairs Organizational Funding Opportunities","19.415|Professional and Cultural Exchange Programs - Citizen Exchanges","cooperative_agreement","other","Please see full announcement.","nonprofits_non_higher_education_with_501c3;private_institutions_of_higher_education;public_and_state_institutions_of_higher_education;other","Please see full announcement.","Bureau Of Educational and Cultural Affairs","Department of State","Julia Gómez-Nelson","nelsonjg2@state.gov","nelsonjg2@state.gov","False","","","","","","","","","https://simpler.grants.gov/opportunity/e0219396-5b18-4836-a3f2-a966449f06f4","<p>The U.S. <strong>Creative Tech Exchange (U.S.CTX) </strong>is a new international arts exchange program that drives economic growth by connecting U.S. creative professionals and technologists with international peers working at the intersection of the arts and emerging technologies, especially artificial intelligence (AI). &nbsp;<span style=""color: rgb(28, 33, 39);"">The goal is to position American technology as a key driver of American innovation, economic, and cultural influence in art and technology, </span>For the purposes of this program, “arts” refers specifically to architecture, creative coding and gaming, fashion, graphic design, music and immersive art such as virtual reality (VR), augmented reality (AR), and mixed reality (MR); but excludes film and television. </p>
<p><span style=""color: rgb(28, 33, 39);"">&nbsp;</span></p>
<p><span style=""color: rgb(28, 33, 39);"">U.S.CTX will support </span><strong style=""color: rgb(28, 33, 39);"">up to 30 participants </strong><span style=""color: rgb(28, 33, 39);"">through short-term, hands-on activities such as collaborative labs, fellowships, workshops, and public showcases. &nbsp;</span></p>
<p><span style=""color: rgb(28, 33, 39);"">&nbsp;</span></p>
<p>ECA will award one U.S.-based nonprofit or educational organization $1.32 million to design and implement the program in close coordination with ECA and U.S. embassies.&nbsp;Applicants should propose a concept that leverages their strengths and includes clear plans for recruitment, program delivery, and measurable outcomes in creative arts, economic impact, and public diplomacy.</p>
<p><br></p>
<p>Please see the Notice of Funding Opportunity for additional information.</p>"
"c3b72a13-83cd-4e74-83d4-a8f130d8cc1b","26-503","CyberAICorps Scholarship for Service","posted","NSF","discretionary","","2026-02-04","2026-07-21","Scholarship Track; Innovation Track","2029-08-16","False","25","2500000","300000","2500000","http://www.nsf.gov/publications/pub_summ.jsp?ods_key=nsf26503","NSF Publication 26-503","47.076|STEM Education (formerly Education and Human Resources)","grant","science_technology_and_other_research_and_development","","other","*Who May Submit Proposals: Proposals may only be submitted by the following:
  -
For the Scholarship Track:

<ul>
<li>Institutions of Higher Education (IHEs) accredited in, and having a campus located in the US, acting on behalf of their faculty members. Community colleges are eligible only as sub-awardees of a partnering four-year SFS institutions as described in the Program Description section.</li>
</ul>

For the Innovation Track:

<ul>
<li>Institutions of Higher Education (IHEs): Two- and four-year IHEs (including community colleges) accredited in, and having a campus located in the U.S., acting on behalf of their faculty members. Special Instructions for International Branch Campuses of US IHEs: If the proposal includes funding to be provided to an international branch campus of a US institution of higher education (including through use of sub-awards and consultant arrangements), the proposer must explain the benefit(s) to the project of performance at the international branch campus and justify why the project activities cannot be performed at the US campus.</li>
<li>Non-profit, non-academic organizations: Independent museums, observatories, research laboratories, professional societies, and similar organizations located in the U.S. that are directly associated with educational or research activities.</li>
</ul>

*Who May Serve as PI:

<span>As of the date the proposal is submitted, any PI, co-PI, or other Senior/Key project personnel must hold either:</span>

<ul>
<li>a tenured or tenure-track position, or</li>
<li>a primary, full-time, paid appointment in a research, administration, or teaching position</li>
</ul>

<span>at a US-based campus of an organization eligible to submit to this solicitation (see above), with exceptions granted for family or medical leave, as determined by the submitting organization. Individuals with primary appointments at for-profit non-academic organizations or at overseas branch campuses of U.S. institutions of higher education are not eligible.</span>","U.S. National Science Foundation","U.S. National Science Foundation","NSF grants.gov support
grantsgovsupport@nsf.gov","grantsgovsupport@nsf.gov","If you have any problems linking to this funding announcement, please contact the email address above.","False","","","","","","","","","https://simpler.grants.gov/opportunity/c3b72a13-83cd-4e74-83d4-a8f130d8cc1b","Government and the nation face a talent shortfall in artificial intelligence (AI) and cybersecurity. The CyberAICorps Scholarship for Service (CyberAI SFS) program welcomes proposals that address AI and cybersecurity education and workforce development. CyberAI refers to using AI in cybersecurity as well as providing security and resilience for AI systems.

<ul>
<li>The Scholarship Track provides funding to establish, or to continue, scholarship for service programs with integrated AI and cybersecurity components (CyberAI). Scholarship recipients must be U.S. citizens or lawful permanent residents and work after graduation in the AI or cybersecurity mission of a government organization for a period of at least the length of the scholarship.</li>
<li>The Innovation Tracksupports projects that enhance preparation of AI and/or cybersecurity professionals. Projects may expand existing educational opportunities, curricula, degree programs, educational pathways, methods and interventions, and partnerships among institutions of higher education, government, and employers.</li>
</ul>

Two statutesauthorize this program: <a href=""https://uscodeweb1.house.gov/view.xhtml?req=granuleid:USC-prelim-title15-section7442&amp;edition=prelim"">15 USC &sect;7442</a>(cybersecurity) and<a href=""https://uscodeweb1.house.gov/view.xhtml?req=granuleid:USC-prelim-title42-section18993&amp;edition=prelim"">42 USC &sect;18993</a>(AI). CyberAI SFS aligns with the <a href=""https://www.govinfo.gov/content/pkg/FR-2025-04-28/pdf/2025-07368.pdf"">Executive Order 14277</a> to prioritize AI within scholarship for service programs. CyberAI is managed by NSF&rsquo;s Directorate for STEM Education in collaboration with the <a href=""https://sfs.opm.gov/"">U.S. Office of Personnel Management (OPM)</a> and <a href=""https://niccs.cisa.gov/resources/cybersecurity-scholarships"">U.S. Department of Homeland Security (DHS).</a>"
"557630c4-6b0f-4df7-bc11-c863563c6c2b","PD-FY26-CANADA-NOFO-001","U.S. Talent Program for the U.S. Embassy and Consulates in Canada","posted","DOS-CAN","discretionary","","2026-06-11","2026-07-31","","2026-08-30","False","1","","100000","200000","","","19.040|Public Diplomacy Programs","cooperative_agreement","other","Public Diplomacy","nonprofits_non_higher_education_with_501c3;nonprofits_non_higher_education_without_501c3;private_institutions_of_higher_education;public_and_state_institutions_of_higher_education","","U.S. Mission to Canada","Department of State","U.S. Embassy Ottawa Public Diplomacy Section","ottawa-pa@state.gov","For Inquiries","False","","","","","","","","","https://simpler.grants.gov/opportunity/557630c4-6b0f-4df7-bc11-c863563c6c2b","<p>The U.S. Department of State’s Embassy Ottawa announces an open competition to implement a program to connect U.S. citizen talent, including subject matter experts, artists and cultural professionals, and current and former American athletes and coaches, with Canadian audiences and institutions on topics of strategic importance to the United States. Recipients should be prepared to identify and recruit U.S. citizen experts in the following strategic areas, in addition to arts, cultural, and sports experts that showcase American excellence:</p><p>·&nbsp;&nbsp;&nbsp;&nbsp;&nbsp;&nbsp;&nbsp;&nbsp;U.S. prosperity and economic security (e.g. supply chains; digital policy; trade; transboundary water issues, etc.).</p><p>·&nbsp;&nbsp;&nbsp;&nbsp;&nbsp;&nbsp;&nbsp;&nbsp;Defense (e.g. defense spending, procurement; NORAD modernization; Arctic domain awareness and deterrence, etc.).</p><p>·&nbsp;&nbsp;&nbsp;&nbsp;&nbsp;&nbsp;&nbsp;&nbsp;Border security (e.g. combatting illegal trafficking, smuggling, migration, etc.).</p><p>·&nbsp;&nbsp;&nbsp;&nbsp;&nbsp;&nbsp;&nbsp;&nbsp;Freedom of speech (e.g. exposing censorship, promoting transparency etc.).</p><p>·&nbsp;&nbsp;&nbsp;&nbsp;&nbsp;&nbsp;&nbsp;&nbsp;Artificial Intelligence (e.g. promoting American AI exports, building enabling infrastructure, countering foreign influence in emerging technologies, etc.).</p><p>Programs will be conducted in-person and/or through virtual platforms. The proposal should outline how the grantee would address both options. In-person programs will generally range from two days to one week in length. Virtual programs will usually take place on a single specified date and time and may be part of a continuing series. U.S. talent will address topics identified by the U.S. Mission to Canada that will advance Administration and U.S. Mission to Canada strategic goals.</p><p><br></p>"
"11a1ba17-6aeb-4de1-b138-635a62b81cdb","RFA-HD-27-006","Novel Experiential Technologies Assisting Individual Learning (NExT AI) Hubs (P20 Clinical Trial Optional)","posted","HHS-NIH11","discretionary","","2026-06-03","2026-10-02","","2026-12-02","False","3","1600000","","","","","93.865|Child Health and Human Development Extramural Research","grant","health","","nonprofits_non_higher_education_with_501c3;public_and_indian_housing_authorities;state_governments;city_or_township_governments;for_profit_organizations_other_than_small_businesses;county_governments;other_native_american_tribal_organizations;nonprofits_non_higher_education_without_501c3;other;federally_recognized_native_american_tribal_governments;small_businesses;public_and_state_institutions_of_higher_education;independent_school_districts;private_institutions_of_higher_education;special_district_governments","Refer to Section III. Eligibility Information in the NOFO for additional information on eligibility.Foreign Organizations/International Collaborations:Non-domestic (non-U.S.) Entities (Foreign Organization) are not eligible to apply.Non-domestic (non-U.S.) components of U.S. Organizations are not eligible to apply.Foreign components, as defined in the NIH Grants Policy Statement, are not allowed.","National Institutes of Health","Department of Health and Human Services","nichd_cdbb_nofos@mail.nih.gov
nichdgrantsmanagement@mail.nih.gov","nichdgrantsmanagement@mail.nih.gov","nichdgrantsmanagement@mail.nih.gov","False","","","","","","","","","https://simpler.grants.gov/opportunity/11a1ba17-6aeb-4de1-b138-635a62b81cdb","This Notice of Funding Opportunity (NOFO) invites exploratory grant applications, hereafter referred to as the Novel Experiential Technologies Assisting Individual learning Hubs or NExT AI Hubs (formerly Learning Disabilities Innovation Hubs), to address  the impact of Artificial Intelligence (AI) technologies on developmental outcomes in children diagnosed with or at risk for developing  a specific learning disability (SLD) impacting reading, writing, and mathematics. NExT AI Hubs include a single Research Project and a Leadership Core that support the goals and aims of the Hub. This NOFO seeks to serve as a catalyst to 1) speed the maturation of nascent/novel, high-impact, high-risk research that advances understanding of the role AI technology plays in supporting, improving, or limiting the learning, cognitive, and socio-emotional needs of children at risk for or diagnosed with SLDs, 2) build an evidence base for the SLD community to inform policy or practice, and 3) provide project-embedded, career-enhancing research and professional development opportunities to support the next generation of transdisciplinary SLD scientists. This initiative provides opportunities to support planning and building a body of research and corresponding intellectual infrastructure to enable NExT AI investigators to compete for large research and program project opportunities in the future.This NOFO aims to integrate research topics that are of relevance to various research programs at the Eunice Kennedy Shriver National Institute of Child Health and Human Development (NICHD) and align with the NICHD Strategic Plan. The NOFO intends to build cross-programmatic, transdisciplinary and cross-cutting scientific research, and critically nurture the development of early career investigators capable of conducting this research."
"935991b0-85f1-4263-b049-e0d61975245c","DFOP0018277","FY 2026 TechLeaders: Critical Emerging Technologies Exchange","posted","DOS-ECA","discretionary","","2026-05-07","2026-07-06","","2026-08-05","False","1","","1500000","1500000","https://www.state.gov/eca-grant-opportunities/","Bureau of Educational and Cultural Affairs Organizational Funding Opportunities","19.415|Professional and Cultural Exchange Programs - Citizen Exchanges","cooperative_agreement","other","Please see full announcement.","other;nonprofits_non_higher_education_with_501c3;public_and_state_institutions_of_higher_education;private_institutions_of_higher_education","Please see full announcement.","Bureau Of Educational and Cultural Affairs","Department of State","Michelle Harris","harrismr@state.gov","harrismr@state.gov","False","","","","","","","","","https://simpler.grants.gov/opportunity/935991b0-85f1-4263-b049-e0d61975245c","<p>The Office of Citizen Exchanges, Global Leaders Division, of the Bureau of Educational and Cultural Affairs (ECA) invites proposal submissions for the FY 2026 TechLeaders: Critical Emerging Technologies Program.&nbsp;TechLeaders will strengthen America’s technological edge and industry dominance by promoting U.S. leadership in Artificial Intelligence (AI), Space Technology, Biotechnology/Health Technology, Supply Chain/Cold Chain Technology, and Agricultural Technology (AgriTech). &nbsp;This initiative engages approximately 60 foreign participants, ages 25-40, from<span style=""color: black;""> Europe and Eurasia, East Asia and the Pacific, Middle East and North Africa, South and Central Asia, Sub-Saharan Africa, and the Western Hemisphere</span> through a five-week intensive placement in the United States. &nbsp;Participants will collaborate with U.S.-based mentors and companies to develop actionable solutions in critical technology sectors, showcasing American expertise and innovation.&nbsp;The program will also feature overseas components including reciprocal exchanges and an accelerator following the second U.S.-based cohort to expand U.S. influence, inspire future STEM professionals, and foster collaboration with American businesses. &nbsp;TechLeaders supports U.S. national security and foreign policy&nbsp;objectives&nbsp;by exporting American expertise and technological innovations abroad, promoting U.S.-preferred technology standards globally, bolstering economic ties, and countering the proliferation of malign competitors’ technology in the global market.</p>
<p><br></p>
<p>Organizations applying for this federal award must demonstrate the capacity to recruit, select, and place participants, manage all program logistics, and implement overseas programming, which includes annual reciprocal exchanges and a Critical Emerging Technologies Accelerator program after the second cohort of participants. &nbsp;The recipient will be awarded $ 1,500,000 for the overall FY 2026 TechLeaders: Critical Emerging Technologies Program, ensuring that taxpayer dollars are used efficiently to advance U.S. national interests and global leadership in critical technology sectors.&nbsp;</p>
<p><br></p>
<p>Please see the Notice of Funding Opportunity for additional information.</p>"
"f7f5692f-7760-439d-9a04-a69de49cb81c","PD-26-367Y","Chemical Process Systems (CPS)","posted","NSF","discretionary","","2026-04-24","","Proposals accepted anytime","","False","","","","","http://www.nsf.gov/funding/pgm_summ.jsp?pims_id=506547","NSF Program Desccription PD-26-367Y","47.041|Engineering","grant","science_technology_and_other_research_and_development","","unrestricted","","U.S. National Science Foundation","U.S. National Science Foundation","NSF grants.gov support
grantsgovsupport@nsf.gov","grantsgovsupport@nsf.gov","If you have any problems linking to this funding announcement, please contact the email address above.","False","","","","","","","","","https://simpler.grants.gov/opportunity/f7f5692f-7760-439d-9a04-a69de49cb81c","Society relies on chemical processes to turn raw materials into useful products. The Chemical Process Systems (CPS) program invests in fundamental research on chemical and biochemical processes to make them more efficient, sustainable, and resilient. New CPS technologies for manufacturing, biotechnology, critical minerals, energy, food, and other national priorities will help make the U.S. more competitive and secure.


Research supported by the CPS program covers the full breadth of chemical and biochemical process innovation. It spans reaction engineering and molecular thermodynamics; reactor design; catalysis; electrochemical systems; separations; and process design. The program encourages proposals that connect the molecular scale to process and plant scales.


The CPS program explores active-site structure and function, reaction mechanisms, in situ and operando characterization, durability, and device-level integration. Microreactors, membrane and catalytic reactors, atmospheric plasmas, and other novel configurations are of interest.


The program supports research in catalysis and electrochemical systems to produce, use, and store energy, to reduce waste, to process polymers, and to synthesize fuels and chemicals. This includes process and materials innovation to support the nuclear fuel cycle.


The CPS program also targets chemical and biological separations that are efficient and scalable. Research includes the design of membranes, sorbents, and specialized interfaces. Advances can be used in gas separations, the recovery of critical minerals, bioprocessing, and protein and water purification.


The program supports research in process design and optimization that uses tools such as artificial intelligence, machine learning, and uncertainty quantification. CPS research also explores quantum information science and engineering; quantum simulation and sensing, for example, may accelerate the discovery of materials and improve process models.


Partnerships: To speed discovery and innovation, NSF partners with federal agencies, industry, international groups, and others. Current opportunities are at <a href=""https://www.nsf.gov/eng/partnerships"">NSF ENG Partnerships.</a>"
"b5b96f6f-6325-418b-862c-e8e5c8ed28fd","PDR-2600-DC-029Q","Mass Market Solutions for Leveraging Robotics and AI Technologies for Home Construction Demonstration","posted","HUD","discretionary","","2026-05-29","2026-07-13","Electronically submitted applications must be submitted no later than 11:59:59 p.m., ET, on the listed application due date.","","False","3","10000000","3000000","10000000","https://www.huduser.gov/portal/ota/funding-opportunities.html","https://www.huduser.gov/portal/ota/funding-opportunities.html","14.536|Research, Evaluation, and Demonstrations","cooperative_agreement","housing;science_technology_and_other_research_and_development","","nonprofits_non_higher_education_without_501c3;private_institutions_of_higher_education;for_profit_organizations_other_than_small_businesses;public_and_state_institutions_of_higher_education;small_businesses;nonprofits_non_higher_education_with_501c3","Historically Black Colleges and Universities (HBCUs); Tribally Controlled Colleges and Universities (TCCUs); Non-profit Applicants: To confirm your eligibility as an applicant with non-profit status, HUD will use data from the Internal Revenue Service (IRS). Individuals, foreign entities, and sole proprietorship organizations are not eligible to compete for, or receive, awards made under this announcement.","Department of Housing and Urban Development","Department of Housing and Urban Development","Research Partnerships
researchpartnerships@hud.gov","researchpartnerships@hud.gov","This is a general inbox. Application submissions will not be accepted through this inbox.","False","","","","","","","","","https://simpler.grants.gov/opportunity/b5b96f6f-6325-418b-862c-e8e5c8ed28fd","The U.S. Department of Housing and Urban Development""s Office of Policy Development and Research (PD&R) expects to release a Notice of Funding Opportunity for the Mass Market Solutions for Leveraging Robotics and AI Technologies for Home Construction Demonstration. This anticipated NOFO is intended to fund demonstration projects that test and scale the use of automation, robotics, and artificial intelligence in factory-built housing to help build homes faster, at lower cost, and in ways that can meaningfully increase housing supply.Awards are expected to be made as cooperative agreements, which means HUD will be actively involved throughout the project period. PD&R will provide technical guidance and oversight to help ensure projects are well designed, aligned with program goals, and able to generate lessons that can be applied more broadly across the housing industry.HUD is especially interested in projects that use automation, robotics, or AI at specific stages of the factory-built housing process, whether onsite or offsite. Eligible approaches may include panelized systems, modular construction, or fully volumetric homes. Projects must show that the proposed technology can produce housing components at a scale sufficient to deliver a defined number of homes and clearly explain how the technology improves construction speed, labor efficiency, quality, or cost.The overall goal of this NOFO is to support technologies that can move beyond a single pilot and be scaled for wider use, contributing to long-term increases in housing supply. Applicants should explain how their project bridges the gap between early development and commercial use and should quantify expected affordability benefits, such as reduced construction time or labor needs. The program supports Administration priorities to lower housing costs and expand housing supply and requires projects to follow principles of Gold Standard Science."
"6495def0-5080-4801-a9df-98aa7f426522","PDS-NEWZEALAND-2026-01","U.S. Mission New Zealand  Annual Program Statement","posted","DOS-NZL","mandatory","","2026-04-22","2026-07-15","","2026-08-14","False","7","350000","10000","100000","","","19.040|Public Diplomacy Programs","cooperative_agreement;grant","business_and_commerce;energy_infrastructure_and_critical_mineral_and_materials;humanities;natural_resources;regional_development;science_technology_and_other_research_and_development","","nonprofits_non_higher_education_without_501c3;public_and_state_institutions_of_higher_education;private_institutions_of_higher_education;independent_school_districts;nonprofits_non_higher_education_with_501c3","","U.S. Mission to New Zealand","Department of State","Tracey Zemanek
Resource Management Specialist
Phone 6444626122","publicaffairsusnz@state.gov","Public Affairs New Zealand","False","","","","","","","","","https://simpler.grants.gov/opportunity/6495def0-5080-4801-a9df-98aa7f426522","<p><span style=""color: black;"">The U.S. Department of State’s Mission New Zealand Public Diplomacy Section (PDS) </span>announces an open competition to implement a program to advance U.S.- New Zealand economic, scientific, and cultural ties. The program is intended to support organizations to build capacity to strengthen or advance the U.S.-New Zealand relationship. Projects may address one or more of the following areas but are not strictly limited to the following topics:</p>
<p><br></p>
<p>·&nbsp;&nbsp;&nbsp;&nbsp;&nbsp;&nbsp;&nbsp;Promoting science by reinforcing cooperation in key domains, including (but not limited to) scientific research in Antarctica, space exploration and regulatory frameworks, and critical technology and artificial intelligence.</p>
<p>·&nbsp;&nbsp;&nbsp;&nbsp;&nbsp;&nbsp;&nbsp;Advancing prosperity by promoting economic growth and innovation with a focus on biotechnology, space technology, and broader innovation sectors.&nbsp;</p>
<p>·&nbsp;&nbsp;&nbsp;&nbsp;&nbsp;&nbsp;&nbsp;Strengthening democratic values and ties through programs that celebrate shared democratic principles, cultural connections, and innovative spirit of the peoples of the United States and New Zealand, including but not limited to programming leveraging sports,</p>
<p>education, and other areas of connection.</p>
<p><br></p>
<p>This Annual Program Statement (APS) seeks to partner with eligible entities, including not-for-profit organizations, education institutions, individuals, or government institutions, to advance U.S. foreign policy by strengthening the U.S.-New Zealand partnership in science, innovation, and shared values. By promoting collaboration in scientific research, space, critical technology, and disaster management, the APS supports a free and open Indo-Pacific and helps shape global standards. Initiatives in biotechnology and space technology foster economic growth and expand opportunities for U.S. businesses. Programs that highlight our shared history and values reinforce U.S. leadership and mutual understanding, laying the groundwork for lasting cooperation.</p>"
"cc2db03a-79c2-4ef5-afab-3f8c2561f135","RFA-DK-27-112","Single Source for the Continuation of the Epidemiology of Diabetes Interventions and Complications (EDIC) Study Research Center (Collaborative U01 Clinical Trial Not Allowed)","forecasted","HHS-NIH11","discretionary","","2026-01-29","","","","False","1","6300000","","","","","93.847|Diabetes, Digestive, and Kidney Diseases Extramural Research","cooperative_agreement","health","","public_and_state_institutions_of_higher_education;private_institutions_of_higher_education","This is a Forecast for a single source competition that will invite application(s) from eligible organization(s) to apply. Please see Eligibility Section for additional information. In accordance with NIH standard peer-review processes, the application(s) will be peer-reviewed, and only meritorious application(s) will be considered for funding.","National Institutes of Health","Department of Health and Human Services","Division of Diabetes, Endocrinology and Metabolic Diseases
NIDDK_DEM@nih.gov","NIDDK_DEM@nih.gov","NIDDK_DEM@nih.gov","True","2026-04-01","2026-07-01","","2026-10-01","2027-07-01","2027","","","https://simpler.grants.gov/opportunity/cc2db03a-79c2-4ef5-afab-3f8c2561f135","<p>The primary purpose of this FOA is to support the EDIC Research Center in continuing long-term follow-up of the EDIC cohort to study the development and progression of complications in type 1 diabetes (T1D). The research will address severe microvascular disease, cardiovascular and liver disease, sleep disorders, mortality, and other comorbidities. The goals are to investigate the trajectory of age-related morbidities such as cognition, physical function, and frailty, and to identify their associations with risk factors that affect quality of life, self-management, and caregiver burden. Particular emphasis will be placed on evaluating the impact of emerging therapies, including SGLT2 inhibitors and GLP-1 receptor agonists, on renal and cardiovascular outcomes.</p><p>The initiative also encourages the application of advanced statistical methods, including machine learning and artificial intelligence, to identify phenotypes that are either susceptible or resilient to diabetes-related complications. Modern technologies, such as continuous glucose monitoring, coronary calcification imaging, and vascular tonometry, will be used and compared with data from existing cohorts. In addition, the program will support assessments of obesity-related outcomes and comorbidities—including metabolic-associated steatotic liver disease (MASLD) and obstructive sleep apnea (OSA)—within the increasingly overweight/obese T1D population. Multi-omic approaches to identify biochemical signatures associated with complications are also expected. Finally, the leveraging of external databases to examine the cost-effectiveness and quality-of-life impact of intensive therapy across the lifespan will be encouraged.</p><p>This is a Forecast for a single source competition that will invite application(s) from eligible organization(s) to apply. Please see Eligibility Section for additional information. In accordance with NIH standard peer-review processes, the application(s) will be peer-reviewed, and only meritorious application(s) will be considered for funding.</p><p>&nbsp;</p>"
"3d67b7f9-574e-4f4b-9802-bb38de6c19e9","PD-SEOUL-FY26-03","Prosperity Stack Fellowship","posted","DOS-KOR","discretionary","","2026-06-10","2026-07-13","","2026-07-14","False","1","108000","100000","108000","https://kr.usembassy.gov/pd-seoul-fy26-03-prosperity-stack-fellowship/","Visit here (U.S. Embassy Seoul Website) for a full announcement with proposal templates","19.441|ECA – American Spaces","grant","other","Public Diplomacy","other;nonprofits_non_higher_education_with_501c3;private_institutions_of_higher_education;nonprofits_non_higher_education_without_501c3","Individuals are not eligible to apply under this NOFO.Applicants should demonstrate the organizational capacity, technical understanding, and relevant program management experience necessary to design and implement a fellowship or accelerator-style program focused on artificial intelligence, entrepreneurship, and innovation in the Republic of Korea.Competitive applicants should demonstrate familiarity with Korea’s startup, technology, education, or youth innovation ecosystem, as well as the ability to coordinate with relevant U.S. and Korean experts, mentors, institutions, industry partners, and public-facing program venues.","U.S. Mission to South Korea","Department of State","Seoul PD Grants Team","seoulpdgrants@state.gov","Representative Email of the Grants Team in PD Seoul","False","","","","","","","","","https://simpler.grants.gov/opportunity/3d67b7f9-574e-4f4b-9802-bb38de6c19e9","<p><strong style=""color: black;"">Funding Opportunity Title:</strong><span style=""color: black;"">&nbsp;</span>Prosperity Stack Fellowship</p>
<p><strong style=""color: black;"">Funding Opportunity Number: </strong><span style=""color: black;"">PD-SEOUL-FY26-03</span></p>
<p><strong style=""color: black;"">Deadline for Applications</strong><span style=""color: black;"">: </span>Monday, July 13, 2026, 11:59 p.m. (GMT+9)</p>
<p><strong style=""color: black;"">CFDA Number:&nbsp;</strong><span style=""color: black;"">19.441</span></p>
<p><strong style=""color: black;"">Type of Funding:</strong><span style=""color: black;""> </span>FY26 Fulbright-Hays, American Spaces Support Funds</p>
<p><strong style=""color: black;"">Total Amount Available:</strong><span style=""color: black;""> $108,000</span></p>
<p><span style=""color: black;"">&nbsp;</span></p>
<p><strong style=""color: black;""><u>This notice is subject to availability of funding.</u></strong></p>
<p><span style=""color: black;"">&nbsp;</span></p>
<p><strong style=""color: black;"">Executive Summary</strong></p>
<p><br></p>
<p>The U.S. Embassy Seoul Public Diplomacy Section invites proposals to implement the Prosperity Stack Fellowship, a strategic accelerator program designed to promote American AI technology with Korean early-stage entrepreneurs by connecting them with U.S. expertise in artificial intelligence, business development, and innovation.&nbsp;The program will engage young Korean innovators through training, mentorship, regional engagement, and public showcase opportunities linked to the American Spaces network in Seoul, Busan, Gwangju, and Pyeongtaek.</p>
<p>Through a multi-phase fellowship model, selected startup teams will receive training in U.S. AI applications, American business management principles, pitching, and product development.&nbsp;Finalist teams will participate in advanced technical training and mentorship, and top-performing teams may receive project development support to help advance their concepts toward market-readiness.</p>
<p>The program should culminate in a final Demo Day and follow-on engagement that showcases participant outcomes, strengthens the role of American Spaces as regional gateways for innovation, and demonstrates how American AI Stack, U.S. technical platforms, business practices, and professional link to silicon valley experts can support Korean entrepreneurs and advance shared prosperity.</p>
<p><br></p>
<p><strong style=""color: black;"">Program Goal</strong></p>
<p><span style=""color: black;"">The goal of this program is to strengthen U.S. leadership and U.S.-ROK cooperation in artificial intelligence and entrepreneurship by connecting Korean early-stage innovators with American AI technology, work platforms, business practices, professional networks, and practical startup development support.&nbsp;&nbsp;</span>&nbsp;&nbsp;</p>
<p><br></p>
<p><strong>Program Objectives</strong></p>
<ul>
 <li><span style=""color: black;"">Recruit and train Korean startup teams through a structured fellowship curriculum focused on U.S. AI applications, American business management principles, pitching, and project development. </span></li>
 <li><span style=""color: black;"">Connect selected finalist teams with American AI experts and relevant U.S. and Korean mentors through advanced technical training and mentorship. </span></li>
 <li><span style=""color: black;"">Support top-performing teams through project development assistance and follow-on mentorship to help advance their concepts toward viable and scalable models. </span></li>
 <li><span style=""color: black;"">Use American Corners as regional platforms for entrepreneurship, innovation, and U.S.-ROK technology engagement.</span></li>
 <li><span style=""color: black;"">Showcase participant outcomes through a final Demo Day, media outreach, and follow-on regional engagement that demonstrate the economic opportunity the American AI Stack can unleash for Korean entrepreneurs.&nbsp;</span></li>
</ul>
<p>&nbsp;</p>
<p><strong>Program Design and Required Activities</strong></p>
<p>Applicants should propose a detailed implementation plan that incorporates the following required program components.&nbsp;Applicants may propose adjustments to the sequence, format, or delivery method where appropriate, but proposals should clearly demonstrate how the overall fellowship model will be implemented.</p>
<p><br></p>
<ul>
 <li><span style=""color: black;"">Recruitment and selection of up to 20 teams of Korean innovators, ages 18–35, with no more than five members per team, with a focus on American Corner regions in Seoul, Busan, Gwangju, and Pyeongtaek.</span></li>
 <li><span style=""color: black;"">A five-week intensive online workshop that includes lectures and mentorship on American artificial intelligence, business, and pitching, as well as regional in-person meetups for teams at American Corners.</span></li>
 <li><span style=""color: black;"">Pitching sessions at the four American Corner locations, based on each team’s closest region, to select up to 10 teams for the next phase.</span></li>
 <li><span style=""color: black;"">A three-day, two-night AI Camp for the selected 10 teams, featuring hands-on training from American AI experts using the American AI Stack.</span></li>
 <li><span style=""color: black;"">Project development support for up to five top-performing teams, with support of up to $6,000 per team.&nbsp;Project development support may include subscriptions to U.S. AI application programming interfaces or other U.S. AI technology, technology subscriptions including data storage, or other necessary expenses to develop a fully functioning AI-powered prototype product. </span></li>
 <li><span style=""color: black;"">Continued mentorship and support from accelerators and local AI industry leaders for up to six months to help the selected teams develop their projects.</span></li>
 <li><span style=""color: black;"">A final Demo Day at American Diplomacy House to showcase team outcomes.</span></li>
 <li><span style=""color: black;"">Follow-on debriefing sessions at all four American Corner locations, where the five selected teams share their final products or proposals.</span></li>
 <li>A robust media and outreach plan using the program’s outcomes to highlight the opportunities American AI can unleash for local entrepreneurs.&nbsp;</li>
</ul>
<p><strong style=""color: windowtext;""><em>&nbsp;</em></strong></p>
<p><strong style=""color: black;"">Monitoring and Evaluation (M&amp;E)</strong></p>
<p>Applicants should clearly define expected outputs and outcomes and include a plan for monitoring and evaluation. Proposals should identify:</p>
<p><strong style=""color: black;"">&nbsp;</strong></p>
<ul>
 <li>Performance indicators, such as the number of teams recruited, number of participants trained, number of regional meetups held, number of teams completing the five-week training, number of teams selected for AI Camp, number of mentorship sessions delivered, number of teams receiving project development support, Demo Day attendance, media reach, number of teams launching viable products, increased public awareness of American AI and business culture, and participant feedback.</li>
 <li>Targets and, where appropriate, baseline data</li>
 <li>Data collection methods, such as application records, attendance records, participant surveys, mentor feedback, pitch evaluation forms, project progress reports, event records, interviews, and digital analytics.</li>
 <li>Methods for assessing whether participants improved their understanding of U.S. AI applications, strengthened their business or pitching skills, advanced their project concepts, expanded professional networks, or applied U.S. technical expertise and business practices to their startup ideas.</li>
</ul>
<p><br></p>
<p><br></p>
<p><span style=""color: black;"">All application materials must be submitted by email to </span><strong style=""color: black;"">SeoulPDGrants@state.gov</strong></p>
<p><br></p>
<p><strong style=""color: rgb(51, 51, 51);"">&nbsp;</strong></p>"
"d7411a32-fc22-4455-b33e-9cde49981bc4","20-544","Expeditions in Computing","posted","NSF","discretionary","","2020-02-14","2027-03-31","InTrans","2027-04-30","False","4","60000000","15000000","","http://www.nsf.gov/publications/pub_summ.jsp?ods_key=nsf20544","NSF Publication 20-544","47.070|Computer and Information Science and Engineering","grant","science_technology_and_other_research_and_development","","other","*Who May Submit Proposals: Proposals may only be submitted by the following:
  -
Institutions of Higher Education (IHEs)accredited in, and having a campus located in the U.S.,with undergraduate, masters, and doctoral programs in computer and information science and engineering fields may submit proposals as lead or collaborative institutions. Subawardees may include two-and four-year U.S. IHEs,non-profit non-academic organizationssuch as independent museums, institutes, observatories, professional societies and similar organizations located in the U.S. that are directly associated with education or research activities in the computer and information science and engineering fields. Other organizations such as national laboratories, for-profit organizations and organizations in other countries may participate in the proposed activities if they have independent sources of support; they will not be supported by NSF.","U.S. National Science Foundation","U.S. National Science Foundation","NSF grants.gov support
grantsgovsupport@nsf.gov","grantsgovsupport@nsf.gov","If you have any problems linking to this funding announcement, please contact the email address above.","False","","","","","","","","","https://simpler.grants.gov/opportunity/d7411a32-fc22-4455-b33e-9cde49981bc4","The far-reaching impact and rate of innovation in the computer and information science and engineering &#64257;elds has been remarkable, generating economic prosperity and enhancing the quality of life for people throughout the world.


More than a decade ago, the National Science Foundation&rsquo;s (NSF) Directorate for Computer and Information Science and Engineering (CISE) established the Expeditions in Computing (Expeditions) program to build on past successes and provide the CISE research and education community with the opportunity to pursue ambitious, fundamental research agendas that promise to de&#64257;ne the future of computing and information.


In planning Expeditions projects, investigators are strongly encouraged to come together within or across departments or institutions to combine their creative talents in the identi&#64257;cation of compelling, transformative research agendas that look ahead by at least a decade and promise disruptive innovations in computer and information science and engineering for many years to come.


Now funded at levels up to $15,000,000 for seven years, Expeditions projects represent some of the largest single investments currently made by the CISE directorate. Together with the Science and Technology Centers and the National Artificial Intelligence Research Institutes that CISE supports, Expeditions projects form the centerpiece of the directorate's center-scale award portfolio. With awards funded at levels that promote the formation of large research teams, CISE recognizes that concurrent research advances in multiple &#64257;elds or sub-&#64257;elds are often necessary to stimulate deep and enduring outcomes. The awards made in this program will complement research areas supported by other CISE programs, which target particular computer and information science and engineering &#64257;elds.


Additionally, CISE offers Innovation Transition (InTrans) awards for teams nearing the end of their Expeditions as well as Secure and Trustworthy Cyberspace (SaTC) and Cyber-Physical Systems (CPS) Frontier projects. The goal of InTransis to continue the long-term vision and objectives of CISE&rsquo;s center-scale projects. Through InTrans awards, CISE will provide limited funds to match industry support."
"0ed61141-8089-4009-9f03-ef6003796438","PDS-NEWZEALAND-2026-02","U.S. Mission Public Diplomacy  Grants Program – Cook Islands & Niue","posted","DOS-NZL","mandatory","","2026-04-22","2026-07-15","","2026-08-14","False","5","350000","10000","50000","","","19.040|Public Diplomacy Programs","cooperative_agreement;grant","business_and_commerce;disaster_prevention_and_relief;education;energy_infrastructure_and_critical_mineral_and_materials;humanities;natural_resources;regional_development;science_technology_and_other_research_and_development","","nonprofits_non_higher_education_without_501c3;public_and_state_institutions_of_higher_education;private_institutions_of_higher_education;nonprofits_non_higher_education_with_501c3","","U.S. Mission to New Zealand","Department of State","Tracey Zemanek
Resource Management Specialist
Phone 6444626122","publicaffairsusnz@state.gov","Public Affairs New Zealand","False","","","","","","","","","https://simpler.grants.gov/opportunity/0ed61141-8089-4009-9f03-ef6003796438","<p><span style=""color: black;"">The U.S. Department of State’s </span>U.S. Mission New Zealand announces <span style=""color: black;"">an open competition to implement a program to advance U.S.-Cook Islands and U.S.-Niue maritime cooperation, economic and cultural ties. The program is intended to support local solutions and build local capacity to:&nbsp;</span></p>
<p><br></p>
<p><span style=""color: black;"">1.&nbsp;&nbsp;&nbsp;&nbsp;&nbsp;Increase economic linkages with the United States</span></p>
<p><span style=""color: black;"">2.&nbsp;&nbsp;&nbsp;&nbsp;&nbsp;Promote long-term economic prosperity through natural resource management</span></p>
<p><span style=""color: black;"">3.&nbsp;&nbsp;&nbsp;&nbsp;&nbsp;Reduce threats against the United States and the Pacific region. </span></p>
<p><br></p>
<p><span style=""color: black;"">Projects are encouraged to include a plan to build capacity and technical expertise among local communities and organizations. </span></p>
<p><br></p>
<p><span style=""color: black;"">Projects may address one or more of the following areas, but are not strictly limited to the following topics:</span></p>
<p><span style=""color: black;"">·&nbsp;&nbsp;&nbsp;&nbsp;&nbsp;&nbsp;&nbsp;&nbsp;Increasing economic linkages with the United States through exchange, education, work, and trade promotion programs;</span></p>
<p><span style=""color: black;"">·&nbsp;&nbsp;&nbsp;&nbsp;&nbsp;&nbsp;&nbsp;&nbsp;Promoting long-term prosperity by incorporating best practices for natural resource management;</span></p>
<p><span style=""color: black;"">·&nbsp;&nbsp;&nbsp;&nbsp;&nbsp;&nbsp;&nbsp;&nbsp;Advancing U.S.-Cook Islands and U.S.-Niue cooperation </span>to enhance safety, especially in digital media, information technology, emergency preparedness, artificial intelligence, maritime, health, and other related sectors.<span style=""color: black;""> </span></p>
<p><br></p>
<p><span style=""color: black;"">Projects may propose activities targeted through this solicitation in the following countries: Cook Islands and Niue.</span></p>"
"9fd0428f-6476-4c55-815e-af0e963ca605","PD-26-370Y","Engineering Environmental Resiliency (EER)","posted","NSF","discretionary","","2026-04-24","","Proposals accepted anytime","","False","","","","","http://www.nsf.gov/funding/pgm_summ.jsp?pims_id=506549","NSF Program Desccription PD-26-370Y","47.041|Engineering","grant","science_technology_and_other_research_and_development","","unrestricted","","U.S. National Science Foundation","U.S. National Science Foundation","NSF grants.gov support
grantsgovsupport@nsf.gov","grantsgovsupport@nsf.gov","If you have any problems linking to this funding announcement, please contact the email address above.","False","","","","","","","","","https://simpler.grants.gov/opportunity/9fd0428f-6476-4c55-815e-af0e963ca605","The Engineering Environmental Resiliency (EER) program supports fundamental research to advance resource and energy conservation and recovery, and to safeguard the natural environment and human health. Better use of domestic resources will help make U.S. manufacturing and energy systems more resilient and secure. EER projects advance artificial intelligence; biotechnology; quantum science and engineering; nanoengineering; microelectronics; and other national priorities.


EER supports research that transforms biotechnology and manufacturing to create domestic sources of energy; engineered chemical, biological, and/or geo-physical processes may be involved. The program supports studies on the sustainability of benign manufacturing. EER supports the development of innovative technologies that minimize or re-use waste discharges to soil, water, and air by closing resource loops. EER also supports research on sustainable recycling and management of waste materials and critical minerals. EER supports studies on life cycle assessment, materials flow analysis, and AI modeling to advance the circular economy.


EER research encompasses the chemistry, biochemistry, transport, and fate of nutrients and contaminants of emerging&#8239;concern in air, water, soil, and sediments. It also includes the biochemical reactivity of pollutants in the built environment. EER welcomes ideas that grow fundamental and quantitative understanding of how nanomaterials and nanosystems interact with biological and environmental media. The program also supports research on engineered systems that safeguard health and quality of life through the accurate detection of and rapid response to pathogens and toxins in water, soil and air.


Proposals with a main goal of understanding earth systems are more appropriate for the NSF Directorate for Geosciences.&#8239;Proposals that focus on human behavior or social responses to environmental issues are a better fit for the NSF Directorate for Social, Behavioral and Economic Sciences.&#8239;&#8239;


Partnerships: To speed discovery and innovation, NSF partners with federal agencies, industry, international groups, and others. Current opportunities are at <a href=""https://www.nsf.gov/eng/partnerships"">NSF ENG Partnerships.</a>"
"75cd511d-4b7f-4837-9cfd-1c35ae5b2dc5","24-562","Centers of Research Excellence in Science and Technology - Research Infrastructure for Science and Engineering","posted","NSF","discretionary","","2025-05-21","2026-08-07","","2034-09-03","False","9","6000000","100000","2000000","http://www.nsf.gov/publications/pub_summ.jsp?ods_key=nsf24562","NSF Publication 24-562","47.076|STEM Education (formerly Education and Human Resources)","grant","science_technology_and_other_research_and_development","","other","*Who May Submit Proposals: Proposals may only be submitted by the following:
  -
Minority Serving Institutions (see definition below) that are Emerging Research Institutions (ERIs) and offer master&rsquo;s or research doctoral degrees in NSF-supported STEM fields are eligible to submit. Emerging Research Institutionsare those that have less than $50,000,000 inresearchexpenditures per year as reported at <a href=""https://ncsesdata.nsf.gov/profiles/site?method=rankingBySource&amp;ds=herd"">https://ncsesdata.nsf.gov/profiles/site?method=rankingBySource&amp;ds=herd</a> in three of the last five years.


For this solicitation, MSIs are defined as institutions, at the time of proposal submission, that have enrollments of 50% or moreU.S. resident students (non-international) (based on total student enrollment) who are members of minority groups underrepresented among those holding advanced degrees in science and engineering fields. Proposals are also invited from institutions of higher education that meet the 50% enrollment criterion and primarily serve populations of students with disabilities. Eligibility may be determined by reference to the Integrated Postsecondary Education Data System (IPEDS) of the US Department of Education National Center for Education Statistics (<a href=""http://nces.ed.gov/ipeds/"">http://nces.ed.gov/ipeds/</a>).


*Who May Serve as PI:

CREST-RISE DPSI


The Principal Investigator (PI) must hold a full-time faculty appointment in an NSF-supported STEM discipline at the institution submitting the proposal.


CREST-RISE RAD


The PI must meet all the following eligibility requirements at the time of submission:

<ul>
<li>Be a full-time faculty member with the DPSI institution,</li>
<li>Have earned a doctoral degree no more than 10 years prior to the proposal submission date,</li>
<li>Be engaged in research in a STEM area supported by NSF and in alignment with the institution&rsquo;s active DPSI project,</li>
<li>Mentor or commit to mentor research doctoral students in the DPSI subject area,</li>
<li>Hold a position as an assistant professor (or equivalent),</li>
<li>Be untenured and on a tenure-track or tenure-track equivalent position, and</li>
<li>Have not previously received a RAD award. </li>
</ul>

Tenure-Track Equivalency &ndash; For a position to be considered a tenure-track-equivalent position, it must meet the following requirement:

<ul>
<li>the employee has a continuing appointment that is expected to last the five years of a RAD award</li>
</ul>

For tenure-track equivalent faculty, a Departmental Letter must affirm that the investigator&rsquo;s appointment is at an early-career level equivalent to pre-tenure status. Further, the Departmental Letter must clearly and convincingly demonstrate how the faculty member&rsquo;s appointment satisfies all the above requirements of tenure-track equivalency.


Faculty members who are associate professors, full professors, or have equivalent appointments with or without tenure/tenure-equivalency, are not eligibleto serve as PI for a RAD award.


Faculty members who hold Adjunct Faculty or equivalent appointments are not eligible to serve as PI for the RAD award.


Co-PIs are not permitted for a RAD proposal.


CREST-RISE E&amp;I


The PI must be a full-time faculty member at the requesting institution and must be mentoring DPSI supported research doctoral students from the institution&rsquo;s active DPSI award.","U.S. National Science Foundation","U.S. National Science Foundation","NSF grants.gov support
grantsgovsupport@nsf.gov","grantsgovsupport@nsf.gov","If you have any problems linking to this funding announcement, please contact the email address above.","False","","","","","","","","","https://simpler.grants.gov/opportunity/75cd511d-4b7f-4837-9cfd-1c35ae5b2dc5","The Centers of Research Excellence in Science and Technology (CREST) program provides support to enhance the research capabilities of minority-serving institutions (MSIs) as defined in this solicitation&rsquo;s Eligibility section, through effective integration of education and research. The CREST program, composed of the CREST Centers, the CREST Postdoctoral Research Program, and the projects supported by this CREST-RISE solicitation, promotes the development of new knowledge, enhancements of the research productivity of individual faculty and postdoctoral scholars, and an expanded presence of research doctoral students in science, technology, engineering, and mathematics (STEM) disciplines, especially those from underrepresented groups.


CREST-RISE is the component of the CREST program that supports the expansion of institutional research capacity by increasing the strength of institutional graduate programs and the successful production of research doctoral students, especially those from groups underrepresented in STEM.


The CREST-RISE component supports STEM research doctoral programs in all NSF supported areas and encourages proposals in areas of national interest, such as artificial intelligence, data science and analytics; advanced materials, manufacturing, robotics; cybersecurity; plant genetics/agricultural technologies; quantum information sciences; nanotechnology, semiconductors/microelectronics technologies; climate change and clean energy.


CREST-RISE projects must have a direct connection to the long-term plans of the host department(s) and the institution&rsquo;s strategic plan and mission. Project plans should emphasize activities designed to increase the production of research doctoral students, especially those underrepresented in STEM as well as expand institutional research capacity.


The goals of CREST-RISE are to increase: 1) the number of STEM research doctoral programs at MSIs (as defined in the Eligibility section), 2) the number of STEM research doctoral students graduating from MSIs, especially those from groups underrepresented in STEM, and 3) institutional research capacity to increase doctoral students&rsquo; graduation rates.To achieve these goals, the CREST-RISE program includes three tracks as follows:

<ul>
<li>CREST-RISE STEM Doctoral Programs Support Initiative (CREST-RISE DPSI)</li>
<li>CREST-RISE Research Advancement and Development (CREST-RISE RAD)</li>
<li>CREST-RISE Equipment &amp; Instrumentation (CREST-RISE E&amp;I)</li>
</ul>"
"afb03ca4-ddb4-4fee-8813-c19520fb09ab","NOT-HD-25-008","Notice of Intent to Publish a Funding Opportunity Announcement for Impact of Technology and Digital Media Exposure Usage on Child and Adolescent Development","forecasted","HHS-NIH11","discretionary","","2025-06-25","","","","False","","3000000","","","","","93.865|Child Health and Human Development Extramural Research","grant","health","","other_native_american_tribal_organizations;independent_school_districts;federally_recognized_native_american_tribal_governments;small_businesses;county_governments;for_profit_organizations_other_than_small_businesses;nonprofits_non_higher_education_with_501c3;public_and_state_institutions_of_higher_education;private_institutions_of_higher_education;public_and_indian_housing_authorities;state_governments","Foreign components, as defined in the NIH Grants Policy Statement, are allowed.","National Institutes of Health","Department of Health and Human Services","Brett Miller, Ph.D.
Eunice Kennedy Shriver National Institute of Child Health and Human Development (NICHD)
301-496-9849","brett.miller@nih.gov","brett.miller@nih.gov","True","2026-03-01","2026-06-30","","2027-04-01","2027-04-01","2027","","","https://simpler.grants.gov/opportunity/afb03ca4-ddb4-4fee-8813-c19520fb09ab","<p><span style=""color: rgb(51, 51, 51);"">The&nbsp;</span><em style=""color: rgb(51, 51, 51);"">Eunice Kennedy Shriver</em><span style=""color: rgb(51, 51, 51);"">&nbsp;National Institute of Child Health and Human Development (NICHD) intends to publish a Notice of Funding Opportunity (NOFO) to solicit applications for research on the impact of technology and digital media on children and adolescents. Technology and digital media (TDM) encompasses social media, applications, websites, television, motion pictures, artificial intelligence, mobile devices, computers, video games, virtual and augmented reality, and other content, networks, or platforms disseminated through the internet, broadcasted, or other media technologies, as applicable. Collectively, they have become an integral part of our children’s and families’ daily lives. Most children and adolescents now engage with TDM starting from an early age, often with high levels of exposure across multiple devices and contexts and involving a wide range of content. There is therefore an urgent need to understand how TDM use and exposure impacts children’s health and development, as well as how it alters the very nature of interactions between children and their family members, peers, and society at large. As TDM has evolved with breathtaking speed, our understanding of its impacts – whether positive, neutral, or negative – on children’s health and development has not kept pace. This initiative intends to address this expanding gap by inviting research proposals on the impact of TDM on children and adolescents, including potential broader effects on their families and communities. Please note that applications are not being solicited at this time</span><strong style=""color: rgb(51, 51, 51);"">.</strong><span style=""color: rgb(51, 51, 51);"">&nbsp;This notice is being provided to allow potential applicants sufficient time to develop meaningful collaborations and responsive projects. This NOFO will utilize a phased R61/R33 mechanism. Investigators with interests at the intersection of TDM and child/adolescent development are encouraged to apply. In addition, collaborative teams that combine expertise across domains such as behavioral sciences, cognition and learning, computational and statistical modeling, computer science, geographic information science, library and information sciences, neurodevelopment, pediatrics, social and affective development and social sciences will be encouraged, and these investigators should also consider applying for this opportunity.</span></p>"
"e9a0e3f2-91dc-4c48-925e-93ecc7f881f3","PD-26-366Y","Transport Phenomena (TP)","posted","NSF","discretionary","","2026-04-24","","Proposals accepted anytime","","False","","","","","http://www.nsf.gov/funding/pgm_summ.jsp?pims_id=506550","NSF Program Desccription PD-26-366Y","47.041|Engineering","grant","science_technology_and_other_research_and_development","","unrestricted","","U.S. National Science Foundation","U.S. National Science Foundation","NSF grants.gov support
grantsgovsupport@nsf.gov","grantsgovsupport@nsf.gov","If you have any problems linking to this funding announcement, please contact the email address above.","False","","","","","","","","","https://simpler.grants.gov/opportunity/e9a0e3f2-91dc-4c48-925e-93ecc7f881f3","The Transport Phenomena (TP) program supports fundamental research to understand, model, and control the transport of mass, momentum, energy, and species across multiple scales. Innovative TP research supports advances in artificial intelligence; manufacturing; biotechnology; microelectronics; energy generation, extraction, and utilization; nuclear energy; quantum science and engineering; and other national priorities.


TP projects involve experiments, theory, and/or computational modeling. They aim to improve understanding and to create novel analytical techniques. While projects focus on fundamental principles, they also have a clear vision of how research outcomes will benefit applications in engineering.


TP supports research on the dynamics of single- and multiphase systems. Special interests include flow separation, transition to turbulence, drag reduction, cavitation, instabilities, and reactive flows. The program encourages research on the connection between dynamics at the microscale and material and flow properties at the macroscale. Fluids of interest include liquids, gases, suspensions, emulsions, granular materials, active fluids, biological fluids, colloids, aerosols, bubbles and drops, and fluids with surfactants.


TP supports research on physicochemical phenomena at the interfaces between fluids and between fluids and solids. These phenomena include adsorption and desorption of nanoparticles and surfactants; bulk and interfacial rheology; wetting and capillarity phenomena; electrokinetics; flow in porous media; and directed and self-assembly of particles.


TP supports research on thermodynamics and thermal transport involving conduction, diffusion, convection, phase transition, and radiation. Research may be across scales, in complex structures and at interfaces, in microelectronic devices, and in biological systems. Projects involving phonon transport and quantum thermal phenomena are welcome.


TP encourages proposals focused on combustion of gas, liquid and solid fuels. Combustion topics of interest include chemical kinetic modeling, turbulence-chemistry interactions, detonations, plasma assisted reacting flows, sustainable fuels, mechanisms for pollutant control, and in-situ diagnostic methods. The program also supports research on wildland fire behavior that aims to prevent wildfire spread, inhibit its growth, and/or predict and mitigate fires at the wildland-urban interface.


Partnerships: To speed discovery and innovation, NSF partners with federal agencies, industry, international groups, and others. Current opportunities are at <a href=""https://www.nsf.gov/eng/partnerships"">NSF ENG Partnerships.</a>"
"0228b895-9cb3-4160-8acc-58709e75c3c7","DE-FOA-0003612","The Genesis Mission:  Transforming Science and Energy with AI","posted","PAMS-SC","discretionary","","2026-03-17","2026-12-17","","2027-03-17","True","","293760000","500000","16000000","","","81.049|Office of Science Financial Assistance Program","other","science_technology_and_other_research_and_development","","unrestricted","","Office of Science","Department of Energy - Office of Science","GenesisMissionNOFO@science.doe.gov","GenesisMissionNOFO@science.doe.gov","GenesisMissionNOFO@science.doe.gov","False","","","","","","","","","https://simpler.grants.gov/opportunity/0228b895-9cb3-4160-8acc-58709e75c3c7","<p><span style=""color: black;"">The DOE Office of Science (SC), Office of Critical Minerals and Energy Innovation (CMEI), Office of Environmental Management (EM), Office of Nuclear Energy (NE), Office of Electricity (OE), and Hydrocarbons and Geothermal Office (HGEO) hereby announce interest in receiving applications from interdisciplinary teams addressing the </span><a href=""https://www.energy.gov/documents/genesis-mission-science-and-technology-challenges?utm_medium=email&amp;utm_source=govdelivery"" target=""_blank"">Genesis Mission National Science and Technology Challenges</a><span style=""color: black;""> to accelerate scientific discovery and research and development (R&amp;D) workflows using novel artificial intelligence (AI) models and frameworks.&nbsp;By achieving AI advantage, these teams will advance the DOE's mission and ensure America’s security and prosperity by addressing energy, environmental, and nuclear challenges through science and technology.&nbsp;Teams are encouraged to leverage the extensive scientific and data resources of the DOE/National Nuclear Security Administration (NNSA), the National Laboratories, U.S. industry, and academia.&nbsp;The resulting AI models and workflows, if successful, may be integrated into the American Science Cloud.</span></p> 
<p><span style=""color: black;"">&nbsp;</span></p> 
<p><span style=""color: black;"">DOE is soliciting new FY26 Phase I small team and Phase II large team applications in the following topic areas:&nbsp;advanced manufacturing, biotechnology, critical materials, nuclear fission, nuclear fusion, quantum information science, semiconductors and microelectronics, discovery science, and energy (see specific focus areas in </span>Section III<span style=""color: black;""> Program Descriptions).</span></p> 
<p><span style=""color: black;"">&nbsp;</span></p> 
<p><span style=""color: black;"">In addition, this RFA will remain available to allow the recipients of FY26 Phase I awards to apply for larger team Phase II awards.&nbsp;In a few weeks, DOE plans to amend the RFA to clarify the LOI and application guidelines for FY26 Phase II awards.&nbsp;In FY27, DOE plans to amend the RFA or to issue an alternative funding opportunity to update the topic and focus areas to allow a second competition of Phase I small team applications and Phase II large team applications.</span></p>"
"dcb86aff-3958-472f-862b-87135c1a5316","AMERICANSPACESCYBERNEXT-2026","CyberNext: Advance Cybersecurity and AI Readiness","forecasted","DOS-ALB","other","American Spaces approved programs","2026-06-05","","","","False","1","14000","5000","14000","","","19.441|ECA – American Spaces","other","humanities","","other","1.	Eligible ApplicantsThe following organizations are eligible to apply: •	Not-for-profit U.S. and Albanian organizations, including think tanks and civil society/non-governmental organizations •	U.S. and Albanian Individuals For-profit entities, even those that may fall into the categories listed above, are not eligible to apply for this NOFO.  Organizations may sub-contract with other entities, but only one, non-profit, non-governmental entity can be the prime recipient of the award.  When sub-contracting with other entities, the responsibilities of each entity must be clearly defined in the proposal.  For more information on the difference between sub-contract and sub-recipient, please refer to 2 CFR 200.331. 2.	Cost Sharing or MatchingCost sharing or matching is encouraged but not required for this funding opportunity.    3.	Other Eligibility RequirementsAll organizations must have a Unique Entity Identifier (UEI) issued via SAM.gov as well as a valid registration in SAM.gov.  Please see Section E.3 for more information.  Individuals are not required to have a UEI or be registered in SAM.gov.","U.S. Mission to Albania","Department of State","Public Affairs Section, US Embassy, Tirana
00355247285","tiranapdresources@state.gov","tiranapdresources@state.gov","True","2026-06-05","2026-07-05","","2026-10-01","","2026","","","https://simpler.grants.gov/opportunity/dcb86aff-3958-472f-862b-87135c1a5316","<strong style=""color: windowtext;""><em>1.&nbsp;&nbsp;Project Background, Goals, and Objectives</em></strong> 
<p><br></p> 
<p><span style=""color: black;"">Albania has experienced multiple cyberattacks in recent years, placing increasingly digital government services and critical institutions at significant risk.&nbsp;While Albania is actively embracing AI, substantial skill gaps remain – gaps that American expertise is uniquely positioned to address.&nbsp;The “CyberNext:&nbsp;Advanced Cybersecurity and AI Readiness” program strengthens Albania’s cybersecurity and AI capabilities by leveraging U.S. technology, standards, and expertise.&nbsp;The program moves beyond basic awareness to build practical skills, improve resilience against digital threats, and deepen understanding of U.S. leadership in technological innovation.</span></p> 
<p>&nbsp;</p> 
<p><span style=""color: black;"">This initiative builds on previous American Corners programming in cybersecurity and AI that established a cohort of young people with baseline knowledge and awareness.&nbsp;It complements ongoing U.S. Embassy efforts to strengthen Albania's cyber resilience and digital infrastructure in alignment with American technology standards.&nbsp;The program creates a foundation for sustained engagement with Albanian youth and professionals who will shape the country’s digital future.</span></p> 
<p>&nbsp;</p> 
<p><span style=""color: black;"">The program advances key U.S. policy objectives by promoting American leadership in AI and cybersecurity, thereby defending digital openness and protecting space for open and authentic communication in the digital sphere.&nbsp;It equips Albanian professionals with skills and knowledge essential to shared security responsibilities, strengthening their capacity to contribute to regional stability, protects American interests abroad, consistent with the America First foreign policy that prioritizes building capable Allies and defending critical infrastructure against shared threats.</span></p> 
<p>&nbsp;</p> 
<p><span style=""color: black;"">All activities must demonstrate strong linkages to U.S. expertise, technology, and best practices in cybersecurity and artificial intelligence.&nbsp;Proposals should clearly articulate how these connections advance program objectives while serving U.S. interests in regional security and digital infrastructure development.&nbsp;The program must reaffirm its core purpose: equip Albanian audiences with cybersecurity and AI capabilities through results-focused engagement that produces measurable changes in the attitudes and behaviors of young cybersecurity professionals.</span></p>"
"7a4a9822-f39f-464d-8a1d-d941afaebcdf","RFA-AG-27-005","The NIA Genetics of Alzheimer's Disease Data Storage Site (NIAGADS)","forecasted","HHS-NIH11","discretionary","","2026-05-18","","","","False","","","","","","","93.866|Aging Research","cooperative_agreement","health","","nonprofits_non_higher_education_without_501c3;small_businesses;independent_school_districts;nonprofits_non_higher_education_with_501c3;special_district_governments;federally_recognized_native_american_tribal_governments;public_and_state_institutions_of_higher_education;other_native_american_tribal_organizations;public_and_indian_housing_authorities;for_profit_organizations_other_than_small_businesses;private_institutions_of_higher_education;city_or_township_governments;other;county_governments;state_governments","Other Eligible ApplicantsIndian/Native American Tribal Governments (Other than Federally Recognized);Eligible Agencies of the Federal Government;U.S. Territory or Possession;Faith-based or Community-based Organizations;Regional Organizations;Non-domestic (non-U.S.) Entities (Foreign Institutions).","National Institutes of Health","Department of Health and Human Services","NIA Scientific Contact
Please contact via e-mail.","NIA-NOFO-Scientific@nih.gov","Subject Line: RFA-AG-27-005","True","2026-09-01","2026-11-01","","2027-07-31","2027-07-31","2027","","","https://simpler.grants.gov/opportunity/7a4a9822-f39f-464d-8a1d-d941afaebcdf","<p>The National Institute on Aging (NIA) intends to publish a Notice of Funding Opportunity (NOFO) to solicit applications to develop, operate, and sustain a cloud-based data storage and computing platform that democratizes access to large-scale Alzheimer’s disease (AD) and AD-related dementias (ADRD) genetic and genomic data. The platform must be secure, scalable, and interoperable. The platform will support the NIA Genetics of Alzheimer's Disease Data Storage Site (NIAGADS), the primary NIA-supported repository for the archiving and distribution of human genetic data related to AD/ADRD. The purpose of the platform will be to:</p><ul style=""list-style-type:disc;""><li>Enable efficient ingestion, curation, harmonization, and analysis of multi-ancestry, large population-scale datasets;</li><li>Provide robust analysis, visualization, and artificial intelligence -ready resources within secure cloud workspaces;</li><li>Ensure compliance with federal security and data-sharing policies;</li><li>Promote interoperability with other NIH- and NIA-supported repositories; and</li><li>Provide user support, training, and community engagement.</li></ul><p>The NOFO aims to foster collaboration, accelerate discovery, and maximize the scientific value and impact of AD/ADRD genetics research for the broader research community.</p><p>By improving data accessibility, interoperability, reporting, reproducibility, and scalable computational systems that enable rigorous, reproducible, and transparent research, the NOFO seeks to align with the <a href=""https://www.nih.gov/sites/default/files/2025-08/2025-gss.pdf"">NIH’s plan for Gold Standard Science</a> and the <a href=""https://www.nia.nih.gov/research/milestones"">AD/ADRD Research Implementation Milestones</a>. Additionally, the NOFO seeks to address the Academies of Sciences, Engineering, and Medicine's <a href=""https://gcc02.safelinks.protection.outlook.com/?url=https%3A%2F%2Fwww.nationalacademies.org%2Fprojects%2FHMD-HSP-23-04&amp;data=05%7C02%7CNIAGuideLiaisons%40mail.nih.gov%7C4e74d43150a140c3186f08de54698b1b%7C14b77578977342d58507251ca2dc2b06%7C0%7C0%7C639041009444697391%7CUnknown%7CTWFpbGZsb3d8eyJFbXB0eU1hcGkiOnRydWUsIlYiOiIwLjAuMDAwMCIsIlAiOiJXaW4zMiIsIkFOIjoiTWFpbCIsIldUIjoyfQ%3D%3D%7C0%7C%7C%7C&amp;sdata=ECz8F2GZPWhMElFXijLVLVeaX9pOsvd7kiu1MxCsmh0%3D&amp;reserved=0"">recommendation</a> of ensuring broad, secure access to high-value datasets and enhancing data usability to maximize the return on research investments and support future discoveries in AD/ADRD. Moreover, the NOFO intends to directly advance <a href=""https://www.nia.nih.gov/sites/default/files/2020-05/nia-strategic-directions-2020-2025.pdf"">NIA’s Strategic Directions</a>, particularly Goal G to support the infrastructure and resources necessary for high-quality research, by strengthening data sharing, computational infrastructure, and research rigor across the AD/ADRD community.</p><p>The NOFO intends to utilize the U24 activity code.</p><p>Applications are not being solicited at this time. This notice is being provided to allow potential applicants sufficient time to develop meaningful collaborations and responsive projects.&nbsp;</p>"
"784061fc-117e-409f-8b41-257a59662972","PAS-JAKARTA-FY26-05","Creative Industries Film Lab and Residency - American Film Showcase 2026","posted","DOS-IDN","discretionary","","2026-06-24","2026-08-07","","2026-08-08","False","1","35000","25000","35000","","","19.040|Public Diplomacy Programs","cooperative_agreement","arts","","other","Eligible ApplicantsThe following organizations are eligible to apply:• Not-for-profit organizations, including think tanks and civil society/non-governmental organizations• Public and private educational institutions• Alumni associations• IndividualsFor-profit entities, even those that may fall into the categories listed above, are not eligible to apply for this NOFO","U.S. Mission to Indonesia","Department of State","Grantor
Phone 622150831000","JakartaPASGrants@state.gov","Jakarta PAS Grants","False","","","","","","","","","https://simpler.grants.gov/opportunity/784061fc-117e-409f-8b41-257a59662972","<p>Project Background, Goals, and Objectives</p><p><br></p><p>The Creative Industries Film Lab and Residency – American Film Showcase 2026 is a five-day public diplomacy program aligned with the American Film Showcase 2026 Envoy visit and scheduled during the Jogja-NETPAC Asian Film Festival Market 2026. The program includes two main components: Exhibition Booth: In partnership with Jogja-NETPAC, the program will secure and construct an 81m² (9m x 9m) professionally designed, interactive exhibition booth featuring American Film Showcase and Freedom 250 branding. The booth will showcase American film, U.S. technological innovation, American contributions to cinematic arts, and U.S. companies and industry standards. It will serve as the primary platform for the American Film Showcase Envoy’s public engagement, hosting expert-led panel discussions on topics including American film, digital freedom, intellectual property rights, and artificial intelligence. Residency participants may join the Envoy in the booth as panelists or demonstrators, amplifying the reach and impact of U.S.-led training. The booth may also showcase U.S. companies, technology, and innovation, and host expert-led panel discussions on topics such as American Film, digital freedom, intellectual property rights, and artificial intelligence with local and U.S. film professionals. Film Residency: The residency will bring together 30 emerging and mid-career Indonesian filmmakers for immersive, hands-on training and an American Film envoy in cinematography, directing, production design, and American technology and standards, while facilitating industry knowledge exchange through expert-led panels, production company visits, networking sessions, and university engagements. This initiative advances a strategic opportunity to deepen U.S.-Indonesia diplomacy and economic prosperity at a moment when Indonesia’s Creative Economy Ministry has identified the United States as a priority partner for its national creative ecosystem and expanding the creative economy is a part of the bilateral Comprehensive Strategic Partnership. By advancing the Policy Diplomacy Strategic Plan Objective 2.1 — increasing foreign public understanding of American innovation, education, culture, and creativity — the program will build sustainable professional networks that position the United States and American technology as Indonesia's preeminent choice for creative economy development.</p><p><br></p><p>Project Audience(s):</p><p>• Primary: Emerging and mid-career Indonesian film professionals attending the festival, including cinematographers, production designers, sound designers, on-set crew, and emerging directors. Participants should be active practitioners positioned to immediately apply new skills, influence purchasing and production decisions, adopt American technology and industry practices, and serve as force multipliers between U.S. and Indonesian film communities.</p><p>• Secondary Audiences: Film students and faculty, production companies and studio executives, exhibitors, and media representatives present at the festival and potential commercial partners and users of American film-production technology, equipment, software, and services.</p><p><br></p><p>Project Goal: Establish the United States as Indonesia’s premier partner for creative economy development; showcase American excellence in cinematic arts, technology, and industry standards; strengthen business environments for U.S. film and creative economy companies and technology in Indonesia. Project Objectives:</p><p>• Objective 1: Increase Indonesian public understanding of American film contributions and innovation through a highly-visible, interactive exhibition booth and lab area featuring American Film Showcase and Freedom 250 branding at the Jogja-NETPAC Asian Film Festival Market 2026 (28–30 November 2026), resulting in engagement with at least 5,000 visitors, at least three media placements, and increased recognition of the United States as a global leader in film, technology, creativity, and entrepreneurship.</p><p>• Objective 2: Expand cross-sector film industry connections by hosting a VIP engagement event at the booth, resulting in at least 100 VIP guests — including government officials, industry leaders, and production company executives — and building sustainable networks between U.S. and Indonesian film communities.</p><p>• Objective 3: Strengthen the technical skills and professional capacity of 30 emerging Indonesian filmmakers through immersive, hands-on training in cinematography, directing, and production design, delivered by U.S. and local film experts. The training will equip participants to elevate production standards and innovation while increasing familiarity with American equipment, software, technology, safety practices, intellectual property protections, and commercially proven production methods. The program should encourage participants to view American products, expertise, and professional standards as their preferred choices for future productions.</p><p>• Objective 4: Foster direct connections between U.S. and Indonesian film professionals through expert-led panels, networking sessions, and university engagements, reinforcing association of the United States with innovation, trusted technology, and long-term economic opportunity so that the United States is understood to be Indonesia’s prime partner for creative economy development.</p><p><br></p><p>Substantial Involvement</p><p>The recipient organization will be responsible for day-to-day management and execution of the Creative Film Lab and Residency - American Film Showcase 2026, ensuring high-quality delivery in accordance with the approved proposal and cooperative agreement terms.</p><p><br></p><p>The recipient will:</p><p>• Lead overall project management and implementation.</p><p>• Develop and manage event agenda and logistics in coordination with the U.S. Embassy.</p><p>• Coordinate with the U.S. Embassy to secure booth space at the JAFF Market using available funding.</p><p>• Identify, recruit, and coordinate Indonesian speakers, moderators, and residency participants.</p><p>• Identify, recruit, and coordinate booth and design vendor for construction and dismantling.</p><p>• Design and implement communications and outreach strategies.</p><p>• Manage all financial aspects including budgeting, procurement, and financial reporting in compliance with U.S. government regulations.</p><p>• Establish and implement a monitoring and evaluation plan.</p><p>• Ensure compliance with all applicable U.S. government grant regulations, branding requirements, and reporting deadlines.</p><p>• Coordinate closely with the U.S. Embassy through regular updates and consultations.</p>"
"0d1c69f4-92c1-4a6b-bf70-2132c6f764ac","W911NF-20-S-0008","UNITED STATES MILITARY ACADEMY Broad Agency Announcement","posted","DOD-AMC","discretionary","","2020-04-01","2027-03-31","N/A","2027-04-30","False","","","","","","","12.431|Basic Scientific Research","cooperative_agreement;grant;other;procurement_contract","science_technology_and_other_research_and_development","N/A","other","Eligible applicants under this BAA include institutions of higher education, nonprofit organizations, state and local governments, foreign organizations, foreign public entities, and for-profit organizations (i.e. large and small businesses) for scientific, technology, engineering, mathematics, education, policy development, ethics, culture, history, and economic analyses projects and proposals. Whitepapers and proposals will be evaluated only if they are for novel study and experimentation directed toward advancing the state of the art or increasing basic knowledge and understanding. Whitepapers and proposals focused on specific devices or components are beyond the scope of this BAA.For foreign public entities or foreign organizations, see Section II.C.3.a below for further information. There is no restriction on the place of performance for awards issued under this BAA.","Dept of the Army -- Materiel Command","Department of Defense","Brandon S Hill
Contract-Grant Specialist
Phone 919-541-5532","brandon.s.hill24.civ@army.mil","Army POC","False","","","","","","","","","https://simpler.grants.gov/opportunity/0d1c69f4-92c1-4a6b-bf70-2132c6f764ac","<p>The U.S. Military Academy at West Point's mission is ""to educate, train, and inspire the Corps of Cadets so that each graduate is a commissioned leader of character committed to the values of Duty, Honor, Country and prepared for a career of professional excellence and service to the Nation as an officer in the United States Army."" The United States Military Academy is located at West Point, New York.&nbsp;USMA executes research to enhance the education of cadets, develop the faculty professionally, and address important issues facing the Army and the Nation.&nbsp;In addition, the Academy conducts research and analysis in emerging fields that may realize novel or vastly improved Army capabilities.&nbsp;</p><p><br></p><p>At West Point, research is organized and administered through centers and institutes, most of which reside within academic departments. These centers and institutes, affiliated with each other through the Academy Research Council (ARC), coordinated and supported by the Academic Research Division (ARD), provide the infrastructure necessary to tackle the nation’s and the world’s most challenging problems. Our research centers and institutes bring context to the classroom, are central to our vibrant and pioneering faculty, and are one way West Point connects to the Army and to the Nation.&nbsp;Our students are driven, our faculty is world-class, and through our centers, scholars and scientists thrive and produce their best work. Cadets regularly win Best Paper Awards at national and international graduate-level conferences, our faculty hold fellowships and chairmanships in their discipline's national organizations and our products are deployed to the soldier. In addition to applied research, there are centers and institutes at West Point that focus on other aspects of the USMA mission.</p><p><br></p><p>The USMA BAA identifies topics of interest to the USMA departments, directorates, and research centers and institutes.&nbsp;These groups focus on executing in-house research programs, with a significant emphasis on collaborative research with other organizations.&nbsp;The groups fund a modest amount of extramural research in certain specific areas, and those areas are described in this BAA.</p><p><br></p><p>The USMA BAA seeks proposals from institutions of higher education, nonprofit organizations, state and local governments, foreign organizations, foreign public entities, and for-profit organizations (i.e., large and small businesses) for research based on the following campaigns: Socio-Cultural; Information Technology; Ballistics, Weapons, and Protections; Energy and Sustainability; Materials, Measurements, and Facilities; Unmanned Systems and Space; Human Support Systems; and Artificial Intelligence, Machine Learning, and Quantum Technologies.</p><p><br></p><p>Proposals are sought for cutting-edge innovative research that could produce discoveries with a significant impact to enable new and improved Army technologies and related operational capabilities and related technologies. The specific research areas and topics of interest described in this document should be viewed as suggestive, rather than limiting.</p><p><br></p>"
"91454c48-930c-4d95-a0dd-8d71233d502b","PAS-TUNIS- APS FY2026","Annual Program Statement (APS) For Fiscal Year 2026","forecasted","DOS-TUN","discretionary","","2026-05-06","","","","False","6","","10000","200000","","","19.040|Public Diplomacy Programs","cooperative_agreement;grant","other","Public Diplomacy","other;nonprofits_non_higher_education_without_501c3;state_governments;private_institutions_of_higher_education;nonprofits_non_higher_education_with_501c3","•Not-for-profit organizations, including think tanks and civil society/non-governmental organizations;•Public and private educational institutions;•Non-profit or governmental educational institutions; •Governmental institutions; and•Individuals may also apply;","U.S. Mission to Tunisia","Department of State","Kaouthar Ben Mohamed
Grantor
0021671107266","benmohamedk@state.gov","PASTunisSmallGrants@state.gov","True","2026-05-06","2026-06-08","","","","2026","","","https://simpler.grants.gov/opportunity/91454c48-930c-4d95-a0dd-8d71233d502b","<p><span style=""color: black;"">The Public Diplomacy Section (PDS) at U.S. Embassy Tunis invites</span> results-oriented proposals for programs <span style=""color: black;"">that foster economic opportunities for U.S. businesses and investors, </span>innovation collaboration, <span style=""color: black;"">showcase American leadership and excellence in science, technology, culture,&nbsp;the arts, sports, education, and English language, and strengthen ties between the United States and Tunisia in ways that make America safer, stronger, and more prosperous as we commemorate the 250</span>th<span style=""color: black;""> anniversary of U.S. independence (2026) and 230 years of U.S.-Tunisian friendship (2027).&nbsp;</span></p> 
<p>All proposed programs must include an American element or a connection with American expert(s), organization(s), or institutions in ways that promote increased understanding of U.S. policies, perspectives, and society and/or celebrate U.S. culture and values.&nbsp;</p> 
<p>Proposals that include programming outside Greater Tunis or across multiple governorates and/or promote increased collaboration and networking among alumni of U.S. government programs are encouraged.</p> 
<p><u>Examples of possible PD small grant proposals include, but are not limited to: </u></p> 
<p>• Subject-matter expert, academic, and professional lectures, seminars, and speaker programs that include U.S. speakers/experts.</p> 
<p>• Programs that connect U.S. companies with Tunisian partners, suppliers, and market opportunities, facilitate business-to-business networking and investment matchmaking, prepare Tunisian startups and established businesses to meet U.S. market standards, enter U.S. markets, and partner with U.S. investors.</p> 
<p>• Sports diplomacy, culinary diplomacy, art exhibitions, film festivals, theater, musical theater, musical performances and master classes.</p> 
<p>• Cultural heritage conservation and preservation programs, including through use of new and immersive technologies, such as virtual reality (VR) or augmented reality (AR) technology.</p> 
<p>• U.S.-Tunisian University-industry partnerships, including with research or technology parks, that generate mutually beneficial commercialization projects or that create opportunities for U.S. companies in STEM fields and emerging technologies and innovation.</p> 
<p>• Hackathons, STEM or Maker Space camps/competitions, or other related hands-on activities that showcase American leadership and excellence in innovation and STEM fields, including but not limited to space exploration, technologies with beneficial applications to daily life developed as a result of NASA initiatives, or that foster target audiences’ artificial intelligence (AI) adoption and readiness.</p> 
<p>• University and cultural institution linkages programs that include but are not limited to development and implementation of a course, joint PhD advising, or joint degree program, or the design and teaching of a jointly-led course that includes virtual or in-person instruction from a U.S. professor/expert in fields outlined under Excellence in Education and English Teaching priority outlined in this APS.&nbsp;</p> 
<p>• English language programs, including but not limited to teacher training and programs that share innovative American English teaching methodologies, specialized English courses to improve business opportunities and innovation collaboration with U.S. companies, investors, U.S.-Tunisian university-industry partnerships, and foster economic self-reliance among target audiences.</p> 
<p>• Podcasts.</p> 
<p>• Professional and academic exchanges and programs.</p> 
<p><br></p> 
<p>(Note: This funding cannot be used to support construction-related activities. End note.)&nbsp;</p> 
<p><br></p> 
<p><strong>Priority Program Areas and Strategic Themes:&nbsp;&nbsp;</strong>Proposals&nbsp;must&nbsp;focus on&nbsp;one of the&nbsp;five&nbsp;priority areas outlined below:&nbsp;&nbsp;</p> 
<ul> 
 <li><strong>ECONOMIC PROSPERITY AND ENTREPRENEURSHIP:&nbsp;</strong>Initiatives that expand&nbsp;U.S.&nbsp;commercial&nbsp;and investment&nbsp;opportunities;&nbsp;strengthen&nbsp;U.S. ties&nbsp;with&nbsp;Tunisia’s&nbsp;entrepreneurship ecosystem;&nbsp;promote U.S. entrepreneurial values and practices;&nbsp;and/or&nbsp;share best practices of successful U.S. business partnerships, startups, and investors with the aim of&nbsp;creating&nbsp;economic opportunities for U.S. and Tunisian businesses and investors.&nbsp;&nbsp;</li> 
 <li><strong>CELEBRATING AMERICA’S 250thANNIVERSARY&nbsp;AND U.S.-TUNISIAN ENDURING PARTNERSHIP:&nbsp;&nbsp;</strong>Initiatives, including innovative, small-scale programming and programming at our American Corners,&nbsp;that:&nbsp;&nbsp;</li> 
</ul> 
<p>1) celebrate U.S. scientific&nbsp;breakthroughs,&nbsp;innovation, economic dynamism, sport prowess, agricultural strength, national parks,&nbsp;tourism,&nbsp;public service, freedom of speech or press, and other&nbsp;ideas&nbsp;and partnerships that shaped America’s development&nbsp;during the 250th&nbsp;anniversary year of U.S. Independence&nbsp;(2026)&nbsp;and&nbsp;in honor of&nbsp;the 230th anniversary year of the 1797 treaty of friendship between the U.S. and Tunisia&nbsp;(2027);&nbsp;&nbsp;</p> 
<p>2)&nbsp;showcase and share&nbsp;American excellence in visual and performing arts, music,&nbsp;theater, film, and&nbsp;cultural heritage protection, including&nbsp;through&nbsp;artistic and cultural workshops, performances, exhibitions, or other activities, including community service initiatives that bring together Americans and Tunisians&nbsp;during the 250th anniversary year of U.S.&nbsp;Independence&nbsp;(2026)&nbsp;and the 230th anniversary year of the 1797 treaty of friendship between the U.S. and Tunisia&nbsp;(2027);&nbsp;&nbsp;</p> 
<p>3)&nbsp;leverage&nbsp;people-to-people or institutional ties through sports or cultural diplomacy initiatives to&nbsp;increase the Tunisian public’s&nbsp;awareness and understanding of the history and benefits of the over two centuries of U.S.-Tunisian friendship, trade, and security cooperation.&nbsp;&nbsp;</p> 
<ul> 
 <li><strong>INNOVATION AND COLLABORATION IN SCIENCE AND TECHNOLOGY:&nbsp;</strong>Initiatives that&nbsp;encourage&nbsp;artificial intelligence&nbsp;(AI)&nbsp;adoption and&nbsp;readiness&nbsp;in Tunisia&nbsp;through use of U.S.&nbsp;AI platforms and&nbsp;technologies;&nbsp;raise awareness and promote&nbsp;collaboration on projects related to the 2027 solar eclipse;&nbsp;and&nbsp;expand U.S. ties&nbsp;to&nbsp;Tunisia’s&nbsp;innovation ecosystem&nbsp;through&nbsp;research&nbsp;collaboration&nbsp;and&nbsp;university-industry&nbsp;partnerships, including&nbsp;research&nbsp;and technology&nbsp;parks,&nbsp;to generate&nbsp;mutually beneficial commercialization projects&nbsp;that create&nbsp;opportunities for U.S. companies&nbsp;in STEM fields (science, technology, engineering, and mathematics), including&nbsp;but not limited to&nbsp;cybersecurity, space, energy, water security, food security, smart agriculture, health technology, and AI.&nbsp;&nbsp;</li> 
 <li><strong>MEGA DECADE OF SPORTS:&nbsp;</strong>Initiatives&nbsp;that leverage&nbsp;the&nbsp;U.S.-hosted&nbsp;2026 FIFA Men’s World Cup, 2028 Summer Olympics and Paralympics, and 2034 Winter Olympics and Paralympics, in ways that strengthen people-to-people&nbsp;ties between the United States and Tunisia, promote American values,&nbsp;and demonstrate&nbsp;U.S. economic strength,&nbsp;infrastructure, and&nbsp;excellence and leadership in sports and tourism.&nbsp;&nbsp;</li> 
 <li><strong>Excellence in EDUCATION AND ENGLISH TEACHING</strong>:&nbsp;Initiatives that&nbsp;showcase American leadership and excellence in education and&nbsp;English&nbsp;teaching in public or private institutions;&nbsp;provide&nbsp;specialized&nbsp;English&nbsp;courses&nbsp;to&nbsp;improve opportunities with U.S. companies/investors&nbsp;for target audiences; and&nbsp;foster&nbsp;innovative&nbsp;collaboration between U.S. and Tunisian higher education institutions&nbsp;to enhance Tunisian participants’ understanding of U.S. culture, values, history, and policies,&nbsp;including in&nbsp;American studies,&nbsp;culture, and literature,&nbsp;freedom of speech,&nbsp;the&nbsp;arts and creative industries (film, music, design thinking, and cultural entrepreneurship),&nbsp;cultural heritage preservation,&nbsp;tourism and hospitality, municipal management,&nbsp;water and/or waste management,&nbsp;urban design,&nbsp;and STEM fields.&nbsp;&nbsp;&nbsp;</li> 
 <li><br></li> 
</ul> 
<p><strong>Program and application details</strong>&nbsp;are available in the&nbsp;<a href=""https://tn.usembassy.gov/wp-content/uploads/sites/237/2026/04/PDS_TUNIS_APS-2026_2026-05-05_final.docx"" target=""_blank"" style=""color: rgb(0, 113, 188);"">TUNIS APS FY2026</a></p> 
<p><strong>Questions should be addressed to&nbsp;</strong><a href=""https://tn.usembassy.gov/notice-of-funding-opportunity-public-affairs-section-annual-program-statement-aps/PASTunisSmallGrants@state.gov"" target=""_blank"" style=""color: rgb(0, 113, 188);"">PASTunisSmallGrants@state.gov</a></p> 
<p><br></p>"
"8cdbfe4b-7ea9-49f8-9497-9dc2021866a3","24-564","IUSE/Professional Formation of Engineers:  Revolutionizing Engineering Departments","posted","NSF","discretionary","","2024-04-05","2026-09-08","Planning (Track 1), Adaptation & Implementation (Track 2), Innovation (Track 3), and Innovation Partnerships (Track 4) proposals; Planning (Track 1) proposals","2029-10-11","False","19","8000000","50000","2000000","http://www.nsf.gov/publications/pub_summ.jsp?ods_key=nsf24564","NSF Publication 24-564","47.076|STEM Education (formerly Education and Human Resources);47.041|Engineering","grant","science_technology_and_other_research_and_development","","other","*Who May Submit Proposals: Proposals may only be submitted by the following:
  -Institutions of Higher Education (IHEs): Two- and four-year IHEs (including community colleges) accredited in, and having a campus located in the US, acting on behalf of their faculty members. Special Instructions for International Branch Campuses of US IHEs: If the proposal includes funding to be provided to an international branch campus of a US institution of higher education (including through use of sub-awards and consultant arrangements), the proposer must explain the benefit(s) to the project of performance at the international branch campus, and justify why the project activities cannot be performed at the US campus.

*Who May Serve as PI:

For all tracks, the Principal Investigator (PI) must be a Department Chair/Head (or equivalent) of a department for whom a significant percentage of students will graduate or transfer to a program with a bachelor&rsquo;s degree in engineering or engineering technology. The PI must be empowered to provide leadership for the proposed change process. In cases where the institutional responsibilities of a Department Chair/Head do not enable them to support the degree of change being sought, a Dean, Provost, or other senior leader may serve as PI, provided they will be responsible for the active leadership of the RED project. The qualifications of the PI can be justified in the required letter from senior institutional leadership.


It is recommended that projects consider including individuals with expertise in (a) engineering education research and (b) organizational change on the leadership team.","U.S. National Science Foundation","U.S. National Science Foundation","NSF grants.gov support
grantsgovsupport@nsf.gov","grantsgovsupport@nsf.gov","If you have any problems linking to this funding announcement, please contact the email address above.","False","","","","","","","","","https://simpler.grants.gov/opportunity/8cdbfe4b-7ea9-49f8-9497-9dc2021866a3","Revolutionizing Engineering Departments (hereinafter referred to as RED) is designed to build upon previous efforts in engineering education research. Specifically, previous and ongoing evaluations of the NSF Engineering Education and Centers Division program and its predecessors, as well as those related programs in the Directorate for STEM Education, have shown that prior investments have significantly improved the first year of engineering students&rsquo; experiences, incorporating engineering material, active learning approaches, design instruction, and a broad introduction to professional skills and a sense of professional practice &ndash; giving students an idea of what it means to become an engineer. Similarly, the senior year has seen notable change through capstone design experiences, which ask students to synthesize the technical knowledge, skills, and abilities they have gained with professional capacities, using reflective judgment to make decisions and communicate these effectively. However, this ideal of the senior year has not yet been fully realized, because many of the competencies required in capstone design, or required of professional engineers, are only partially introduced in the first year and not carried forward with significant emphasis through the sophomore and junior years.


The Directorates for Engineering (ENG) and STEM Education (EDU) are funding projects as part of the RED program, in alignment with the Improving Undergraduate STEM Education (IUSE) framework and Professional Formation of Engineers (PFE) initiative. These projects are designing revolutionary new approaches to engineering education, ranging from changing the canon of engineering to fundamentally altering the way courses are structured to creating new departmental structures and educational collaborations with industry. A common thread across these projects is a focus on organizational and cultural change within the departments, involving students, faculty, staff, and industry in rethinking what it means to provide an engineering program.


In order to continue to catalyze revolutionary approaches, while expanding the reach of those that have proved efficacious in particular contexts, the RED program supports four tracks: RED Planning (Track 1), RED Adaptation and Implementation (Track 2), RED Innovation (Track 3), and RED Innovation Partnerships (Track 4). Two- and four-year institutions are encouraged to submit to any track as appropriate for their goals and context.


RED Planning (Track 1) projects will support capacity-building activities at institutions of special interest to NSF&rsquo;s mission, specifically two-year engineering-centered programs building transfer partnerships, two-year or four-year institutions in EPSCoR jurisdictions, Primarily Undergraduate Institutions (PUIs), and Institutions of Higher Education (IHEs)seeking to level the number of degrees acrossof the full spectrum of diverse talent in engineering. Planning projects should provide the support for such institutions to explore the development of a RED Projects in Tracks 2, 3, &amp; 4.


RED Adaptation and Implementation (Track 2) projects will adapt and implement evidence-based organizational change strategies and actions to the local context, which helps propagate this transformation of undergraduate engineering education.


RED Innovation (Track 3) projects will develop new, revolutionary approaches and change strategies that enable the transformation of undergraduate engineering education.


RED Innovation Partnerships (Track 4) projects will achieve the same goals as Track 3 projects across multiple institutions. Of particular interest to this track are projects partnering two-year institutions with other eligible institutions.


Projects in tracks 2, 3, &amp; 4 will include consideration of the cultural, organizational, structural, and pedagogical changes needed to transform one or more departments to ones in which students are engaged, develop their technical and professional skills, and establish identities as professional engineers or technologists. The focus of projects in these tracks should be on the department&rsquo;s disciplinary courses and program. RED project initiatives are expected to be institutionalized at the end of the funding period.


Proposals are especially encouraged that address areas of increased national interest including but not limited to advanced manufacturing, advanced wireless, artificial intelligence, biotechnology, microelectronics and semiconductors, net zero technologies, sustainability, systems engineering, and quantum engineering."
"774d1710-f0cc-4027-bfe3-f5e1a91923c9","PDS-UAE-01-FY2026","U.S. Mission UAE PDS Annual Program Statement","posted","DOS-ARE","discretionary","","2026-06-01","2026-07-15","","2026-08-14","False","7","","75000","300000","","Additional details are provided in the accompanying APS, which is attached for your reference","19.040|Public Diplomacy Programs","cooperative_agreement;grant","other","1.CELEBRATING AMERICA'S 250th ANNIVERSARY (FREEDOM 250)
2.CELEBRATING AMERICAN SPORTS EXCELLENCE DURING THE AMERICAN DECADE OF SPORTS
3.ARTIFICIAL INTELLIGENCE (AI) ADOPTION AND INNOVATION
4.CULINARY DIPLOMACY
5.CULTURAL HERITAGE PRESERVATION AND DIGITAL HERITAGE
6.HEALTH AND LIFE SCIENCES
7.CREATIVE INDUSTRIES AND DIGITAL INNOVATION","other","We encourage applications from the following entities registered in the United States or the United Arab Emirates, with at least two years of programming experience. (Proposals must include documentation demonstrating the applying organization's experience.)• Not-for-profit organizations, including think tanks and civil society/non-governmental organizations;• Public and private educational institutions;• Non-profit or governmental educational institutions;• Individuals who meet the eligibility criteria noted at the top of this section may also apply","U.S. Mission to United Arab Emirates","Department of State","UAEPASGrants@state.gov","UAEPASGrants@state.gov","UAEPASGrants@state.gov","False","","","","","","","","","https://simpler.grants.gov/opportunity/774d1710-f0cc-4027-bfe3-f5e1a91923c9","<p>The Public Diplomacy Section (PDS) at U.S. Mission UAE invites results-oriented proposals for programs that foster economic opportunities for U.S. businesses, investors, and innovators, and showcase American leadership and excellence in science, technology, culture, arts, sports, culinary diplomacy, artificial intelligence (AI), and health.&nbsp;The purpose is to strengthen ties between the United States and the United Arab Emirates in ways that make America safer, stronger, and more prosperous and advance the interests of the American people as we commemorate the 250th anniversary of U.S. independence (2026) and celebrate the enduring U.S.-UAE partnership.</p>
<p>See Section C, Program Description for more information. This APS outlines the funding priorities and strategic themes we will focus on in FY2026, and the procedures for submitting requests for funding. Please carefully follow all instructions below. Proposals that fail to conform to the requirements outlined in this APS will not be considered.</p>
<p><br></p>
<p><strong>Goals and Objectives</strong></p>
<p>Proposals must focus on one of the seven priority areas outlined below.</p>
<p>All proposed programs must clearly advance American strength, safety, and/or prosperity, to advance Goal 2 of the Bureau of Near Eastern Affairs:&nbsp;<span style=""color: rgb(33, 33, 33);"">Secure opportunities to advance U.S. commercial and strategic interests</span>. Specifically, all proposals must include an American element or demonstrate meaningful engagement with American experts, organizations, or institutions in ways that advance U.S. interests and promote understanding of American policies, perspectives, society, culture, and values.</p>
<p>Proposals that include programming across multiple emirates are encouraged.</p>
<p><strong>Possible PD grant proposals include, but are not limited to:</strong></p>
<p>Programs that generate tangible opportunities for&nbsp;U.S. companies and American experts and institutions by connecting them with Emirati partners, suppliers, procurement channels, investors, government stakeholders, and/or decision makers; supporting U.S. market entry and visibility in the UAE; and facilitating engagements designed to produce measurable outcomes, including deals, partnerships, exports, investment, licensing, training agreements, or expanded U.S. market share across strategic sectors.&nbsp;</p>
<p>Proposals may include activities such as events, collaborative projects, workshops, conferences, speaker series, alumni engagement initiatives, performances, trade and expo engagement, business networking activities, or programs conducted in connection with appropriate UAE trade shows, festivals, or public events.&nbsp;</p>
<p><strong>Examples of programs include, but are not limited to:</strong></p>
<p>• Programs that connect U.S. companies and experts with Emirati partners, suppliers, procurement channels, investors, and decisionmakers, facilitating business-to-business networking, investment matchmaking, and engagements designed to produce commercial partnerships, deals, exports, or expanded market access for American firms across strategic sectors.</p>
<p>• Subject-matter expert, academic, and professional lectures, seminars, workshops, and speaker programs featuring American experts.</p>
<p>• University-industry partnerships, including with research or technology parks, that generate commercialization projects and innovation initiatives, creating opportunities for U.S. companies in STEM fields and emerging technologies to expand partnerships and commercial engagement in the UAE.</p>
<p>• Programs in partnership with UAE institutions and American companies that promote U.S. technologies, products, and services through workshops, trade show engagement, expos/showcases, and business networking in priority sectors such as AI, healthcare, energy, or the creative industries.</p>
<p>• Hackathons, innovation competitions, maker spaces, or other hands-on activities that showcase American leadership in AI, space, cybersecurity, and other emerging technologies.</p>
<p>• Professional and academic exchanges, training programs, and collaborative projects between U.S. and UAE institutions.</p>
<p>(Note: This funding cannot be used to support construction-related activities. End note.)</p>
<p><strong>Priority Program Areas and Strategic Themes:</strong>&nbsp;Proposals must focus on one of the seven priority areas outlined below:</p>
<p>1.&nbsp;&nbsp;&nbsp;&nbsp;<strong>CELEBRATING AMERICA'S 250th ANNIVERSARY (FREEDOM 250):</strong>&nbsp;Initiatives that celebrate America’s 250th birthday by showcasing American excellence, innovation, technology, dynamism, culture, and strength of the U.S.-UAE partnership.</p>
<p>&nbsp;</p>
<p><strong>2.&nbsp;&nbsp;&nbsp;&nbsp;&nbsp;CELEBRATING AMERICAN SPORTS EXCELLENCE DURING THE AMERICAN DECADE OF SPORTS: </strong>&nbsp;Initiatives that leverage major U.S.-hosted sporting events, such as the 2028 Summer Olympics and Paralympics and the 2034 Winter Olympics and Paralympics, to showcase American excellence in sports, sports science, athlete development, event management, tourism, and entertainment while strengthening U.S.-UAE engagement and creating opportunities for American sports institutions, companies, and experts to expand partnerships and commercial engagement in the UAE.</p>
<p><strong>&nbsp;</strong></p>
<p>3.&nbsp;&nbsp;&nbsp;&nbsp;&nbsp;&nbsp;<strong>ARTIFICIAL INTELLIGENCE (AI) ADOPTION AND INNOVATION:</strong> Initiatives that promote the adoption of American AI technologies and strengthen U.S.-UAE collaboration in AI, innovation, and applied STEM fields, including cybersecurity, space, energy, water security, and smart agriculture, while creating opportunities for U.S. companies, universities, and research institutions to expand partnerships and commercial engagement in the UAE.</p>
<p>&nbsp;</p>
<p>4.&nbsp;&nbsp;&nbsp;&nbsp;&nbsp;<strong>CULINARY DIPLOMACY:</strong>. Initiatives that use food and culinary arts as a bridge to strengthen U.S.-UAE ties while promoting American agricultural products, food systems, hospitality expertise, and culinary innovation.&nbsp;Programs should create opportunities for U.S. food producers, culinary professionals, hospitality companies, and agricultural exporters to expand partnerships and commercial engagement in the UAE.</p>
<p>&nbsp;</p>
<p>5.&nbsp;&nbsp;&nbsp;&nbsp;&nbsp;<strong>CULTURAL HERITAGE PRESERVATION AND DIGITAL HERITAGE:</strong> Initiatives that showcase American leadership in cultural heritage preservation, artifact and antiquities protection, site conservation, and digital heritage technologies, including VR/AR platforms, 3D scanning, and digital archiving, while promoting U.S. expertise and expanding opportunities for American technology providers, educational institutions, and cultural organizations to strengthen partnerships and commercial engagement in the UAE.</p>
<p>&nbsp;</p>
<p>6.&nbsp;&nbsp;&nbsp;&nbsp;&nbsp;<strong>HEALTH AND LIFE SCIENCES:&nbsp;</strong>Initiatives that strengthen U.S.-UAE collaboration in health and life sciences by promoting American expertise, technologies, research, and innovation while expanding partnerships and commercial opportunities for U.S. companies, healthcare institutions, and academic organizations in the UAE.</p>
<p>&nbsp;</p>
<p>7.&nbsp;&nbsp;&nbsp;&nbsp;&nbsp;<strong>CREATIVE INDUSTRIES AND DIGITAL INNOVATION:</strong> Initiatives that strengthen U.S.-UAE cooperation and commercial engagement in the creative industries, digital media, entertainment, gaming and game development, esports, immersive technologies, and AI-enabled creative sectors by showcasing American platforms, technologies, platforms, storytelling, and innovation models while creating opportunities for U.S. companies, creators, developers, institutions, and experts to expand partnerships, collaboration, and market engagement in the UAE. Programs may also highlight the importance of intellectual property protections, creator rights, licensing frameworks, and responsible innovation in supporting growth across the digital and creative economy.</p>
<p>In addition to the specific requirements listed above, all proposals must:</p>
<ol>
 <li>Clearly indicate the primary grant priority area the program is focused on.</li>
 <li>Clearly indicate the key public diplomacy audience(s) that will be targeted by the program and the key activities to be delivered through the program.</li>
 <li>Identify the emirate(s)/city(cities) in which activities will take place.</li>
 <li>Identify specific outcomes to be achieved by the end of the grant period.</li>
 <li>Clearly delineate how elements of the proposed program will have a multiplier effect and be sustainable beyond the life of the grant.</li>
 <li>Provide a traditional and/or social media plan for marketing program activities and outcome, if applicable.</li>
 <li>Identify any tools (surveys, beneficiary interviews, focus groups, etc.) that will be developed and used for Monitoring and Evaluation purposes.</li>
</ol>
<p><strong>Participants and Audiences:</strong></p>
<p>All proposals must focus on audiences in the United Arab Emirates and in the United States.&nbsp;If appropriate and feasible, proposals may have a regional scope and include participants from other countries, with a view to strengthening broader U.S. engagement in the region.&nbsp;Proposals should describe both the primary and secondary audiences for the program, including age, sex, geographic location, and anticipated reach. Primary audiences are those that will participate directly in the program, and secondary audiences include those reached indirectly, for example, via traditional or social media.</p>
<p>Specific audiences that are considered a priority include:</p>
<p>·&nbsp;&nbsp;&nbsp;&nbsp;&nbsp;&nbsp;&nbsp;&nbsp;Students, emerging leaders, and young professionals (ages 14-45), particularly in STEM, entrepreneurship, sports, media, technology, culinary arts, and the creative industries;</p>
<p>·&nbsp;&nbsp;&nbsp;&nbsp;&nbsp;&nbsp;&nbsp;&nbsp;Entrepreneurs, innovators, researchers, educators, artists, chefs, content creators, startup founders, and other professionals engaged in technology, business, culture, and innovation sectors;</p>
<p>·&nbsp;&nbsp;&nbsp;&nbsp;&nbsp;&nbsp;&nbsp;&nbsp;Mid-career and senior-level professionals, decision-makers, institutional leaders, investors, and industry experts across sectors including artificial intelligence, healthcare, education, aerospace, sports, media, cultural heritage preservation, entertainment, and emerging technologies;</p>
<p>·&nbsp;&nbsp;&nbsp;&nbsp;&nbsp;&nbsp;&nbsp;&nbsp;Alumni of U.S. government-funded programs; and</p>
<p>Representatives of academic institutions, research organizations, technology parks, innovation hubs, cultural institutions, and business associations involved in strengthening U.S.-UAE collaboration and commercial engagement.</p>
<p><br></p>
<p><strong>Mandatory application forms</strong></p>
<p>• SF-424 (Application for Federal Assistance – organizations) or SF424-I (Application for Federal Assistance --individuals) at grants.gov.</p>
<p>• SF-424A (Budget Information for Non-Construction programs) at grants.gov.</p>
<p>• SF-424B (Assurances for Non-Construction programs) at grants.gov or the Mission's website (Note: The SF-424B is only required for individuals, organizations exempt from registration, and for organizations not required to fully register in SAM.gov.)</p>
<p>• Budget Project Narrative Template: (detailed budget categories) at grants.gov.</p>
<p><strong>Summary Page (optional)</strong></p>
<p>Cover sheet stating the applicant's name and organization, proposal date, program title, program period proposed start and end date, and brief purpose of the program.</p>
<p><strong>Proposal (5 pages maximum)</strong></p>
<p>The proposal should contain sufficient information such that anyone not familiar with it would understand exactly what the applicant wants to do. You may use the Mission's recommended proposal template (APS Application Form) included with our APS package on Grants.gov or your own proposal format, but the proposal must include all the items below.</p>
<p>• <strong>Proposal Summary:</strong> Short narrative that outlines the proposed project, including project objectives and anticipated impact.</p>
<p>• <strong>Introduction to the Organization or Individual applying:</strong> A description of past and present operations, showing ability to carry out the program, including information on all previous grants from the U.S. Mission UAE and/or U.S. government agencies.</p>
<p>• <strong>Problem Statement:</strong> Clear, concise, and well-supported statement of the problem to be addressed and why the proposed program is needed</p>
<p>• <strong>Program Goals and Objectives:</strong> The ""goals"" describe what the program is intended to achieve. The ""objectives"" refer to the intermediate accomplishments on the way to the goals. These should be achievable and measurable.</p>
<p>• <strong>Project Activities:</strong> Describe the program activities and how they will help achieve the objectives.</p>
<p>• <strong>Project Methods and Design:</strong> A description of how the program is expected to work to solve the stated problem and achieve the goal. Include a logic model as appropriate.</p>
<p>• <strong>Proposed Project Schedule and Timeline:</strong> The proposed timeline for the program activities. Include the dates, times, and locations of planned activities and events.</p>
<p>• <strong>Key Personnel:</strong> Names, titles, roles and experience/qualifications of key personnel involved in the program. What proportion of their time will be used in support of this program?</p>
<p>• <strong>Project Partners:</strong> List the names and type of involvement of key partner organizations and sub-awardees. (NOTE: If your proposal requires permission, collaboration, cooperation, and/or some form of approval from or partnership with an Emirati governmental office to effectuate the project, you should obtain that permission and support prior to submitting your proposal so you can include the required letters of permission or agreement with your proposal.</p>
<p>• <strong>Project Monitoring and Evaluation Plan:</strong> Throughout the timeframe of the grant, how will the activities be monitored to ensure they are happening in a timely manner, and how will the program be evaluated to make sure it is meeting the goals of the grant?</p>
<p>• <strong>Media Outreach Strategy:</strong> Applicant's plan for using traditional and/or social media to raise awareness of the program and U.S. funding of it, recruit participants, and highlight program impact and benefits for Emiratis.</p>
<p><strong>Budget Justification Narrative</strong></p>
<p>After filling out the SF-424A Budget (above), use a separate file to describe each of the budget expenses in detail. See section I. Other Information: Guidelines for Budget Submissions below for further information.</p>
<p><br></p>
<p>Proposal applications may be submitted at any time before the closing date of&nbsp;July 15, 2026, 5:00PM UAE Time at 5.00 p.m. UAE time. Applications received after the deadline will not be considered.</p>"
"c48ba1b9-988b-42cd-8ea0-c98cad680ea7","PAS-TUNIS-FY2025","Annual Program Statement (APS) for Fiscal Year 2025","forecasted","DOS-TUN","discretionary","","2025-06-02","","","","False","","","10000","200000","","","19.040|Public Diplomacy Programs","cooperative_agreement;grant","other","Public Diplomacy","other;nonprofits_non_higher_education_without_501c3;nonprofits_non_higher_education_with_501c3;individuals","* Public and private educational institutions;* Non-profit or governmental educational institutions;* Governmental institutions","U.S. Mission to Tunisia","Department of State","Kaouthar Ben Mohamed
Grantor
0021671107266","benmohamedk@state.gov","PASTunisSmallGrants@state.gov","True","2025-06-02","2025-07-06","","","","2025","","","https://simpler.grants.gov/opportunity/c48ba1b9-988b-42cd-8ea0-c98cad680ea7","<p><span style=""color: black;"">The Public Affairs Section </span>(PAS) at U.S. Embassy Tunis invites creative and engaging proposals for programs that strengthen ties between the United States and Tunisia, highlight shared values, and promote bilateral cooperation in ways that make America safer, stronger, and more prosperous.&nbsp;Please see Section C. Program Description for more information.&nbsp;This Annual Program Statement (APS) outlines our funding priorities and the strategic themes we will focus on in FY2025, and the procedures for submitting requests for funding.&nbsp;Based on availability of funding, PAS Tunis will award grants, fixed amount awards, or cooperative agreements between a minimum of $10,000 and up to a maximum of $200,000 (U.S. dollars) each for projects that advance the priorities outlined in this APS.&nbsp;Please carefully follow all instructions in the full announcement.&nbsp;Proposals that fail to conform to the requirements outlined in this APS will not be considered.</p>
<p><br></p>
<p>All proposed programs must include an American element or a connection with American expert(s), organization(s), or institutions in ways that promote increased understanding of U.S. policies, perspectives, and society and/or celebrate U.S. culture and values.&nbsp;Proposals that include programming outside Greater Tunis or across multiple governorates and/or promote increased collaboration and networking among alumni of U.S. government programs are encouraged.&nbsp;</p>
<p><br></p>
<p>PAS Tunis invites creative and engaging proposals for programs that strengthen cultural, educational, professional, scientific, and business ties between the United States and Tunisia through programming that highlights shared values, strengthens people-to-people ties and institutional linkages, and promotes bilateral cooperation, and makes America safer, stronger, and more prosperous.&nbsp;Competitive proposals must focus on at least one grant priority area outlined below.&nbsp;</p>
<p><br></p>
<p>&nbsp;Examples of possible PD small grant proposals include, but are not limited to:</p>
<p>·&nbsp;&nbsp;&nbsp;&nbsp;&nbsp;&nbsp;Subject-matter expert, academic, and professional lectures, seminars, and speaker programs that include U.S. speakers/experts.</p>
<p>·&nbsp;&nbsp;&nbsp;&nbsp;&nbsp;&nbsp;Programs that strengthen relationships and linkages between U.S. and Tunisian higher education and cultural institutions.</p>
<p>·&nbsp;&nbsp;&nbsp;&nbsp;&nbsp;&nbsp;Educational, artistic, and cultural programs, including programs that strengthen English language teaching and learning, music, musical theater, dance workshops, master classes, and performances, live theatre performances, art exhibitions, and sports and culinary diplomacy initiatives that increase mutual understanding between the people of the United States and Tunisia.</p>
<p>·&nbsp;&nbsp;&nbsp;&nbsp;&nbsp;&nbsp;Programs, including podcasts, that promote economic empowerment, entrepreneurship, or that share U.S. experiences related to addressing community challenges, including the management of water or energy resources, waste management, urban design and planning, and preparing for and mitigating natural or human-caused disasters.&nbsp;</p>
<p>·&nbsp;&nbsp;&nbsp;&nbsp;&nbsp;&nbsp;Cultural heritage conservation and preservation programming, including through the use new and immersive technologies, such as VR technology.&nbsp;</p>
<p><strong style=""color: black;"">(Note:&nbsp;This funding cannot be used to support construction-related activities.&nbsp;End note.)</strong></p>
<p><br></p>
<p><strong>Priority Program Areas and Strategic Themes:</strong>&nbsp;Proposals must address at least one of the six priority areas outlined below:&nbsp;</p>
<p><br></p>
<p>·&nbsp;&nbsp;&nbsp;&nbsp;&nbsp;&nbsp;<strong>Economic Prosperity and Entrepreneurship:&nbsp;</strong>Initiatives that prioritize mutual prosperity, expand economic and commercial links between the United States and Tunisia, promote U.S. entrepreneurial values and practices, and that share best practices of successful U.S. business partnerships, startups, and investors with the aim of increasing economic opportunities for U.S. and Tunisian businesses and investors.</p>
<p><strong>&nbsp;</strong></p>
<p>·&nbsp;&nbsp;&nbsp;&nbsp;&nbsp;&nbsp;<strong>INNOVATION and Collaboration in science and technology:&nbsp;</strong>Initiatives that promote collaboration and academic partnerships in STEM fields (science, technology, engineering, and mathematics), including cybersecurity, space, energy, water security, food security, smart agriculture, health technology, and artificial intelligence (AI) between U.S. and Tunisian academic and research institutions, non-governmental organizations, and private companies, as well as programs that promote interest in STEM education among young people.</p>
<p><br></p>
<p>·&nbsp;&nbsp;&nbsp;&nbsp;&nbsp;&nbsp;<strong>EDUCATIONAL LINKAGES AND ENGLISH LANGUAGE</strong>:&nbsp;Initiatives that expand collaboration and partnerships between U.S. and Tunisian higher education and research institutions through programs and professional and academic exchanges; programs to strengthen English language instruction in Tunisian universities and colleges; programs to expand the teaching of English in sign language and braille; and other programs that support and promote English language learning among Tunisian youth.</p>
<p><strong>&nbsp;</strong></p>
<p>·&nbsp;&nbsp;&nbsp;&nbsp;&nbsp;&nbsp;<strong>LEADERSHIP:&nbsp;</strong>Initiatives that provide leadership training inspired by U.S. experiences, models, and best practices to Tunisian young people (high school and university students and young professionals) to help them become effective leaders in their communities and professional field of choice.&nbsp;Such training may include English language, public speaking and interpersonal communication, emotional intelligence, critical thinking and problem solving, financial literacy, goal-setting, and mental health management strategies.</p>
<p><strong>&nbsp;</strong></p>
<p>·&nbsp;&nbsp;&nbsp;&nbsp;&nbsp;&nbsp;<strong>MEGA DECADE OF SPORTS:&nbsp;</strong>Programs that leverage the “Mega-Decade in Sports” in North America (2023-2034) when the United States will host the 2025 FIFA World Club Cup, the 2026 FIFA Men’s World Cup, the 2028 Summer Olympics and Paralympics in Los Angeles, and the 2034 Winter Olympics and Paralympics in Salt Lake City, in ways that strengthen people-to-people ties between the United States and Tunisia, promote American values and demonstrate American excellence and leadership in sports and tourism.</p>
<p><br></p>
<p>·&nbsp;&nbsp;&nbsp;&nbsp;&nbsp;&nbsp;<strong>Celebrating American Excellence AND U.S.-Tunisian Enduring Partnership:&nbsp;</strong>Programs that</p>
<p>1) celebrate U.S. scientific or sport prowess, innovation, economic dynamism, agricultural strength, and national parks and tourism during the 250th anniversary year of U.S. Independence;&nbsp;</p>
<p>2) leverage people-to-people ties and promote the establishment of U.S-Tunisian institutional linkages through cultural diplomacy, including artistic and cultural workshops, performances, exhibitions, or other activities that celebrate American excellence in visual and performing arts, music, cultural heritage protection, and film during the 250th anniversary year of U.S. Independence and the 228th anniversary year of the 1797 treaty of friendship between the U.S. and Tunisia; AND/OR</p>
<p>3) leverage people-to-people or institutional ties through sports or cultural diplomacy initiatives to increase awareness and understanding among broad elements of Tunisian society of the history and benefits of the over two centuries of U.S.-Tunisian friendship, trade, and security cooperation.</p>"
"439eb434-1951-4ee6-a92e-44e15638571e","W911NF26S0085","Research and Education Program for Historically Black Colleges and Universities (HBCU) and Tribal Colleges and Universities (TCU)","posted","DOD-AMC","discretionary","","2026-06-08","2026-08-11","","2026-09-10","False","","","100000","2000000","","","12.630|Basic, Applied, and Advanced Research in Science and Engineering","grant","science_technology_and_other_research_and_development","","other","As provided in Section 223 of the FY 2026 NDAA, eligibility for this competition is open only to “Historically Black Colleges and Universities and Tribal Colleges and Universities” which are defined as:a.	The term ‘‘Historically Black College or University’’ has the meaning given the term ‘‘part B institution’’ under section 322 of the Higher Education Act of 1965 (20 U.S.C. 1061).b.	The term ‘‘Tribal College or University” has the meaning given the term in section 316(b) of the Higher Education Act of 1965 (20 U.S.C. 1059c(b)).","Dept of the Army -- Materiel Command","Department of Defense","William A Creech
Contracting Officer
Phone 9195494387","william.a.creech3.civ@army.mil","William Creech","False","","","","","","","","","https://simpler.grants.gov/opportunity/439eb434-1951-4ee6-a92e-44e15638571e","<p>This solicitation invites applications (also referred to as “proposals”) for basic research projects. The proposals must align with the research areas of interest to the DoW (which includes the USW(R&amp;E) and the Agencies) and enhance the education of students in areas of STEM that align with the DoW research interests.&nbsp;Information about these areas of interest (including websites) is discussed below.</p>
<p>&nbsp;</p>
<p>The USW(R&amp;E) Critical Technology Area descriptions are at <a href=""https://www.cto.mil/wp-content/uploads/2025/11/CTA-One-Pager-Option-Nov2025.pdf"" target=""_blank"" style=""color: windowtext;"">https://www.cto.mil/wp-content/uploads/2025/11/CTA-One-Pager-Option-Nov2025.pdf</a>. The critical technology priorities rely on innovation and workforce talent. The critical technology areas are:</p>
<p><br></p>
<p>-&nbsp;&nbsp;&nbsp;&nbsp;&nbsp;&nbsp;&nbsp;&nbsp;&nbsp;Applied Artificial Intelligence (AAI)</p>
<p>-&nbsp;&nbsp;&nbsp;&nbsp;&nbsp;&nbsp;&nbsp;&nbsp;&nbsp;Biomanufacturing (BIO)</p>
<p>-&nbsp;&nbsp;&nbsp;&nbsp;&nbsp;&nbsp;&nbsp;&nbsp;&nbsp;Contested Logistics Technologies (LOG)</p>
<p>-&nbsp;&nbsp;&nbsp;&nbsp;&nbsp;&nbsp;&nbsp;&nbsp;&nbsp;Quantum and Battlefield Information Dominance (Q-BID)</p>
<p>-&nbsp;&nbsp;&nbsp;&nbsp;&nbsp;&nbsp;&nbsp;&nbsp;&nbsp;Scaled Directed Energy (SCADE)</p>
<p>-&nbsp;&nbsp;&nbsp;&nbsp;&nbsp;&nbsp;&nbsp;&nbsp;&nbsp;Scaled Hypersonics (SHY)</p>
<p><br></p>
<p>Basic research projects in research areas of interest to the Agencies are presented in their respective Broad Agency Announcements (BAAs), which are available as follows:</p>
<p><br></p>
<p>Army Research Laboratory combined Broad Agency Announcement is available at: <a href=""https://www.arl.army.mil/collaborate-with-us/opportunity/arl-baa/"" target=""_blank"" style=""color: windowtext;"">https://www.arl.army.mil/collaborate-with-us/opportunity/arl-baa/</a>. This BAA may also be found on Grants.gov (https://www.grants.gov) by entering the BAA number, <strong>W911NF-23-S-0001,</strong> in the “Search Grants” keyword box.</p>
<p><br></p>
<p>Office of Naval Research: https://www.onr.navy.mil/ Select “Work With Us,” then “Funding Opportunities,” and then “BAAs, FOAs and Special Program Announcements” to see the FY26 Long Range Broad Agency Announcement for Navy and Marine Corps Science and Technology, BAA N00014-23-S-B001<strong>. </strong>This BAA may also be found on Grants.gov (https://www.grants.gov) by entering the BAA number in the “Search Grants” keyword box.</p>
<p><br></p>
<p>In addition to providing details about the Agencies’ research interests, the above documents include names and contact information of technical program managers. Principal Investigator and a Co-Principal Investigator (PI/Co-PI) are encouraged to peruse the research interests of each Agency and to contact the respective program managers to discuss mutual research interests. Applications with relevance to the interests of multiple Agencies may receive multiple reviews.</p>
<p><br></p>
<p>Additional information and questions about the critical technology areas should be directed to Agency Contacts identified in Section II.G. of this NOFO. Other research areas that are not aligned with the (OUSW(R&amp;E)/ASW(S&amp;T) critical technology priorities listed in I.B.7 will be considered. The Agencies’ BAA listed above under I.B.6 provides other research areas of interest to the DoW.</p>
<p><br></p>
<p><strong>NOTE:</strong> Use the above-referenced Agency documents only to identify research areas of interest to the Agencies. Disregard instructions contained therein regarding application preparation, content, and submission requirements. Instead, <strong>follow the instructions in this NOFO.</strong></p>
<p>&nbsp;</p>
<p>Projects proposed for funding under this NOFO must be for basic research.&nbsp;As defined by DoW, “basic research” is systematic study directed toward greater knowledge or understanding of the fundamental aspects of phenomena and of observable facts without specific applications toward processes or products in mind. It includes all scientific study and experimentation directed toward increasing fundamental knowledge and understanding in those fields of the physical, engineering, life sciences, and information sciences related to long-term national security needs.</p>
<p>&nbsp;</p>
<p>Principal Investigator and a Co-Principal Investigator (PI/Co-PI) are encouraged to consider innovative approaches for their research projects with a view toward enhancing the ability of their institution to develop stronger science and engineering programs that will enable the institution to participate more competitively in a variety of defense research programs, attract and retain good students by exposing them to state-of-the-art research, and encourage them to pursue careers in STEM disciplines.</p>
<p>&nbsp;</p>
<p>Methods through which these goals can be achieved are varied. Factors such as research capabilities, facilities, and equipment are unique to each institution. Therefore, DoW will not prescribe the approach for a research project; instead, it expects applications to reflect the unique needs and capabilities of the applicant institution.</p>"
"55336300-357e-46bc-a3bc-b8ca8367da90","PDS-ATHENS-FY25-01","Annual Program Statement (APS)","forecasted","DOS-GRC","discretionary","","2025-06-06","","","","False","30","","25000","100000","","","19.040|Public Diplomacy Programs","grant","education","","other","Eligible Applicants (the following organizations are eligible to apply):Registered public or private not-for-profit organizations, including think tanks and civil society/non-governmental organizations with programming experienceGreek or American IndividualsNon-profit or governmental educational institutions	Governmental institutions","U.S. Mission to Greece","Department of State","Eleni Mouzakiti
Grantor
302107204791","mouzakitien@state.gov","Resource Coordination Specialist","True","","2025-07-11","","","","2025","","","https://simpler.grants.gov/opportunity/55336300-357e-46bc-a3bc-b8ca8367da90","<p>The U.S. Embassy Athens Public Diplomacy Section (PDS Athens) of the U.S. Department of State is pleased to announce funding is available through its Public Diplomacy Grants Program in fiscal year 2025. This is an Annual Program Statement, outlining our funding priorities, the strategic themes we focus on, and the procedures for submitting requests for funding. Please carefully follow all instructions below.</p>
<p>&nbsp;</p>
<p>The deadline for grant applications is&nbsp;<strong>July 11, 2025.</strong> Funding decisions will be made on these applications on a rolling basis after this deadline, with a goal of informing all applicants of the final funding decision <strong>by September 30, 2025.</strong>&nbsp;Applicants may apply for funding between $25,000 and $100,000 . Please use the grant application documents and budget template found on the Embassy website <a href=""https://gcc02.safelinks.protection.outlook.com/?url=https%3A%2F%2Fgr.usembassy.gov%2Feducation%2F&amp;data=05%7C02%7CMouzakitiEN%40state.gov%7Ca0ac99071a0545afbc2408dd1b7041fe%7C66cf50745afe48d1a691a12b2121f44b%7C0%7C0%7C638696891134881525%7CUnknown%7CTWFpbGZsb3d8eyJFbXB0eU1hcGkiOnRydWUsIlYiOiIwLjAuMDAwMCIsIlAiOiJXaW4zMiIsIkFOIjoiTWFpbCIsIldUIjoyfQ%3D%3D%7C0%7C%7C%7C&amp;sdata=wf7IAepHhlGOR%2FRzs9PIfAfjuwuY%2Busqu5ZxAKQ7nMA%3D&amp;reserved=0"" target=""_blank"">https://gr.usembassy.gov/education/</a>.</p>
<p><strong>&nbsp;</strong></p>
<p><strong>Purpose of Grants program:</strong>&nbsp;PDS Athens invites proposals for projects that&nbsp;strengthen ties between the United States and Greece&nbsp;through concrete demonstrations of cooperation between our two peoples, <strong>aiming at making America safer, stronger and more prosperous</strong>.&nbsp;All grant proposals must convey an element of American history, culture, or shared values.&nbsp;Competitive proposals should support a priority program area (see below).&nbsp;They should also include a connection with American expert/s, organization/s, or institution/s that will promote increased cooperation between the people of the United States and Greece even after the program has finished.</p>
<p><strong>&nbsp;</strong></p>
<p><strong>Priority Program Areas:</strong> The Public Diplomacy Section is focused on the following priorities in the form of programs, exchanges, and media opportunities that:</p>
<p>&nbsp;</p>
<ul>
 <li><strong>Promote American Excellence in Emerging Technologies</strong></li>
</ul>
<p>&nbsp;</p>
<ul>
 <li><strong>Celebrate 250 Years of American Excellence: Spotlight on America’s Achievements, Innovation, and Leadership</strong></li>
</ul>
<p>&nbsp;</p>
<p><strong>Promoting American Excellence in Emerging Technologies&nbsp;</strong></p>
<p>Greek students and professionals in emerging technologies have demonstrated a strong technical foundation that can be strategically leveraged to benefit U.S. technology firms and bolster American leadership in critical industries. By channeling this talent to serve the needs of American companies, we can reinforce U.S. technological dominance, strengthen innovation pipelines, and ensure that international engagement directly supports American economic and strategic priorities.</p>
<p>We invite proposals aimed at enhancing U.S.-Greece technological cooperation in ways that clearly advance U.S. national interests. Proposals must focus on initiatives (not conferences) that help U.S. firms address critical workforce and skill shortages, expand the reach of American products and innovation standards, and create structured pathways for Greek talent to contribute to U.S.-driven innovation. Prioritized activities include, but are not limited to:</p>
<ul>
 <li>Public-private partnerships&nbsp;that connect U.S. technology firms with high-potential Greek talent through American-led career readiness programs, skills development, and reskilling/upskilling initiatives tailored to U.S. industry standards&nbsp;and needs.</li>
 <li>Training modules&nbsp;designed for integration into Greek higher education or vocational curricula that:</li>
</ul>
<ol>
 <li>Align directly with the needs of U.S. employers; and</li>
 <li>Target high-demand fields such as artificial intelligence (AI), biotechnology,&nbsp;cybersecurity, data analytics, and cloud computing—strengthening the global competitiveness of U.S. firms.</li>
</ol>
<ul>
 <li>Innovation bootcamps&nbsp;that feature U.S. technologies, platforms, and products, familiarizing international talent with high-quality American tools and practices.</li>
 <li>Collaborative projects&nbsp;between U.S. technology companies and Greek educational institutions to promote the adoption and use of American-developed AI and other emerging technologies, reinforcing the global footprint of&nbsp;U.S. innovation.</li>
</ul>
<p>All proposals should demonstrate a clear benefit to the United States and prioritize American commercial and strategic interests, consistent with the principles of the America First policy.</p>
<p><br></p>
<p><strong>Celebrating 250 Years of American Excellence: Spotlight on America’s Achievements, Innovation, and Leadership</strong></p>
<p>On July 4, 2026, the United States will commemorate the 250th anniversary of the signing of the Declaration of Independence. This historic milestone presents a powerful opportunity to celebrate American excellence, leverage people-to-people ties, and highlight our achievements, legacies, and contributions as part of America’s story of excellence.&nbsp;</p>
<p>We invite proposals that underscore American excellence and contribute to the celebration of <a href=""https://gcc02.safelinks.protection.outlook.com/?url=https%3A%2F%2Famerica250.org%2F&amp;data=05%7C02%7CMouzakitiEN%40state.gov%7C556b473aef5542cdf33608dd9eba2ba8%7C66cf50745afe48d1a691a12b2121f44b%7C0%7C0%7C638841244610751288%7CUnknown%7CTWFpbGZsb3d8eyJFbXB0eU1hcGkiOnRydWUsIlYiOiIwLjAuMDAwMCIsIlAiOiJXaW4zMiIsIkFOIjoiTWFpbCIsIldUIjoyfQ%3D%3D%7C0%7C%7C%7C&amp;sdata=4rHqmIPhVSmbAgOEk2KSCv1CmFNv%2F3FX%2BDHFN6lUGD0%3D&amp;reserved=0"" target=""_blank"">America250</a>, highlighting this momentous occasion through impactful and engaging programs. We welcome submissions that promote U.S.-Greece bilateral engagement and spotlight American achievements, innovation, leadership, and the role of faith and religion in democratic societies.&nbsp;</p>
<p>Proposals should feature initiatives (not conferences), and include activities such as (but not limited to):&nbsp;</p>
<ul>
 <li><strong>Podcasts and/or public lectures</strong> on U.S. history, its ties to Greece, democracy, and its global impact&nbsp;</li>
 <li><strong>Roadshows</strong> showcasing 250 years of American innovation and U.S.-Greek cooperation&nbsp;</li>
 <li><strong>Sports</strong> activities or themed games/events&nbsp;</li>
 <li><strong>Secondary educational modules</strong> that will reach Greek classrooms and help to enhance Greek students’ and educators’ positive understanding of America&nbsp;</li>
</ul>
<p>All proposals should demonstrate a clear benefit to the United States and prioritize American strategic interests, consistent with the principles of the America First policy.</p>"
"150c6b5c-58b7-4f36-b4ea-177341a92b2c","PD-20-7909","Biosensing","posted","NSF","discretionary","","2019-09-12","","Proposals accepted anytime","","False","","7600000","","","http://www.nsf.gov/funding/pgm_summ.jsp?pims_id=505720","NSF Program Desccription PD-20-7909","47.041|Engineering","grant","science_technology_and_other_research_and_development","","unrestricted","","U.S. National Science Foundation","U.S. National Science Foundation","NSF grants.gov support
grantsgovsupport@nsf.gov","grantsgovsupport@nsf.gov","If you have any problems linking to this funding announcement, please contact the email address above.","False","","","","","","","","","https://simpler.grants.gov/opportunity/150c6b5c-58b7-4f36-b4ea-177341a92b2c","The Biosensing program is part of the Engineering Biology and Health cluster, which also includes 1) the Biophotonics program; 2) the Cellular and Biochemical Engineering program; 3) the Disability and Rehabilitation Engineering program; and 4) the Engineering of Biomedical Systems program.


The Biosensing program supports fundamental engineering research in the monitoring, identification and/or quantification of biological analytes and phenomena using innovations that exist at the intersection of engineering, life sciences, and information technology. Projects submitted to the program must advance both engineering and life sciences.

<p class=""Default"">The Biosensing program encourages proposals that, in addition to advancing biosensing technology, address critical sensor needs in biomedical research, public health, food safety, agriculture, forensics, environmental protection, and homeland security.

<p class=""Default"">Proposals are especially encouraged in areas of critical need: sensing technologies that can enable monitoring and surveillance of the environment and/or individuals for novel infectious agents; platform technologies that can readily be modified as soon as new agents are detected, sequenced, and/or otherwise characterized to enable rapid deployment of sensors in clinics and the environment; and adaptive and/or multiplex sensing technologies that can help the nation prevent the spread of the next global pandemic.


Major areas of interest for the program include:

<ul>
<li style=""text-align: left;"">Novel signal transduction principles and mechanisms that enable sensitive and specific biosensors, suitable for measurements in multiple areas;</li>
<li>Design of novel biorecognition elements and appropriately designed transducing systems to enable adaptable and/or reconfigurable operating parameters in response to environmental changes or application needs at levels of device, system, or data analysis;</li>
<li>Development of adaptive and/or evolvable biosensing systems for detection of novel target analytes or analytes under novel conditions;</li>
<li>Novel synthetic biology approaches for the development of cell-free and cell-based biosensors; and</li>
<li>Combining biosensors with artificial intelligence (AI) methods to improve sensor specificity and response time.</li>
</ul>

Innovative ideas outside of the above specific interest areas may be considered. However, prior to submission, it is recommended that the PI contact the program director to avoid the possibility of the proposal being returned without review.


The Biosensors program does not encourage proposals addressing circuit design for signal processing and amplification, computational modeling, and microfluidics for sample separation and filtration. Medical imaging-based measurements are outside of the scope of the program interests. Proposals that rely heavily on descriptive approaches are given lower priority. Proposals for optimizing and/or utilizing established methods for specific applications should be directed to programs focused on the application of sensor technology.


NOTE: Projects related to water and/or soil quality may be jointly supported with the Environmental Engineering program (CBET 1440). Photonic devices with medical imaging and/or optogenetics should be submitted to the Biophotonics program (CBET 7236). Applications of devices for tissue engineering or organ-on-chip systems should be submitted to the Engineering of Biomedical Systems program (CBET 5345). Basic chemical/biochemical sensing mechanisms should be submitted to the Chemical Measurement and Imaging program (CMI 6880) in the Division of Chemistry. Proposals for dynamic biosensing systems, including circuit design for signal/data processing and amplification, and sensing systems through communication and machine learning should be submitted to the Communications, Circuits, and Sensing-Systems program (CCSS 7564) in the Division of Electrical, Communications, and Cyber Systems.


INFORMATION COMMON TO MOST CBET PROGRAMS


Proposals should address the novelty and/or<a href=""http://www.nsf.gov/about/transformative_research/faq.jsp"">potentially transformative nature</a>of the proposed work compared to previous work in the field.Also, it is important to address why the proposed work is important in terms of engineering science, as well as to also project the potential impact on society and/or industry of success in the research.The novelty or potentially transformative nature of the research should be included, as a minimum, in the Project Summary of each proposal.


The duration of unsolicited proposal awards in CBET is generally up to three years. Single-investigator award budgets typically include support for one graduate student (or equivalent) and up to one month of PI time per year(awards for multiple investigator projects are typically larger). Proposal budgets that are much larger than typical should be discussed with the program director prior to submission. Proposers can view budget amounts and other information from recent awards made by this program via the ?What Has Been Funded (Recent Awards Made Through This Program, with Abstracts)? link towards the bottom of this page.


Faculty Early Career Development(CAREER)program proposals are strongly encouraged.Award duration is five years.The submission deadline for Engineering CAREER proposals is in July every year. Learn more in the <a href=""https://www.nsf.gov/career"">CAREER program description</a>.


Proposals for Conferences, Workshops, and Supplements: PIs are strongly encouraged to discuss their requests with the program director before submission of the proposal.


Grants forRapid Response Research(RAPID)andEArly-concept Grants for Exploratory Research(EAGER)are also considered when appropriate. Please note that proposals of these types must be discussed with the program director before submission. Grant Opportunities for Academic Liaison with Industry (GOALI)proposals that integrate fundamental research with translational results and are consistent with the application areas of interest to each program are also encouraged. Please note that RAPID, EAGER, and GOALI proposals can be submitted anytime during the year. Details about RAPID, EAGER, and GOALI are available in the Proposal &amp; Award Policies &amp; Procedures Guide(PAPPG), Part 1, Chapter II, Section E: Types of Proposals.


Compliance: Proposals that are not compliant with the<a href=""https://www.nsf.gov/publications/pub_summ.jsp?ods_key=pappg"" target=""_blank"">Proposal &amp; Award Policies &amp; Procedures Guide (PAPPG)</a>will be returned without review."
"32e29443-6495-4614-a6c7-07786695ee5a","PD-23-1443","Fluid Dynamics","posted","NSF","discretionary","","2023-03-21","","Proposals accepted anytime","","False","","9175000","","","http://www.nsf.gov/funding/pgm_summ.jsp?pims_id=506069","NSF Program Desccription PD-23-1443","47.041|Engineering","grant","science_technology_and_other_research_and_development","","unrestricted","","U.S. National Science Foundation","U.S. National Science Foundation","NSF grants.gov support
grantsgovsupport@nsf.gov","grantsgovsupport@nsf.gov","If you have any problems linking to this funding announcement, please contact the email address above.","False","","","","","","","","","https://simpler.grants.gov/opportunity/32e29443-6495-4614-a6c7-07786695ee5a","TheFluid Dynamicsprogram is part of the Transport Phenomena cluster, which also includes 1) theCombustion and Fire Systemsprogram; 2) theParticulate and Multiphase Processesprogram; and 3) theThermal Transport Processesprogram.


TheFluid Dynamicsprogram supports fundamental research toward gaining an understanding of the physics of various fluid dynamics phenomena. Proposed research should contribute to basic scientific understanding via experiments, theoretical developments, and computational discovery.


Major areas of interest and activity in the program include:

<ul type=""disc"">
<li>Turbulence and transition: High Reynolds number experiments; large eddy simulation; direct numerical simulation; transition to turbulence; 3-D boundary layers; separated flows; multi-phase turbulent flows; flow control and drag reduction. High-speed boundary layer transition and turbulence at Mach numbers greater than 5 to understand modal and/or non-modal interactions leading to boundary layer transition and the ensuing developing and fully developed turbulent boundary layer flows.Combined experiments and simulations are encouraged.</li>
<li>Bio-fluid physics:Bio-inspired flows; biological flows with emphasis on flow physics.</li>
<li>Non-Newtonian fluid mechanics:Single-phase viscoelastic flows; solutions of macro-molecules.</li>
<li>Bubble dynamics: Bubbles related to cavitation and/or drag reduction or impacting the fluid viscosity (locally) or manipulation of bubbles with external excitation (acoustofluidics).</li>
<li>Microfluidics and nanofluidics: Micro-and nano-scale flow physics.</li>
<li>Wind and ocean energy harvesting: Focused on fundamental fluid dynamics associated with renewable energy. The NSF-DOE (Department of Energy) joint funding area is focused on high Reynolds number aerodynamics of thick airfoils (&gt; 21% thickness/chord) operating in complex (3D) steady, unsteady, and separated flows. Impacts of blade surface quality/roughness rotor performance on the aerodynamic/aeroelastic performance of novel rotor geometries and supporting structures are also of interest. Air/sea interactions, including waves/currents, on the hydrodynamic loading for offshore wind turbines. Improved measurement techniques and sensing/control technologies required to characterize the metocean environment impact on performance. The DoE participates in this initiative throughthe Wind Energy Technologies Office (program manager Michael Derby, email: michael.derby@ee.doe.gov).</li>
<li>Fluid-structure interactions:General FSI applications across the low- to high-Reynolds number range are of interest to NSF. In addition, NSF-AFOSR (Air Force Office of Scientific Research) joint funding area is focused on theory, modeling and/or experiments for hypersonic applications. AFOSR participates in this initiative through the Aerothermodynamics program.</li>
<li>Canonicalconfigurations:Experimental research is encouraged to develop spatiotemporally resolveddatabases for canonical configurations to either confirm historicalresults or to provide data in an unexplored parameter region. Fidelity and completeness for theoretical/computational validation is a key attribute of theproposed experimental data.</li>
<li>Artificial intelligence (AI)/machine learning:Innovative AI ideas related to the use of machine learning and other AI approaches in fluid dynamics research to model and control the flows are encouraged.Verifying new models with canonicalconfigurations, when appropriate, is encouraged for theComputational andData-Enabled Science &amp; Engineering(CDS&amp;E) program.</li>
<li>Instrumentation and Flow Diagnostics: Instrument development for time-space resolvedmeasurements; shear stress sensors; novel flow imaging; and velocimetry.</li>
</ul>

NOTE:Proposals that use fluid flows as a boundary input condition or a driving force in a problem do not fit within the scope of this program. Proposals focused on particulates (including droplets) two-way coupled with fluids, colloids, and multiphase rheology and processes should be directed to the Particulate andMultiphase Processesprogram. Proposals dealing mainly with materials synthesis, processing and characterization may be more suitable for theAdvanced Manufacturingprogramin the Division of Civil, Mechanical, and Manufacturing Innovation orprograms in theDivision of Materials Research. Proposals dealing primarily with sensors and controls may be more suitable for the Dynamics, Controls, &amp; Cognition program in the Division of Civil, Mechanical, and Manufacturing Innovation. Proposals focused on biological systems may be more suitable forPhysiological and Structural Systemsin the Division of Integrative Organismal Systems.


INFORMATION COMMON TO MOST CBET PROGRAMS


Proposals should address the novelty and/or<a href=""http://www.nsf.gov/about/transformative_research/faq.jsp"">potentially transformative nature</a>of the proposed work compared to previous work in the field.Also, it is important to address why the proposed work is important in terms of engineering science, as well as to also project the potential impact on society and/or industry of success in the research.The novelty or potentially transformative nature of the research should be included, as a minimum, in the Project Summary of each proposal.


The duration of unsolicited proposal awards in CBET is generally up to three years. Single-investigator award budgets typically include support for one graduate student (or equivalent) and up to one month of PI time per year(awards for multiple investigator projects are typically larger). Proposal budgets that are much larger than typical should be discussed with the program director prior to submission. Proposers can view budget amounts and other information from recent awards made by this program via the ""What Has Been Funded (Recent Awards Made Through This Program, with Abstracts)"" link towards the bottom of this page.


Faculty Early Career Development(CAREER)program proposals are strongly encouraged.Award duration is five years.The submission deadline for Engineering CAREER proposals is in July every year. Learn more in the<a href=""https://www.nsf.gov/funding/pgm_summ.jsp?pims_id=503214"">CAREER program description</a>.


Proposals for Conferences, Workshops, and Supplements: PIs are strongly encouraged to discuss their requests with the program director before submission of the proposal.


Grants forRapid Response Research(RAPID)andEArly-concept Grants for Exploratory Research(EAGER)are also considered when appropriate.Please note that proposals of these types must be discussed with the program director before submission.Grant Opportunities for Academic Liaison with Industry (GOALI)proposals that integrate fundamental research with translational results and are consistent with the application areas of interest to each program are also encouraged. Please note that RAPID, EAGER, and GOALI proposals can be submitted anytime during the year. Details about RAPID, EAGER, and GOALI are available in the Proposal &amp; Award Policies &amp; Procedures Guide (PAPPG), Part 1, Chapter II, Section E: Types of Proposals.


Compliance: Proposalsthat are not compliant with the<a href=""https://www.nsf.gov/publications/pub_summ.jsp?ods_key=pappg"">Proposal &amp; Award Policies &amp; Procedures Guide (PAPPG)</a>will be returned without review."
"af59a3e7-dca5-43af-abd1-2aefe9d13b5c","PAS-MOROCCO-FY26-03","Tech Innovation Lab","posted","DOS-MAR","discretionary","","2026-05-14","2026-07-13","","2026-07-31","False","1","200000","150000","200000","https://ma.usembassy.gov/education/funding-opportunities/","Direct link to the NOFO on the U.S. Embassy webpage (Embassy Rabat)","19.040|Public Diplomacy Programs","cooperative_agreement","other","The Tech & Innovation Lab is a national program that equips participants in two to four Moroccan cities with practical skills to use American technology and business practices to solve real-world challenges. The program focuses on applying U.S.-developed tools, including artificial intelligence (AI), to priority sectors such as agriculture, fisheries and the blue economy, logistics, tourism, and services, while introducing participants to U.S. technology platforms and companies operating in these sectors.","nonprofits_non_higher_education_with_501c3","The following organizations are eligible to apply: Moroccan and U.S. non-profit organizations, educational institutions, and civil society organizations with demonstrated experience in STEM programming, youth engagement, and innovation.All organizations must have a Unique Entity Identifier (UEI) issued via SAM.gov as well as a valid registration in SAM.gov. Please see Section D.3 for more information. Individuals are not required to have a UEI or be registered in SAM.gov.","U.S. Mission to Morocco","Department of State","FZ Aboukir","Rabatgrants@state.gov","Rabatgrants@state.gov","False","","","","","","","","","https://simpler.grants.gov/opportunity/af59a3e7-dca5-43af-abd1-2aefe9d13b5c","<p><u>Funding Opportunity Title</u>:&nbsp;Tech Innovation Lab</p> 
<p><u>Funding Opportunity Number</u>:&nbsp;PAS-MOROCCO-FY26-03</p> 
<p><u>Deadline for Applications</u>:&nbsp;July 13, 2026 at 23:59 GMT+1</p> 
<p><u>Assistance Listing Number</u>:&nbsp;19.040</p> 
<p><u>Length of performance period</u>:&nbsp;12 to 18 months</p> 
<p><u>Number of awards anticipated</u>:&nbsp;1 award</p> 
<p><u>Total available funding</u>:&nbsp;$200,000 pending availability of funds&nbsp;</p> 
<p><u>Type of Funding</u>:&nbsp;FY26 Smith Mundt Public Diplomacy Funds&nbsp;</p> 
<p><u>Anticipated project start date</u>:&nbsp;October 2026</p> 
<p>&nbsp;</p> 
<p><strong>Funding Instrument Type:</strong> Cooperative agreement. </p> 
<p><strong>Project Performance Period</strong>: Proposed projects should be completed in 18 months or less</p> 
<p>&nbsp;</p> 
<p>The Department of State will entertain applications for continuation grants funded under these awards beyond the initial budget period on a non-competitive basis subject to availability of funds, satisfactory progress of the program, and a determination that continued funding would be in the best interest of the U.S. Department of State.</p> 
<p>&nbsp;</p> 
<p><strong>This notice is subject to availability of funding</strong></p> 
<p>&nbsp;</p> 
<p><strong>A.&nbsp;&nbsp;Executive Summary:</strong></p> 
<p>The Tech &amp; Innovation Lab is a national program that equips participants in two to four Moroccan cities with practical skills to use American technology and business practices to solve real-world challenges. The program focuses on applying U.S.-developed tools, including artificial intelligence (AI), to priority sectors such as agriculture, fisheries and the blue economy, logistics, tourism, and services, while introducing participants to U.S. technology platforms and companies operating in these sectors.</p> 
<p>The Lab aims to strengthen participants’ ability to build solutions that are market-relevant, and scalable, using American products. Through hands-on workshops, mentorship from American experts, and applied project work, participants will learn how to design, test, and improve solutions using proven U.S. approaches in innovation, product development, and technology adoption. The program will also highlight U.S. commercial models and create exposure to American products and services, encouraging participants to integrate U.S. technologies and AI into their solutions.</p> 
<p>&nbsp;</p> 
<p><strong>B. Goals &amp; Objectives</strong>:</p> 
<p>Morocco is undergoing rapid digital and economic transformation, with increasing demand for advanced technical skills, innovation capacity, and private sector–driven solutions across key sectors such as agriculture, fisheries and the blue economy, logistics, tourism, and services. At the same time, there is a growing need to strengthen the adoption of trusted, high-quality technology platforms and business practices that support sustainable growth and economic resilience.</p> 
<p><strong><u>Goal</u></strong>:</p> 
<p>To advance U.S. leadership in innovation and technology, and promote market access for American products by equipping participants with practical skills to apply American technologies and business practices to develop scalable, market-relevant solutions in priority sectors in Morocco.</p> 
<p><strong><u>Objectives</u></strong>: </p> 
<ol> 
 <li>Promote the adoption and integration of trusted American technologies and platforms. </li> 
 <li>Increase participants’ technical capacity to apply U.S.-developed tools, including artificial intelligence, to real-world challenges. </li> 
 <li>Strengthen understanding and application of U.S. best practices in product development, innovation, and business models. </li> 
 <li>Facilitate connections between Moroccan participants and U.S. companies, experts, and innovation ecosystems. </li> 
 <li>Support the development of solutions that contribute to local economic growth and job creation.</li> 
</ol> 
<p><strong><u>Program Activities and Components</u>:</strong></p> 
<p>Applicants should propose a cohort-based program implemented in two to four Moroccan cities, with each city hosting a dedicated cohort over a period of three to four months per cohort. Programming may be sequenced or partially overlapping across locations, depending on implementation capacity.</p> 
<p><strong><u>Participant Eligibility</u>:</strong></p> 
<p>Participants should meet the following criteria:</p> 
<ul> 
 <li>Moroccan citizens residing in target cities </li> 
 <li>University students, recent graduates, or early-career professionals </li> 
 <li>Background in technology, business, or related fields (preferred but not mandatory) </li> 
 <li>Demonstrated interest in applying technology to solve practical challenges </li> 
 <li>Basic proficiency in English (preferred) </li> 
</ul> 
<p><strong><u>Budget Guidance</u>:</strong></p> 
<p>Applicants should submit a detailed budget that may include:</p> 
<ul> 
 <li>Participant Costs: Travel, lodging (if needed), and per diem for participants attending in-person sessions </li> 
 <li>Venue and Logistics: Workshop space, equipment, internet access </li> 
 <li>Trainer and Speaker Costs: Honoraria, travel, and accommodation for American and local experts </li> 
 <li>Program Materials: Software licenses (U.S.-based platforms), training materials, supplies </li> 
 <li>Communications and Outreach: Recruitment, visibility, and program branding </li> 
 <li>Monitoring and Evaluation Costs </li> 
</ul> 
<p>&nbsp;</p> 
<p><strong><u>Limitations and Regulations</u>:</strong></p> 
<p>All proposed activities must comply with U.S. government regulations and public diplomacy guidelines. Funds may not be used for construction, major equipment purchases not directly tied to program delivery, or activities that are purely academic or research-focused without a clear public diplomacy component. </p> 
<p>&nbsp;Applicants are expected to demonstrate the capacity to manage an 18-month, multi-phase program and deliver measurable outcomes that advance U.S. leadership, visibility, and partnerships in space and technology.</p> 
<p><em>&nbsp;</em></p> 
<p><strong>C. Substantial Involvement:<em> </em></strong></p> 
<p>The Public Affairs Office will be actively involved in the award implementation. U.S. Embassy staff will:</p> 
<p>·&nbsp;&nbsp;&nbsp;&nbsp;&nbsp;&nbsp;Provide standardized logos/branding guidelines for promotional materials. </p> 
<p>·&nbsp;&nbsp;&nbsp;&nbsp;&nbsp;&nbsp;Approve marketing materials and participate in promotional activities of the program, utilizing the U.S. Mission’s social media platforms and media contacts. </p> 
<p>·&nbsp;&nbsp;&nbsp;&nbsp;&nbsp;&nbsp;Approve proposed venues. </p> 
<p>·&nbsp;&nbsp;&nbsp;&nbsp;&nbsp;&nbsp;Approve participant and trainer recruitment and selection plans. </p> 
<p>·&nbsp;&nbsp;&nbsp;&nbsp;&nbsp;&nbsp;Assist in identifying and contacting alumni of U.S. government exchange programs, representatives of U.S. companies, and enlisting U.S. Mission personnel as potential speakers or trainers. </p> 
<p>Review and approve proposed program speaker and trainer rosters and activity/workshop/site visit content and formats.</p> 
<p>&nbsp;</p> 
<p><strong>D. Application Contents &amp; Format:</strong></p> 
<p><u>Please follow all instructions below carefully</u>. Proposals that do not meet the requirements of this announcement or fail to comply with the stated requirements will be ineligible.</p> 
<p>&nbsp;</p> 
<p><strong>Content of Application</strong></p> 
<p>Please ensure:</p> 
<p>·&nbsp;&nbsp;&nbsp;&nbsp;&nbsp;&nbsp;The proposal clearly addresses the goals and objectives of this funding opportunity</p> 
<p>·&nbsp;&nbsp;&nbsp;&nbsp;&nbsp;&nbsp;All documents are in English</p> 
<p>·&nbsp;&nbsp;&nbsp;&nbsp;&nbsp;&nbsp;All budgets are in U.S. dollars</p> 
<p>·&nbsp;&nbsp;&nbsp;&nbsp;&nbsp;&nbsp;All pages are numbered</p> 
<p>·&nbsp;&nbsp;&nbsp;&nbsp;&nbsp;&nbsp;All documents are formatted to fit 8 ½ x 11 paper, and</p> 
<p>·&nbsp;&nbsp;&nbsp;&nbsp;&nbsp;&nbsp;All Microsoft Word documents are single-spaced, 12 point Calibri font, with a minimum of 1-inch margins.</p> 
<p>The following documents are <strong><u>required</u></strong>:&nbsp;</p> 
<p><strong><em>1.&nbsp;&nbsp;Mandatory application forms</em></strong></p> 
<p>SF-424 (Application for Federal Assistance – organizations) </p> 
<p>SF-424A (Budget Information for Non-Construction programs) </p> 
<p>&nbsp;</p> 
<p><strong><em>2.&nbsp;&nbsp;Proposal (10 pages maximum)</em></strong></p> 
<p>The proposal should contain sufficient information that anyone not familiar with it would understand exactly what the applicant wants to do. You may use your own proposal format, but it must include all the items below.&nbsp;</p> 
<p>·&nbsp;&nbsp;&nbsp;&nbsp;&nbsp;&nbsp;&nbsp;<strong>Proposal Summary: </strong>Short narrative that outlines the proposed project, including project objectives and anticipated impact.</p> 
<p>·&nbsp;&nbsp;&nbsp;&nbsp;&nbsp;&nbsp;&nbsp;<strong>Introduction to the Organization or Individual applying</strong>: A description of past and present operations, showing ability to carry out the program, including information on all previous grants from the State Department and/or U.S. government agencies.</p> 
<p>·&nbsp;&nbsp;&nbsp;&nbsp;&nbsp;&nbsp;&nbsp;<strong>Problem Statement: </strong>Clear, concise and well-supported statement of the problem to be addressed and why the proposed program is needed</p> 
<p>·&nbsp;&nbsp;&nbsp;&nbsp;&nbsp;&nbsp;&nbsp;<strong>Project Goals and Objectives: </strong>The “goals” describe what the program is intended to achieve. The “objectives” refer to the intermediate accomplishments on the way to the goals. These should be achievable and measurable.</p> 
<p>·&nbsp;&nbsp;&nbsp;&nbsp;&nbsp;&nbsp;&nbsp;<strong>Project Activities</strong>: Describe the program activities and how they will help achieve the objectives. </p> 
<p>·&nbsp;&nbsp;&nbsp;&nbsp;&nbsp;&nbsp;&nbsp;<strong>Project Methods and Design</strong>: A description of how the program is expected to work to solve the stated problem and achieve the goal. Include a logic model as appropriate. </p> 
<p>·&nbsp;&nbsp;&nbsp;&nbsp;&nbsp;&nbsp;&nbsp;<strong>Proposed Project Schedule and Timeline: </strong>The proposed timeline for the program activities. Include the dates, times, and locations of planned activities and events.</p> 
<p>·&nbsp;&nbsp;&nbsp;&nbsp;&nbsp;&nbsp;&nbsp;<strong>Key Personnel: </strong>Names, titles, roles and experience/qualifications of key personnel involved in the program. What proportion of their time will be used in support of this program?&nbsp;</p> 
<p>·&nbsp;&nbsp;&nbsp;&nbsp;&nbsp;&nbsp;&nbsp;<strong>Project Partners:</strong> List the names and type of involvement of key partner organizations and sub-awardees.</p> 
<p>·&nbsp;&nbsp;&nbsp;&nbsp;&nbsp;&nbsp;&nbsp;<strong>Project Monitoring and Evaluation Plan:</strong> This is an important part of successful grants. Throughout the timeframe of the grant, how will the activities be monitored to ensure they are happening in a timely manner, and how will the program be evaluated to make sure it is meeting the goals of the grant?</p> 
<p>·&nbsp;&nbsp;&nbsp;&nbsp;&nbsp;&nbsp;&nbsp;<strong>Future Funding or Sustainability</strong> Applicant’s plan for continuing the program beyond the grant period, or the availability of other resources, if applicable.</p> 
<p>&nbsp;</p> 
<p><strong><em>3.&nbsp;&nbsp;&nbsp;Budget Justification Narrative</em></strong></p> 
<p>After filling out the SF-424A Budget (above), use a separate file to describe each of the budget expenses in detail. See section <em>I. Other Information: Guidelines for Budget Submissions</em> below for further information.</p> 
<p>&nbsp;</p> 
<p><strong>4.&nbsp;&nbsp;<em>&nbsp;Attachments</em></strong></p> 
<p>·&nbsp;&nbsp;&nbsp;&nbsp;&nbsp;&nbsp;1-page Curriculum Vitae (CV) or resume of key personnel who are proposed for the program</p> 
<p>·&nbsp;&nbsp;&nbsp;&nbsp;&nbsp;&nbsp;&nbsp;Letters of support from program partners describing the roles and responsibilities of each partner </p> 
<p>·&nbsp;&nbsp;&nbsp;&nbsp;&nbsp;&nbsp;&nbsp;If your organization has a Negotiated Indirect Cost Rate Agreement (NICRA) and includes NICRA charges in the budget, include your latest NICRA as a PDF file.&nbsp;</p> 
<p>·&nbsp;&nbsp;&nbsp;&nbsp;&nbsp;&nbsp;Official permission letters, if required for program activities.</p> 
<p>&nbsp;</p> 
<p><strong>E. Submission Requirements and deadlines</strong>:</p> 
<p><strong><em>1.&nbsp;&nbsp;&nbsp;&nbsp;Address to Request Application Package </em></strong>Application forms required above are available at U.S. embassy website and grants.gov.</p> 
<p><strong><em>2.&nbsp;&nbsp;&nbsp;&nbsp;Department of State Contacts </em></strong>If you have any questions about the grant application process, please contact: <a target=""_blank"">RabatGrants@state.gov</a></p> 
<p><strong><em>3.&nbsp;&nbsp;&nbsp;&nbsp;Unique entity identifier and System for Award Management (SAM.gov)</em>Required Registrations</strong></p> 
<p>All organizations, whether based in the United States or in another country, must have a Unique Entity Identifier (UEI) and an active registration in SAM.gov. A UEI is one of the data elements mandated by Public Law 109-282, the Federal Funding Accountability and Transparency Act (FFATA), for all Federal awards. An applicant must maintain an active registration while it has a proposal under review by the Department and must continue to keep the registration active for the entire duration of the period of performance of any Federal award that results from this NOFO.</p> 
<p>The 2 CFR 200 requires subrecipients to obtain a UEI. Please note the UEI for subrecipients is not required at the time of application but will be required before an award is processed and/or directed to a subrecipient. </p> 
<p>&nbsp;</p> 
<p><strong><em>4.&nbsp;&nbsp;&nbsp;&nbsp;Submission Dates and Times :</em></strong></p> 
<p>All proposals and application materials must be submitted by email to <a target=""_blank""><em>Rabatgrants@state.gov</em></a></p> 
<p>Applications are due no later than Monday July 13, 2026 at 23:59 GMT+1</p> 
<p><br></p> 
<p><strong style=""color: rgb(0, 0, 0);""><em>Address to Request Application Package</em></strong><span style=""color: rgb(0, 0, 0);"">&nbsp;</span></p> 
<p>Application forms required above are available under ""<strong>Related documents</strong>"" in Grants.gov and;</p> 
<p>Under ""Forms"" at: <a href=""https://ma.usembassy.gov/education/funding-opportunities/"" target=""_blank"" style=""color: rgb(70, 120, 134);"">https://ma.usembassy.gov/education/funding-opportunities/</a>&nbsp;&nbsp;</p> 
<p><br></p> 
<p><strong style=""color: rgb(0, 0, 0);""><em>Department of State Contacts</em></strong><span style=""color: rgb(0, 0, 0);"">&nbsp;</span></p> 
<p>If you have any questions about the grant application process or the NOFO, please contact: Rabatgrants@state.gov&nbsp;&nbsp;</p> 
<p>Please include ""Tech Innovation Lab"" in the subject line.</p> 
<p><br></p>"
"569d2b69-faa2-4841-a8dd-df2922751628","OFOP0002813","Prosperity through Partnership:  Catalyzing U.S.-Algerian Collaboration in Innovation, Commerce and English Language","posted","DOS-DZA","discretionary","","2026-06-22","2026-08-08","","","True","5","0","5000","100000","https://mygrants.servicenowservices.com/mygrants?id=mygrants_form&table=x_g_usd4_o_grant_funding_opportunity&sys_id=465d1dd447cd075067358810326d4326&view=Default","Link to Opportunity in MyGrants","19.040|Public Diplomacy Programs","other","science_technology_and_other_research_and_development","","nonprofits_non_higher_education_with_501c3","","U.S. Mission to Algeria","Department of State","Algiers_Grants@state.gov","Algiers_Grants@state.gov","Algiers_Grants@state.gov","False","","","","","","","","","https://simpler.grants.gov/opportunity/569d2b69-faa2-4841-a8dd-df2922751628","<p>1.&nbsp;&nbsp;Executive Summary</p><p>The U.S. Department of State’s Embassy Algiers is launching a competitive program to catalyze innovation and commerce between the United States and Algeria and advance key U.S. foreign policy priorities. The initiative aims to strengthen commercial ties, expand market access for American companies, and promote American business models and technology, particularly in entrepreneurship and artificial intelligence as well as English language development. Target audiences include Algerian students and young leaders (ages 18-35), entrepreneurs, and mid-career professionals, with a focus on building partnerships between U.S. and Algerian institutions and improving knowledge relevant to U.S. business and technology standards. </p><p>The Embassy may play an active role in guiding and monitoring the program, while recipients will manage implementation and outreach. Competitive proposals should support a priority program area (see below) and should include a connection with American expert/s, organization/s, institution/s or private sector companies that will promote increased cooperation between the people of the United States and Algeria even after the program has finished. </p><p>A.&nbsp;&nbsp;ELIGIBILITY</p><p>1.&nbsp;&nbsp;Eligible Applicants</p><p>The Public Affairs Section encourages applications from U.S. and Algeria and any other</p><p>country for projects that would have any significant bonds with the priority programs</p><p>Areas and will be implemented in Algeria.</p><p>·&nbsp;&nbsp;&nbsp;&nbsp;&nbsp;&nbsp;&nbsp;&nbsp;Registered not-for-profit organizations, including think tanks and civil society/nongovernmental organizations with programming experience. Public and private educational institutions</p><p>·&nbsp;&nbsp;&nbsp;&nbsp;&nbsp;&nbsp;&nbsp;&nbsp;Individuals: Specialized professional individuals</p><p>·&nbsp;&nbsp;&nbsp;&nbsp;&nbsp;&nbsp;&nbsp;&nbsp;Public International Organizations and Governmental institutions</p><p>·&nbsp;&nbsp;&nbsp;&nbsp;&nbsp;&nbsp;&nbsp;&nbsp;Non-profit or governmental educational institutions</p><p>·&nbsp;&nbsp;&nbsp;&nbsp;&nbsp;&nbsp;&nbsp;&nbsp;Governmental institutions</p><p>·&nbsp;&nbsp;&nbsp;&nbsp;&nbsp;&nbsp;&nbsp;&nbsp;Social enterprises: public or private.</p><p>·&nbsp;&nbsp;&nbsp;&nbsp;&nbsp;&nbsp;&nbsp;&nbsp;Museums</p><p>·&nbsp;&nbsp;&nbsp;&nbsp;&nbsp;&nbsp;&nbsp;&nbsp;Press and media: Including public and private traditional media outlets.</p><p>·&nbsp;&nbsp;&nbsp;&nbsp;&nbsp;&nbsp;&nbsp;&nbsp;Entities specialized in the project fields.</p><p>For-profit entities, even those that may fall into the categories listed above, are not eligible to apply for this NOFO.&nbsp;Organizations may sub-contract with other entities, but only one, non-profit, non-governmental entity can be the prime recipient of the award. When sub-contracting with other entities, the responsibilities of each entity must be clearly defined in the proposal. For more information on the difference between sub-contract and sub-recipient, please refer to 2 CFR 200.331. </p><p>2.&nbsp;&nbsp;Cost Sharing or Matching</p><p>Cost sharing or matching is encouraged, but not required for this funding opportunity. &nbsp;&nbsp;&nbsp;</p><p>3.&nbsp;&nbsp;Other Eligibility Requirements</p><p>All organizations must have a Unique Entity Identifier (UEI) issued via SAM.gov as well as a valid registration in SAM.gov. Please see Section E.3 for more information. Individuals are not required to have a UEI or be registered in SAM.gov.&nbsp;</p><p>Optional: Applicants are only allowed to submit one proposal per organization. If more than one proposal is submitted from an organization, all proposals from that institution will be considered ineligible for funding under this funding opportunity.</p><p>4.&nbsp;&nbsp;&nbsp;&nbsp;&nbsp;This opportunity will not support: </p><p>·&nbsp;&nbsp;&nbsp;&nbsp;&nbsp;&nbsp;&nbsp;&nbsp;Projects relating to partisan political activity;</p><p>·&nbsp;&nbsp;&nbsp;&nbsp;&nbsp;&nbsp;&nbsp;&nbsp;Charitable or development activities; including direct social services such as medical, psychological, and/or humanitarian support</p><p>·&nbsp;&nbsp;&nbsp;&nbsp;&nbsp;&nbsp;&nbsp;&nbsp;Construction projects;</p><p>·&nbsp;&nbsp;&nbsp;&nbsp;&nbsp;&nbsp;&nbsp;&nbsp;Projects that support specific religious activities;</p><p>·&nbsp;&nbsp;&nbsp;&nbsp;&nbsp;&nbsp;&nbsp;&nbsp;Fund-raising campaigns;</p><p>·&nbsp;&nbsp;&nbsp;&nbsp;&nbsp;&nbsp;&nbsp;&nbsp;Lobbying for specific legislation or programs</p><p>·&nbsp;&nbsp;&nbsp;&nbsp;&nbsp;&nbsp;&nbsp;&nbsp;Scientific research or surveys;</p><p>·&nbsp;&nbsp;&nbsp;&nbsp;&nbsp;&nbsp;&nbsp;&nbsp;Commercial projects;</p><p>·&nbsp;&nbsp;&nbsp;&nbsp;&nbsp;&nbsp;&nbsp;&nbsp;Projects intended primarily for the growth or institutional development of the organization; </p><p>·&nbsp;&nbsp;&nbsp;&nbsp;&nbsp;&nbsp;&nbsp;&nbsp;Projects that duplicate existing projects; or</p><p>·&nbsp;&nbsp;&nbsp;&nbsp;&nbsp;&nbsp;&nbsp;&nbsp;Illegal activities</p><p>B.&nbsp;&nbsp;&nbsp;PROGRAM DESCRIPTION</p><p>1.&nbsp;&nbsp;Project Background, Goals, and Objectives</p><p>The Public Diplomacy Section invites proposals for programs that support one of the following U.S. Embassy priority program areas listed below. &nbsp;</p><p>Examples of Public Diplomacy Small Grants Program programs include, but are not limited to:</p><p>·&nbsp;&nbsp;&nbsp;&nbsp;&nbsp;&nbsp;&nbsp;&nbsp;Academic and professional lectures, seminars and speaker programs;</p><p>·&nbsp;&nbsp;&nbsp;&nbsp;&nbsp;&nbsp;&nbsp;&nbsp;Artistic and cultural workshops, joint performances and exhibitions;</p><p>·&nbsp;&nbsp;&nbsp;&nbsp;&nbsp;&nbsp;&nbsp;&nbsp;Professional and academic exchanges and programs;</p><p>Priority Program Areas/Goals: Applicants may submit a proposal to address the program goals below. Proposals should focus on one or more of the priority outcomes, but applicants may also recommend their own objective.&nbsp;</p><p>Goal 1.&nbsp;Advance Commercial Diplomacy </p><p>The U.S. Embassy invites proposals that strengthen commercial ties between the United States and Algeria. This is a priority for the U.S. Embassy because it expands market access for American companies, supports workforce development, and fosters a business ecosystem that is conducive to American engagement. </p><p>Applicants should consider designing programs that promote American business models, create new talent pipelines, stimulate entrepreneurship. and include mechanisms for measuring commercial outcomes.</p><p>Project Audience(s): All programs should focus on audiences in Algeria. Proposals should describe both the primary and secondary audiences for the program. Primary audiences are those who will participate directly in the program, and secondary audiences include those reached indirectly – for example, via social media or traditional media. Specific audiences who are considered a priority for awards funded under this Annual Program Statement include:</p><p>·&nbsp;&nbsp;&nbsp;&nbsp;&nbsp;&nbsp;&nbsp;&nbsp;Students and young leaders between the ages of 18-35;</p><p>·&nbsp;&nbsp;&nbsp;&nbsp;&nbsp;&nbsp;&nbsp;&nbsp;Entrepreneurs and small business owners; </p><p>·&nbsp;&nbsp;&nbsp;&nbsp;&nbsp;&nbsp;&nbsp;&nbsp;Rising and mid-career industry and creative professionals. </p><p>Priority Outcomes(s): Applicants may focus on one or more of the outcomes listed below. Applicants are encouraged to propose additional objectives and innovative activities that address the priority program areas.&nbsp;</p><p>Strengthened Partnerships between Algerian and American universities, research institutions, creative hubs, and business incubators. </p><p>Increased Pipelines for Algerian students and young leaders to work for, engage with, and promote American companies. </p><p>Improved Ability among target audiences in English language, American business standards, and American approaches to commercialization and entrepreneurship,</p><p>Increased Adoption of American business models and operational standards within Algeria’s emerging industries, including in Algeria’s sports and entertainment industries.</p><p>&nbsp;</p><p>Goal 2.&nbsp;Promote English Language to Strengthen Economic, Security, and Cultural Ties</p><p>&nbsp;</p><p>The U.S. Embassy invites proposals that expand access to high-quality English language learning and promote English as a tool for academic, professional, and cross-cultural advancement in Algeria. This is a priority for the U.S. Embassy because English proficiency opens doors to global education, workforce readiness and employability, and supports private sector growth and entrepreneurship.&nbsp;Strong English capability help Algerians participate more fully in international business and innovation ecosystems, and enhance collaboration between Algerian and American companies, people and institutions. </p><p>&nbsp;</p><p>Applicants should consider designing programs that enhance English language teaching and learning, develop innovative resources or curricula, and create opportunities for Algerians to use English in real-world contexts. Proposals may include teacher training, English language camps, conversation clubs, digital learning platforms, or partnerships with U.S. educational institutions.</p><p>&nbsp;</p><p>Project Audience(s): All programs should focus on audiences in Algeria. Proposals should describe both the primary and secondary audiences for the program. Primary audiences are those who will participate directly in the program, and secondary audiences include those reached indirectly – for example, via social media or traditional media. Specific audiences who are considered a priority for awards funded under this Annual Program Statement include:</p><p>·&nbsp;&nbsp;&nbsp;&nbsp;&nbsp;&nbsp;&nbsp;&nbsp;English language teachers and educators;</p><p>Priority Outcome(s): Applicants may focus on one or more of the outcomes listed below. Applicants are encouraged to propose additional objectives and innovative activities that address the priority program areas.</p><p>·&nbsp;&nbsp;&nbsp;&nbsp;&nbsp;&nbsp;&nbsp;&nbsp;Increased English language proficiency among Algerian youth, educators, and professionals.</p><p>·&nbsp;&nbsp;&nbsp;&nbsp;&nbsp;&nbsp;&nbsp;&nbsp;Strengthened capacity of Algerian English language teachers through training and professional development.</p><p>·&nbsp;&nbsp;&nbsp;&nbsp;&nbsp;&nbsp;&nbsp;&nbsp;Expanded access to American educational and cultural resources in English.</p><p>·&nbsp;&nbsp;&nbsp;&nbsp;&nbsp;&nbsp;&nbsp;&nbsp;Enhanced opportunities for Algerians to participate in academic, professional, and cultural exchanges with the United States.</p><p>·&nbsp;&nbsp;&nbsp;&nbsp;&nbsp;&nbsp;&nbsp;&nbsp;Greater use of English in Algerian academic, business, and civic life.</p><p> Goal 3.&nbsp;Promote American Innovation in Algeria’s Technological Transformation</p><p>The U.S. Embassy invites proposals that position the United States as Algeria’s preferred partner in artificial intelligence (AI) and emerging technologies. This is a priority for the U.S. Embassy because it promotes American technology frameworks, accelerates the adoption of U.S. generative AI solutions, and cultivates ties with American nstitutions and research ecosystems that promote American models of academic excellence and innovation.</p><p>Applicants should consider designing programs that promote the adoption of American technology, train target audiences in its utilization, and strengthen technological partnerships with Algerian universities or business incubators. </p><p>Project Audience(s): Who are the primary beneficiaries?&nbsp;Include possible audience characteristics, such as demographics, professional background or geographic location. Aim to specify at least three. </p><p>·&nbsp;&nbsp;&nbsp;&nbsp;&nbsp;&nbsp;&nbsp;&nbsp;Students and young leaders between the ages of 18-35;</p><p>·&nbsp;&nbsp;&nbsp;&nbsp;&nbsp;&nbsp;&nbsp;&nbsp;Entrepreneurs and small business owners; </p><p>·&nbsp;&nbsp;&nbsp;&nbsp;&nbsp;&nbsp;&nbsp;&nbsp;Rising and mid-career industry professionals and engineers. </p><p>Priority Outcomes(s): Applicants may focus on one or more of the outcomes listed below. Applicants are encouraged to propose additional objectives and innovative activities that address the priority program areas.</p><p>Increased receptivity toward collaboration with American companies and institutions in the field of AI and emerging technologies.</p><p>Improved AI Literacy among target audiences, including youth and entrepreneurs, learned on American generative AI. </p><p>Strengthened Partnerships between Algerian and U.S. universities, research institutions, and innovation hubs.</p><p>Increased Adoption of U.S. AI-enabled products and American AI standards within Algerian institutions and businesses. </p><p>2.&nbsp;&nbsp;Substantial Involvement </p><p>If this award will be a cooperative agreement or an FAA with substantial involvement, you must include a description of the substantial involvement in this section, including a summary of the expected roles and responsibilities of the U.S. Embassy and Recipient. </p><p>●&nbsp;&nbsp;&nbsp;&nbsp;&nbsp;&nbsp;U.S. Embassy Roles and Responsibilities</p><p>o&nbsp;&nbsp;The U.S. Embassy will provide substantial involvement throughout the award period if the grantee is awarded a cooperative agreement. Embassy staff will approve selection of program participants, review proposed publications and materials, and offer guidance on program content to ensure alignment with U.S. policy objectives. The Embassy will also facilitate connections with American institutions, provide input on the development of training modules, and be involved in monitoring to ensure intended outcomes are achieved.</p><p>●&nbsp;&nbsp;&nbsp;&nbsp;&nbsp;&nbsp;Recipient Roles and Responsibilities</p><p>o&nbsp;&nbsp;The Recipient will be responsible for the day-to-day management and implementation of the program, including logistics, outreach, and coordination with local partners. The Recipient will design and deliver training activities, develop program materials, and manage participant engagement. The Recipient will also be responsible for collecting and reporting data on program outcomes, maintaining regular communication with the U.S. Embassy, and incorporating Embassy feedback into program activities and deliverables.</p>"
"36e8deb1-21fa-4b05-9e6a-d622650dfebe","PD-23-1406","Thermal Transport Processes","posted","NSF","discretionary","","2023-04-05","","Proposals accepted anytime","","False","","7047000","","","http://www.nsf.gov/funding/pgm_summ.jsp?pims_id=506070","NSF Program Desccription PD-23-1406","47.041|Engineering","grant","science_technology_and_other_research_and_development","","unrestricted","","U.S. National Science Foundation","U.S. National Science Foundation","NSF grants.gov support
grantsgovsupport@nsf.gov","grantsgovsupport@nsf.gov","If you have any problems linking to this funding announcement, please contact the email address above.","False","","","","","","","","","https://simpler.grants.gov/opportunity/36e8deb1-21fa-4b05-9e6a-d622650dfebe","TheThermal Transport Processesprogram is part of the Transport Phenomena cluster, which alsoincludes1) theCombustion and Fire Systemsprogram; 2) theFluid Dynamicsprogram; and 3) theParticulate and Multiphase Processesprogram.


TheThermal Transport Processesprogram supports engineering research projects that lay the foundation for newadvances in thermal transport phenomena. These projects should either develop new fundamental knowledge or combine existing knowledge in thermodynamics, fluid mechanics, and heat and mass transfer to probe new areas of innovation in thermal transport processes. The program seeks transformative projects with the potential for improvingbasic understanding, predictability and application of thermal transport processes. Projects should articulate the contribution(s) to the fundamental knowledge supporting thermal transport processes and state clearly the potential application(s) impact when appropriate.Projects that combine analytical, experimental and numerical efforts, geared toward understanding, modeling and predicting thermal phenomena, are of great interest.Collaborative and interdisciplinary proposals for which the main contribution is in thermal transport fundamentals are also encouraged. Emphasis is placed on research that demonstrates how thermal transport phenomena affect the existence, behavior and dynamics of components and systems.Priority is given to insightful investigations of fundamental problems with clearly defined economic, environmental and societal impacts.


Some specific areas of interest include:

<ul type=""disc"">
<li>Convection/diffusion/radiation: Heat and mass transport incomplex structures and surfaces;thermal-related turbulence; development of form-functionrelationships in thermal processes; thermal design methodology; phonon transport and interactions between energy carriers; radiationamplification, controlling, and extinction; interfacial gas-solid andliquid-solid thermal and species-driven phenomena.</li>
<li>Thermodynamics: Thermal-electric energy conversion; battery-related thermal issues; power generation and propulsion; phase-change and supercritical energy cycles;non-equilibriumthermal processes.</li>
<li>Biologicalheatand mass transport: Biomimicry;intra- andextra-cellular heat and mass transport; freeze resistancemechanisms;thermotherapy and thermoregulation; organ conservation(freezing and thawing); mass transport in biomedical and health systems.</li>
<li>Nanothermics,microthermics,and mesothermics: Scaling upnanoscale heat transport processes or coupledheat-mass transport processes; utilization ofnew multi-functional, meta- and graded-materials in thermal transport;nano-texturingand phase-change; multi-scale thermal transport in aprocess.</li>
<li>Thermal solutions to climate change: Decarbonizing industrial processes; novel heating and cooling technologies with minimal greenhouse gas emissions; thermal-driven clean energy concepts; thermal and thermochemical energy storage; waste heat recovery and transmission; thermal science and technology to enable electrification of energy services.</li>
<li>Thermal science and quantum technology interface: Quantum sensors for thermal measurements;quantum computing for thermal sciences;thermodynamics and novel cryogenic cooling concepts for quantum devices;thermal transport in quantum materials and quantum phenomena; thermal solutions for next-generation qubits, qubit coupling, and quantum information storage.</li>
<li>New metrology and artificial intelligence (AI)/machinelearning methodologies in thermal sciences: Advanced thermal imagingand measurement techniques for high-resolutionin situthermal imaging and non-invasive temperature measurement; novel AI/machine learning methodologies and other data-intensive approaches that can be coupled with physics-based models and/or experiments to enable new understanding and discoveries in thermal transport processes.</li>
</ul>

NOTE: Proposalsincluding chemical kinetics should be submitted to the ENG/CBETCombustion and FireSystemsprogram. Proposals dealing mainly with materials synthesis, processing and characterization should be directed to the ENG/CMMIAdvanced Manufacturingprogram or the Division of Materials Research (DMR) in the Directorate for Mathematical and Physical Sciences (MPS). Proposals at the interface of computational/mathematical sciences and thermal transport are encouraged but should be submitted to theComputational and Data-Enabled Science &amp; Engineering(CDS&amp;E) program.


Proposals seeking the utilization of the International Space Station U.S. National Laboratory should follow the instructions in the NSF/CASIS solicitations (e.g., NSF 22-539). Proposals related to the Air Force Office of Scientific Research (AFOSR) general area of thermal transport properties of novel materials and heterostructures should be submitted as regular proposals to theThermal Transport Processesprogram. Those proposals may be jointly reviewed by NSF and AFOSR using the NSF merit review process. Actual funding format and agency split for an award (depending on availability of funds) will be determined after the proposal selection process. Proposals related to the Department of Energy (DOE) general area of thermal and thermochemical energy storage materials and processes should be submitted as regular proposals to theThermal Transport Processesprogram. In these cases, the PI should contact the program director to confirm suitability of the topic prior to submitting the proposal. Innovative proposals outside of these specific interest areas may be considered.However, prior to submission, it is recommended that the PI contact the program director to avoid the possibility of the proposal being returned without review.


Innovative<a id=""_anchor_1"" name=""_msoanchor_1""></a>proposals outside of these specific interest areas may be considered.However, prior to submission, it is recommended that the Principal Investigator contact the program director to avoid the possibility of the proposal being returned without review.


INFORMATION COMMON TO MOST CBET PROGRAMS


Proposals should address the novelty and/or<a href=""http://www.nsf.gov/about/transformative_research/faq.jsp"">potentially transformative nature</a>of the proposed work compared to previous work in the field.Also, it is important to address why the proposed work is important in terms of engineering science, as well as to also project the potential impact on society and/or industry of success in the research.The novelty or potentially transformative nature of the research should be included, as a minimum, in the Project Summary of each proposal.


The duration of unsolicited proposal awards in CBET is generally up to three years. Single-investigator award budgets typically include support for one graduate student (or equivalent) and up to one month of PI time per year(awards for multiple investigator projects are typically larger). Proposal budgets that are much larger than typical should be discussed with the program director prior to submission. Proposers can view budget amounts and other information from recent awards made by this program via the ""What Has Been Funded (Recent Awards Made Through This Program, with Abstracts)"" link towards the bottom of this page.


Faculty Early Career Development(CAREER)program proposals are strongly encouraged.Award duration is five years.The submission deadline for Engineering CAREER proposals is in July every year. Learn more in the<a href=""https://www.nsf.gov/funding/pgm_summ.jsp?pims_id=503214"">CAREER program description</a>.


Proposals for Conferences, Workshops, and Supplements: PIs are strongly encouraged to discuss their requests with the program director before submission of the proposal.


Grants forRapid Response Research(RAPID)andEArly-concept Grants for Exploratory Research(EAGER)are also considered when appropriate.Please note that proposals of these types must be discussed with the program director before submission.Grant Opportunities for Academic Liaison with Industry (GOALI)proposals that integrate fundamental research with translational results and are consistent with the application areas of interest to each program are also encouraged. Please note that RAPID, EAGER, and GOALI proposals can be submitted anytime during the year. Details about RAPID, EAGER, and GOALI are available in the Proposal &amp; Award Policies &amp; Procedures Guide (PAPPG), Part 1, Chapter II, Section E: Types of Proposals.


Compliance: Proposals that are not compliant with the<a href=""https://www.nsf.gov/publications/pub_summ.jsp?ods_key=pappg"">Proposal &amp; Award Policies &amp; Procedures Guide (PAPPG)</a>will be returned without review."
"077770e0-41ee-4340-89c7-e720c8892ae9","PD-24-1340","Research in the Formation of Engineers","posted","NSF","discretionary","","2023-09-17","","Proposals accepted anytime","","False","","5600000","","","http://www.nsf.gov/funding/pgm_summ.jsp?pims_id=506225","NSF Program Desccription PD-24-1340","47.041|Engineering","grant","science_technology_and_other_research_and_development","","unrestricted","","U.S. National Science Foundation","U.S. National Science Foundation","NSF grants.gov support
grantsgovsupport@nsf.gov","grantsgovsupport@nsf.gov","If you have any problems linking to this funding announcement, please contact the email address above.","False","","","","","","","","","https://simpler.grants.gov/opportunity/077770e0-41ee-4340-89c7-e720c8892ae9","The NSF Engineering Directorate (ENG) has launched a multi-year initiative, theProfessional Formation of Engineers, to create and support an innovative and inclusive engineering profession for the 21<sup>st</sup>century. Professional Formation of Engineers (PFE) refers to the formal and informal processes and value systems by which people become engineers. It also includes the ethical responsibility of practicing engineers to sustain and grow the profession in order to improve quality of life for all peoples. The engineering profession must be responsive to national priorities, grand challenges, and dynamic workforce needs; it must be equally open and accessible to all.


Professional Formation of Engineers includes, but is not limited, to:

<ul type=""disc"">
<li>Introductions to the profession at any age;</li>
<li>Development of deep technical and professional skills, knowledge, and abilities in both formal and informal settings/domains;</li>
<li>Development of outlooks, perspectives, ways of thinking, knowing, and doing;</li>
<li>Development of identity as an engineer and its intersection with other identities; and</li>
<li>Acculturation to the profession, its standards, and norms.</li>
</ul>

The goal of the Research in the Formation of Engineers (RFE) program is to advance our understanding of professional formation. It seeks both to deepen our fundamental understanding of the underlying processes and mechanisms that support professional formation and to demonstrate how professional formation is or can be accomplished. Ultimately RFE aims to transform the engineer-formation system, and thus the impact of proposed projects on this system must be described. Principal Investigators (PIs) should provide a roadmap detailing how they envision the proposed research will eventually broadly impact practice within the engineer-formation system, even if these activities are not within the scope of the submitted proposal.


In order to accomplish its goals, RFE welcomes proposals in two categories: Research Projects, and Design and Development Projects. Research Projects address fundamental questions of professional formation, while Design and Development Projects provide new approaches to achieving professional formation. Additional details are provided below. Projects in both categories should address the iterative cycle in which research questions that advance understanding are informed by practice and the results of research are, in turn, translated into practice. In other words, proposals should explain how the research results will travel, translate, transfer, or scale. Successful projects identify specific target audiences, effective communication channels, and novel partnerships to ensure effective propagation and scaling. Proposal titles should begin with either &ldquo;Research:&rdquo; or &ldquo;Design and Development:&rdquo; as appropriate.


Research Projects


Research proposals are particularly welcome in the following areas:

<ul type=""disc"">
<li>Research that addresses lifelong learning by the engineering workforce.</li>
<li>Research on the impact of engineering education research. Proposals addressing this topic could investigate questions such as: How can we measure the impacts of engineering education research? What are effective strategies for scaling reforms? How can we translate knowledge from research to practice? What are the roles of technologies, networks and communities in achieving impact? RFE does not support efficacy, effectiveness, or scale-up studies for specific interventions.</li>
<li>Research that addresses culture change in engineering education. Included in this topic are investigations of normative cultures of engineering at any level in the engineering education ecosystem and how these cultures may disadvantage certain groups.</li>
<li>Research that addresses engineering formation at the two-year college level in both formal and informal settings.</li>
<li>Research that addresses engineering formation at the graduate education level in both formal and informal settings.</li>
<li>Research that investigates engineering in P-12 settings. Research in this area could include understanding of approaches to engineering in P-12, how to develop engineering ways of thinking, or the relationship between practices within the sciences and mathematics and engineering thinking.</li>
<li>Research on the transitions between education levels, e.g., from high school to two-year college, high school to four-year college/university, two-year college to four-year college/university, undergraduate to graduate school, education settings to the workforce or professoriate, etc.</li>
<li>Research that addresses the relationship between engineering and the public. Proposals addressing this topic could consider the social impact of engineering solutions, citizen engineering, education of an informed public, etc.</li>
<li>Research that develops or adapts novel methodologies and frameworks appropriate for studying the professional formation of engineers, and especially minoritized, marginalized, or underserved populations.</li>
<li>Research that addresses ways in which new technologies (such as artificial intelligence and machine learning) are changing engineering education.</li>
<li>Research to transform engineering education so that all students encounter environmental and social sustainability principles as an integrated part of their education and are equipped with the tools needed to incorporate these principles into their future research, careers, and innovations.</li>
</ul>

Proposals submitted to the Research Projects category should have clear research questions informed by an appropriate theoretical framework and a research design that includes sampling, data collection, and data analysis methods. This category will not support proposals that seek funding primarily to develop tools, curriculum, or laboratories, or that seek to implement classroom innovations that have already been shown to be effective in engineering. The program will evaluate the value of proposals by considering the impact and the cost. Research track projects that are small, exploratory, or speculative are especially encouraged. Larger Research track projects should have a correspondingly larger impact.


Design and Development Projects


RFE supports Design and Development projects (see<a href=""https://www.nsf.gov/publications/pub_summ.jsp?ods_key=nsf13126"">https://www.nsf.gov/publications/pub_summ.jsp?ods_key=nsf13126</a>) that seek to develop and test new approaches in the following areas <span>related to engineering education</span>:

<ul type=""disc"">
<li>Graduate education.</li>
<li>Undergraduate education in new engineering technologies and environmental sustainability.</li>
<li>Transitions between education levels, for example high school to two-year college, high school to four-year college/university, two-year college to four-year college/university, undergraduate to graduate school, education settings to the workforce or professoriate, etc.</li>
<li>P-12, especially approaches to develop engineering thinking, or providing links between engineering, science, and mathematics.</li>
</ul>

Proposals in this category should propose the design and development of new approaches that are informed by existing literature and theory. There should be clear objectives and the evaluation plan should be designed to determine if those objectives have been met. Projects cannot be solely demonstration projects but must add to the engineering education literature to inform future work."
"057c2537-c4d5-4b51-b827-e764c81997d4","21-595","Tribal Colleges and Universities Program","posted","NSF","discretionary","","2021-06-24","2026-09-01","Small Grants for Research (SGR); Instructional Capacity Excellence in TCUP Institutions (ICE-TI) and Targeted STEM Infusion Projects (TSIP); TCU Enterprise Advancement Centers (TEA Centers); TCUP Partnerships; Cyberinfrastructure Health, Assistance, and Improvements (CHAI); Preparing for TCP Implementation (Pre-TI); TCUP for Secondary and Elementary Teachers in STEM (TSETS); Small Grants for Research (SGR); Targeted STEM Infusion Projects (TSIP)","2027-11-13","False","55","10799836","100000","3500000","http://www.nsf.gov/publications/pub_summ.jsp?ods_key=nsf21595","NSF Publication 21-595","47.076|Education and Human Resources","grant","science_technology_and_other_research_and_development","","other","*Who May Submit Proposals: Proposals may only be submitted by the following:
  -
Organizations eligible to submit TCUP proposals are federally recognized Tribal Colleges and Universities, Alaska Native-serving institutions and Native Hawaiian-serving institutions. Multiple campuses of one university system are normally encouraged to consider collaborative submissions. Executive Order 13021 defines Tribal Colleges and Universities (""tribal colleges"") as those institutions cited in section 532 of the Equity in Educational Land-Grant Status Act of 1994 (7 U.S.C. 301 note), and other institutions that qualify for funding under the Tribally Controlled Community College Assistance Act of 1978, (25 U.S.C. 1801 et seq.), as well as Navajo Community College as authorized in the Navajo Community College Assistance Act of 1978, Public Law 95-471, Title II (25 U.S.C. 640a note). The term ""Alaska Native-serving institution"" means an institution of higher education that is an eligible institution under section 1058(b) of the Higher Education Act; and that, at the time of submission, has an undergraduate enrollment that is at least 20 percent Alaska Native students. The term ""Native Hawaiian-serving institution"" means an institution of higher education that is an eligible institution under section 1058(b) of the Higher Education Act; has a Carnegie classification of baccalaureate or associate's college; and has, at the time of submission, an undergraduate enrollment that is at least 10 percent Native Hawaiian students.  By signing and submitting the proposal, the proposer is certifying that they meet the eligibility criteria specified in this program solicitation. Willful provision of false information in this request and its supporting documents or in reports required under an ensuing award is a criminal offense (U.S. Code, Title 18, Section 1001).  Eligibility may be verified by consulting the Integrated Postsecondary Education Data System (IPEDS) or other certified federal government data sources.  Other institutions of higher education are eligible to submit collaborative proposals as non-leads with TCUP-eligible institutions under the TCUP Partnerships strands; limitations apply.


*Who May Serve as PI:

For the Instructional Capacity Excellence in TCUP Institutions (ICE-TI), TCU Enterprise Advancement (TEA) Centers, and TCUP Partnerships award strands, the principal investigator (PI) is expected to be the president, chief academic officer, another senior academic officer responsible for oversight and management of curriculum and instructional policies for the institution, or a senior STEM faculty member. Typically, the PI for Targeted STEM Infusion Projects (TSIP) or TCUP for Secondary and Elementary Teachers in STEM proposals (TSETS) would be a member of the STEM faculty, but STEM education faculty are encouraged to be part of the key leadership team.  The PI for Small Grants for Research (SGR) proposals should be the lead researcher and would typically be a member of the STEM or STEM education faculty. For Cyberinfrastructure Health, Assistance, and Improvements (CHAI), the PI should be a senior STEM faculty member, but the chief information officer (CIO) is strongly encouraged to be part of the key leadership team.  Prospective PIs are encouraged to consult TCUP program staff.","U.S. National Science Foundation","U.S. National Science Foundation","NSF grants.gov support
grantsgovsupport@nsf.gov","grantsgovsupport@nsf.gov","If you have any problems linking to this funding announcement, please contact the email address above.","False","","","","","","","","","https://simpler.grants.gov/opportunity/057c2537-c4d5-4b51-b827-e764c81997d4","The Tribal Colleges and Universities Program (TCUP) provides awards to federally recognized<sup>1 </sup> Tribal Colleges and Universities, Alaska Native-serving institutions, and Native Hawaiian-serving institutions to promote high quality science (including sociology, psychology, anthropology, linguistics, economics and bioeconomics, statistics, and other social and behavioral sciences; natural sciences; computer science, including, but not limited to, artificial intelligence, quantum information science, and cybersecurity), technology, engineering and mathematics (STEM), STEM education, research, and outreach. Support is available to TCUP-eligible institutions (see the Additional Eligibility subsection of Section IV of this solicitation) for transformative capacity-building or community engagement projects through Instructional Capacity Excellence in TCUP Institutions (ICE-TI), Targeted STEM Infusion Projects (TSIP),TCUP for Secondary and Elementary Teachers in STEM (TSETS), TCU Enterprise Advancement Centers (TEA Centers), Cyberinfrastructure Health, Assistance, and Improvements (CHAI), and Preparing for TCUP Implementation (Pre-TI). Collaborations led by TCUP institutions that involve non-TCUP institutions of higher education are supported through TCUP Partnerships, with the participation of other NSF programs to support the work of non-TCUP institutions. Finally, research studies that further the scholarly activity of individual faculty members are supported through Small Grants for Research (SGR). Through the opportunities highlighted above, as well as collaborations with other National Science Foundation (NSF) divisions and directorates, and other organizations,TCUPaims toincrease Native individuals' participation in STEM careers, improve the quality of STEM programs atTCUP-eligible institutions, and facilitate the development of a strong STEM enterprise in TCUP institutions' service areas.

<div class=""WordSection1"">

TCUP supports transformative capacity-building, community engagement, or research projects at TCUP-eligible institutions through the following funding tracks:


Instructional Capacity Excellence in TCUP Institutions (ICE-TI) projects provide support to design, implement, and assess comprehensive institutional improvements in STEM education and research capacity at TCUP-eligible institutions of higher education. By strengthening STEM education and STEM education research, successful projects will increase the number of STEM students and improve the quality of their preparation. ICE-TI projects create and/or adapt and assess innovative models and materials for teaching and learning in STEM, embody knowledge about how students learn most effectively in STEM teaching and learning activities, and bring STEM disciplinary advances into the undergraduate or graduate experience. The objective of this strand is to expand STEM degrees offered by TCUP-eligible institutions or significantly enhance instructional approaches.


Targeted STEM Infusion Projects (TSIP) support the attainment of a short-term, well-defined goal to improve the quality of STEM education at an eligible institution. Targeted STEM Infusion Projects could, for example, enhance academic infrastructure by systematically adding traditional knowledge to the scope or content of a STEM course, updating curricula, modernizing laboratory research equipment, developing and delivering professional development for K-12 STEM educators, or improving the computational infrastructure.The objective of this strand is to expand STEM degrees or significantly enhance instructional approaches.


TCUP for Secondary &amp; Elementary Teachers in STEM (TSETS) supports in-service professional development in STEM disciplinary or STEM education content and/or research for K-12 STEM teachers in the relevant service area. Examples of project activities include, but are not limited to, professional development involving seminar series and engagement in STEM instruction and content during the academic year, structured series of summer intensive workshops and trainings, and summer research opportunities. The objective of this strand is to broaden the instructional capacity for STEM in the K-12 workforce and thereby to the entire community, and to build the capacity for STEM disciplinary or education research among participating educational professionals.


TCU Enterprise Advancement Centers (TEA Centers) coalesce the STEM and/or STEM education expertise into a team, designed to support and promote the STEM goals, needs, aspirations, or interests of the chartering reservation or tribe(s). TEA Centers may address a critical tribal or community need or focus on a realm of research or design that is beyond the scope of individual research grants or that is of interest to multiple tribes. The objective of this strand is to build on the capacity developed through prior TCUP support and apply expertise to collaborations with communities in the institution&rsquo;s service area, or nationally.


The Cyberinfrastructure Health, Assistance, and Improvements (CHAI) strand supports projects at TCUP-eligible institutions of higher education to upgrade the cyberinfrastructure necessary to conduct, expand, manage and administer STEM programs of study, including research. The objective of this strand is to equip TCUP institutions to meet the demands of virtual instruction, advanced computing, and data science opportunities.


Preparing for TCUP Implementation (Pre-TI) provides support for activities that prepare an institution for Implementation-level projects.Consequently, they are available only to TCUP-eligible institutions of higher education that have never received TCUP support, have not received TCUP support within the previous five years, or are embarking on a significantly novel STEM strategic plan. Examples of supported activities include completing an institutional assessment of its current STEM instructional capacity, or engaging in conversations necessary to formulate a shared vision of what that capacity should be and how to achieve it. Pre-TI awards can support staff and faculty release time, travel, stakeholder gatherings, and associated administrative costs.The objective of this strand is to conduct self-studies and formulate strategic plans for the development of STEM instructional programs of study.


The TCUP Partnerships strand provides support for collaborations that will improve TCUP institutions' instructional and research capacity in STEM fields supported by NSF; attract, retain, and support TCUP students in internships and research endeavors deemed to be necessary for a complete curriculum offering; and engage partner universities to provide an academic grounding and a successful transition for students who wish to study or attain degrees in STEM fields supported by NSF. TCUP Partnerships broaden the number of scientific disciplines available to students at TCUP institution through collaborations with non-TCUP institutions. Active Pre-Engineering Education Collaboratives or Partnerships in Geoscience Education awards are not affected by this revision. The objective of this strand is the development, through instructional and research capacity-building, of academic and career pathways for TCUP students through supporting collaborative projects between and among TCUP and non-TCUP institutions. Interested teams of collaborators for which a TCUP institution serves as lead should contact the TCUP program directors. Support for non-TCUP partners must be obtained from other NSF programs, which follows the procedures of the prior Partnership strands.


Small Grants for Research (SGR) strand support STEM or STEM Education faculty members at TCUP-eligible institutions to initiate or pursue research projects or programs that may include undergraduate or graduate student engagement. Awards are intended to help further the faculty member's research capability and effectiveness; improve research and teaching at his or her home institution and create and study new models and innovations in STEM teaching and learning. International research or collaborations are strongly encouraged. TCUP students may seek support for international research opportunities under the guidance of a TCUP STEM or STEM education faculty member and an international research collaborator. These awards are particularly appropriate as a means of recruiting and retaining highly qualified scientists, engineers, and educators at TCUP-eligible institutions. The objective of this strand is to support faculty research and professional development that build research capacity at TCUP institutions.

</div>

[1] Executive Order 13021 defines Tribal Colleges and Universities (""tribal colleges"") as those institutions cited in section 532 of the Equity in Educational Land-Grant Status Act of 1994 (7 U.S.C. 301 note), and other institutions that qualify for funding under the Tribally Controlled Community College Assistance Act of 1978, (25 U.S.C. 1801 et seq.), as well as Navajo Community College as authorized in the Navajo Community College Assistance Act of 1978, Public Law 95-471, Title II (25 U.S.C. 640a note). The term ""Alaska Native-serving institution"" means an institution of higher education that is an eligible institution under section 1058(b) of the Higher Education Act; and that, at the time of submission, has an undergraduate enrollment that is at least 20 percent Alaska Native students. The term ""Native Hawaiian-serving institution"" means an institution of higher education that is an eligible institution under section 1058(b) of the Higher Education Act; and that, at the time of submission, has an undergraduate enrollment that is at least 10 percent Native Hawaiian students. Most TCUP-eligible institutions of higher education are two-year or community colleges. See the Who May Submit Proposals section in this solicitation for further details."
"ba8d93ae-06c4-4f6c-8153-7d498d917fc8","FY26-PAS-SURABAYA-01","The 2027 YSEALI Regional Workshop: Securing Supply Chains","posted","DOS-IDN","discretionary","","2026-06-22","2026-08-31","","2026-09-01","False","1","300000","200000","300000","","","19.040|Public Diplomacy Programs","cooperative_agreement","other","Secure supply chains that strengthen U.S. - ASEAN economic and regional security.","other","Eligible Applicants The following organizations are eligible to apply:● Not-for-profit organizations, including think tanks and civil society/non-governmental organizations● Public and private educational institutions● Individuals● Public International Organizations and Governmental institutionsFor-profit entities, even those that may fall into the categories listed above, are not eligible to apply for this NOFO","U.S. Mission to Indonesia","Department of State","Grantor
Phone 62312975300","passurabaya@state.gov","PAS Surabaya","False","","","","","","","","","https://simpler.grants.gov/opportunity/ba8d93ae-06c4-4f6c-8153-7d498d917fc8","<p>Project Background, Goals, and Objectives</p><p><br></p><p>In an era of global disruption and rapid technological change, secure and resilient supply chains are more critical than ever. This workshop will bring together early-stage professionals from across Southeast Asia to explore how supply chains operate, the impact of advanced technologies, and the critical minerals that power modern economies. They will leave equipped with tools to increase advocacy efforts that support national-level policy, encouraging the expansion of U.S.- ASEAN commercial opportunities and prioritizing secure supply chains that strengthen U.S. - ASEAN economic and regional security.</p><p><br></p><p>Workshop Objectives</p><p>• Enhance understanding of supply chain fundamentals: Provide participants with a strong foundation in supply chain operations, including key actors, systems, and processes.</p><p>• Identify and analyze supply chain risks: Equip participants to recognize vulnerabilities such as cyber threats, illegal transshipment, geopolitical risks, and industrial overcapacity.</p><p>• Explore strategies for supply chain security and resilience: Introduce U.S. tools, frameworks, and best practices for strengthening supply chain resilience, including intellectual property protection, export controls, taxation, cybersecurity, and cross-border data flows.</p><p>• Introduce emerging technologies in trade and logistics: Familiarize participants with U.S.-led innovations such as digital tracking, blockchain, and artificial intelligence and their applications in improving supply chain security and efficiency.</p><p>• Highlight the importance of critical and rare earth minerals: Demonstrate how these minerals underpin advanced technologies and essential products, and how diversified processing and refining capabilities contribute to American and Southeast Asian prosperity and security.</p><p>• Foster regional collaboration and dialogue: Encourage early-stage professionals across Southeast Asia to share perspectives, develop joint strategies, and explore policy recommendations.</p><p>• Develop practical regional solutions: Engage participants in simulations and group activities that apply workshop concepts to real-world supply chain challenges, drawing on expertise from U.S. industry partners and case studies.</p><p>• Encourage participant-led innovation and action: Organize a business incubator competition that provides seed funding to innovative projects and initiatives that strengthen secure, resilient, and fair supply chains while expanding opportunities for U.S. trade, investment, and commercial partnerships across the ASEAN region.</p><p><br></p><p>Ho Chi Minh City, Vietnam, and Surabaya, Indonesia, offer complementary, yet distinct, expertise that uniquely positions each location to host specialized workshop activities. Participants will engage in programming at both sites—beginning in Vietnam and concluding in Indonesia—gaining a rare, firsthand understanding of regional supply chain dynamics, economic priorities, and cross-border challenges. This immersive experience will equip participants with the broader regional perspective necessary to make informed decisions within the ASEAN context.</p><p><br></p><p>Ho Chi Minh City:</p><p>● Supply Chain Challenge Simulation: A team-based exercise where participants move goods from production to delivery while responding to realistic disruptions and crises.</p><p>● Expert Talks: Sessions with industry and policy experts on current trends, risks, and opportunities in supply chain security, followed by Q&amp;A discussions.</p><p>● Case Study Lab – “When Supply Chains Break”: Participants analyze real-world supply chain disruptions, identify vulnerabilities, and propose resilience strategies.</p><p>● Regional Dialogue Roundtable: Interactive discussions where participants share country perspectives, regional challenges, and opportunities for cross-border cooperation.</p><p>● Site Visits: Tours of ports and/or technology and manufacturing hubs in Ho Chi Minh City to examine logistics operations and technological innovation firsthand.</p><p><br></p><p>Surabaya:</p><p>● Cybersecurity Skills Workshop: A hands-on session introducing U.S. tools and products for protecting critical infrastructure and logistics systems, including principles of zero-trust architecture.</p><p>● Business Incubator: This business incubator competition will provide seed funding to innovative projects and initiatives that strengthen secure, resilient, and fair supply chains while expanding opportunities for U.S. trade, investment, and commercial partnerships across the ASEAN region.</p><p>● Critical Minerals Workshop and Simulation: Participants examine the role of critical and rare earth minerals in supply chains and engage in industry-designed simulations involving sectors such as semiconductors, batteries, vehicles, computers, phones, and satellites.</p><p>● Field Excursion: Visits to a critical minerals smelter and processing facility to explore operational challenges and opportunities in the mining sector and their implications for supply chain security.</p><p><br></p><p>This program complements prior programs supporting Vietnam's long-term logistics and supply chain development goals, as well as Mission Vietnam's robust commercial diplomacy on behalf of American consumer and high-tech firms in Vietnam—the United States' seventh-largest trading partner and largest in ASEAN. This program will also build on the success of previous Mission Indonesia cybersecurity speaker programs and a semiconductor supply chain security program that trained key interlocuters in developing protocols to protect critical infrastructure in the mining and digital sectors, expanded U.S.-Indonesia commercial cooperation in the semiconductor sector, and increased Indonesia’s capacity to contribute meaningfully to more secure semiconductor supply chains.</p><p><br></p><p>Project Audience(s):</p><p>The recipient will coordinate with U.S. Consulate General Ho Chi Minh City and U.S. Consulate General Surabaya and with the U.S. Embassies to ASEAN and in ASEAN member states to recruit and select up to 55 participants with specialized backgrounds. Participants must be registered YSEALI exchange alumni aged 22-35 who have leadership potential, a commitment to enhance U.S - ASEAN trade, and experience relevant to business, science, technology, critical minerals, logistics, or global trade. This program requires at least one year of professional work experience. Participants should demonstrate their leadership and readiness to enact commercial change in their home countries.</p><p>All participants must be proficient in written and spoken English. All programs must include participants from all eleven ASEAN member countries.</p><p>Participants will include YSEALI exchange alumni representing all 11 ASEAN member states from the U.S.-based YSEALI Professional and Academic Fellowship programs, YSEALI regional workshops, or YSEALI Seeds for the Future competition winners.</p><p>The recipient will be responsible for arranging and using cooperative agreement funds to cover all elements related to participant and staff travel including international and domestic flights, visas, travel to and from airports, accommodation, per diem, meals during the program, insurance, etc.</p><p><br></p><p>Project Goal:</p><p>Strengthen knowledge and capacity to identify, assess, and address supply chain vulnerabilities across critical industries throughout the ASEAN region.</p><p><br></p><p>Project Objectives:</p><p>● Objective 1: Strengthen the advocacy capacity of up to 55 well positioned early-stage leaders across 11 ASEAN countries to support national-level policy that encourages the expansion of U.S.- ASEAN commercial opportunities prioritizing secure and diversified supply chains strengthening U.S. - ASEAN economic and regional security.</p><p>● Objective 2: Provide seed funding for at least one organically generated project or initiative that strengthens secure, resilient, and fair supply chains while expanding opportunities for U.S. trade, investment, and commercial partnerships in the ASEAN region. Develop a backup slate of at least three prospective projects.</p><p>● Objective 3: Increase cross-sector knowledge sharing, coordination, and cooperation amongst ASEAN countries and the United States to address and respond to threats in supply chain security across critical industries by establishing coordinated communication channels with U.S. commercial entities and U.S. Embassies and Consulates in the region. Create professional advocacy groups that incorporate American private sector expertise; at least 75% of participants will demonstrate the ability to implement at least one new policy revision within a year of completion of the program.</p><p><br></p><p>Substantial Involvement</p><p>The U.S. Consulate General Ho Chi Minh City and U.S. Consulate General Surabaya will have substantial involvement in the development, content, and schedule of the workshop. In consultation with the coordinating U.S. Consulate General Ho Chi Minh City and U.S. Consulate General Surabaya, the award recipient must actively engage all relevant U.S. Embassies regarding the recruitment and selection processes as well manage communication with the participants.</p><p><br></p><p>Working closely with U.S. Consulate General Ho Chi Minh City and U.S. Consulate General Surabaya, the recipient of this cooperative agreement shall: develop a robust program for the workshop; schedule the workshop at mutually agreed upon locations; manage the participant application and selection process through a secure portal; develop the agenda and content for the workshop; recruit speaker(s); manage all travel logistics for participants and speakers; and generate content for social media and other publicity. The recipient will provide all design files, photos and video recorded, as well as production quality, U.S. Consulate General Ho Chi Minh City and U.S. Consulate General Surabaya approved, photo album and video series of the workshop after completion. Preference will be given to joint proposals that have a local partner in both Vietnam and Indonesia, but only one cooperative agreement will be awarded and managed out of U.S. Consulate Surabaya.</p><p>Regular, transparent communication via email, phone and video conference calls and face-to-face meetings (as appropriate) with the Grants Officer, Grants Officer Representative, and Program Officer throughout the period of performance is critical to the success of this cooperative agreement.</p><p><br></p><p>All major elements of the program and its content require advance approval by U.S. Consulate General Ho Chi Minh City and U.S. Consulate General Surabaya, including, but not limited to:</p><p>• Choices of dates, venue, accommodation, and menus;</p><p>• Final selection of participants, mentors, and speakers from the United States and ASEAN member states;</p><p>• Titles, format, and content of workshop sessions and other program activities;</p><p>• Design and content of all marketing materials, publicity, and media products.</p>"
"158d81ec-f001-4c5f-8c6f-a854cf4cda6e","PAS-JAKARTA-FY26-06","Voices for the Future","posted","DOS-IDN","discretionary","","2026-07-02","2026-07-31","","2026-08-08","False","1","150000","50000","150000","","","19.040|Public Diplomacy Programs","cooperative_agreement","education","","other","Eligible ApplicantsThe following organizations are eligible to apply: ● Not-for-profit organizations, including think tanks and civil society/non-governmental organizations ● Public and private educational institutions● Public International Organizations and Governmental institutionsFor-profit entities, even those that may fall into the categories listed above, are not eligible to apply for this NOFO.","U.S. Mission to Indonesia","Department of State","Jakarta PAS Grant
Grantor
Phone 622150831000","JakartaPASGrants@state.gov","JakartaPASGrants","False","","","","","","","","","https://simpler.grants.gov/opportunity/158d81ec-f001-4c5f-8c6f-a854cf4cda6e","<strong>PROGRAM DESCRIPTION</strong> 
<p>&nbsp;</p> 
<strong><em>1.&nbsp;&nbsp;Project Background, Goals, and Objectives</em></strong> 
<p>&nbsp;</p> 
<p>Indonesia is the world’s third largest democracy and over half of its population is under the age 30.&nbsp;Because of this large youth demographic, the United States has an opportunity to engage the next generation of Indonesian leaders.&nbsp;For the last several years, however, Indonesian favorability towards the United States has failed to increase despite good government-to-government relations that have resulted in support for trade and military agreements.&nbsp;Meanwhile, as countries such as Russia and China have invested heavily in soft power tactics, their favorability ratings have grown substantially.&nbsp;Adversaries in the region further invest substantial resources to altering public perceptions of America and U.S. government policies through information warfare in both traditional and digital media.&nbsp;&nbsp;</p> 
<p>&nbsp;</p> 
<p>The U.S. Embassy Voices for the Future debate team network and championship will support young Indonesian leaders who will help counter growing narratives against the United States that may threaten policy wins.&nbsp;In the age of rapidly developing technology that will fundamentally alter the information space, sharpening the critical thinking, debate, and English language skills of Indonesian youth will equip them to navigate complex information environments, identify anti-American propaganda and media manipulation, and advocate for policies that promote reciprocal trade, regional security, and U.S. - Indonesia cooperation.&nbsp;This program will build upon the popularity of our youth programing, including YSEALI programing, which receives substantially more applications than available slots – allowing more youth with interest in the United States to build positive connections with America.&nbsp;EducationUSA will also hold information sessions on legal U.S. study pathways with students.</p> 
<p><br></p> 
<p><strong style=""color: black;"">Project Audience(s): </strong></p> 
<p>●&nbsp;&nbsp;&nbsp;&nbsp;&nbsp;&nbsp;Geographic Location: Jakarta, Samarinda, Makassar, Padang.</p> 
<p>●&nbsp;&nbsp;&nbsp;&nbsp;&nbsp;&nbsp;Indonesian high school students ages 15-17 with good English proficiency and a demonstrated strong academic record.</p> 
<p>●&nbsp;&nbsp;&nbsp;&nbsp;&nbsp;&nbsp;Indonesian high school teachers and debate coaches.</p> 
<p><span style=""color: red;"">&nbsp;</span></p> 
<p><strong style=""color: black;"">&nbsp;</strong></p> 
<p><strong style=""color: black;"">Project Goal: </strong><span style=""color: red;"">&nbsp;</span><strong style=""color: rgb(28, 33, 39);"">Demonstrate U.S. commitment to Indonesia’s next generation of leaders.</strong></p> 
<p>Strengthen civic literacy among Indonesian high school students through structured debate training and competition. Develop critical thinking, public speaking, and argumentation skills that prepare youth for leadership in civil society, government, and the private sector.&nbsp;Expand English-language proficiency in an applied, communicative context.&nbsp;Build lasting networks among Indonesian youth across regions, fostering national cohesion and cross-cultural understanding.&nbsp;Advance people-to-people ties between Indonesia and the United States by exposing participants to American traditions and values.</p> 
<p><br></p> 
<p><strong style=""color: black;"">Project Objectives:</strong><em style=""color: black;""> </em></p> 
<p>●&nbsp;&nbsp;&nbsp;&nbsp;&nbsp;&nbsp;Objective 1: Establish Voices for the Future debate teams in at least 20 schools through academic programing and coaching focused on critical thinking, public speaking, and argumentation skills that prepare youth for leadership.</p> 
<p>This objective builds the program's foundation by recruiting a minimum of 20 partner high schools across Padang, Samarinda, and Makassar, plus Jakarta-based high schools through an open call, equipping students with a structured debate curriculum focused on critical thinking, public speaking, and argumentation in English. Each school will have a dedicated coach or faculty advisor to guide students through regular practice sessions using consistent training materials and assessment tools and may form mentorships with a U.S. Embassy Regional English Language Fellow. By embedding debate training directly into school activities, the program ensures that young Indonesians across multiple regions develop the civic and leadership skills they need to contribute meaningfully to their communities and country.</p> 
<p>●&nbsp;&nbsp;&nbsp;&nbsp;&nbsp;&nbsp;Objective 2: Strengthen teacher and coach capacity through Training of Trainers (ToT)</p> 
<p>This objective ensures the program's long-term sustainability by building the skills of the educators. Selected teachers and coaches will participate in a Training of Trainers program that equips them with practical tools in debate coaching, facilitation, and civic education. Participants will also form a peer network to share resources and support one another across regions. By empowering educators, the program creates a lasting foundation that can grow and thrive well beyond the project period.</p> 
<p>●&nbsp;&nbsp;&nbsp;&nbsp;&nbsp;&nbsp;Objective 3: Increase student engagement on free speech, digital freedom and AI</p> 
<p>Through debate topics, workshops, and guest speaker sessions, students will explore themes such as free expression, digital rights, misinformation, and artificial intelligence. They will be encouraged to develop their own initiatives to share what they have learned with wider audiences. This prepares Indonesian youth to think critically about the digital world and engage confidently with the democratic values the United States promotes globally.</p> 
<p>●&nbsp;&nbsp;&nbsp;&nbsp;&nbsp;&nbsp;Objective 4:&nbsp;Hold a Voices for the Future National Debate Championship in Jakarta and generate public awareness</p> 
<p>This objective brings the program to a national stage by hosting a championship in Jakarta that unites top teams from all participating schools. A merit-based qualification process will ensure fair competition, with judges drawn from the U.S. Embassy, Indonesian government, civil society, and the private sector. A strong public awareness campaign through social media and press outreach will amplify the event's visibility and celebrate student achievement. The championship will serve as a powerful, public demonstration of U.S. investment in Indonesia's next generation of leaders.</p> 
<p>&nbsp;</p> 
<p><strong style=""color: black;"">Program Activities:</strong></p> 
<p>·&nbsp;&nbsp;&nbsp;&nbsp;&nbsp;&nbsp;&nbsp;&nbsp;<strong style=""color: black;"">Program design and partnership development</strong></p> 
<p>The recipient will partner with at least 20 schools across Jakarta, Samarinda, Padang, and Makassar and local debate communities.&nbsp;In coordination with the U.S. Embassy, the recipient will brief U.S. experts on the Indonesian educational context, co-develop coaching curricula and debate topic frameworks, produce a program operations manual, and develop marketing and outreach materials to recruit student and teacher participants.</p> 
<p>·&nbsp;&nbsp;&nbsp;&nbsp;&nbsp;&nbsp;&nbsp;&nbsp;<strong style=""color: black;"">Debate bootcamp and Coach Training (ToT)</strong></p> 
<p><span style=""color: black;"">Using funding from this grant, U.S. experts will travel to Padang, Samarinda, and Makassar to deliver three training of trainers (ToT) workshops and debate bootcamps. The ToT component will train a minimum of 24 teachers and coaches in debate formats and rules, argument construction and rebuttal techniques, and subject matter knowledge on AI governance, digital freedom, and free speech rights, equipping coaches to independently sustain competitive debate programs beyond the grant period.&nbsp;Each bootcamp will also include a demonstration debate session with recruited students. Coaches will receive a comprehensive toolkit of lesson plans, research guides, practice drill frameworks, and assessment rubrics.&nbsp;EducationUSA will hold information sessions on U.S. study pathways at each bootcamp, with a minimum of 120 students engaged across all three cities.</span></p> 
<p>·&nbsp;&nbsp;&nbsp;&nbsp;&nbsp;&nbsp;&nbsp;&nbsp;<strong style=""color: black;"">National Debate Championship in Jakarta</strong></p> 
<p><span style=""color: black;"">A national championship will be held in Jakarta open to two tracks of participants:&nbsp;top-qualifying teams from the Padang, Samarinda, and Makassar bootcamp cities, and Jakarta-based high school teams registered through the open call.&nbsp;All teams will compete across multiple elimination rounds judged by U.S. experts, Indonesian academic and civil society judges, and U.S. Embassy representatives.&nbsp;The program will culminate in an awards ceremony with trophies, certificates, and formal commendations, followed by a closing U.S. expert mentorship session connecting debate skills to democratic citizenship. Top performers from both tracks will be connected with U.S. educational opportunities and EducationUSA advising.&nbsp;A comprehensive media strategy will generate at least 10 placements across social media, press, and digital channels.</span></p> 
<p>&nbsp;</p> 
<p><strong>&nbsp;</strong></p> 
<strong><em>2.&nbsp;&nbsp;Substantial Involvement </em></strong> 
<p><span style=""color: rgb(28, 33, 39);"">The U.S. Embassy will serve as the Federal awarding agency representative and will maintain substantial involvement in the implementation of this cooperative agreement, consistent with the nature of a cooperative agreement as distinct from a grant. Specifically, the Embassy will:</span></p> 
<p><span style=""color: rgb(28, 33, 39);"">1.&nbsp;&nbsp;&nbsp;&nbsp;&nbsp;</span><strong style=""color: rgb(28, 33, 39);"">Program Oversight &amp; Coordination:</strong><span style=""color: rgb(28, 33, 39);"">&nbsp;Provide overall programmatic oversight and serve as the primary point of contact for the recipient throughout the period of performance. The Embassy’s Public Affairs Section (PAS) will designate a Grants Officer's Representative (GOR) to monitor program activities and ensure alignment with U.S. foreign policy objectives and public diplomacy goals.</span></p> 
<p><span style=""color: rgb(28, 33, 39);"">2.&nbsp;&nbsp;&nbsp;&nbsp;&nbsp;</span><strong style=""color: rgb(28, 33, 39);"">Strategic Guidance:</strong><span style=""color: rgb(28, 33, 39);""> Collaborate with the recipient to ensure program activities reflect U.S. Embassy priorities, including the promotion of critical thinking, civic engagement, English language skills, and people-to-people ties between the United States and Indonesia.</span></p> 
<p><span style=""color: rgb(28, 33, 39);"">3.&nbsp;&nbsp;&nbsp;&nbsp;&nbsp;</span><strong style=""color: rgb(28, 33, 39);"">Approvals &amp; Modifications:</strong><span style=""color: rgb(28, 33, 39);"">&nbsp;Review and approve key program deliverables, including but not limited to:&nbsp;the final program design, participant selection criteria, curriculum and training materials, event logistics for the national championship, and any proposed modifications to the scope of work or budget.</span></p> 
<p><span style=""color: rgb(28, 33, 39);"">4.&nbsp;&nbsp;&nbsp;&nbsp;&nbsp;</span><strong style=""color: rgb(28, 33, 39);"">Stakeholder Engagement:</strong><span style=""color: rgb(28, 33, 39);"">&nbsp;Facilitate introductions and coordination with relevant host-country government ministries (e.g., Ministry of Primary and Secondary Education), local educational institutions, and other key stakeholders as appropriate to support program implementation.</span></p> 
<p><span style=""color: rgb(28, 33, 39);"">5.&nbsp;&nbsp;&nbsp;&nbsp;&nbsp;</span><strong style=""color: rgb(28, 33, 39);"">Monitoring &amp; Evaluation:</strong><span style=""color: rgb(28, 33, 39);"">&nbsp;Conduct site visits, review progress and financial reports, and assess program outcomes against established performance indicators. The Embassy reserves the right to request additional information or documentation as needed.</span></p> 
<p><span style=""color: rgb(28, 33, 39);"">6.&nbsp;&nbsp;&nbsp;&nbsp;&nbsp;</span><strong style=""color: rgb(28, 33, 39);"">Communications &amp; Visibility:</strong><span style=""color: rgb(28, 33, 39);"">&nbsp;Advise the recipient on U.S. government branding and communications requirements. The Embassy may participate in or co-host program events, including the national championship, and may publicize program activities through Embassy communication channels.</span></p> 
<p><span style=""color: rgb(28, 33, 39);"">7.&nbsp;&nbsp;&nbsp;&nbsp;&nbsp;</span><strong style=""color: rgb(28, 33, 39);"">Financial Oversight:</strong><span style=""color: rgb(28, 33, 39);"">&nbsp;The Grants Officer (GO) will retain authority over all financial matters, including the review and approval of budget modifications, the authorization of payments, and the closeout of the award.</span></p> 
<p><span style=""color: red;"">&nbsp;</span><span style=""color: rgb(28, 33, 39);""> participants.</span></p>"
"541764b9-fecb-44e6-a6c1-06f67b8884db","S-DR860-26-NOFO-0003","U.S.-D.R. Technology and Science Fair","posted","DOS-DOM","other","other","2026-06-11","2026-07-10","","2026-08-09","False","10","80000","30000","80000","https://do.usembassy.gov/tag/funding-opportunities/","US Embassy Santo Domingo webpage","19.040|Public Diplomacy Programs","grant","education","","other","●	U.S. and Dominican not-for-profit organizations
●	Chambers of commerce and business associations
●	Entrepreneurship and innovation hubs
●	Technology and startup incubators/accelerators
●	Higher education institutions
●	Alumni associations
●	Civil society organizations with experience in STEM, entrepreneurship, workforce development, or youth programming","U.S. Mission to the Dominican Republic","Department of State","Santo Domingo grants
Grantor
Phone 809-368-7279","santodomingogrants@state.gov","Santo domingo contact","False","","","","","","","","","https://simpler.grants.gov/opportunity/541764b9-fecb-44e6-a6c1-06f67b8884db","<p>1.	Project Background, Goals, and Objectives</p><p>The U.S. Embassy in Santo Domingo seeks to increase Dominican engagement with U.S.-linked opportunities in technology, innovation, entrepreneurship, and emerging industries at a time when fields such as semiconductors, artificial intelligence, engineering, cybersecurity, and digital innovation are reshaping the global economy and workforce. The Dominican Republic has a growing ecosystem of students, entrepreneurs, startups, and innovation-focused institutions interested in STEM and technology-related sectors. However, many young Dominicans and emerging professionals have limited direct exposure to U.S. companies, innovation ecosystems, entrepreneurial models, and private-sector leaders that can help them access international opportunities and envision future collaboration with U.S. partners.</p><p>This program seeks to address these challenges by creating a high-visibility public event that connects Dominican audiences with U.S. companies, entrepreneurs, innovators, and technology leaders through interactive and practical experiences. The U.S. Tech and Science Innovation Fair will showcase U.S. leadership in technology and innovation while creating opportunities for networking, mentorship, collaboration, and exposure to U.S.-linked educational and professional pathways. Activities may include corporate booths and demonstrations, panels on U.S. leadership in technology and semiconductors, entrepreneur and alumni storytelling sessions, networking opportunities, innovation showcases, and outreach related to exchange and professional development opportunities connected to the United States.</p><p>The U.S. Embassy in Santo Domingo has previously supported programming related to entrepreneurship, workforce development, innovation, higher education internationalization, exchange programs, and technology-focused outreach initiatives. Previous efforts have demonstrated that public-facing events that combine hands-on engagement, networking opportunities, mentorship, and direct interaction with U.S. experts and private-sector representatives are highly effective in increasing participant interest in U.S.-linked opportunities. Events that provide practical demonstrations, interactive exhibits, and opportunities for direct engagement consistently generate stronger audience participation and media visibility than traditional conference-style programming. Lessons learned from previous initiatives indicate that programming focused primarily on lectures or passive participation produces lower long-term engagement and fewer follow-on opportunities for participants.</p><p>The U.S. Embassy seeks proposals capable of implementing a large-scale, high-quality event that attracts broad public participation and generates measurable engagement with U.S. companies, innovation ecosystems, and exchange opportunities. Competitive proposals should demonstrate strong event management capacity, private-sector engagement experience, branding and communications expertise, and the ability to coordinate effectively with U.S. Embassy staff, private-sector stakeholders, and local partners.</p><p>Success will be measured through participant engagement, attendance numbers, media visibility, increased awareness of U.S. technology and innovation leadership, growth in exchange and professional opportunity inquiries, strengthened connections between Dominican and U.S. innovation ecosystems, and sustained follow-on engagement beyond the event itself.</p><p><br></p><p>Project Audience(s):&nbsp;</p><p>1.	Dominican University Students and Young Professionals: Undergraduate and graduate students, coding bootcamp participants, STEM students, gamers, makerspace users, and early-career professionals interested in science, technology, entrepreneurship, engineering, innovation, and emerging industries.</p><p>2.	Entrepreneurs and Innovation Ecosystem Leaders: Startup founders, innovation hub participants, incubators and accelerators, small business owners, technology entrepreneurs, and individuals interested in entrepreneurship, digital innovation, and private-sector collaboration opportunities with U.S. companies and institutions.</p><p>3.	Private-Sector and Industry Representatives: Dominican companies, chambers of commerce, technology associations, and representatives from industries related to technology, semiconductors, engineering, digital transformation, and innovation seeking networking and collaboration opportunities with U.S. companies and experts.</p><p>4.	Academic and Institutional Stakeholders: University faculty, engineering and STEM departments, international offices, career services offices, and higher education leaders interested in strengthening connections with U.S. institutions, innovation ecosystems, and professional development opportunities.</p><p>5.	U.S. Government Exchange Alumni and STEM Professionals: Alumni of U.S. government-funded exchange programs working in technology, entrepreneurship, science, engineering, and innovation-related sectors who can serve as mentors, speakers, and connectors between U.S. and Dominican innovation ecosystems.</p><p>&nbsp;&nbsp;</p><p>Project Goal: Advance U.S. foreign policy priorities by positioning the United States as the leading and most accessible partner for Dominican youth, entrepreneurs, and innovation leaders in technology, science, entrepreneurship, and emerging industries, while strengthening commercial, educational, and people-to-people ties between the United States and the Dominican Republic.</p><p><br></p><p>Project Objectives:&nbsp;</p><p>●	Objective 1: Increase awareness of U.S. leadership in technology, innovation, entrepreneurship, and emerging industries by engaging at least 500 participants in interactive activities such as corporate demonstrations, innovation showcases, panel discussions, networking sessions, and technology exhibitions, resulting in increased participant awareness of U.S.-linked academic, professional, and entrepreneurial opportunities.</p><p>●	Objective 2: Strengthen connections between Dominican audiences and U.S. private-sector and innovation ecosystem representatives by facilitating participation from at least three U.S. companies and one U.S. higher education institution through booths, panel discussions, mentorship activities, networking opportunities, or demonstrations, resulting in expanded opportunities for collaboration and follow-on engagement between Dominican and U.S. stakeholders.</p><p><br></p><p>2.	Substantial Involvement&nbsp;</p><p>This award will be administered as a fixed amount award.</p><p>●	APPLICATION CONTENTS AND FORMAT</p><p>Please follow all instructions below carefully. Proposals that do not meet the requirements of this announcement or fail to comply with the stated requirements will be ineligible.</p><p><br></p><p>Content of Application</p><p>Please ensure:</p><p>●	The proposal clearly addresses the goals and objectives of this funding opportunity</p><p>●	All documents are in English</p><p>●	All budgets are in U.S. dollars</p><p>●	All applicant authorized signatures are provided where indicated on the various, required forms.&nbsp;&nbsp;</p><p><br></p><p><br></p><p>The following documents are required:&nbsp;&nbsp;</p><p>1.	Mandatory application forms</p><p>●	SF-424 (Application for Federal Assistance – organizations) at grants.gov</p><p>●	SF-424A (Budget Information for Non-Construction programs) at grants.gov</p><p>●	SF-424B (Assurances for Non-Construction programs) at grants.gov&nbsp;</p><p><br></p><p>2.	Proposal (15 pages maximum)</p><p>Applicants must submit a complete narrative proposal in a format of their choice.&nbsp;The proposal should contain sufficient information that anyone not familiar with it would understand exactly what the applicant wants to do. The proposal must include all the items below:&nbsp;&nbsp;</p><p><br></p><p>●	Proposal Summary: Short narrative that outlines the proposed project, including project objectives and anticipated impact.</p><p>●	Introduction to the Organization applying: A description of past and present operations, showing ability to carry out the program, including information on all previous grants from the State Department and/or U.S. government agencies as well as experience with and expertise in areas related to those described in the NOFO.&nbsp;</p><p>●	Problem Statement: Clear, concise and well-supported statement of the problem to be addressed and why the proposed program is needed</p><p>●	Program Methods, Design, Activities, and Deliverables:&nbsp;The “goals” describe what the program is intended to achieve.&nbsp;The “objectives” refer to the intermediate accomplishments on the way to the goals. These should be achievable and measurable. Describe the program activities and how they will help achieve the objectives.&nbsp;</p><p>●	Proposed Project Schedule and Timeline: The proposed timeline for the program activities.&nbsp;Include the dates, times, and locations of planned activities and events.</p><p>●	Key Personnel: Names, titles, roles and experience/qualifications of key personnel involved in the program.&nbsp;What proportion of their time will be used in support of this program?&nbsp;&nbsp;</p><p>●	Project Partners: List the names and type of involvement of key partner organizations and sub-awardees (if applicable).&nbsp;</p><p>●	Future Funding or Sustainability: Applicant’s plan for continuing the program beyond the grant period, or the availability of other resources, if applicable.</p><p>●	Monitoring &amp; Evaluation Plan: Proposals must include a Monitoring and Evaluation (M&amp;E) Performance Monitoring Plan (PMP) that explains how the applicant plans to track project performance and measure progress toward the project’s goals and objectives. The PMP should include “If-Then” statements to illustrate how the project activities will lead to the intended results, along with a short datasheet outlining proposed project activities and the indicators that will be used to measure success.&nbsp;&nbsp;</p><p><br></p><p><br></p><p>3.	 Budget Justification Narrative</p><p>●	Detailed Budget - Applicants must submit a detailed line-item budget. Line-item expenditures should be listed in the greatest possible detail. The budget must identify the total amount of funding requested, with a breakdown of amounts to be spent in the following budget categories: personnel; fringe benefits; travel; equipment; supplies; consultants/contracts; other direct costs; and indirect costs. See Annex Section I for a description of the types of costs that should be included in each category. Personnel salaries should include the level of effort and the rate of pay, which should cover the percentage of time each staff member will dedicate to grant-based activities.&nbsp;If an organization is charging an indirect cost rate without a NICRA, it must apply it to the modified total budget costs (MTDC), refer to 2CFR§200.1. Budgets shall be submitted in U.S. dollars and final grant agreements will be conducted in U.S. dollars.&nbsp;</p><p><br></p><p>●	Budget Justification Narrative – Applicants must submit a budget justification narrative to accompany the detailed line-item budget.&nbsp;The purpose of the budget justification narrative is to supplement the information provided in the detailed budget spreadsheet by justifying how the budget cost elements are necessary to implement project objectives and accomplish the project goals. The budget justification narrative is a tool to help Embassy staff fully understand the budgetary needs of the applicant and is an opportunity to provide descriptive information about the requested costs beyond the constraints of the budget template. Together, the detailed budget spreadsheet, the budget justification narrative, and the SF-424A should provide a complete financial and qualitative description that supports the proposed project plan and should be directly relatable to the specific project components described in the applicant’s proposal.</p><p><br></p><p>Additional Budget Notes:&nbsp;</p><p><br></p><p>●	Audit Requirements:&nbsp;Please note the audit requirements for Department of State awards in the Standard Terms and Conditions https://www.state.gov/m/a/ope/index.htm and 2CFR200, Subpart F – Audit Requirements.&nbsp;The cost of the required audits may be charged either as an allowable direct cost to the award OR included in the organization’s established indirect costs in the award’s detailed budget.</p><p><br></p><p>●	Visa Fees: Include all visa application and related fees in your budget as applicable.&nbsp;Please note DS-2019s for post-funded programs must be submitted directly by the award recipient.&nbsp;If you anticipate your program will include the DS-2019 visa processing, your organization must be a registered Designated Sponsoring Organization.&nbsp;For more information go to: https://j1visa.state.gov/sponsors/become-a-sponsor/</p><p><br></p><p><br></p><p>4.	 Attachments</p><p>●	Key Personnel Resumes: A résumé, not to exceed one page in length, must be included for the proposed key staff persons, such as the Project Director and Finance Officer, as well as any speakers or trainers (if applicable).&nbsp;If an individual for this type of position has not been identified, the applicant may submit a 1-page position description, identifying the qualifications and skills required for that position, in lieu of a résumé.</p><p><br></p><p>●	Letters of support from program partners: Letters of support should be included for sub-recipients or other partners. The letters must identify the type of relationship to be entered into (formal or informal), the roles and responsibilities of each partner in relation to the proposed project activities, and the expected result of the partnership.&nbsp;The individual letters cannot exceed 1 page in length.</p><p><br></p><p>●	Indirect Costs: If your organization has a Negotiated Indirect Cost Rate Agreement (NICRA) and includes NICRA charges in the budget, your latest NICRA should be included in the application submission.&nbsp;&nbsp;</p><p><br></p><p>●	Proof of Non-profit Status: Documentation to demonstrate the applicant’s non-profit status (e.g., U.S.-based organizations should submit a copy of their 501(c)(3) Internal Revenue Service determination letter, and non-U.S. organizations should provide evidence of non-profit status issued by a government entity).&nbsp;</p><p><br></p><p>●	Proof of Registration: A copy of the organization’s registration should be provided with the proposal application. U.S.-based organizations should submit a copy of their IRS determination letter.&nbsp;</p><p><br></p><p>Other items NOT required/requested with the application submission, but which may be requested if your application is approved to move forward in the review process include:</p><p>a.	Copies of an organization or program audit within the last two (2) years</p><p>b.	Copies of relevant human resources, financial, or procurement policies</p><p>c.	Copies of other relevant organizational policies or documentation that would help the Department determine your organization’s capacity to manage a federal grant award overseas</p><p>d.	Documentation that demonstrates the recipients’ plan and/or policy to safeguard PII of participants and beneficiaries.&nbsp;It is the responsibility of the recipient to ensure protection of personally identifiable information (PII) and safeguard PII when collecting, maintaining, using and disseminating such information</p><p>e.	Information to determine what financial controls and standard operating procedures an organization uses to procure goods and services, hire staff and track time and attendance, pay for grant-related travel, and identify other financial transactions that may be necessary to undertake the project activities&nbsp;</p><p>f.	The Embassy reserves the right to request any additional programmatic and/or financial information regarding the proposal.&nbsp;&nbsp;</p><p><br></p>"
"d1bdab8d-5b9d-4d84-86ce-7499965d1bc8","PAS-MOROCCO-FY26-02","Moonshot: Artemis Edition","posted","DOS-MAR","discretionary","","2026-05-13","2026-07-13","","2026-07-31","False","1","200000","150000","200000","https://ma.usembassy.gov/education/funding-opportunities/","Direct link to the NOFO on the U.S. Embassy webpage (Embassy Rabat)","19.040|Public Diplomacy Programs","cooperative_agreement","other","Moonshot: Artemis Edition” is an 18-month nationwide public diplomacy initiative designed to promote American leadership in space exploration and the Artemis Program by engaging Moroccan youth in science, technology, and entrepreneurship","nonprofits_non_higher_education_with_501c3","Moroccan and U.S. non-profit organizations, educational institutions, and civil society organizations with demonstrated experience in STEM programming, youth engagement, and innovation.All organizations must have a Unique Entity Identifier (UEI) issued via SAM.gov as well as a valid registration in SAM.gov. Please see Section D.3 for more information. Individuals are not required to have a UEI or be registered in SAM.gov","U.S. Mission to Morocco","Department of State","FZ Aboukir","Rabatgrants@state.gov","Rabatgrants@state.gov","False","","","","","","","","","https://simpler.grants.gov/opportunity/d1bdab8d-5b9d-4d84-86ce-7499965d1bc8","<p><u>Funding Opportunity Title</u>: Moonshot: Artemis Edition</p> 
<p><u>Funding Opportunity Numbe</u>r: PAS-MOROCCO-FY26-02</p> 
<p><u>Deadline for Applications</u>: Monday July 13, 2026 at 23:59 GMT+1&nbsp;</p> 
<p><u>Assistance Listing Number</u>: 19.040</p> 
<p><u>Length of performance period</u>: 12 to 18 months</p> 
<p><u>Number of awards anticipated</u>: 1 award</p> 
<p><u>Total available funding</u>: $200,000 pending availability of funds&nbsp;</p> 
<p><u>Type of Funding</u>: FY26 Smith Mundt Public Diplomacy Funds&nbsp;</p> 
<p><u>Anticipated project start date</u>: October 2026</p> 
<p><br></p> 
<p><strong>Funding Instrument Type: C</strong>ooperative agreement.</p> 
<p><strong style=""color: red;"">&nbsp;</strong><strong>Project Performance Period</strong>: Proposed projects should be completed in 18 months or less.<strong> </strong></p> 
<p><span style=""color: red;""> </span>The Department of State will entertain applications for continuation grants funded under these awards beyond the initial budget period on a non-competitive basis subject to availability of funds, satisfactory progress of the program, and a determination that continued funding would be in the best interest of the U.S. Department of State.</p> 
<p><strong>This notice is subject to availability of funding.</strong></p> 
<p><br></p> 
<p><strong style=""color: windowtext;""><em>A.&nbsp;&nbsp;Executive Summary:</em></strong></p> 
<p>“Moonshot: Artemis Edition” is an 18-month nationwide public diplomacy initiative designed to promote American leadership in space exploration and the Artemis Program by engaging Moroccan youth in science, technology, and entrepreneurship. This initiative will leverage lessons from the Artemis program to help equip participants with practical ability and exposure to real-world applications in the emerging space economy.</p> 
<p>Commercial diplomacy is a central component of “Moonshot: Artemis Edition”, which will introduce participants to the U.S. space industry and its global leadership. The program will highlight the role of leading American companies engaged in advancing space technologies, innovation, and supply chains. Participants will gain insights into how U.S. companies operate, collaborate internationally, and create opportunities across sectors, positioning the United States as the partner of choice in high-tech industries and trusted technology ecosystems.</p> 
<p><br></p> 
<p><strong style=""color: windowtext;""><em>B.&nbsp;&nbsp;Goals and Objectives</em></strong><span style=""color: red;"">&nbsp;</span><span style=""color: black;"">“Moonshot: Artemis Edition” is an 18-month public diplomacy initiative designed to build on prior Moonshot programming by advancing from inspiration to&nbsp;workforce alignment in the space and technology sectors. Anchored in the Artemis Program, the program will highlight U.S. leadership in space exploration while introducing Moroccan youth to practical applications of science, engineering, and entrepreneurship within the emerging lunar and commercial space economy. The initiative will also incorporate a strong commercial diplomacy component, showcasing how U.S. companies dr[B(1] [S(2] ive innovation, supply chains, and global partnerships.</span></p> 
<p><br></p> 
<p>&nbsp;<strong style=""color: black;"">Program Goal</strong></p> 
<p><span style=""color: black;"">The overarching goal is to promote U.S. leadership in space exploration and innovation by increasing awareness of American technological excellence, strengthening connections to U.S. industries, and advancing U.S. economic and foreign policy interests in Morocco.</span></p> 
<p>&nbsp;&nbsp;</p> 
<p><strong style=""color: black;"">Program Objectives</strong></p> 
<p><strong>&nbsp;</strong><span style=""color: black;"">Applicants should design programs that achieve the following U.S.-focused objectives[MS3] :</span></p> 
<ul> 
 <li><span style=""color: black;"">Increase awareness of U.S. leadership in space exploration, including NASA’s Artemis program and broader U.S. space ecosystem </span></li> 
 <li><span style=""color: black;"">Promote understanding of U.S. innovation models, entrepreneurship practices, and technology development frameworks </span></li> 
 <li><span style=""color: black;"">Highlight the role of U.S. private sector leaders in driving global space industry growth </span></li> 
 <li><span style=""color: black;"">Encourage engagement with U.S. companies, technologies, and platforms as preferred partners[MS4]&nbsp;for future collaboration with their Moroccan counterparts in academia, industry, and government</span></li> 
 <li><span style=""color: black;"">Reinforce U.S. leadership in trusted technologies, including artificial intelligence, advanced engineering, and secure space systems </span></li> 
</ul> 
<p>&nbsp;</p> 
<p><strong style=""color: black;"">Performance Goals, Indicators, and Targets</strong></p> 
<p><span style=""color: black;"">Applicants must include a monitoring and evaluation plan. Expected performance indicators include:</span></p> 
<ul> 
 <li><span style=""color: black;"">Reach: Number of participants engaged (target: 800–1000 direct participants; broader outreach audience) </span></li> 
 <li><span style=""color: black;"">U.S. perception shift: At least 70% of participants report increased awareness of U.S. leadership in space and technology (pre/post surveys) </span></li> 
 <li><span style=""color: black;"">Engagement with U.S. content: Number of activities featuring U.S. experts, companies, or technologies (target: majority of engagements) </span></li> 
 <li><span style=""color: black;"">Outputs: At least 15–20 team projects aligned with U.S.-led innovation themes </span></li> 
 <li><span style=""color: black;"">Engagement: Number of activities implemented (target: 5-8 events over 18 months) </span></li> 
 <li><span style=""color: black;"">Press/social media content</span></li> 
</ul> 
<p>&nbsp;</p> 
<p><strong style=""color: black;"">Participant Eligibility</strong></p> 
<p><span style=""color: black;"">Program participants should primarily be Moroccan youth aged 15–35, including students, early-career professionals, entrepreneurs, and STEM practitioners. Applicants are encouraged to prioritize participants who have an interest in engaging with U.S. technologies, innovation models, and partnerships.</span></p> 
<p>&nbsp;</p> 
<p><strong style=""color: black;"">Budget Guidance</strong></p> 
<p><span style=""color: black;"">Applicants should budget for all program-related costs, including:</span></p> 
<ul> 
 <li><span style=""color: black;"">Participant travel, accommodation, and per diem for in-person activities </span></li> 
 <li><span style=""color: black;"">Venue rental, logistics, and materials for workshops and events </span></li> 
 <li><span style=""color: black;"">Honoraria, travel, and expenses for U.S. and local speakers and trainers </span></li> 
 <li><span style=""color: black;"">Equipment and supplies for hands-on activities </span></li> 
 <li><span style=""color: black;"">Communications, outreach, and visibility materials highlighting U.S. leadership </span></li> 
 <li><span style=""color: black;"">Monitoring and evaluation activities </span></li> 
</ul> 
<p>&nbsp;</p> 
<p><strong style=""color: black;"">Limitations and Regulations</strong></p> 
<p><span style=""color: black;"">All proposed activities must comply with U.S. government regulations and public diplomacy guidelines. Funds may not be used for construction, major equipment purchases not directly tied to program delivery, or activities that are purely academic or research-focused without a clear public diplomacy component. </span></p> 
<p><span style=""color: black;"">Applicants are expected to demonstrate the capacity to manage an 18-month, multi-phase program and deliver measurable outcomes that advance U.S. leadership, visibility, and partnerships in space and technology.</span></p> 
<p><br></p> 
<p><strong style=""color: windowtext;""><em>C.&nbsp;&nbsp;</em></strong><strong>Substantial Involvement</strong></p> 
<p>The Public Affairs Office will be actively involved in the award implementation. U.S. Embassy staff will:</p> 
<p>·&nbsp;&nbsp;&nbsp;&nbsp;&nbsp;&nbsp;Provide standardized logos/branding guidelines for promotional materials.</p> 
<p>·&nbsp;&nbsp;&nbsp;&nbsp;&nbsp;&nbsp;Approve marketing materials and participate in promotional activities of the program, utilizing the U.S. Mission’s social media platforms and media contacts.</p> 
<p>·&nbsp;&nbsp;&nbsp;&nbsp;&nbsp;&nbsp;Approve proposed venues.</p> 
<p>·&nbsp;&nbsp;&nbsp;&nbsp;&nbsp;&nbsp;Approve participant and trainer recruitment and selection plans.</p> 
<p>·&nbsp;&nbsp;&nbsp;&nbsp;&nbsp;&nbsp;Assist in identifying and contacting alumni of U.S. government exchange programs, representatives of U.S. companies, and enlisting U.S. Mission personnel as potential speakers or trainers.</p> 
<p>·&nbsp;&nbsp;&nbsp;&nbsp;&nbsp;&nbsp;&nbsp;Review and approve proposed program speaker and trainer rosters and activity/workshop/site visit content and formats.</p> 
<p><br></p> 
<p><strong style=""color: windowtext;""><em>D.&nbsp;&nbsp;Application Content and Format: </em></strong><u style=""color: black;"">Please follow all instructions below carefully</u><span style=""color: black;"">. Proposals that do not meet the requirements of this announcement or fail to comply with the stated requirements will be ineligible.</span></p> 
<p>&nbsp;</p> 
<p><strong style=""color: black;"">Content of Application</strong></p> 
<p><span style=""color: black;"">The following documents are </span><strong style=""color: black;""><u>required</u></strong><span style=""color: black;"">:&nbsp;</span></p> 
<p><strong style=""color: windowtext;""><em>1.&nbsp;&nbsp;Mandatory application forms</em></strong>·&nbsp;&nbsp;&nbsp;&nbsp;&nbsp;&nbsp;&nbsp;</p> 
<p>SF-424 (Application for Federal Assistance – organizations)</p> 
<p>·&nbsp;&nbsp;&nbsp;&nbsp;&nbsp;&nbsp;&nbsp;SF-424A (Budget Information for Non-Construction programs)</p> 
<p><strong style=""color: windowtext;""><em>2.&nbsp;&nbsp;Proposal (10 pages maximum)</em></strong><span style=""color: black;"">The proposal should contain sufficient information that anyone not familiar with it would understand exactly what the applicant wants to do. You may use your own proposal format, but it must include all the items below.&nbsp;</span></p> 
<p>·&nbsp;&nbsp;&nbsp;&nbsp;&nbsp;&nbsp;&nbsp;<strong style=""color: black;"">Proposal Summary: </strong><span style=""color: black;"">Short narrative that outlines the proposed project, including project objectives and anticipated impact.</span></p> 
<p>·&nbsp;&nbsp;&nbsp;&nbsp;&nbsp;&nbsp;&nbsp;<strong style=""color: black;"">Introduction to the Organization or Individual applying</strong><span style=""color: black;"">: A description of past and present operations, showing ability to carry out the program, including information on all previous grants from the State Department and/or U.S. government agencies.</span></p> 
<p>·&nbsp;&nbsp;&nbsp;&nbsp;&nbsp;&nbsp;&nbsp;<strong style=""color: black;"">Problem Statement: </strong><span style=""color: black;"">Clear, concise and well-supported statement of the problem to be addressed and why the proposed program is needed</span></p> 
<p>·&nbsp;&nbsp;&nbsp;&nbsp;&nbsp;&nbsp;&nbsp;<strong style=""color: black;"">Project Goals and Objectives:&nbsp;</strong><span style=""color: black;"">The “goals” describe what the program is intended to achieve.&nbsp;The “objectives” refer to the intermediate accomplishments on the way to the goals. These should be achievable and measurable.</span></p> 
<p>·&nbsp;&nbsp;&nbsp;&nbsp;&nbsp;&nbsp;&nbsp;<strong style=""color: black;"">Project Activities</strong><span style=""color: black;"">: Describe the program activities and how they will help achieve the objectives. </span></p> 
<p>·&nbsp;&nbsp;&nbsp;&nbsp;&nbsp;&nbsp;&nbsp;<strong style=""color: black;"">Project Methods and Design</strong><span style=""color: black;"">: A description of how the program is expected to work to solve the stated problem and achieve the goal.&nbsp;Include a logic model as appropriate. </span></p> 
<p>·&nbsp;&nbsp;&nbsp;&nbsp;&nbsp;&nbsp;&nbsp;<strong style=""color: black;"">Proposed Project Schedule and Timeline:&nbsp;</strong><span style=""color: black;"">The proposed timeline for the program activities.&nbsp;Include the dates, times, and locations of planned activities and events.</span></p> 
<p>·&nbsp;&nbsp;&nbsp;&nbsp;&nbsp;&nbsp;&nbsp;<strong style=""color: black;"">Key Personnel: </strong><span style=""color: black;"">Names, titles, roles and experience/qualifications of key personnel involved in the program.&nbsp;What proportion of their time will be used in support of this program?&nbsp;</span></p> 
<p>·&nbsp;&nbsp;&nbsp;&nbsp;&nbsp;&nbsp;&nbsp;<strong style=""color: black;"">Project Partners:</strong><span style=""color: black;""> List the names and type of involvement of key partner organizations and sub-awardees.</span></p> 
<p>·&nbsp;&nbsp;&nbsp;&nbsp;&nbsp;&nbsp;&nbsp;<strong style=""color: black;"">Project Monitoring and Evaluation Plan:</strong><span style=""color: black;""> This is an important part of successful grants. Throughout the timeframe of the grant, how will the activities be monitored to ensure they are happening in a timely manner, and how will the program be evaluated to make sure it is meeting the goals of the grant?</span></p> 
<p>·&nbsp;&nbsp;&nbsp;&nbsp;&nbsp;&nbsp;&nbsp;<strong style=""color: black;"">Future Funding or Sustainability</strong><span style=""color: black;""> Applicant’s plan for continuing the program beyond the grant period, or the availability of other resources, if applicable.</span></p> 
<p>&nbsp;</p> 
<p><strong style=""color: windowtext;""><em>3.&nbsp;&nbsp;&nbsp;Budget Justification Narrative:</em></strong></p> 
<p><strong style=""color: windowtext;""><em> </em></strong><span style=""color: black;"">After filling out the SF-424A Budget, use a separate file to describe each of the budget expenses in detail.&nbsp;See section </span><em style=""color: black;"">I. Other Information: Guidelines for Budget Submissions</em><span style=""color: black;""> below for further information.</span></p> 
<p>&nbsp;</p> 
<p><strong style=""color: rgb(51, 51, 51);"">4.&nbsp;&nbsp;</strong> <strong style=""color: windowtext;""><em>&nbsp;Attachments</em></strong>·&nbsp;&nbsp;&nbsp;&nbsp;&nbsp;&nbsp;</p> 
<p>1-page Curriculum Vitae (CV) or resume of key personnel who are proposed for the program</p> 
<p>·&nbsp;&nbsp;&nbsp;&nbsp;&nbsp;&nbsp;&nbsp;Letters of support from program partners describing the roles and responsibilities of each partner</p> 
<p>·&nbsp;&nbsp;&nbsp;&nbsp;&nbsp;&nbsp;&nbsp;If your organization has a Negotiated Indirect Cost Rate Agreement (NICRA) and includes NICRA charges in the budget, include your latest NICRA as a PDF file.&nbsp;</p> 
<p>·&nbsp;&nbsp;&nbsp;&nbsp;&nbsp;&nbsp;<span style=""color: black;"">Official permission letters, if required for program activities.</span></p> 
<p><br></p> 
<p><strong>E. Submission Requirements and deadlines</strong>:</p> 
<p><strong style=""color: windowtext;""><em>1.&nbsp;&nbsp;&nbsp;&nbsp;Address to Request Application Package </em></strong>Application forms required above are available at U.S. embassy website and grants.gov.</p> 
<p><strong style=""color: windowtext;""><em>2.&nbsp;&nbsp;&nbsp;&nbsp;Department of State Contacts </em></strong>If you have any questions about the grant application process, please contact: RabatGrants@state.gov</p> 
<p><strong style=""color: windowtext;""><em>3.&nbsp;&nbsp;&nbsp;&nbsp;Unique entity identifier and System for Award Management (SAM.gov)</em></strong><strong>Required Registrations</strong></p> 
<p>All organizations, whether based in the United States or in another country, must have a Unique Entity Identifier (UEI) and an active registration in SAM.gov. A UEI is one of the data elements mandated by Public Law 109-282, the Federal Funding Accountability and Transparency Act (FFATA), for all Federal awards. An applicant must maintain an active registration while it has a proposal under review by the Department and must continue to keep the registration active for the entire duration of the period of performance of any Federal award that results from this NOFO.</p> 
<p>The 2 CFR 200 requires subrecipients to obtain a UEI.&nbsp;Please note the UEI for subrecipients is not required at the time of application but will be required before an award is processed and/or directed to a subrecipient.<span style=""background-color: rgb(230, 230, 230); color: black;""> </span></p> 
<p><br></p> 
<p><strong style=""color: windowtext;""><em>4.&nbsp;&nbsp;&nbsp;&nbsp;Submission Dates and Times :</em></strong></p> 
<p>All proposals and application materials must be submitted by email to <a target=""_blank""><em>Rabatgrants@state.gov</em></a> </p> 
<p>Applications are due no later than Monday July 13, 2026 at 23:59 GMT+1</p> 
<p><br></p> 
<p><strong style=""color: rgb(0, 0, 0);""><em>Address to Request Application Package</em></strong><span style=""color: rgb(0, 0, 0);"">&nbsp;</span></p> 
<p>Application forms&nbsp;required&nbsp;above are available under ""<strong>Related documents</strong>"" in Grants.gov and;</p> 
<p>at:&nbsp;<a href=""https://ma.usembassy.gov/education/funding-opportunities/"" target=""_blank"" style=""color: rgb(70, 120, 134);"">https://ma.usembassy.gov/education/funding-opportunities/</a>&nbsp;&nbsp;</p> 
<p><br></p> 
<p><strong style=""color: rgb(0, 0, 0);""><em>Department of State Contacts</em></strong><span style=""color: rgb(0, 0, 0);"">&nbsp;</span></p> 
<p>If you have any questions about the grant application process or the NOFO, please contact:&nbsp;Rabatgrants@state.gov&nbsp;&nbsp;</p> 
<p>Please include ""Moonshot Artemis"" in the subject line.</p> 
<p><br></p>"
