researcher_name,orcid,institution,country,works_count,cited_by_count
T. Kobayashi,https://orcid.org/0000-0001-5669-1937,Kyushu University,JP,2032466,3617
Mikirou Yoshinuma,,National Institute for Fusion Science,JP,1898733,192
M. Emoto,https://orcid.org/0000-0002-0441-6340,National Institutes of Natural Sciences,JP,1841449,3306
K. Ida,https://orcid.org/0000-0002-0585-4561,National Institutes of Natural Sciences,JP,1074120,16126
H. Funaba,https://orcid.org/0000-0003-2217-6018,National Institutes of Natural Sciences,JP,1065846,4957
Finnish Museum of Natural History,,,,758906,0
Tokihiko TOKUZAWA,,National Institute for Fusion Science,JP,718072,0
T. Tokuzawa,https://orcid.org/0000-0001-5473-2109,Kyushu University,JP,711539,6710
Royal Botanic Garden Edinburgh,,,,652744,0
M. Yoshinuma,https://orcid.org/0000-0002-5113-9710,National Institutes of Natural Sciences,JP,636879,4354
Chihiro SUZUKI,,National Institute for Fusion Science,JP,605280,0
Tokihiko TOKUZAWA,,National Institute for Fusion Science,JP,509899,0
Tokihiko TOKUZAWA,,National Institute for Fusion Science,JP,471557,0
Tokihiko TOKUZAWA,,National Institute for Fusion Science,JP,460131,0
I. Yamada,https://orcid.org/0000-0002-7023-1539,"The Graduate University for Advanced Studies, SOKENDAI",JP,445110,7254
M. Yoshida,,National Institute for Fusion Science,JP,436428,0
C. Suzuki,,National Institute for Fusion Science,JP,435992,161
A Boyle,,University of Michigan,US,434619,0
Mitsutaka ISOBE,https://orcid.org/0000-0002-3572-1882,National Institute for Fusion Science,JP,429588,0
Kunihiro OGAWA,https://orcid.org/0000-0003-4555-1837,National Institute for Fusion Science,JP,429283,0
Katsumi IDA,,National Institute for Fusion Science,JP,428135,0
Masayuki YOKOYAMA,,National Institute for Fusion Science,JP,400132,0
H. Nuga,https://orcid.org/0000-0003-3293-488X,National Institutes of Natural Sciences,JP,390457,663
Joshua Adkins,https://orcid.org/0000-0003-0399-0700,Pacific Northwest National Laboratory,US,388036,0
R. Yasuhara,,National Institute for Fusion Science,JP,383774,182
Mary L. Berbee,https://orcid.org/0000-0002-9850-1174,University of British Columbia,CA,370739,9614
Julia Pawłowska,https://orcid.org/0000-0003-4914-5182,Princess Nourah bint Abdulrahman University,SA,370698,5853
Royal Botanic Garden Edinburgh,,,,370582,0
A.F.S. Taylor,,James Hutton Institute,GB,370568,1
Kunihiro OGAWA,,National Institute for Fusion Science,JP,367029,0
Masaki OSAKABE,,National Institute for Fusion Science,JP,367029,0
Mitsutaka ISOBE,,National Institute for Fusion Science,JP,367029,0
Terry Law,https://orcid.org/0000-0001-8278-6729,Environmental Molecular Sciences Laboratory,US,362570,0
Masayuki YOKOYAMA,,National Institute for Fusion Science,JP,355205,0
Katsumi Ida,,National Institute for Fusion Science,JP,339595,0
S. Komada,,National Institute for Fusion Science,JP,327970,395
Masaki OSAKABE,https://orcid.org/0000-0001-5220-947X,National Institute for Fusion Science,JP,322305,0
Y. Suzuki,,National Institute for Fusion Science,JP,321338,0
S. Kamio,https://orcid.org/0000-0003-0755-2433,"University of California, Irvine",US,319122,1281
Tomoki Kondo,https://orcid.org/0000-0003-2570-1324,National Institute for Fusion Science,JP,312504,861
Royal Botanic Garden Edinburgh,,,,296572,0
Yasuhiro SUZUKI,,National Institute for Fusion Science,JP,292678,0
Scott Baker,,Environmental Molecular Sciences Laboratory,US,278862,23
Hiroshi HAYASHI,,National Institute for Fusion Science,JP,267147,0
K. Ida,,National Institute for Fusion Science,JP,267081,0
Haruo Sekiguchi,,National Institute for Fusion Science,JP,249806,46
Ryosuke SEKI,https://orcid.org/0000-0002-5364-805X,National Institute for Fusion Science,JP,246848,0
Mikiya Shibuya,,National Institute for Fusion Science,JP,236977,394
Kenichi NAGAOKA,,National Institute for Fusion Science,JP,236968,0
Katsunori IKEDA,,National Institute for Fusion Science,JP,236968,0
Masaki OSAKABE,,National Institute for Fusion Science,JP,236968,0
Yasuko Kawamoto,,National Institutes of Natural Sciences,JP,226522,0
M. Kisaki,,National Institute for Fusion Science,JP,212532,1065
Katsumi IDA,,National Institute for Fusion Science,JP,189580,0
C. Suzuki,,"The Graduate University for Advanced Studies, SOKENDAI",JP,177543,0
Hiroshi HAYASHI,,National Institute for Fusion Science,JP,177542,0
Royal Botanic Garden Edinburgh,,,,174740,0
H. Tsuchiya,,National Institute for Fusion Science,JP,172779,742
Royal Botanic Garden Edinburgh,,,,171935,0
G. Nomura,,National Institutes of Natural Sciences,JP,166767,629
T. Seki,,National Institute for Fusion Science,JP,166703,8
Kenji TANAKA,https://orcid.org/0000-0002-1606-3204,National Institute for Fusion Science,JP,166379,0
University of Gothenburg,,,,163187,0
Katsuyoshi TSUMORI,,National Institute for Fusion Science,JP,161839,0
Royal Botanic Garden Edinburgh,,,,160166,0
Royal Botanic Garden Edinburgh,,,,157759,0
Y. Takemura,https://orcid.org/0000-0003-3754-897X,Kyushu University,JP,155356,1068
Tobias Guldberg Frøslev,,Global Biodiversity Information Facility,DK,153239,2
Yoshio NAGAYAMA,,National Institute for Fusion Science,JP,153105,0
Ryosuke SEKI,,National Institute for Fusion Science,JP,153064,0
Royal Botanic Garden Edinburgh,,,,150143,0
Hiroshi Kasahara,,National Institutes of Natural Sciences,JP,147999,0
Suguru MASUZAKI,,National Institute for Fusion Science,JP,147751,0
Masayuki YOKOYAMA,,National Institute for Fusion Science,JP,147650,0
Chihiro SUZUKI,,National Institute for Fusion Science,JP,147650,0
Masanobu YOSHIDA,,National Institute for Fusion Science,JP,147650,0
Katsumi IDA,,National Institute for Fusion Science,JP,147650,0
Yutaka FUJIWARA,https://orcid.org/0000-0003-2985-060X,National Institute for Fusion Science,JP,147380,0
Motoshi GOTO,,National Institute for Fusion Science,JP,146805,0
Yukio NAKAMURA,,National Institute for Fusion Science,JP,146516,0
Chihiro SUZUKI,,National Institute for Fusion Science,JP,145624,0
Naoki TAMURA,,National Institute for Fusion Science,JP,145624,0
Hayato Tsuchiya,https://orcid.org/0000-0002-8626-129X,National Institute for Fusion Science,JP,142718,101
Hiroe IGAMI,https://orcid.org/0000-0002-4541-1757,National Institute for Fusion Science,JP,142594,0
Kessy Abarenkov,,,,141373,14
Ichihiro YAMADA,https://orcid.org/0000-0002-7023-1539,National Institutes of Natural Sciences,JP,132969,0
Haruhisa NAKANO,,National Institute for Fusion Science,JP,132007,0
Yasuhiro SUZUKI,https://orcid.org/0000-0001-7618-6305,National Institute for Fusion Science,JP,130523,0
Royal Botanic Garden Edinburgh,,,,127752,0
Karl-Henrik Larsson,,,,127205,0
Björn Lindahl,,,,127205,0
R. Henrik Nilsson,,,,127205,0
Kadri Põldmaa,,,,127205,0
Matthew E. Smith,,,,127205,0
Urmas Kõljalg,,,,127205,0
Tom W. May,,,,127205,0
Ryosuke SEKI,,National Institute for Fusion Science,JP,126470,0
Markus Göker,https://orcid.org/0000-0002-5144-6200,Leibniz Association,DE,124032,37047
Royal Botanic Garden Edinburgh,,,,123831,0
Kunihiro OGAWA,https://orcid.org/0000-0003-4555-1837,National Institute for Fusion Science,JP,122512,0
Mitsutaka ISOBE,https://orcid.org/0000-0002-3572-1882,National Institute for Fusion Science,JP,122512,0
Joshua Adkins,https://orcid.org/0000-0003-0399-0700,Pacific Northwest National Laboratory,US,115988,17349
Josh Adkins,,Pacific Northwest National Laboratory,US,115739,0
Royal Botanic Garden Edinburgh,,,,113312,0
Royal Botanic Garden Edinburgh,,,,113283,0
Kunihiro OGAWA,https://orcid.org/0000-0003-4555-1837,National Institute for Fusion Science,JP,112330,0
Mitsutaka ISOBE,https://orcid.org/0000-0002-3572-1882,National Institute for Fusion Science,JP,112330,0
Curator Integrated Ocean Drilling Program (TAMU),,,,111251,0
Katsumi IDA,https://orcid.org/0000-0002-0585-4561,National Institute for Fusion Science,JP,111148,0
Tetsuo SEKI,https://orcid.org/0000-0003-2718-4930,National Institute for Fusion Science,JP,110341,0
University of Gothenburg,,,,109755,0
Ryosuke SEKI,,National Institute for Fusion Science,JP,108427,0
Sarah Leichty,https://orcid.org/0000-0002-9609-9126,Environmental Molecular Sciences Laboratory,US,108318,78
Chihiro SUZUKI,https://orcid.org/0000-0001-6536-9034,National Institute for Fusion Science,JP,108077,0
Masanobu YOSHIDA,,National Institute for Fusion Science,JP,108077,0
Katsumi IDA,https://orcid.org/0000-0002-0585-4561,National Institute for Fusion Science,JP,108077,0
T. Nishitani,https://orcid.org/0000-0003-2254-3164,National Institute for Fusion Science,JP,106683,8034
T. Tokuzawa,,"The Graduate University for Advanced Studies, SOKENDAI",JP,102588,0
Suguru MASUZAKI,,National Institute for Fusion Science,JP,100093,0
M. Shoji,https://orcid.org/0000-0003-0655-7347,National Institutes of Natural Sciences,JP,100008,806356
S. Ohdachi,https://orcid.org/0000-0003-2880-9859,National Institute for Fusion Science,JP,97688,5595
Kenji SAITO,https://orcid.org/0000-0001-8972-6534,National Institute for Fusion Science,JP,97680,0
Yasuhiro SUZUKI,,National Institute for Fusion Science,JP,97555,0
George M Garrity,https://orcid.org/0000-0002-4465-7034,Michigan State University,US,96204,46680
Charles Thomas Parker,https://orcid.org/0000-0002-7436-3176,Lawrence Berkeley National Laboratory,US,95795,1920
Y. Fujiwara,,National Institute for Fusion Science,JP,95778,1114
Ryosuke SEKI,,National Institute for Fusion Science,JP,95521,0
Tujin Shi,https://orcid.org/0000-0002-5592-3588,Pacific Northwest National Laboratory,US,94863,4994
叶兴阳双语音标有声读物,,,,94790,0
M. Osakabe,https://orcid.org/0000-0001-5220-947X,National Institutes of Natural Sciences,JP,94283,11074
M. Isobe,https://orcid.org/0000-0002-3572-1882,National Institute for Fusion Science,JP,94156,8447
K. Ogawa,https://orcid.org/0000-0003-4555-1837,National Institutes of Natural Sciences,JP,93884,4700
R. Seki,https://orcid.org/0000-0002-5364-805X,National Institutes of Natural Sciences,JP,93669,2197
Chihiro SUZUKI,https://orcid.org/0000-0001-6536-9034,National Institute for Fusion Science,JP,93647,0
Daniel M. Master,https://orcid.org/0009-0004-3156-5757,Wheaton College - Illinois,US,91681,741
Lawrence E. Stager,,Harvard University Press,US,91668,1289
Masahiro KOBAYASHI,https://orcid.org/0000-0002-0990-7093,National Institute for Fusion Science,JP,91500,0
Kenji SAITO,,National Institute for Fusion Science,JP,89198,0
:unav,,,,86712,0
Royal Botanic Garden Edinburgh,,,,85571,0
C. Suzuki,https://orcid.org/0000-0001-6536-9034,"The Graduate University for Advanced Studies, SOKENDAI",JP,85438,5296
Masaki OSAKABE,,National Institute for Fusion Science,JP,85333,0
H. Tanaka,https://orcid.org/0000-0002-8025-008X,Nagoya University Hospital,JP,84371,1963
Gen MOTOJIMA,https://orcid.org/0000-0001-5522-3082,National Institute for Fusion Science,JP,84319,0
Ryo YASUHARA,https://orcid.org/0000-0001-5377-637X,National Institute for Fusion Science,JP,81570,0
Hiroshi HAYASHI,,National Institute for Fusion Science,JP,81570,0
M. Nishiura,https://orcid.org/0000-0002-2752-3333,National Institutes of Natural Sciences,JP,81012,1347
K. Tanaka,https://orcid.org/0000-0002-1606-3204,Hiroshima Institute of Technology,JP,80939,9081
T. Oishi,https://orcid.org/0000-0002-1171-8603,Tohoku University,JP,80100,1650
Yuki HAYASHI,,National Institute for Fusion Science,JP,79570,0
S. Matsuoka,https://orcid.org/0000-0003-2790-2226,National Institute for Fusion Science,JP,78095,309
Ryosuke SEKI,https://orcid.org/0000-0002-5364-805X,National Institute for Fusion Science,JP,77617,0
Kazuo TOI,,National Institute for Fusion Science,JP,76610,0
Karin Rodland,https://orcid.org/0000-0001-7070-6541,Oregon Health & Science University,US,75874,18175
Scott Baker,https://orcid.org/0000-0001-5085-3106,Environmental Molecular Sciences Laboratory,US,75655,18160
Matthew E. Smith,,,,73728,0
Kessy Abarenkov,,,,73728,0
Urmas Kõljalg,,,,73728,0
R. Henrik Nilsson,,,,73728,0
Kadri Põldmaa,,,,73728,0
Karl-Henrik Larsson,,,,73728,0
Tobias G. Frøslev,,,,73728,0
Tom W. May,,,,73728,0
Björn Lindahl,,,,73728,0
Masayuki YOKOYAMA,,National Institute for Fusion Science,JP,71238,0
Masanobu YOSHIDA,,National Institute for Fusion Science,JP,71238,0
Motonari Kanda,,National Institutes of Natural Sciences,JP,70612,44
Tokihiko TOKUZAWA,,National Institute for Fusion Science,JP,70561,0
Yasuhiro SUZUKI,https://orcid.org/0000-0001-7618-6305,National Institute for Fusion Science,JP,69849,0
Vladislav Petyuk,https://orcid.org/0000-0003-4076-151X,Pacific Northwest National Laboratory,US,69383,16763
Motoshi GOTO,https://orcid.org/0000-0002-9160-682X,National Institute for Fusion Science,JP,68591,0
Koichi SASAKI,,Hokkaido University,JP,68591,0
Y. Suzuki,https://orcid.org/0000-0001-7618-6305,Hiroshima University,JP,68327,7351
Kristin Burnum-Johnson,https://orcid.org/0000-0002-2722-4149,Pacific Northwest National Laboratory,US,67982,6794
Kenichi NAGAOKA,https://orcid.org/0000-0002-5892-6047,National Institute for Fusion Science,JP,67084,0
Suguru MASUZAKI,https://orcid.org/0000-0003-0161-0938,National Institute for Fusion Science,JP,67084,0
Ryosuke SEKI,https://orcid.org/0000-0002-5364-805X,National Institute for Fusion Science,JP,66124,0
Sarah Leichty,https://orcid.org/0000-0002-9609-9126,Environmental Molecular Sciences Laboratory,US,65503,0
Tao Liu,https://orcid.org/0000-0001-9529-6550,United States Air Force,US,65359,16181
Y Nagayama,,National Institute for Fusion Science,JP,65261,0
Matthew Monroe,https://orcid.org/0000-0002-1210-7169,Micron (United States),US,64199,16744
Naoki Kenmochi,,National Institutes of Natural Sciences,JP,63385,50
Hitoshi Yamaguchi,https://orcid.org/0000-0002-1177-3370,National Institutes of Natural Sciences,JP,63233,4207
K. Kawahata,,National Institute for Fusion Science,JP,63093,94
Kenichi NAGAOKA,,National Institute for Fusion Science,JP,62627,0
Haruhisa NAKANO,,National Institute for Fusion Science,JP,62627,0
Katsuyoshi TSUMORI,,National Institute for Fusion Science,JP,62627,0
Ron Moore,,Pacific Northwest National Laboratory,US,62260,38
Kunihiro OGAWA,,National Institutes of Natural Sciences,JP,62254,0
Chihiro SUZUKI,,National Institute for Fusion Science,JP,61999,0
Katsumi IDA,,National Institute for Fusion Science,JP,61999,0
Haylie Kimball,https://orcid.org/0000-0003-1147-7165,Environmental Molecular Sciences Laboratory,US,61035,0
Rosey Chu,,Environmental Molecular Sciences Laboratory,US,60688,98
Curator Integrated Ocean Drilling Program (TAMU),,,,60000,0
Masayuki YOKOYAMA,,National Institute for Fusion Science,JP,59728,0
Keisuke FUJII,https://orcid.org/0000-0003-0390-9984,Nagoya University,JP,59447,0
Kenji SAITO,,National Institute for Fusion Science,JP,58797,0
Marija Veličković,https://orcid.org/0000-0003-3664-5719,Pacific Northwest National Laboratory,US,58557,464
S. Masuzaki,https://orcid.org/0000-0003-0161-0938,"The Graduate University for Advanced Studies, SOKENDAI",JP,58220,12091
Juan Moisés de la Serna,https://orcid.org/0000-0002-8401-8018,Universidad de La Rioja,ES,57008,238
H. Sugama,https://orcid.org/0000-0001-5444-1758,National Institute for Fusion Science,JP,56763,4918
CF Tsai,,Chung Shan Medical University Hospital,TW,56683,0
M. Nunami,https://orcid.org/0000-0002-2459-2392,National Institute for Fusion Science,JP,56628,2007
Matthew E. Smith,,,,56434,0
Urmas Kõljalg,,,,56434,0
Kessy Abarenkov,,,,56434,0
Kadri Põldmaa,,,,56434,0
R. Henrik Nilsson,,,,56434,0
Tobias G. Frøslev,,,,56434,0
Karl-Henrik Larsson,,,,56434,0
Björn Lindahl,,,,56434,0
Tom W. May,,,,56434,0
Katsunori IKEDA,,National Institute for Fusion Science,JP,56293,0
Ashley Rubinstein,https://orcid.org/0000-0003-0221-4603,Henry Ford Health System,US,55975,124
Senckenberg Research Institute and Natural History Museum Frankfurt/M,,,,55328,0
L.C. Reimer,,,,54200,0
J. Sarda Carbasse,,,,54200,0
J. Koblitz,,,,54200,0
A. Podstawka,,,,54200,0
I. Schober,,,,54200,0
Curator Integrated Ocean Drilling Program (TAMU),,,,54149,0
S. Inagaki,https://orcid.org/0000-0002-4808-857X,Kyoto University,JP,54019,7416
Katsumi IDA,https://orcid.org/0000-0002-0585-4561,National Institute for Fusion Science,JP,53266,0
N. Nakajima,,National Institute for Fusion Science,JP,52434,4750
Yi-Ting Wang,https://orcid.org/0000-0001-7509-2016,,,52239,757
Tokihiko TOKUZAWA,https://orcid.org/0000-0001-5473-2109,National Institute for Fusion Science,JP,51396,0
Sarah Leichty,https://orcid.org/0000-0002-9609-9126,Environmental Molecular Sciences Laboratory,US,51194,0
Hiroyuki YAMAGUCHI,https://orcid.org/0000-0002-1177-3370,National Institute for Fusion Science,JP,51142,0
Dušan Veličković,https://orcid.org/0000-0001-7945-9620,Pacific Northwest National Laboratory,US,50833,3419
Tomokazu MIYATA,,National Institute for Fusion Science,JP,50206,0
Curator Integrated Ocean Drilling Program (TAMU),,,,50000,0
Chihiro SUZUKI,https://orcid.org/0000-0001-6536-9034,National Institute for Fusion Science,JP,49475,0
Masanobu YOSHIDA,,National Institute for Fusion Science,JP,49475,0
Katsumi IDA,https://orcid.org/0000-0002-0585-4561,National Institute for Fusion Science,JP,49475,0
Matthew E. Smith,,,,49323,0
Urmas Kõljalg,,,,49321,0
Kessy Abarenkov,,,,49321,0
Kadri Põldmaa,,,,49321,0
R. Henrik Nilsson,,,,49321,0
Tobias G. Frøslev,,,,49321,0
Karl-Henrik Larsson,,,,49321,0
Björn Lindahl,,,,49321,0
Tom W. May,,,,49321,0
Richard Smith,https://orcid.org/0000-0002-2381-2349,Hospital for Special Surgery,US,47949,114159
Masahiro KOBAYASHI,https://orcid.org/0000-0002-0990-7093,National Institute for Fusion Science,JP,46805,0
Mitsutaka ISOBE,,National Institute for Fusion Science,JP,46800,0
Sarah Leichty,https://orcid.org/0000-0002-9609-9126,Environmental Molecular Sciences Laboratory,US,45406,0
DBN herbarium,,,,45132,0
J. Sarda Carbasse,,,,43495,1
J. Koblitz,,,,43495,1
I. Schober,,,,43495,1
A. Podstawka,,,,43495,1
L.C. Reimer,,,,43495,1
Heather Olson,,Pacific Northwest National Laboratory,US,43031,1
Tsuyoshi AKIYAMA,,National Institute for Fusion Science,JP,42958,0
Masahiro KOBAYASHI,,National Institute for Fusion Science,JP,42957,0
Toru TSUJIMURA,https://orcid.org/0000-0002-2983-5920,National Institute for Fusion Science,JP,42251,0
Masaki OSAKABE,,National Institute for Fusion Science,JP,42007,0
Kiyomasa WATANABE,,National Institute for Fusion Science,JP,41753,0
Ryosuke SEKI,,National Institutes of Natural Sciences,JP,41655,8
H. Igami,,National Institutes of Natural Sciences,JP,40862,9
Haylie Kimball,https://orcid.org/0000-0003-1147-7165,Environmental Molecular Sciences Laboratory,US,40492,0
Josh Cuevas Fernandez,,Pacific Northwest National Laboratory,US,40225,0
Rui Zhao,https://orcid.org/0000-0003-0045-2974,Louisiana State University,US,40100,4160
Yuki Goto,https://orcid.org/0000-0001-6636-8500,National Institute for Fusion Science,JP,40050,953
Kenji Saito,https://orcid.org/0000-0001-8972-6534,ITER,FR,40048,7390
丈壽 萩庭,,,,40007,0
B Noble,https://orcid.org/0009-0004-9788-3475,University of Westminster,GB,39997,5575
Yuki Hayashi,https://orcid.org/0000-0001-6090-5010,Hokkaido University,JP,39961,1861
John B. Heppner,,Florida Museum of Natural History,US,39800,8521
Haylie Kimball,,Pacific Northwest National Laboratory,US,39776,0
Tetsuo Ozaki,,National Institute for Fusion Science,JP,39718,478
叶兴阳,,,,39606,0
Dominique Colinet,https://orcid.org/0000-0001-5122-5072,Centre National de la Recherche Scientifique,FR,39568,1829
Marc Bailly‐Bechet,https://orcid.org/0000-0002-6032-1127,"Institut National de Recherche pour l'Agriculture, l'Alimentation et l'Environnement",FR,39523,2127
Ercan Seçkin,https://orcid.org/0009-0003-6821-6967,Centre National de la Recherche Scientifique,FR,39505,3
Aurélie Séassau,,"Institut National de Recherche pour l'Agriculture, l'Alimentation et l'Environnement",FR,39491,227
Richard Smith,https://orcid.org/0000-0002-2381-2349,University of Iowa,US,39376,2149
Yasuhiro SUZUKI,,National Institute for Fusion Science,JP,39284,0
I. Schober,,,,38673,0
L.C. Reimer,,,,38673,0
J. Sarda Carbasse,,,,38673,0
J. Koblitz,,,,38673,0
A. Podstawka,,,,38673,0
S. Kubo,https://orcid.org/0000-0002-4634-9094,Chubu University,JP,38017,8765
Matthew E. Smith,,,,37846,0
Urmas Kõljalg,,,,37846,0
Kessy Abarenkov,,,,37846,0
Kadri Põldmaa,,,,37846,0
R. Henrik Nilsson,,,,37846,0
Tobias G. Frøslev,,,,37846,0
Karl-Henrik Larsson,,,,37846,0
Björn Lindahl,,,,37846,0
Tom W. May,,,,37846,0
Karl Weitz,https://orcid.org/0000-0003-3453-1283,Pacific Northwest National Laboratory,US,37685,5835
Kenichi NAGAOKA,,National Institute for Fusion Science,JP,37680,0
Sarah Leichty,https://orcid.org/0000-0002-9609-9126,Environmental Molecular Sciences Laboratory,US,37552,0
叶兴阳,,,,37256,0
Naturalis Biodiversity Center,,,,36676,0
Shigeru MORITA,https://orcid.org/0000-0003-4139-7721,National Institute for Fusion Science,JP,36435,0
Motoshi GOTO,https://orcid.org/0000-0002-9160-682X,National Institute for Fusion Science,JP,36435,0
Bolus Herbarium,,University of Cape Town,ZA,36059,0
Yasuhiro SUZUKI,https://orcid.org/0000-0001-7618-6305,National Institute for Fusion Science,JP,35606,0
Yuki HAYASHI,https://orcid.org/0000-0001-6090-5010,National Institute for Fusion Science,JP,35146,0
Sarah Leichty,https://orcid.org/0000-0002-9609-9126,Environmental Molecular Sciences Laboratory,US,34395,0
Yoshio NAGAYAMA,,National Institute for Fusion Science,JP,33574,0
Haylie Kimball,https://orcid.org/0000-0003-1147-7165,Environmental Molecular Sciences Laboratory,US,33541,0
Weijun Qian,https://orcid.org/0000-0002-5393-2827,Pacific Northwest National Laboratory,US,32262,23928
Curator Integrated Ocean Drilling Program (TAMU),,,,32000,0
Thomas Fillmore,https://orcid.org/0000-0002-3763-589X,Pacific Northwest National Laboratory,US,31379,2608
Tom Metz,https://orcid.org/0000-0001-6049-3968,Pacific Northwest National Laboratory,US,31347,4
Makoto Kobayashi,https://orcid.org/0000-0003-0920-2154,National Institute for Fusion Science,JP,30764,2146
Y. Kawamoto,https://orcid.org/0000-0002-6337-4080,"The Graduate University for Advanced Studies, SOKENDAI",JP,30728,240
Siriyaporn Sangaroon,https://orcid.org/0000-0002-0160-0468,Mahasarakham University,TH,30635,676
Naturalis Biodiversity Center,,,,29965,0
T. Tsujimura,https://orcid.org/0000-0002-2983-5920,Kyoto University,JP,29694,1407
Josh Cuevas Fernandez,,Pacific Northwest National Laboratory,US,28954,0
Iosr Journals,,,,28406,16696
Thomas Fillmore,https://orcid.org/0000-0002-3763-589X,Environmental Molecular Sciences Laboratory,US,28159,0
Gen MOTOJIMA,,National Institute for Fusion Science,JP,28073,0
S. Sakakibara,https://orcid.org/0000-0002-3306-0531,National Institutes of Natural Sciences,JP,27399,5378
Y. Narushima,https://orcid.org/0000-0002-3541-6298,National Institute for Fusion Science,JP,27358,3610
Carey Hand Funeral Home,,,,27098,0
Masayuki Shibuya,https://orcid.org/0000-0003-4427-3468,National Institute for Fusion Science,JP,26121,2818
Royal Botanic Garden Edinburgh,,,,25716,0
Haruhisa NAKANO,,National Institute for Fusion Science,JP,25511,0
John L. Capinera,,,,25478,11094
Unknown,,,,25305,0
Carrie Nicora,https://orcid.org/0000-0003-2461-9548,Pacific Northwest National Laboratory,US,25024,9354
André EX Brown,https://orcid.org/0000-0002-1324-8764,Imperial College London,GB,24930,4977
Hayato TSUCHIYA,https://orcid.org/0000-0002-8626-129X,National Institute for Fusion Science,JP,24660,0
William R Schafer,https://orcid.org/0000-0002-6676-8034,MRC Laboratory of Molecular Biology,GB,24587,15146
Chris Li,https://orcid.org/0000-0002-9350-2039,Johnson & Johnson (United States),US,24471,3523
Eviatar Yemini,https://orcid.org/0000-0003-1977-0761,Howard Hughes Medical Institute,US,24304,3576
Quee-Lim Ch'ng,https://orcid.org/0000-0003-1941-3828,King's College London,GB,24259,1415
Laura J Grundy,,University of Cambridge,GB,24257,1190
Curator Integrated Ocean Drilling Program (TAMU),,,,24206,0
Unknown,,,,23987,0
Paul Piehowski,https://orcid.org/0000-0001-5108-2227,Environmental Molecular Sciences Laboratory,US,23935,0
R. Yanai,https://orcid.org/0000-0002-4501-1956,National Institutes of Natural Sciences,JP,23798,91
T. Seki,,National Institutes of Natural Sciences,JP,23641,11
Haylie Kimball,https://orcid.org/0000-0003-1147-7165,Environmental Molecular Sciences Laboratory,US,23490,0
Rex Kerr,https://orcid.org/0000-0002-5109-1606,,,23447,12660
Mary McGown,,Environmental Molecular Sciences Laboratory,US,23385,0
Audrey Johns,,Environmental Molecular Sciences Laboratory,US,23385,0
Lee Ann McCue,https://orcid.org/0000-0003-4456-517X,Environmental Molecular Sciences Laboratory,US,23371,0
Tokihiko TOKUZAWA,,National Institute for Fusion Science,JP,23326,0
Sara Taylor,https://orcid.org/0009-0006-3216-8838,Pacific Northwest National Laboratory,US,23237,0
Curator Integrated Ocean Drilling Program (TAMU),,,,23056,0
Unknown,,,,23003,0
Kazuo TOI,,National Institute for Fusion Science,JP,22706,0
Kunihiro OGAWA,,National Institute for Fusion Science,JP,22706,0
Mitsutaka ISOBE,,National Institute for Fusion Science,JP,22706,0
Senckenberg - Leibniz Institution for Biodiversity and Earth System Research,,,,22383,0
Chee Wai Lee,,,,22107,184
Stephen Callister,https://orcid.org/0000-0003-1785-2755,Pacific Northwest National Laboratory,US,22054,0
Michael Currie,https://orcid.org/0000-0001-5885-7507,,,22029,571
Curator Integrated Ocean Drilling Program (TAMU),,,,22000,0
Haylie Kimball,https://orcid.org/0000-0003-1147-7165,Environmental Molecular Sciences Laboratory,US,21989,0
Gertrude Patello,,Environmental Molecular Sciences Laboratory,US,21594,0
Karin Rodland,https://orcid.org/0000-0001-7070-6541,Pacific Northwest National Laboratory,US,21294,0
Jim Hokanson,https://orcid.org/0000-0002-0560-4503,Marquette University,US,21274,1297
Karl Weitz,,Pacific Northwest National Laboratory,US,21091,373
Sebastian Funk,https://orcid.org/0000-0002-2842-3406,,,20989,36756
奈良国立文化財研究所平城宮跡発掘調査部,,,,20894,0
Sam Abbott,https://orcid.org/0000-0001-8057-8037,University of London,GB,20829,26437
Vivian Lin,https://orcid.org/0000-0001-9159-0031,Pacific Northwest National Laboratory,US,20702,0
Katharine Sherratt,https://orcid.org/0000-0003-2049-3423,London School of Hygiene & Tropical Medicine,GB,20683,2817
Christopher Bennett,https://orcid.org/0000-0002-8467-6192,Met Office,GB,20609,3890
Martin H. Weik,https://orcid.org/0000-0001-9297-642X,Centre National de la Recherche Scientifique,FR,20570,13389
GBIF.org User,,,,20526,10
Joe Hickson,,Met Office,GB,20525,80
Paul Piehowski,https://orcid.org/0000-0001-5108-2227,Pacific Northwest National Laboratory,US,20447,9428
J. Sarda Carbasse,,,,20357,0
L.C. Reimer,,,,20357,0
J. Koblitz,,,,20357,0
A. Podstawka,,,,20357,0
I. Schober,,,,20357,0
Curator Integrated Ocean Drilling Program (TAMU),,,,20000,0
N. Kenmochi,https://orcid.org/0000-0003-1088-8237,National Institutes of Natural Sciences,JP,19959,1258
GLIS of the ITPGRFA,,,,19822,0
Erik Hom,https://orcid.org/0000-0003-0964-0031,University of Mississippi,US,19784,0
Chihiro SUZUKI,,National Institute for Fusion Science,JP,19731,0
Naoki TAMURA,,National Institute for Fusion Science,JP,19731,0
Haylie Kimball,,Pacific Northwest National Laboratory,US,19569,0
Ryan Ziels,,University of British Columbia,CA,19366,0
Ernesto Nakayasu,https://orcid.org/0000-0002-4056-2695,Pacific Northwest National Laboratory,US,19344,9924
Athena Schepmoes,https://orcid.org/0000-0002-1365-106X,Pacific Northwest National Laboratory,US,19143,4432
Dorothea Taylor,https://orcid.org/0000-0002-0893-8170,,,18948,261
Unknown,,,,18709,0
EDOARDO SARTI,,Institut national de recherche en sciences et technologies du numérique,FR,18675,0
Tsuyoshi AKIYAMA,,National Institute for Fusion Science,JP,18557,0
University of Gothenburg,,,,18518,0
Avelino Javer,https://orcid.org/0000-0003-4100-6807,NIHR Imperial Biomedical Research Centre,GB,18502,978
Jennifer Kyle,https://orcid.org/0000-0002-9282-9005,Pacific Northwest National Laboratory,US,18469,10417
Gavan Breen,,,,18395,0
Seiji KOMADA,,National Institute for Fusion Science,JP,18339,0
Etienne Danchin,,"Institut National de Recherche pour l'Agriculture, l'Alimentation et l'Environnement",FR,18325,0
CERTIFICATION EXAM,,,,18200,4
Setsuo Imazu,,National Institute for Fusion Science,JP,18118,176
Robyn Fiori,https://orcid.org/0000-0002-7313-8890,Natural Resources Canada,CA,18056,661
Ian Frazer,,,,17741,0
Jan W. Gooch,,AID Atlanta,US,17659,4590
Vladislav Petyuk,https://orcid.org/0000-0003-4076-151X,Pacific Northwest National Laboratory,US,17497,0
Sarah Leichty,https://orcid.org/0000-0002-9609-9126,Environmental Molecular Sciences Laboratory,US,17464,0
Jamie Allen,,Tufts University,US,17378,187
Nathalie Munoz Munoz,https://orcid.org/0000-0002-2723-3512,Environmental Molecular Sciences Laboratory,US,17333,1136
R. T. Pardasani,,Central University of Rajasthan,IN,16664,665
Yuqian Gao,https://orcid.org/0000-0003-1646-4515,Kunming University of Science and Technology,CN,16645,3547
Motoshi GOTO,,National Institute for Fusion Science,JP,16492,0
William Chrisler,https://orcid.org/0000-0002-3829-2454,Pacific Northwest National Laboratory,US,16332,0
Kezhi Li,https://orcid.org/0000-0002-7783-0673,Farr Institute,GB,16221,3687
John Zgraggen,,,,16004,0
Maria Perez,https://orcid.org/0009-0007-2935-6878,Environmental Molecular Sciences Laboratory,US,15905,0
K. Watanabe,,National Institute for Fusion Science,JP,15904,1156
Charles Dickens,https://orcid.org/0000-0002-0368-6859,,,15903,4170
Azim Ospanov,,Chinese University of Hong Kong,HK,15833,5
M Kellis,https://orcid.org/0000-0002-9383-5757,Broad Institute,US,15767,7366
ZHAO Ye,,Chinese University of Hong Kong,HK,15750,0
K. Sosnkowska-Kehiaian,,Délégation Paris 7,FR,15721,212
Fotogjengen ved Studentersamfundet i Trondhjem,,,,15371,0
Unknown,,,,15252,0
J. Sarda Carbasse,,,,15198,0
A. Podstawka,,,,15198,0
I. Schober,,,,15198,0
L.C. Reimer,,,,15198,0
J. Koblitz,,,,15198,0
Yoshinori Mizuno,https://orcid.org/0000-0003-4931-5743,National Institutes of Natural Sciences,JP,15139,1872
Kenji TANAKA,,National Institute for Fusion Science,JP,15048,0
Takashi KOBUCHI,,National Institute for Fusion Science,JP,14784,0
Reta Birhanu Kitata,https://orcid.org/0000-0002-8973-7679,Pacific Northwest National Laboratory,US,14769,1161
Atsushi Togo,https://orcid.org/0000-0001-8393-9766,,,14737,27267
Easy Quizzz,,,,14678,0
Cao Xuenan,,Chinese University of Hong Kong,HK,14399,0
Nancy Hess,https://orcid.org/0000-0002-8930-9500,Environmental Molecular Sciences Laboratory,US,14371,6503
John Bargar,,Environmental Molecular Sciences Laboratory,US,14240,52
Karl-Henrik Larsson,,,,14167,0
Björn Lindahl,,,,14167,0
R. Henrik Nilsson,,,,14167,0
Kadri Põldmaa,,,,14167,0
Matthew E. Smith,,,,14167,0
Urmas Kõljalg,,,,14167,0
Tom W. May,,,,14167,0
Bobbie‐Jo Webb‐Robertson,https://orcid.org/0000-0002-4744-2397,Pacific Northwest National Laboratory,US,14125,9349
Hideya NAKANISHI,,National Institute for Fusion Science,JP,14109,0
:unav,,,,14050,0
Ying Zhu,https://orcid.org/0000-0002-5416-0566,Zhejiang Chinese Medical University,CN,13988,10112
Assignee Research,,Twitter (United States),US,13836,2
Zhangyang Xu,https://orcid.org/0000-0002-0314-9244,Pacific Northwest National Laboratory,US,13824,543
Jason McDermott,https://orcid.org/0000-0003-2961-2572,Pacific Northwest National Laboratory,US,13814,14235
Kelly Hatter,,University of Michigan,US,13749,0
A.P. Ahlstrøm,,General Electric (Norway),NO,13714,0
R.S. Fausto,,Geological Survey of Denmark and Greenland,DK,13644,1
S.H. Larsen,,General Electric (Norway),NO,13627,0
Heather Olson,https://orcid.org/0000-0002-4501-9587,Pacific Northwest National Laboratory,US,13612,605
Alexander K. C. Leung,https://orcid.org/0000-0003-2254-6971,University of Calgary,CA,13568,19734
K.D. Mankoff,,General Electric (Norway),NO,13516,0
Banner Smith,,Pacific Northwest National Laboratory,US,13333,0
Athena Schepmoes,https://orcid.org/0000-0002-1365-106X,Pacific Northwest National Laboratory,US,13232,0
Alexander K. C. Leung,,,,13094,8907
Patricia Miller,,Pacific Northwest National Laboratory,US,13040,0
Yinyin Ye,https://orcid.org/0000-0003-0625-9657,Qinghai University,CN,13031,1782
Janet Jansson,https://orcid.org/0000-0002-5487-4315,F-star (United Kingdom),GB,12964,83060
Maria Perez,https://orcid.org/0009-0007-2935-6878,Environmental Molecular Sciences Laboratory,US,12959,0
Jason Toyoda,https://orcid.org/0000-0001-6299-2146,Pacific Northwest National Laboratory,US,12956,1227
Albert Rivas‐Ubach,https://orcid.org/0000-0003-1293-7127,Consejo Superior de Investigaciones Científicas,ES,12892,6010
Yoshio NAGAYAMA,,National Institute for Fusion Science,JP,12883,0
Chandra Earl,https://orcid.org/0000-0001-9850-882X,National Ecological Observatory Network,US,12849,623
K. Nagaoka,,National Institute for Fusion Science,JP,12831,11
K. Tsumori,,National Institute for Fusion Science,JP,12830,42
Katsunori IKEDA,,National Institute for Fusion Science,JP,12828,0
Masaki OSAKABE,,National Institute for Fusion Science,JP,12828,0
nasa,,,,12787,5875
Jay Bardhan,,Environmental Molecular Sciences Laboratory,US,12763,0
Elizabeth Eder,https://orcid.org/0000-0002-1486-7591,Pacific Northwest National Laboratory,US,12693,876
Kent Bloodsworth,https://orcid.org/0000-0002-7596-1565,Pacific Northwest National Laboratory,US,12659,1540
ETIENNE DANCHIN,,,,12603,0
Sabeeha Merchant,https://orcid.org/0000-0002-2594-509X,QB3,US,12533,25737
Sarah Leichty,https://orcid.org/0000-0002-9609-9126,Environmental Molecular Sciences Laboratory,US,12525,0
GLIS of the ITPGRFA,,,,12370,0
Alison Hatt,,Environmental Molecular Sciences Laboratory,US,12264,0
Samuel Purvine,https://orcid.org/0000-0002-2257-2400,Pacific Northwest National Laboratory,US,12180,11838
EDOARDO SARTI,,Institut national de recherche en sciences et technologies du numérique,FR,12138,0
:unav,,,,12084,0
M.C. Lund,,General Electric (Norway),NO,12061,0
Maria Perez,https://orcid.org/0009-0007-2935-6878,Environmental Molecular Sciences Laboratory,US,11971,0
Nikola Tolić,https://orcid.org/0000-0003-3950-9130,Environmental Molecular Sciences Laboratory,US,11869,6900
Matthew E. Smith,,,,11865,0
Urmas Kõljalg,,,,11865,0
Kessy Abarenkov,,,,11865,0
Kadri Põldmaa,,,,11865,0
R. Henrik Nilsson,,,,11865,0
Karl-Henrik Larsson,,,,11865,0
Björn Lindahl,,,,11865,0
Tom W. May,,,,11865,0
Koji Yasui,,National Institute for Fusion Science,JP,11836,1384
Rui Zhao,https://orcid.org/0000-0003-3927-0617,Pacific Northwest National Laboratory,US,11807,1745
Tex.) WBAP-TV (Television station : Fort Worth,,,,11730,0
Unknown,,,,11727,0
Chaevien Clendinen,https://orcid.org/0000-0002-1487-4126,Pacific Northwest National Laboratory,US,11722,703
Canada Foundation for Innovation | Fondation canadienne pour l'innovation,,,,11604,0
Carrie Nicora,https://orcid.org/0000-0003-2461-9548,Pacific Northwest National Laboratory,US,11598,0
N.B. Karlsson,,Geological Survey of Denmark and Greenland,DK,11557,1
WT Colgan,,General Electric (Norway),NO,11543,7
Rosalie Chu,https://orcid.org/0000-0001-7428-7647,Environmental Molecular Sciences Laboratory,US,11521,1
Marina Bährle-Rapp,,,,11475,463
J. Sarda Carbasse,,,,11473,0
J. Koblitz,,,,11473,0
I. Schober,,,,11473,0
A. Podstawka,,,,11473,0
L.C. Reimer,,,,11473,0
A.M. Solgaard,,Geological Survey of Denmark and Greenland,DK,11470,1
AA Bjørk,,University of Copenhagen,DK,11469,1
Josie Eder,https://orcid.org/0000-0002-2876-0496,Pacific Northwest National Laboratory,US,11410,176
Ju Yeon Lee,https://orcid.org/0000-0003-0855-6516,Korea Basic Science Institute,KR,11390,2324
Ary Mailhos,https://orcid.org/0000-0001-9991-1186,Universidad de la República de Uruguay,UY,11307,19
José Maurício Bonifacino,https://orcid.org/0000-0003-0377-3853,Universidad de la República de Uruguay,UY,11306,416
Hiromi TAKAHASHI,,National Institute for Fusion Science,JP,11288,0
Tai‐Tu Lin,,Pacific Northwest National Laboratory,US,11275,235
M. Kumar,https://orcid.org/0000-0001-9413-0807,Maharaja Ganga Singh University,IN,11256,2834
Berthold Seitz,https://orcid.org/0000-0001-9701-8204,University Medical Center,US,11118,24758
Jason McDermott,,Pacific Northwest National Laboratory,US,11074,0
Alan Walker,,,,11050,0
Nicholas Wood,https://orcid.org/0000-0002-9500-3348,The University of Sydney,AU,11008,75957
Tao Liu,https://orcid.org/0000-0001-9529-6550,Pacific Northwest National Laboratory,US,10906,39075
:unav,,,,10886,0
Erin Baker,https://orcid.org/0000-0001-5246-2213,University of North Carolina at Chapel Hill,US,10711,11304
Scan-the-World,,,,10666,1
Rui Zhao,https://orcid.org/0000-0002-6602-6583,Kunming Medical University,CN,10593,8308
S. I. Sukhoruchkin,,Petersburg Nuclear Physics Institute,RU,10456,204
Christina Stevenson,,Pacific Northwest National Laboratory,US,10448,0
Z. N. Soroko,,Petersburg Nuclear Physics Institute,RU,10397,165
Yi-Xiang Wang,https://orcid.org/0000-0001-5697-0717,BGI Group (China),CN,10380,27665
H.T. Jakobsgaard,,General Electric (Norway),NO,10343,0
C.L. Shield,,General Electric (Norway),NO,10343,0
Kiyomasa WATANABE,,National Institute for Fusion Science,JP,10253,0
Mitsutaka ISOBE,,National Institute for Fusion Science,JP,10213,0
James Evans,,Pacific Northwest National Laboratory,US,10125,0
Rosalie Chu,https://orcid.org/0000-0001-7428-7647,Pacific Northwest National Laboratory,US,10115,7693
K Y Watanabe,,National Institutes of Natural Sciences,JP,10079,9
TERN Ecosystem Surveillance,,,,10070,0
Rashmi Madda,https://orcid.org/0000-0002-8962-8958,Pacific Northwest National Laboratory,US,10061,72
Bojana Leonard,,Pacific Northwest National Laboratory,US,10052,5
Andreas Janecke,https://orcid.org/0000-0001-7155-0315,Innsbruck Medical University,AT,10029,17854
Walter Lisch,,Johannes Gutenberg University Mainz,DE,10013,7930
Mary Lipton,,Pacific Northwest National Laboratory,US,10013,1
Crysten Blaby,,Lawrence Berkeley National Laboratory,US,9675,0
Chaevien Clendinen,https://orcid.org/0000-0002-1487-4126,Environmental Molecular Sciences Laboratory,US,9668,0
Jesse Trejo,,Pacific Northwest National Laboratory,US,9658,24
叶兴阳,,,,9631,0
Suguru Masuzaki,,National Institute for Fusion Science,JP,9557,0
Samuel Purvine,https://orcid.org/0000-0002-2257-2400,Environmental Molecular Sciences Laboratory,US,9556,0
Masaki OSAKABE,,National Institute for Fusion Science,JP,9485,0
Scan-the-World,,,,9452,0
Sarah Fansler,https://orcid.org/0000-0003-4190-907X,Pacific Northwest National Laboratory,US,9432,4000
"Gandy, George Skip, IV",,,,9330,0
Andrew Lipton,https://orcid.org/0000-0003-4937-4145,Environmental Molecular Sciences Laboratory,US,9276,0
Hugo Ten Cate,https://orcid.org/0000-0001-7796-4463,Maastricht School of Management,NL,9245,43089
Alex Beliaev,,Environmental Molecular Sciences Laboratory,US,9228,0
David Hoyt,https://orcid.org/0000-0002-2857-719X,Environmental Molecular Sciences Laboratory,US,9222,7986
David Bridie,,,,9104,0
John Henry Newman,,,,8909,184
:unav,,,,8895,0
Maria Perez,https://orcid.org/0009-0007-2935-6878,Environmental Molecular Sciences Laboratory,US,8835,0
Hui Li,https://orcid.org/0000-0001-9198-3951,Huanggang Normal University,CN,8746,40636
Julia Laskin,https://orcid.org/0000-0002-4533-9644,Purdue University West Lafayette,US,8670,25073
Thomas Metz,,Pacific Northwest National Laboratory,US,8637,0
Xi Zhang,https://orcid.org/0000-0003-3415-5345,,,8614,7285
Maria Perez,https://orcid.org/0009-0007-2935-6878,Environmental Molecular Sciences Laboratory,US,8597,0
Shelley McGuire,https://orcid.org/0000-0001-8214-2229,University of Idaho,US,8565,10814
Haylie Kimball,https://orcid.org/0000-0003-1147-7165,Environmental Molecular Sciences Laboratory,US,8557,0
Yuki GOTO,,National Institute for Fusion Science,JP,8543,0
Aaron Wright,https://orcid.org/0000-0002-3172-5253,Baylor University,US,8522,5536
Unknown,,,,8513,0
Emily Graham,,Pacific Northwest National Laboratory,US,8485,128
Rebecca Powell,https://orcid.org/0000-0002-4956-7417,Icahn School of Medicine at Mount Sinai,US,8469,1106
James Sanford,https://orcid.org/0000-0001-7901-5579,Pacific Northwest National Laboratory,US,8454,2980
John Henry Newman,https://orcid.org/0009-0006-9753-0906,New College of Florida,US,8447,5901
J. Jakobsen,,,,8436,0
J.E. Box,,,,8436,0
A. Rutishauser,,,,8436,0
A. Messerli,,,,8436,0
K. Langley,,,,8436,0
P. How,,,,8436,0
I.T. Stevens,,,,8436,0
J. Abermann,,,,8436,0
S.B. Andersen,,,,8436,0
R.B. Nielsen,,,,8436,0
D. van As,,,,8436,0
J. Lea,,,,8436,0
R. Prinz,,,,8436,0
M. Citterio,,,,8436,0
B. Vandecrux,,,,8436,0
Sandrine Henri,https://orcid.org/0000-0002-8980-9193,Centre National de la Recherche Scientifique,FR,8400,13991
Lionel Spinelli,https://orcid.org/0000-0001-9228-8141,Centre National de la Recherche Scientifique,FR,8393,2247
Marc Bajénoff,https://orcid.org/0000-0002-0702-8319,Centre National de la Recherche Scientifique,FR,8368,9267
Lionel Chasson,,Centre National de la Recherche Scientifique,FR,8351,4353
International Monetary Fund,,,,8307,21932
Darya Yanushko,https://orcid.org/0000-0001-6223-9015,International Space University,FR,8283,65
Despoina Pervizou,https://orcid.org/0009-0007-4178-8374,Centre National de la Recherche Scientifique,FR,8280,13
Joanna De Chiara,,Centre National de la Recherche Scientifique,FR,8278,7
Makoto Yoshizaki  吉崎 誠,,,,8261,0
Arnold L. Rheingold,https://orcid.org/0000-0003-4472-8127,University of California San Diego,US,8214,85781
Mary Lipton,https://orcid.org/0000-0001-7749-0077,Pacific Northwest National Laboratory,US,8211,14026
Trevor Moser,https://orcid.org/0000-0001-9399-0514,Pacific Northwest National Laboratory,US,8166,0
Montana Smith,https://orcid.org/0000-0002-8683-0050,Environmental Molecular Sciences Laboratory,US,8094,341
S.I. Sukhoruchkin,,Petersburg Nuclear Physics Institute,RU,8092,2
Z.N. Soroko,,Petersburg Nuclear Physics Institute,RU,8090,2
Setsuko Wakao,https://orcid.org/0000-0003-3784-5093,Lawrence Berkeley National Laboratory,US,8047,2429
Masahiro KOBAYASHI,,National Institute for Fusion Science,JP,7956,0
CERN,,Temple College,US,7951,0
Anne Glaesener,https://orcid.org/0000-0003-2268-2885,"University of California, Berkeley",US,7950,0
Bolus Herbarium,,University of Cape Town,ZA,7930,0
Kenichi NAGAOKA,,National Institute for Fusion Science,JP,7896,0
ほか,,Showa University Hospital,JP,7895,529
Montana Smith,https://orcid.org/0000-0002-8683-0050,Environmental Molecular Sciences Laboratory,US,7858,0
David Camp,,Pacific Northwest National Laboratory,US,7820,19303
Daniel Rosehill,,Prompt (Canada),CA,7793,10
Chatterbox TTS,,Renewable Energy Systems (United States),US,7781,10
Yue Wang,https://orcid.org/0000-0003-0098-5359,,,7720,15854
Zhe Xu,https://orcid.org/0000-0001-5157-570X,South China Agricultural University,CN,7708,1670
Louis Fieser,,,,7667,10240
Chaochao Wu,,Anhui University of Finance and Economics,CN,7619,2053
Netta Gurari,https://orcid.org/0000-0002-0969-9108,Virginia Tech,US,7591,365
Pearl Kwantwi-Barima,https://orcid.org/0000-0002-7996-1087,Pacific Northwest National Laboratory,US,7542,137
Unknown,,,,7501,0
Florent COMTE,,Centre National de la Recherche Scientifique,FR,7453,0
Mark Bowden,https://orcid.org/0000-0003-3812-3340,Pacific Northwest National Laboratory,US,7451,15810
Sara Calhoun,https://orcid.org/0000-0003-2942-1338,Lawrence Berkeley National Laboratory,US,7436,895
Vy Duong,https://orcid.org/0000-0003-2781-2001,Lawrence Berkeley National Laboratory,US,7404,0
Krishna Niyogi,https://orcid.org/0000-0001-7229-2071,"University of California, Berkeley",US,7404,0
Hiroyuki Yamaguchi,https://orcid.org/0000-0002-1177-3370,National Institute for Fusion Science,JP,7398,302
R. Sakamoto,,National Institute for Fusion Science,JP,7364,247
Mary Fieser,,,,7326,1136
Daniela Strenkert,https://orcid.org/0000-0002-3420-1332,Carnegie Department of Plant Biology,US,7309,2102
Tanya Winkler,,Pacific Northwest National Laboratory,US,7236,251
Tujin Shi,https://orcid.org/0000-0002-5592-3588,Pacific Northwest National Laboratory,US,7205,0
Kai Wang,https://orcid.org/0000-0002-6170-4744,Qingdao University,CN,7204,220892
James Fulcher,https://orcid.org/0000-0001-9033-3623,Pacific Northwest National Laboratory,US,7202,962
James Sanford,,Pacific Northwest National Laboratory,US,7180,0
Marjorie A. Hoy,,,,7170,11169
Tao Liu,https://orcid.org/0000-0001-9529-6550,Pacific Northwest National Laboratory,US,7153,0
Masaki NISHIURA,,National Institute for Fusion Science,JP,7073,0
Krishna Niyogi,https://orcid.org/0000-0001-7229-2071,Lawrence Berkeley National Laboratory,US,7062,36254
Patricia Miller,,Pacific Northwest National Laboratory,US,7058,1
Elizabeth Eder,https://orcid.org/0000-0002-1486-7591,Environmental Molecular Sciences Laboratory,US,7034,0
Christoph Valentin,https://orcid.org/0000-0001-9654-1917,,,7011,0
Charles Ansong,https://orcid.org/0000-0001-5793-8559,National Institutes of Health,US,6986,5960
Ashley Robinson,,Environmental Molecular Sciences Laboratory,US,6944,0
Scott Baker,https://orcid.org/0000-0001-5085-3106,University of Wisconsin–Madison,US,6943,24880
US National Cancer Institute,,,,6940,0
Unknown,,,,6936,0
Kelly Hatter,,Environmental Molecular Sciences Laboratory,US,6877,0
Sarah Wigley,https://orcid.org/0000-0001-6386-9107,,,6837,34
P. Pardasani,,,,6799,617
Paul B. Geraghty,https://orcid.org/0000-0002-0158-0612,The University of Melbourne,AU,6797,561
Jean-Marie Schmerber,,Dietrich Bonhoeffer Klinikum,DE,6797,84
Icíar Oquiñena,,Banss (Germany),DE,6796,56
Panshak Dakup,https://orcid.org/0000-0003-3534-7744,Pacific Northwest National Laboratory,US,6782,0
Le Day,https://orcid.org/0000-0002-2342-9323,Environmental Molecular Sciences Laboratory,US,6780,0
Arthur Capell,,,,6777,0
Ashley Robinson,https://orcid.org/0000-0002-7561-9276,Rensselaer Polytechnic Institute,US,6773,806
Zane Taylor,https://orcid.org/0000-0002-5178-2570,Pacific Northwest National Laboratory,US,6736,0
J.-C. Fontaine,https://orcid.org/0000-0002-9064-4533,Université Claude Bernard Lyon 1,FR,6732,2609
Kim Hixson,https://orcid.org/0000-0003-3915-7040,Pacific Northwest National Laboratory,US,6716,5198
David J. Elsworth,,,,6654,75
Natural History Museum Vienna,,,,6636,0
Scan-the-World,,,,6610,0
Don Laycock,,,,6550,0
Brian W. Skelton,https://orcid.org/0000-0002-1515-6636,The University of Western Australia,AU,6546,39917
Thomas Hardy,,Thomas University,US,6544,2043
"Jay, John C. (John Clarkson), 1808-1891",,,,6532,0
Ian Green,,,,6511,0
Kezhi Li,,Northwestern Polytechnical University,CN,6503,14495
Bionomia,,,,6503,0
Arianna Valmassoi,https://orcid.org/0000-0003-2215-3983,Deutscher Wetterdienst,DE,6492,176
Stephen Callister,https://orcid.org/0000-0003-1785-2755,Pacific Northwest National Laboratory,US,6452,2879
Jane Leonor Roque Mamani,,University of Bonn,DE,6429,0
Jon Jacobs,https://orcid.org/0000-0003-0557-7338,Pacific Northwest National Laboratory,US,6423,7761
Shakhnoza S. Azimova,https://orcid.org/0000-0003-1803-7728,Academy of Sciences Republic of Uzbekistan,UZ,6416,3433
Tierney Becho,,Environmental Molecular Sciences Laboratory,US,6410,0
Viroj Wiwanitkit,https://orcid.org/0000-0003-1039-3728,Chandigarh University,IN,6400,12962
John Bargar,https://orcid.org/0000-0001-9303-4901,Pacific Northwest National Laboratory,US,6392,19375
Peter Suber,https://orcid.org/0000-0002-3577-2890,Earlham College,US,6389,2541
Ernesto Nakayasu,,Pacific Northwest National Laboratory,US,6376,1
H.V. Kehiaian,,,,6369,3484
Allison Thompson,https://orcid.org/0000-0002-9791-4444,Environmental Molecular Sciences Laboratory,US,6337,1511
Tujin Shi,https://orcid.org/0000-0002-5592-3588,Pacific Northwest National Laboratory,US,6327,0
Naturalis Biodiversity Center,,,,6318,0
Kendall Corbin,,University of Kentucky,US,6291,0
Brian O'callahan,https://orcid.org/0000-0001-9835-3207,Environmental Molecular Sciences Laboratory,US,6290,0
Jon Østeng Hov,,,,6288,0
Jamie Nuñez,https://orcid.org/0000-0002-8594-1648,Pacific Northwest National Laboratory,US,6246,1194
Ch. Wohlfarth,,Martin Luther University Halle-Wittenberg,DE,6232,506
Monee McGrady,,Menlo School,US,6223,51
Philippe Bougeret,,,,6215,0
Young‐Mo Kim,https://orcid.org/0000-0002-8972-7593,Pacific Northwest National Laboratory,US,6150,9878
Boyuan Guan,https://orcid.org/0000-0002-4244-5011,Florida International University,US,6128,163
Shahan Mamoor,https://orcid.org/0000-0003-4150-0936,,,6084,654
Haylie Kimball,https://orcid.org/0000-0003-1147-7165,Environmental Molecular Sciences Laboratory,US,6076,0
Tao Liu,https://orcid.org/0000-0001-9529-6550,Pacific Northwest National Laboratory,US,6025,0
Douglas M. Templeton,https://orcid.org/0000-0003-0693-662X,University of Toronto,CA,6021,13919
Juan Moisés de la Serna,,,,6007,0
Melissa Roth,https://orcid.org/0000-0001-7389-5982,"University of California, Berkeley",US,5996,1659
William Shakespeare,,,,5993,26361
Hajime SUZUKI,,National Institute for Fusion Science,JP,5975,0
Kent Bloodsworth,https://orcid.org/0000-0002-7596-1565,Pacific Northwest National Laboratory,US,5965,0
John H. Duffus,,,,5923,9269
Unknown,,,,5920,0
Unknown,,,,5915,0
Avelino Javer,,,,5897,3
Wei Huang,https://orcid.org/0000-0001-7004-6408,Kunming University of Science and Technology,CN,5852,263358
Henry S. Rzepa,https://orcid.org/0000-0002-8635-8390,Imperial College London,GB,5738,14985
Amir Ahkami,https://orcid.org/0000-0002-0545-1236,Environmental Molecular Sciences Laboratory,US,5710,2406
Shayan Lameh,https://orcid.org/0000-0002-3443-382X,John Brown University,US,5679,8
Jayde Aufrecht,,Environmental Molecular Sciences Laboratory,US,5660,0
Chris Jansson,,Environmental Molecular Sciences Laboratory,US,5656,0
George Hangay,,,,5644,1306
Ellen A. A. Nollen,https://orcid.org/0000-0003-3740-6373,University of Groningen,NL,5626,7997
Louise Baird,,,,5604,0
Kelly Hatter,,University of Michigan,US,5596,0
Ryan McClure,https://orcid.org/0000-0003-0573-6917,Pacific Northwest National Laboratory,US,5594,5539
Hagop M. Kantarjian,https://orcid.org/0000-0002-1908-3307,The University of Texas MD Anderson Cancer Center,US,5584,271017
Richard Harrison,,,,5569,0
Takashi Taniguchi,https://orcid.org/0000-0002-1467-3105,"University of California, Riverside",US,5558,223317
Kenji Watanabe,https://orcid.org/0000-0003-3701-8119,Chinese Academy of Sciences,CN,5551,233256
Céline N. Martineau,,Centre National de la Recherche Scientifique,FR,5550,558
Robert Koch-Institut,,,,5544,3219
Vanessa Paurus,https://orcid.org/0000-0002-8960-2926,Pacific Northwest National Laboratory,US,5534,559
Jie Yang,https://orcid.org/0000-0003-4801-7162,South China Agricultural University,CN,5526,23382
Gregory Y.H. Lip,https://orcid.org/0000-0002-7566-1626,Medical University of Białystok,PL,5523,309253
Haruhisa NAKANO,,National Institute for Fusion Science,JP,5508,0
Hao Chen,https://orcid.org/0009-0001-6480-7976,Chongqing University,CN,5500,115224
Hoong‐Kun Fun,https://orcid.org/0000-0001-9970-067X,Universiti Sains Malaysia,MY,5490,21456
Tallinn University of Technology,,,,5480,0
Yang Wang,https://orcid.org/0000-0001-5539-4623,Pacific Northwest National Laboratory,US,5478,2708
Juan Moises De la Serna,https://orcid.org/0000-0002-8401-8018,Universidad Internacional De La Rioja,ES,5472,0
Karin Rodland,,Pacific Northwest National Laboratory,US,5467,371
Mohamed Elzek,https://orcid.org/0000-0002-6983-8114,Pacific Northwest National Laboratory,US,5443,401
Marina Gritsenko,,Pacific Northwest National Laboratory,US,5439,0
Xiaolu Li,https://orcid.org/0000-0002-9845-1584,University of Science and Technology of China,CN,5431,3188
Rhona Stuart,https://orcid.org/0000-0001-5916-9693,Lawrence Livermore National Laboratory,US,5429,8738
Sean Colby,https://orcid.org/0000-0002-3193-8267,Open Molecular Software Foundation,,5319,1061
Alexandra M. Z. Slawin,https://orcid.org/0000-0002-9527-6418,University of St Andrews,GB,5316,57873
Nicole Powell,,Boston Children's Hospital,US,5312,3443
Maria Perez,https://orcid.org/0009-0007-2935-6878,Environmental Molecular Sciences Laboratory,US,5306,0
Ian Stephens,https://orcid.org/0000-0003-3017-4418,Worcester State University,US,5297,3394
John Melchior,https://orcid.org/0000-0003-3781-2566,Pacific Northwest National Laboratory,US,5294,0
Li,,Kunming University of Science and Technology,CN,5292,11893
Qian Zhao,https://orcid.org/0000-0003-4489-3691,Pacific Northwest National Laboratory,US,5279,4838
Unknown,,,,5276,0
Nikola Tolic,https://orcid.org/0000-0003-3950-9130,Environmental Molecular Sciences Laboratory,US,5242,0
Adam Swensen,https://orcid.org/0000-0001-8135-1766,Pacific Northwest National Laboratory,US,5236,1268
Mitsutaka ISOBE,,National Institute for Fusion Science,JP,5233,0
Jessica Bade,https://orcid.org/0000-0001-7595-0017,Pacific Northwest National Laboratory,US,5226,178
Tao Liu,https://orcid.org/0000-0001-9529-6550,Pacific Northwest National Laboratory,US,5221,0
PowerTAC,,,,5197,2
Sneha Couvillion,https://orcid.org/0000-0003-0307-9343,Pacific Northwest National Laboratory,US,5188,1933
Allison Myers‐Pigg,https://orcid.org/0000-0002-6905-6841,Pacific Northwest National Laboratory,US,5177,1243
Commonwealth Bureau of Census and Statistics (Australia),,,,5166,0
Christine Chang,https://orcid.org/0000-0002-9198-4855,Pacific Northwest National Laboratory,US,5157,215
Jay Dunlap,https://orcid.org/0000-0003-1577-0457,Dartmouth College,US,5150,26343
Curtis A. Bradley,,Chicago Kent College of Law,US,5122,1153
Daniel Orton,https://orcid.org/0000-0002-0253-6859,Pacific Northwest National Laboratory,US,5113,0
Jack L. Goldsmith,,,,5109,5934
Rainer W. Bussmann,https://orcid.org/0000-0002-3524-5273,Houston Museum of Natural Science,US,5060,41243
Bionomia,,,,5060,3
Beata Meluch,https://orcid.org/0009-0008-4055-9921,Pacific Northwest National Laboratory,US,5060,0
Caroline Simonsen,https://orcid.org/0009-0009-4004-0916,Environmental Molecular Sciences Laboratory,US,5060,0
P. Pardasani,,University of Rajasthan,IN,5057,17
Jeremy Bougoure,https://orcid.org/0000-0002-4869-035X,Pacific Northwest National Laboratory,US,5052,3353
Andrew Townsend,https://orcid.org/0000-0001-7002-2318,Environmental Molecular Sciences Laboratory,US,5051,0
William Kew,https://orcid.org/0000-0002-4281-4630,Pacific Northwest National Laboratory,US,5050,1123
William Petersen,https://orcid.org/0009-0007-6946-9404,Environmental Molecular Sciences Laboratory,US,5050,0
Saige Smith,,Environmental Molecular Sciences Laboratory,US,5050,0
Jason Toyoda,https://orcid.org/0000-0001-6299-2146,Environmental Molecular Sciences Laboratory,US,5050,0
Oona A. Hathaway,https://orcid.org/0000-0001-5467-7250,Yale University,US,5043,3456
Aivett Bilbao Pena,https://orcid.org/0000-0003-2985-8249,Environmental Molecular Sciences Laboratory,US,5042,2926
Tierney Becho,https://orcid.org/0009-0008-8063-2003,Environmental Molecular Sciences Laboratory,US,5041,0
Juan Moisés De la Serna,https://orcid.org/0000-0002-8401-8018,,,5036,0
M Beer,https://orcid.org/0000-0001-9955-3809,Johns Hopkins University,US,5019,19074
Sara Taylor,https://orcid.org/0009-0006-3216-8838,Cleveland Clinic,US,4978,1883
T. Morisaki,https://orcid.org/0000-0002-4428-5699,National Institutes of Natural Sciences,JP,4970,8094
Maria Marcell,,,,4954,0
Priscila M. Lalli,,Pacific Northwest National Laboratory,US,4944,60
John Cliff,https://orcid.org/0000-0002-7395-5604,Environmental Molecular Sciences Laboratory,US,4943,5830
Tao Liu,https://orcid.org/0000-0001-9529-6550,Pacific Northwest National Laboratory,US,4940,0
William Lane M. Robson,,,,4921,3708
Tujin Shi,https://orcid.org/0000-0002-5592-3588,Pacific Northwest National Laboratory,US,4908,0
Pubudu Handakumbura,https://orcid.org/0000-0002-1708-8315,Environmental Molecular Sciences Laboratory,US,4906,1846
Zane Taylor,,GlaxoSmithKline (United Kingdom),GB,4885,2
Izabel Stohel,https://orcid.org/0000-0002-1634-0451,Environmental Molecular Sciences Laboratory,US,4872,0
Maria Perez,https://orcid.org/0009-0007-2935-6878,Environmental Molecular Sciences Laboratory,US,4866,0
Charles Redmon,https://orcid.org/0000-0002-8794-1449,University of Essex,GB,4845,0
bsu aal,,,,4838,1
Jesse Trejo,,Pacific Northwest National Laboratory,US,4827,61
Kateryna LEN-TAYON,https://orcid.org/0000-0002-5397-391X,Centre National de la Recherche Scientifique,FR,4824,0
Maïa NESTOR-MARTIN,https://orcid.org/0009-0001-6422-2724,Centre National de la Recherche Scientifique,FR,4824,0
Gilles LAVERNY,https://orcid.org/0000-0002-2666-6877,Centre National de la Recherche Scientifique,FR,4824,0
Bernard MALISSEN,https://orcid.org/0000-0003-1340-9342,Centre National de la Recherche Scientifique,FR,4824,0
Frédéric FIORE,https://orcid.org/0000-0001-7955-6594,Centre National de la Recherche Scientifique,FR,4824,0
Daniel METZGER,https://orcid.org/0000-0002-5555-046X,Centre National de la Recherche Scientifique,FR,4824,0
René Zurbrügg,https://orcid.org/0000-0003-2773-9369,ETH Zurich,CH,4822,64
Maria Mukhina,https://orcid.org/0000-0001-9656-1221,Harvard University Press,US,4819,796
Zuria Bauer,https://orcid.org/0000-0001-8447-2344,ETH Zurich,CH,4809,151
Mikayla Borton,https://orcid.org/0000-0001-8037-4253,Colorado State University,US,4808,4461
Qiang Zhang,https://orcid.org/0000-0003-3776-9799,Zhejiang A & F University,CN,4803,47814
Martin Büchner,https://orcid.org/0000-0001-8725-1213,University of Freiburg,DE,4795,228
Robert Danczak,https://orcid.org/0000-0003-1396-192X,Pacific Northwest National Laboratory,US,4783,1949
臺北醫學大學,,,,4781,0
Tim Engelbracht,,ETH Zurich,CH,4777,1
Matteo Wohlrapp,,ETH Zurich,CH,4771,0
Abhinav Valada,https://orcid.org/0000-0003-4710-3114,University of Freiburg,DE,4768,0
Hermann Blum,https://orcid.org/0000-0002-1713-7877,University Hospital Bonn,DE,4768,0
Marc Pollefeys,https://orcid.org/0000-0003-2448-2318,ETH Zurich,CH,4768,0
James Stegen,https://orcid.org/0000-0001-9135-7424,Pacific Northwest National Laboratory,US,4763,25307
Zhang,,Tongji University,CN,4753,13279
Ryan Sontag,https://orcid.org/0000-0003-0537-1495,Pacific Northwest National Laboratory,US,4752,1343
Gen MOTOJIMA,,National Institute for Fusion Science,JP,4742,0
Cord Sunderkötter,https://orcid.org/0000-0002-2929-145X,MSB Medical School Berlin,DE,4729,19710
Lye Meng Markillie,https://orcid.org/0000-0001-8275-4882,Environmental Molecular Sciences Laboratory,US,4724,0
Netta Gurari,,,,4723,0
Hugh Mitchell,https://orcid.org/0000-0003-0143-8461,Pacific Northwest National Laboratory,US,4723,0
Yuehua Chen,https://orcid.org/0000-0002-4646-4017,BGI Group (China),CN,4717,5194
Hiyori Uehara,,National Institutes of Natural Sciences,JP,4715,669
Dieter Häussinger,https://orcid.org/0000-0002-5936-682X,Heinrich Heine University Düsseldorf,DE,4708,73759
Kiyomasa WATANABE,,National Institute for Fusion Science,JP,4708,0
Chihiro SUZUKI,https://orcid.org/0000-0001-6536-9034,National Institute for Fusion Science,JP,4708,0
Mikirou YOSHINUMA,https://orcid.org/0000-0002-5113-9710,National Institute for Fusion Science,JP,4708,0
Katsumi IDA,https://orcid.org/0000-0002-0585-4561,National Institute for Fusion Science,JP,4708,0
Chelsea Hutchinson,,Pacific Northwest National Laboratory,US,4704,0
Masaki OSAKABE,,National Institute for Fusion Science,JP,4687,0
Yuliya Farris,,Pacific Northwest National Laboratory,US,4675,402
Vanessa Garayburu‐Caruso,https://orcid.org/0000-0003-3383-6237,Pacific Northwest National Laboratory,US,4674,919
奈良国立文化財研究所,,,,4672,2
Editors Archiv für katholisches Kirchenrech,,,,4669,47
GLIS of the ITPGRFA,,,,4666,0
Nicholas Day,https://orcid.org/0000-0003-2309-1171,Mahidol University,TH,4662,82060
GBIF.org User,,,,4661,0
Del Vecchio Maria,,Istituto Nanoscienze,IT,4656,0
ANDREA Pigorini,https://orcid.org/0000-0002-1856-3413,University of Milan,IT,4656,0
Royal Botanic Garden Edinburgh,,,,4649,0
Florida International University GIS Center,,Florida International University,US,4646,0
G. Kawamura,https://orcid.org/0000-0002-9117-5898,National Institute for Fusion Science,JP,4645,1184
Десислава Любомирова,,,,4645,0
Masahiro KOBAYASHI,,National Institute for Fusion Science,JP,4644,0
GLIS of the ITPGRFA,,,,4639,0
Shivani Upadhyaya,https://orcid.org/0000-0002-3330-4305,"University of California, Berkeley",US,4635,140
Taniya Roy Chowdhury,https://orcid.org/0000-0002-4028-7996,Environmental Molecular Sciences Laboratory,US,4633,2160
Nikola Tolic,https://orcid.org/0000-0003-3950-9130,Environmental Molecular Sciences Laboratory,US,4633,0
Sarai Williams,,Pacific Northwest National Laboratory,US,4628,27
Digital Archive Of Massachusetts Anti-Slavery,,,,4618,0
Natural History Museum Vienna,,,,4617,0
Eric Bottos,https://orcid.org/0000-0001-9671-5657,Pacific Northwest National Laboratory,US,4603,4677
Andrew Townsend,https://orcid.org/0000-0001-7002-2318,Lawrence Livermore National Laboratory,US,4600,1689
Yori Gidron,,Technion – Israel Institute of Technology,IL,4595,12864
Andrew Lipton,https://orcid.org/0000-0003-4937-4145,Pacific Northwest National Laboratory,US,4591,3280
EDOARDO SARTI,,Institut national de recherche en sciences et technologies du numérique,FR,4587,0
W. Clegg,https://orcid.org/0000-0003-1643-5298,Institute of Crystallography,IT,4584,34299
Feng Yang,https://orcid.org/0000-0002-9300-5710,Chongqing University,CN,4584,8766
N. Melnichenko-Koblyuk,,Scientific Consulting Group,US,4581,130
Chi Xiao,https://orcid.org/0000-0002-1589-0486,Wuhan College,CN,4581,194
Unav,,,,4577,705
Arunima Bhattacharjee,https://orcid.org/0000-0001-7482-8722,Pacific Northwest National Laboratory,US,4573,857
GBIF.org User,,,,4566,0
US National Cancer Institute,,,,4559,0
Association for Artificial Intelligence 2026,,,,4555,0
Robert Staub,,,,4508,0
C. T. Russell,https://orcid.org/0000-0003-1639-8298,Planetary Science Institute,US,4498,116303
статья Редакционная,,,,4496,116
ETIENNE DANCHIN,,,,4480,0
Ping Zhang,https://orcid.org/0000-0001-9163-6191,South China Agricultural University,CN,4477,82030
Maritza Sanchez Valdivia,,Pacific Northwest National Laboratory,US,4471,0
Aditi Sengupta,https://orcid.org/0000-0002-0815-4464,Pacific Northwest National Laboratory,US,4464,2151
Jin Li,https://orcid.org/0000-0001-9201-2321,Shihezi University,CN,4454,131127
Ryan Renslow,https://orcid.org/0000-0002-3969-5570,Open Molecular Software Foundation,,4451,3575
Robert Herrick,,,,4449,419
Vimal Kumar Balasubramanian,,Pacific Northwest National Laboratory,US,4442,847
Gemini 3.1 (Flash),,Google (United States),US,4440,0
Guy M. Kirwan,,Field Museum of Natural History,US,4436,2831
Fred R. Volkmar,https://orcid.org/0000-0002-4248-3384,Yale University,US,4433,52616
Australian Bureau Of Statistics,,,,4431,0
Jun Wang,https://orcid.org/0000-0003-0064-3551,Guangdong University of Technology,CN,4414,37305
Weijun Qian,https://orcid.org/0000-0002-5393-2827,Pacific Northwest National Laboratory,US,4410,0
Anne Glaesener,https://orcid.org/0000-0003-2268-2885,QB3,US,4407,426
Nicole Danielle Osier,https://orcid.org/0000-0002-2903-6774,Austin College,US,4403,1513
GBIF.org User,,,,4403,0
GBIF.org User,,,,4396,0
Human Sciences Research Council,,,,4395,0
Xingyuan Chen,https://orcid.org/0000-0003-1928-5555,Shanghai University of Engineering Science,CN,4389,7570
Lauren Vega,https://orcid.org/0009-0005-8814-191X,Environmental Molecular Sciences Laboratory,US,4385,0
Elizabeth Eder,https://orcid.org/0000-0002-1486-7591,Environmental Molecular Sciences Laboratory,US,4375,0
Thomas Schwarz,https://orcid.org/0000-0001-5660-2690,University of Michigan,US,4374,77613
Tamás Varga,https://orcid.org/0000-0002-6500-9546,Pacific Northwest National Laboratory,US,4361,1575
LU LU,,,,4358,5537
Martin Nieger,https://orcid.org/0000-0003-1677-0109,University of Helsinki,FI,4345,24549
Frank Gaillard,https://orcid.org/0000-0002-2382-872X,The Royal Melbourne Hospital,AU,4341,7059
Michael Bolte,https://orcid.org/0000-0001-5296-6251,Goethe University Frankfurt,DE,4339,18633
Sophia McKever,https://orcid.org/0000-0003-2870-7713,Pacific Northwest National Laboratory,US,4336,198
Tim Scheibe,https://orcid.org/0000-0002-8864-5772,Pacific Northwest National Laboratory,US,4320,5101
William Wordsworth,,,,4315,4723
WV University Herbarium,,,,4308,0
GBIF.org User,,,,4284,0
Wei Li,https://orcid.org/0000-0002-5277-6850,Nankai University,CN,4268,21307
Taylor Cameron,https://orcid.org/0000-0002-9147-6893,,,4258,236
Irina Novikova,https://orcid.org/0000-0001-5503-0213,,,4257,1677
Jian JIAN,,St James's University Hospital,GB,4254,6284
Elizabeth Eder,https://orcid.org/0000-0002-1486-7591,Environmental Molecular Sciences Laboratory,US,4251,0
Morehead State University. Office of Communications & Marketing.,,,,4244,0
Tujin Shi,https://orcid.org/0000-0002-5592-3588,Pacific Northwest National Laboratory,US,4239,0
I. Schober,,,,4225,1
L.C. Reimer,,,,4225,1
J. Koblitz,,,,4225,1
A. Podstawka,,,,4225,1
J. Sarda Carbasse,,,,4225,1
Joshua Lederberg,,,,4224,19211
Amy Goldman,https://orcid.org/0000-0003-0490-6451,Pacific Northwest National Laboratory,US,4193,1243
Jessica Choi,https://orcid.org/0000-0002-5629-6467,University of Michigan,US,4176,0
Frede Blaabjerg,https://orcid.org/0000-0001-8311-7412,Aalborg University,DK,4175,198450
Kenichi NAGAOKA,,National Institute for Fusion Science,JP,4174,0
Ben Zhong Tang,https://orcid.org/0000-0002-0293-964X,Tianjin University,CN,4161,255182
George Davey Smith,https://orcid.org/0000-0002-1407-8314,Bristol City Council,GB,4152,434472
Juan Moises de la Serna,,,,4151,0
Jie Jie,,Emergency Nurses Association,US,4148,6105
이상호,,,,4141,357
Lawrence H. Price,https://orcid.org/0000-0002-2074-4520,,,4128,28997
Trevor W. Robbins,https://orcid.org/0000-0003-0642-5977,University of Cambridge,GB,4116,197099
Lupita Renteria,https://orcid.org/0000-0001-5035-5924,Pacific Northwest National Laboratory,US,4114,588
­ Anonymous,,,,4110,1133
Michelle Grattan,,University of Canberra,AU,4101,244
Heinz Mehlhorn,,,,4091,14477
GBIF.org User,,,,4075,1
Victor E. A. Gerdes,https://orcid.org/0000-0003-0493-4399,Spaarne Ziekenhuis,NL,4074,11915
EDOARDO SARTI,,Institut national de recherche en sciences et technologies du numérique,FR,4074,0
ETIENNE DANCHIN,,,,4074,0
Samantha Miller,https://orcid.org/0009-0002-2659-6044,Pacific Northwest National Laboratory,US,4067,3739
Morgan Barnes,https://orcid.org/0000-0001-8722-6552,Pacific Northwest National Laboratory,US,4066,590
Matthew Gaffrey,https://orcid.org/0009-0001-2436-6969,Pacific Northwest National Laboratory,US,4060,2248
Francesco Montorsi,https://orcid.org/0000-0002-7267-4181,Vita-Salute San Raffaele University,IT,4047,99776
Li Zhang,https://orcid.org/0000-0002-3617-2627,Uppsala University,SE,4043,76662
Alan Roebuck,https://orcid.org/0000-0002-8575-2572,Pacific Northwest National Laboratory,US,4041,683
Florian Seliger,https://orcid.org/0000-0002-6277-8235,,,4033,364
Peter G. Jones,,,,4031,67307
Didier Raoult,https://orcid.org/0000-0002-0633-5974,Aix-Marseille Université,FR,4028,227950
Samantha Grieger,https://orcid.org/0000-0001-6000-1951,Pacific Northwest National Laboratory,US,4026,260
ZHANG Li,,,,4024,276
Martin Schmid,,,,4017,0
EFA,,,,4017,0
Stephanie Fulton,https://orcid.org/0000-0002-0817-1926,Pacific Northwest National Laboratory,US,4010,190
Sarah Leichty,https://orcid.org/0000-0002-9609-9126,Environmental Molecular Sciences Laboratory,US,4010,0
Qiang Li,https://orcid.org/0000-0003-0096-7679,Bengbu Medical College,CN,4000,27867
P. Jackson,https://orcid.org/0000-0002-0847-402X,Twitter (United States),US,4000,220724
Sara Valdimarsdottir,https://orcid.org/0000-0002-6757-1970,University of Kentucky,US,3997,0
Carlos Rodriguez Lopez,https://orcid.org/0000-0002-9704-9788,University of Kentucky,US,3997,0
Nobutaka Hirokawa,https://orcid.org/0000-0002-0081-5264,Juntendo University,JP,3991,57116
Botanic Garden and Botanical Museum Berlin,,,,3989,0
GBIF.org User,,,,3988,0
Jun Jun,,,,3981,6035
Jing Liu,https://orcid.org/0000-0002-3311-0818,Ministry of Education of the People's Republic of China,CN,3971,27059
Lawrence David Scahill,https://orcid.org/0000-0001-5073-1707,Emory University,US,3970,44200
Keita Kurabe,,,,3960,0
Christopher J. McDougle,https://orcid.org/0000-0002-6229-9293,Harvard University,US,3953,33623
Yuqian Gao,https://orcid.org/0000-0003-1646-4515,Pacific Northwest National Laboratory,US,3951,0
Jennifer Loros,https://orcid.org/0000-0003-0451-2858,Dartmouth College,US,3948,17087
Zhong Lin Wang,https://orcid.org/0000-0002-5530-0380,Chinese Academy of Sciences,CN,3940,484968
Tapomayukh Bhattacharjee,https://orcid.org/0000-0001-9457-5726,Cornell University,US,3919,1450
Motoshi GOTO,,National Institute for Fusion Science,JP,3914,0
Blake Mathews,,Pacific Northwest National Laboratory,US,3902,0
Thomas A. Luger,https://orcid.org/0000-0003-1397-1626,University of Münster,DE,3902,43677
GBIF.org User,,,,3899,0
Siddhartha S Srinivasa,https://orcid.org/0000-0002-5091-106X,,,3891,19167
Johann Sebastian Bach,,,,3891,465
Filomena Maggino,https://orcid.org/0000-0002-9071-9750,Sapienza University of Rome,IT,3874,3740
Justin Teeguarden,https://orcid.org/0000-0003-3817-4391,Environmental Molecular Sciences Laboratory,US,3872,0
Erik De Clercq,https://orcid.org/0000-0002-2985-8890,Rega Institute for Medical Research,BE,3869,140281
이상훈,,,,3869,495
Han Zhang,https://orcid.org/0000-0002-0166-1973,Changchun University of Science and Technology,CN,3865,158141
Jie Zhang,https://orcid.org/0000-0001-7821-4808,Jiamusi University,CN,3855,29599
Lye Meng Markillie,https://orcid.org/0000-0001-8275-4882,Pacific Northwest National Laboratory,US,3850,3917
Tim Cook,https://orcid.org/0000-0002-3654-497X,University of Bristol,GB,3847,28827
Amar Parvate,https://orcid.org/0000-0001-9282-5015,La Jolla Institute for Immunology,US,3832,0
Stephanie Thibert,https://orcid.org/0000-0002-9971-2301,Pacific Northwest National Laboratory,US,3831,79
Lee Ann McCue,https://orcid.org/0000-0003-4456-517X,Pacific Northwest National Laboratory,US,3828,5675
GBIF.org User,,,,3827,0
김성수,,,,3826,592
Xiaogang Wang,https://orcid.org/0000-0002-7929-5889,Sinopec (China),CN,3826,255689
Chen Chen,https://orcid.org/0000-0003-2104-534X,Zhejiang Chinese Medical University,CN,3825,77217
Yang Wang,https://orcid.org/0000-0001-5539-4623,Pacific Northwest National Laboratory,US,3819,0
Seiya Miyamoto,,Orthopaedic Research,GB,3818,5401
K. Mukai,https://orcid.org/0000-0003-1586-1084,National Institute for Fusion Science,JP,3807,1160
Eun‐Kyung Kim,https://orcid.org/0000-0002-3368-5013,Yonsei University,KR,3793,36848
GBIF.org User,,,,3787,0
Karol Kamiński,https://orcid.org/0000-0002-9465-2581,Medical University of Białystok,PL,3786,6617
Henrik Zetterberg,https://orcid.org/0000-0003-3930-4354,University of Wisconsin–Madison,US,3779,188436
Qian Zhao,https://orcid.org/0000-0003-4489-3691,,,3777,0
Danny Orton,https://orcid.org/0000-0002-0253-6859,University of British Columbia,CA,3764,417
Antonio Gasbarrini,https://orcid.org/0000-0002-6230-1779,Università Cattolica del Sacro Cuore,IT,3763,112810
Bo Liu,https://orcid.org/0000-0003-1685-7968,South China Agricultural University,CN,3761,70799
Propylaeum-VITAE,,,,3759,0
Netta Gurari,,,,3757,0
Akihiro SHIMIZU,,National Institute for Fusion Science,JP,3757,0
Anil Shukla,https://orcid.org/0000-0001-8162-1543,Johnson & Johnson (United States),US,3756,6350
Texas. Legislature. House of Representatives.,,,,3754,0
H. Vincent Poor,https://orcid.org/0000-0002-2062-131X,Shanghai University,CN,3751,161940
David Hoyt,https://orcid.org/0000-0002-2857-719X,Environmental Molecular Sciences Laboratory,US,3747,0
Bharat Bhushan,https://orcid.org/0000-0001-7161-6601,Akal University,IN,3743,93150
A. Cerri,https://orcid.org/0000-0002-1904-6661,University of Siena,IT,3741,255576
Sarah Williams,https://orcid.org/0000-0001-5659-6470,Environmental Molecular Sciences Laboratory,US,3740,0
:unav,,,,3737,0
Wei Wang,https://orcid.org/0000-0002-2684-344X,South China Agricultural University,CN,3736,7197
Young Jin Kim,https://orcid.org/0000-0002-1508-4919,Yonsei University,KR,3733,403
M. Weber,https://orcid.org/0000-0002-2770-9031,University of Bern,CH,3726,260539
Ray J. Butcher,https://orcid.org/0000-0003-2770-7076,Howard University,US,3725,25120
Michael Weintraub,https://orcid.org/0000-0002-9623-2855,Pacific Northwest National Laboratory,US,3721,13970
Deseree Reid,https://orcid.org/0000-0001-9635-6930,Pacific Northwest National Laboratory,US,3719,0
Jesse Wilson,https://orcid.org/0000-0002-2304-2540,Environmental Molecular Sciences Laboratory,US,3719,0
Daryl Moorhead,https://orcid.org/0000-0002-3460-5302,,,3715,13734
Jacob Ludwig Felix Mendelssohn Bartholdy (bis 1816: Mendelssohn),,,,3712,0
International Food Policy Research Institute,,,,3707,2515
Ruonan Wu,https://orcid.org/0000-0001-9466-4462,Tianjin University of Science and Technology,CN,3704,2349
Hao Wang,https://orcid.org/0000-0001-7594-7387,Sinopec (China),CN,3700,44369
Claudio Ronco,https://orcid.org/0000-0002-6697-4065,University of Padua,IT,3687,113839
Jack P. Lewis,,,,3677,0
B. J. Peterson,,National Institute for Fusion Science,JP,3674,59
Atsushi Togo,,,,3673,0
Yi-Ting Wang,https://orcid.org/0000-0001-7509-2016,Pacific Northwest National Laboratory,US,3672,0
Bradley McDonnell,https://orcid.org/0000-0001-6422-2022,University of Hawaiʻi at Mānoa,US,3669,473
Therese RW Clauss,,Pacific Northwest National Laboratory,US,3668,5814
John‐John B. Schnog,https://orcid.org/0000-0001-9105-8248,University of Curaçao,CW,3666,4302
Dan J. Stein,https://orcid.org/0000-0001-7218-7810,South African Medical Research Council,ZA,3664,301575
Patrick W. Serruys,https://orcid.org/0000-0002-9636-1104,Ollscoil na Gaillimhe – University of Galway,IE,3661,208291
Wei,,,,3651,4802
M. Jain,https://orcid.org/0000-0002-1133-1062,Malaviya National Institute of Technology Jaipur,IN,3649,353
GBIF.org User,,,,3640,0
Tujin Shi,https://orcid.org/0000-0002-5592-3588,Pacific Northwest National Laboratory,US,3635,0
GBIF.org User,,,,3634,0
GBIF.org User,,,,3630,0
A. Meyer,https://orcid.org/0000-0001-9598-6623,Deutsches Elektronen-Synchrotron DESY,DE,3629,237192
Sam Payne,,Emory University,US,3618,26
Yan Liu,https://orcid.org/0000-0003-4242-4840,Chongqing University of Posts and Telecommunications,CN,3617,73423
Deepak L. Bhatt,https://orcid.org/0000-0002-1278-6245,Clinical Research Institute,US,3616,223850
Paul M. Thompson,https://orcid.org/0000-0002-4720-8867,University of Southern California,US,3611,194426
Kaj Blennow,https://orcid.org/0000-0002-1890-4193,University of Science and Technology of China,CN,3607,242232
V. Shutthanandan,https://orcid.org/0000-0003-2957-7535,Pacific Northwest National Laboratory,US,3592,11936
Narel Y. Paniagua-Zambrana,https://orcid.org/0000-0003-0381-634X,Academy of Sciences Republic of Uzbekistan,UZ,3592,12392
Brian Druker,,Oregon Health & Science University,US,3592,0
Joshua Hansen,,Pacific Northwest National Laboratory,US,3591,0
Jeffrey Tyner,,Oregon Health & Science University,US,3591,0
Stefan Schmollinger,https://orcid.org/0000-0002-7487-8014,QB3,US,3589,1815
Thierry Roisnel,https://orcid.org/0000-0002-6088-4472,Centre National de la Recherche Scientifique,FR,3585,26098
Ljiljana Paša‐Tolić,,Pacific Northwest National Laboratory,US,3583,20369
Bri Luis [SCORE],,,,3575,0
Jun Zhang,https://orcid.org/0000-0001-5168-9942,Inner Mongolia Electric Power (China),CN,3573,10630
Tetsuo SEKI,https://orcid.org/0000-0003-2718-4930,National Institute for Fusion Science,JP,3570,0
Kenji SAITO,https://orcid.org/0000-0001-8972-6534,National Institute for Fusion Science,JP,3570,0
Jörge E. Cortes,https://orcid.org/0000-0002-8636-1071,Augusta University,US,3568,145163
Kim Hixson,,Pacific Northwest National Laboratory,US,3568,0
Sophie Lehmann,https://orcid.org/0000-0001-8853-0257,Pacific Northwest National Laboratory,US,3565,298
Peter Nijkamp,https://orcid.org/0000-0002-4068-8132,Wrocław University of Science and Technology,PL,3559,51585
et al.,,Hôpital Saint- Camille,FR,3558,3766
Vivian Lin,https://orcid.org/0000-0001-9159-0031,Pacific Northwest National Laboratory,US,3555,2391
Κ. Peters,https://orcid.org/0000-0002-7654-1677,GSI Helmholtz Centre for Heavy Ion Research,DE,3550,161407
Monica Nordberg,https://orcid.org/0000-0002-5315-1633,Karolinska Institutet,SE,3546,10552
Eduardo Marchesi,,Universidad de la República de Uruguay,UY,3546,1
Palak Babel,https://orcid.org/0000-0003-1637-2450,,,3544,0
Gordon B. Mills,https://orcid.org/0000-0002-0144-9614,Oregon Health & Science University,US,3538,270350
Yehia Ibrahim,https://orcid.org/0000-0001-6085-193X,Pacific Northwest National Laboratory,US,3538,5787
Helmar Görls,,,,3537,19886
GBIF.org User,,,,3537,0
Richard C. Cabot,,,,3531,14347
Isaac Attah,https://orcid.org/0000-0002-9626-2069,Pacific Northwest National Laboratory,US,3521,0
"Mark Hurd Aerial Surveys, Inc. Minneapolis, Minnesota",,,,3511,0
Wei Liu,https://orcid.org/0000-0001-9037-8792,Fudan University,CN,3496,3394
阅读全文：0,,,,3496,0
Min Yang,https://orcid.org/0000-0002-9034-3175,Qingdao University,CN,3491,72109
Huan Liu,https://orcid.org/0000-0002-0253-647X,Wannan Medical College,CN,3477,146337
Laura Meredith,https://orcid.org/0000-0003-4244-4366,University of Arizona,US,3476,2971
Jennifer Hurley,https://orcid.org/0000-0002-1085-9391,Rensselaer Polytechnic Institute,US,3468,2512
Fedorchenko Mikhail,,,,3468,6
Alan Robock,https://orcid.org/0000-0002-6319-5656,"Rutgers, The State University of New Jersey",US,3466,38713
Robert L. Balster,,Virginia Commonwealth University,US,3465,14816
R.B. Nielsen,,General Electric (Norway),NO,3457,0
GBIF.org User,,,,3457,0
Dietmar Schomburg,https://orcid.org/0000-0002-3354-822X,Technische Universität Braunschweig,DE,3453,23746
Yang Liu,https://orcid.org/0000-0001-7300-9215,University of Leeds,GB,3450,64194
Bin Li,https://orcid.org/0000-0003-0932-0177,Sun Yat-sen University,CN,3448,6255
Thomas Wietsma,,Pacific Northwest National Laboratory,US,3447,3137
Matt Kaufman,,Pacific Northwest National Laboratory,US,3446,4
Paul K. Chu,https://orcid.org/0000-0002-5581-4883,City University of Hong Kong,HK,3441,128475
GBIF.org User,,,,3441,0
Ehwang Song,,Pacific Northwest National Laboratory,US,3438,1335
Huiguang He,https://orcid.org/0000-0002-0684-1711,ShanghaiTech University,CN,3433,6030
Sin Autor,,,,3433,678
GBIF.org User,,,,3415,0
Darrell Tryon,,,,3411,0
M. Jain,https://orcid.org/0000-0002-2264-6895,University of Connecticut,US,3409,4577
X. Wu,https://orcid.org/0000-0001-7655-389X,Central South University,CN,3407,162160
Linda Lu,,,,3402,1
X. Li,,Pacific Northwest National Laboratory,US,3400,94
Min Li,https://orcid.org/0000-0003-1330-2326,Sichuan Agricultural University,CN,3398,18575
_IrisKing,,,,3396,0
Cyrus Abivardi,,,,3377,1069
GBIF.org User,,,,3373,0
Christian A. Koch,https://orcid.org/0000-0003-0678-1242,Justus-Liebig-Universität Gießen,DE,3371,11677
Constantin G. Daniliuc,https://orcid.org/0000-0002-6709-3673,University of Münster,DE,3369,30622
Bo Bo,,State Grid Corporation of China (China),CN,3367,4601
김동현,,Dongguk University,KR,3366,349
Galya Orr,https://orcid.org/0000-0002-5552-2151,Environmental Molecular Sciences Laboratory,US,3352,0
Austin Gluth,,Washington State University Tri-Cities,US,3351,0
Naturalis Biodiversity Center,,,,3342,0
Keita Kurabe,,,,3329,0
Holly Andrews,https://orcid.org/0000-0002-5173-0826,"University of California, Riverside",US,3326,456
Yuqian Gao,https://orcid.org/0000-0003-1646-4515,Pacific Northwest National Laboratory,US,3324,0
김현수,,,,3321,441
Michael Trauner,https://orcid.org/0000-0002-1275-6425,Medical University of Vienna,AT,3321,69228
Tacitus Cornelius Tacitus,,,,3316,529
GBIF.org User,,,,3316,1
Harriet de Wit,https://orcid.org/0000-0002-7211-8994,University of Chicago,US,3315,41782
Yuichi KAWACHI,,National Institute for Fusion Science,JP,3312,0
J.-P.E. Grolier,https://orcid.org/0000-0002-6524-8731,Centre National de la Recherche Scientifique,FR,3311,7132
Tao Wang,https://orcid.org/0000-0002-4294-9690,Guizhou University,CN,3309,12021
Rinaldo Bellomo,https://orcid.org/0000-0002-1650-8939,The Royal Melbourne Hospital,AU,3305,179288
Naoki TAMURA,,National Institute for Fusion Science,JP,3305,0
Yong Li,https://orcid.org/0000-0002-8910-9787,Shanghai University,CN,3304,33239
Alan R. Katritzky,,King Abdulaziz University,SA,3301,70882
Weijun Qian,https://orcid.org/0000-0002-5393-2827,Pacific Northwest National Laboratory,US,3301,0
Michael Schwenk,https://orcid.org/0000-0003-2002-2656,University of Konstanz,DE,3299,10918
Peng Zhang,https://orcid.org/0000-0001-5345-3810,Southwest Petroleum University,CN,3298,21205
Christian Wohlfarth,,,,3294,663
Jochen Winkelmann,,Martin Luther University Halle-Wittenberg,DE,3292,1394
Redaktion Facharztmagazine,,Springer Nature (Germany),DE,3286,49
Jamie Allen,https://orcid.org/0000-0002-4739-2166,Vanderbilt University,US,3284,1520
Peter L. M. Jansen,,,,3277,20511
Christopher Anderton,https://orcid.org/0000-0002-6170-1033,Pacific Northwest National Laboratory,US,3275,7355
GBIF.org User,,,,3274,0
L. Li,https://orcid.org/0000-0001-6411-6107,"Rutgers, The State University of New Jersey",US,3265,200143
Rudolf Holze,https://orcid.org/0000-0002-3516-1918,Nanjing Tech University,CN,3262,19371
Simon J. Coles,https://orcid.org/0000-0001-8414-9272,Engineering and Physical Sciences Research Council,GB,3260,20724
Madison Blumer,https://orcid.org/0000-0001-6859-8668,Pacific Northwest National Laboratory,US,3259,205
CAB International UK,,CAB International,GB,3258,740
Kristin Burnum-Johnson,https://orcid.org/0000-0002-2722-4149,Environmental Molecular Sciences Laboratory,US,3258,0
Li Zhu,https://orcid.org/0000-0001-5249-6536,Fujian Medical University,CN,3257,54055
Yasemin Yesiltepe,https://orcid.org/0000-0001-9437-2347,Washington State University,US,3254,99
Felicity Nielson,https://orcid.org/0000-0003-0979-4153,Pacific Northwest National Laboratory,US,3252,170
Nicholas Geraci,https://orcid.org/0000-0003-4294-9188,Pacific Northwest National Laboratory,US,3248,1392
NHSD Primary Care Domain Refsets,,,,3248,0
Gang Li,https://orcid.org/0000-0002-8573-1608,Fudan University Shanghai Cancer Center,CN,3246,13682
Tino Wells,,Pacific Northwest National Laboratory,US,3244,0
S. L. Wu,https://orcid.org/0000-0001-5866-1504,Centre National de la Recherche Scientifique,FR,3242,178554
Paul Dijkstra,https://orcid.org/0000-0002-4483-0116,Northern Arizona University,US,3240,12184
Kate Schultz,,University of North Carolina Health Care,US,3240,15
Ian Stephens,,Center for Astrophysics Harvard & Smithsonian,US,3240,1
BRUCE JANCIN,,,,3238,136
Nicole Powell,https://orcid.org/0000-0003-4639-1820,Environmental Molecular Sciences Laboratory,US,3233,0
Hermann Brenner,https://orcid.org/0000-0002-6129-1572,German Cancer Research Center,DE,3225,335838
Ji-Young Kim,https://orcid.org/0000-0001-9991-6606,,,3222,1088
Tong Zhang,https://orcid.org/0000-0002-6923-2622,Pacific Northwest National Laboratory,US,3222,0
Leena Bruckner‐Tuderman,https://orcid.org/0000-0001-8339-9093,University of Freiburg,DE,3221,23081
Min Joung Kim,https://orcid.org/0000-0003-1634-5209,Yonsei University,KR,3219,2230
Malcolm Lader,,Psychiatry Research Trust,GB,3217,13958
Katherine Holmes,https://orcid.org/0000-0001-5362-1853,National Academy of Engineering,US,3215,1516
Tao Liu,https://orcid.org/0000-0001-9529-6550,Southwest University,CN,3215,8032
Swarup China,https://orcid.org/0000-0001-7670-335X,Pacific Northwest National Laboratory,US,3212,5305
Jing Li,https://orcid.org/0000-0001-7792-4322,"Rutgers, The State University of New Jersey",US,3211,118377
M. Kumar,https://orcid.org/0000-0002-6723-5248,Chandigarh University,IN,3207,8983
Tanya Winkler,https://orcid.org/0000-0002-7657-4567,Environmental Molecular Sciences Laboratory,US,3206,0
Qing Liu,https://orcid.org/0000-0001-5286-4423,Eastern Institute of Technology,NZ,3202,64597
Daniel Miller Runfola,https://orcid.org/0000-0001-5356-4676,William & Mary,US,3201,2049
GBIF.org User,,,,3197,0
Anna I. Glushenkova,,Yunusov Institute of the Chemistry of Plant Substances,UZ,3194,2611
M Snyder,https://orcid.org/0000-0003-0784-7987,Nanyang Technological University,SG,3191,196180
Ji,https://orcid.org/0000-0001-7552-5512,Peking University,CN,3188,6059
Barry Turner,,,,3187,13042
S. Malik,https://orcid.org/0000-0002-6356-2655,University of Puerto Rico System,PR,3186,159766
Daniël Hoyer,https://orcid.org/0000-0002-1405-7089,Scripps Research Institute,US,3185,36580
Jun Wang,https://orcid.org/0009-0008-8475-2934,Zhejiang International Studies University,CN,3185,328828
Juan Pablo,https://orcid.org/0000-0002-3526-516X,Argonne National Laboratory,US,3184,48502
Christie P. Thomas,https://orcid.org/0000-0002-5989-9685,University of Iowa,US,3181,7165
Youngki You,https://orcid.org/0000-0002-2189-9049,Pacific Northwest National Laboratory,US,3180,165
LI -,https://orcid.org/0000-0003-4957-7612,,,3179,8651
Uwe Windhorst,,,,3178,12922
Sunnyjoy Dupuis,https://orcid.org/0000-0001-5045-8659,QB3,US,3176,92
Nina Horn,https://orcid.org/0000-0002-3735-078X,Pacific Northwest National Laboratory,US,3174,4460
Giovanni Scambia,https://orcid.org/0000-0002-9503-9041,Università Cattolica del Sacro Cuore,IT,3173,92322
Mowei Zhou,https://orcid.org/0000-0003-3575-3224,Pacific Northwest National Laboratory,US,3169,2797
Xuelin Ma,https://orcid.org/0000-0001-7944-1981,Chinese Academy of Sciences,CN,3167,542
GBIF.org User,,,,3167,2
William M. Irvine,,University of Massachusetts Amherst,US,3165,17318
E. Gorini,https://orcid.org/0000-0002-7688-2797,University of Salento,IT,3164,219324
Michael Mills,https://orcid.org/0000-0002-8054-1346,,,3161,17458
Anja Schmidt,https://orcid.org/0000-0001-8759-2843,Deutsches Zentrum für Luft- und Raumfahrt e. V. (DLR),DE,3161,7967
GBIF.org User,,,,3161,0
M. Williams,https://orcid.org/0000-0001-5448-4213,University of North Carolina at Chapel Hill,US,3157,129731
GBIF.org User,,,,3156,0
Francesca Meneghini,https://orcid.org/0000-0002-6809-6112,,,3154,2389
Stefan R. Bornstein,https://orcid.org/0000-0002-5211-2536,King's College London,GB,3153,72850
A. Gupta,https://orcid.org/0000-0002-9911-0802,Sanjay Gandhi Post Graduate Institute of Medical Sciences,IN,3148,278
Winfried März,https://orcid.org/0000-0001-6083-8946,Synlab Czech (Czechia),CZ,3145,148225
E. Rossi,https://orcid.org/0000-0002-2146-677X,University of Oxford,GB,3137,212868
Sang Yup Lee,https://orcid.org/0000-0003-0599-3091,Korea Advanced Institute of Science and Technology,KR,3137,80596
GBIF.org User,,,,3136,0
Bhim Singh,https://orcid.org/0000-0003-4759-7484,Manav Rachna International Institute of Research and Studies,IN,3121,59699
Cyrus Cooper,https://orcid.org/0000-0003-3510-0709,Southampton General Hospital,GB,3121,341061
Tao Liu,https://orcid.org/0000-0001-9529-6550,Pacific Northwest National Laboratory,US,3120,0
Antonio Frontera,https://orcid.org/0000-0001-7840-2139,Demos,US,3115,36882
Yong Wang,https://orcid.org/0000-0003-1218-521X,Gezhouba Group (China),CN,3112,4262
Alexander J. Blake,https://orcid.org/0000-0003-2257-8332,University of Nottingham,GB,3111,46246
Joseph Lane,https://orcid.org/0009-0008-5590-4556,,,3110,0
GLIS of the ITPGRFA,,,,3108,0
James L. Nation,,University of Florida,US,3107,5031
Markus Böhm,https://orcid.org/0000-0001-7338-7734,University of Münster,DE,3105,12181
C.H. Arrowsmith,https://orcid.org/0000-0002-4971-3250,University of North Carolina at Chapel Hill,US,3102,43712
María Trujillo,https://orcid.org/0000-0002-0169-1339,German Center for Neurodegenerative Diseases,DE,3101,991
Lei Jiang,https://orcid.org/0000-0003-4579-728X,University of Science and Technology of China,CN,3100,210684
Yuqian Gao,https://orcid.org/0000-0003-1646-4515,Pacific Northwest National Laboratory,US,3100,0
Brian Zambri,https://orcid.org/0000-0002-1497-1954,FirstString Research (United States),US,3098,674
Druck Reinhardt Druck Basel,,,,3094,252
Digital Archive Of Massachusetts Anti-Slavery,,,,3090,0
GBIF.org User,,,,3089,1
Frank Röminger,,Heidelberg University,DE,3088,35519
Klaus A. Miczek,https://orcid.org/0000-0002-2696-7266,Tufts University,US,3086,23462
C.J. Wormald,,University of Bristol,GB,3083,2281
Harold Achicanoy,https://orcid.org/0000-0002-3432-3655,International Center for Tropical Agriculture,KE,3080,2445
GBIF.org User,,,,3079,0
GBIF.org User,,,,3078,0
James H. Tsai,https://orcid.org/0000-0002-3114-124X,Eisenhower Medical Center,US,3076,7245
Kent Bloodsworth,https://orcid.org/0000-0002-7596-1565,Pacific Northwest National Laboratory,US,3073,0
Peter Weber,https://orcid.org/0000-0001-6022-6050,Lawrence Livermore National Laboratory,US,3072,0
Galya Orr,https://orcid.org/0000-0002-5552-2151,Environmental Molecular Sciences Laboratory,US,3069,5344
Kenneth C. Anderson,https://orcid.org/0000-0002-6418-0886,Harvard University,US,3067,169741
Steven Duplij,https://orcid.org/0000-0003-1184-6952,Harbin Engineering University,CN,3066,1323
Ethan Kroll Gordon,https://orcid.org/0000-0003-1621-2342,California University of Pennsylvania,US,3065,255
Belle Collaboration,,,,3064,0
Daisy Herrera,https://orcid.org/0000-0002-8147-1327,Environmental Molecular Sciences Laboratory,US,3063,55
Jeremy Zucker,https://orcid.org/0000-0002-7276-9009,Pacific Northwest National Laboratory,US,3056,21553
Li,,Chengdu Sport University,CN,3053,4637
Jeroen J. Bax,https://orcid.org/0000-0001-7368-0500,Leiden University,NL,3052,245351
Zhang Li,https://orcid.org/0000-0001-9242-0763,Anhui Agricultural University,CN,3050,15606
GLIS of the ITPGRFA,,,,3050,0
De la Serna,,,,3045,105
Stephen Solovitz,https://orcid.org/0000-0001-7019-2958,Washington State University Vancouver,US,3044,692
W. T. Ford,https://orcid.org/0000-0001-8703-6943,University of Colorado Boulder,US,3044,149765
-,,,,3044,0
M. Morii,https://orcid.org/0000-0001-9324-057X,Harvard University Press,US,3040,156194
Erin Rooney,https://orcid.org/0000-0002-9121-7699,ICAR-National Bureau of Soil Survey and Land Use Planning,IN,3034,341
Christos Pantelis,https://orcid.org/0000-0002-9565-0238,The University of Melbourne,AU,3033,86451
A. W. N. Pugin,,Natural Resources Canada,CA,3031,12
Guillermo Garcia‐Manero,https://orcid.org/0000-0002-3631-2482,The University of Texas MD Anderson Cancer Center,US,3031,90956
GBIF.org User,,,,3028,0
Deisy Chaves,https://orcid.org/0000-0002-7745-8111,Dublin City University,IE,3027,466
Craig A. Erickson,https://orcid.org/0000-0003-4512-398X,Cincinnati Children's Hospital Medical Center,US,3026,11235
Stylianos Chatzimanolis,https://orcid.org/0000-0001-9008-0611,Santa Barbara Museum of Natural History,US,3025,1609
Jean‐Thomas Martelli,https://orcid.org/0000-0003-4555-179X,,,3025,90
The Lancet,,,,3024,29309
Li Li,https://orcid.org/0000-0002-3789-0081,Chongqing University,CN,3022,12473
Human Sciences Research Council,,,,3020,0
I. Cibulka,https://orcid.org/0000-0002-7435-136X,"University of Chemistry and Technology, Prague",CZ,3016,2744
GBIF.org User,,,,3015,0
George Fox University Archives,,,,3015,0
Aaron Wright,https://orcid.org/0000-0002-3172-5253,Pacific Northwest National Laboratory,US,3013,0
Lin Li,https://orcid.org/0000-0003-0426-6546,Anhui Agricultural University,CN,3012,74537
Ajay Singh,https://orcid.org/0000-0003-2933-4058,Chandigarh University,IN,3012,66487
Min-Soo Kim,https://orcid.org/0009-0006-1153-7585,Kunsan National University,KR,3011,273
Chelsea Hutchinson,,Pacific Northwest National Laboratory,US,3007,44
Elizabeth Eder,https://orcid.org/0000-0002-1486-7591,Environmental Molecular Sciences Laboratory,US,3006,0
Witold Pedrycz,https://orcid.org/0000-0002-9335-9930,Silesian University of Technology,PL,2999,93322
J. Sarda Carbasse,,,,2999,0
J. Koblitz,,,,2999,0
I. Schober,,,,2999,0
A. Podstawka,,,,2999,0
L.C. Reimer,,,,2999,0
奈良国立文化財研究所飛鳥藤原宮跡発掘調査部,,,,2998,0
GBIF.org User,,,,2997,2
Kylee Tate,https://orcid.org/0009-0003-5207-1388,Pacific Northwest National Laboratory,US,2997,0
Japan. Ministry of Agriculture and Forestry. Rice and Grain Management Bureau,,,,2993,0
Chelsea Hutchinson,,Pacific Northwest National Laboratory,US,2990,0
Tong Zhang,https://orcid.org/0000-0002-6923-2622,Pacific Northwest National Laboratory,US,2990,0
A. Bodek,https://orcid.org/0000-0003-0409-0341,University of Rochester,US,2988,144601
Peter Nico,https://orcid.org/0000-0002-4180-9397,Lawrence Berkeley National Laboratory,US,2988,0
Rob Egbert,,Pacific Northwest National Laboratory,US,2987,0
R. Kowalewski,https://orcid.org/0000-0002-7314-0990,Twitter (United States),US,2987,176198
Ming Ming,https://orcid.org/0009-0007-6322-4721,Inner Mongolia Agricultural University,CN,2987,3955
Peter Chuckran,,Lawrence Livermore National Laboratory,US,2987,0
Eric Slessarev,https://orcid.org/0000-0002-4076-1950,Yale University,US,2986,0
Steve Blazewicz,https://orcid.org/0000-0001-7517-1750,Lawrence Livermore National Laboratory,US,2986,0
Odeta Qafoku,https://orcid.org/0000-0002-4946-8988,Environmental Molecular Sciences Laboratory,US,2986,0
Noah Sokol,https://orcid.org/0000-0003-0239-1976,Lawrence Livermore National Laboratory,US,2986,0
Meletios Α. Dimopoulos,https://orcid.org/0000-0001-8990-3254,Korea University,KR,2982,130019
GBIF.org User,,,,2981,0
Chandra Earl,,,,2980,0
H. F. Heath,https://orcid.org/0000-0001-6576-9740,At Bristol,GB,2978,180396
Hyung Jun Kim,https://orcid.org/0000-0001-8247-4004,Korea University,KR,2977,11613
GBIF.org User,,,,2977,0
А. К. Немикін,,,,2974,0
William Chrisler,https://orcid.org/0000-0002-3829-2454,Pacific Northwest National Laboratory,US,2973,6131
Carlo La Vecchia,https://orcid.org/0000-0003-1441-897X,University of Milan,IT,2972,251688
J Stamatoyannopoulos,https://orcid.org/0000-0002-2664-5769,Altius Institute for Biomedical Sciences,US,2970,89384
N. Berger,https://orcid.org/0000-0002-7963-9725,Uppsala University,SE,2970,139270
Jennifer Pett-Ridge,https://orcid.org/0000-0002-4439-2398,Lawrence Livermore National Laboratory,US,2969,0
Gareth Trubl,https://orcid.org/0000-0001-5008-1476,Lawrence Livermore National Laboratory,US,2968,0
F. Šforza,https://orcid.org/0000-0002-4065-7352,"Istituto Nazionale di Fisica Nucleare, Sezione di Genova",IT,2965,174581
Tien Yin Wong,https://orcid.org/0000-0002-8448-1264,Singapore National Eye Center,SG,2963,235541
Nigel Collar,https://orcid.org/0000-0001-9677-3611,BirdLife international,GB,2963,10425
Paul Knochel,https://orcid.org/0000-0001-7913-4332,Ludwig-Maximilians-Universität München,DE,2963,58320
Michael B. Hursthouse,,University of Southampton,GB,2962,45456
Andrew L. Wong,https://orcid.org/0000-0002-0595-6939,MRC Unit for Lifelong Health and Ageing,GB,2961,4065
Markku Kulmala,https://orcid.org/0000-0003-3464-7825,University of Helsinki,FI,2957,143556
A. Clark,https://orcid.org/0000-0001-8341-5911,University of Geneva,CH,2953,172111
GBIF.org User,,,,2953,0
Jeong Soo Kim,https://orcid.org/0000-0003-2055-4847,Gyeongguk National University,KR,2950,5871
Mana M. Parast,https://orcid.org/0000-0001-5963-2246,University of California San Diego,US,2950,7591
Gregg C. Fonarow,https://orcid.org/0000-0002-3192-8093,"University of California, Los Angeles",US,2948,200563
Xinyue Zheng,,Florida International University,US,2948,0
Chongjian Lin,,Florida International University,US,2948,0
Dingbao Luo,,Florida International University,US,2948,0
Jian Liu,,Florida International University,US,2948,0
Haworth Continuing Features Submission,,University of North Carolina at Chapel Hill,US,2946,2177
Sheng Wang,https://orcid.org/0009-0008-6659-2367,Shanghai University,CN,2946,1388
김영호,,Korea Electrotechnology Research Institute,KR,2940,325
Katherine EO Todd-Brown,https://orcid.org/0000-0002-3109-8130,University of Florida,US,2938,43707
M. Costa,https://orcid.org/0000-0003-0156-0790,"Istituto Nazionale di Fisica Nucleare, Sezione di Torino",IT,2937,203057
Steven D. Waldman,,University of Missouri–Kansas City,US,2936,2343
Carter Bracken,,Pacific Northwest National Laboratory,US,2931,90
Silke Hofmann,https://orcid.org/0000-0002-4221-386X,Gesundheitsamt,DE,2931,5082
James Moran,https://orcid.org/0000-0001-9081-9017,Michigan State University,US,2929,2115
Kenneth W. McCravy,https://orcid.org/0009-0000-0143-102X,Western Illinois University,US,2928,1474
Wolfgang Amadeus Mozart,,,,2909,250
J. B. Singh,https://orcid.org/0000-0001-9029-2462,Noida International University,IN,2908,142037
GBIF.org User,,,,2908,0
Michael G. B. Drew,https://orcid.org/0000-0001-8687-3440,University of Reading,GB,2907,35608
B. Predel,,Max Planck Institute for Intelligent Systems,DE,2907,5285
Florentín Smarandache,https://orcid.org/0000-0002-5560-5926,Okayama University of Science,JP,2906,23828
Song Nie,,Regeneron (United States),US,2904,2919
GBIF.org User,,,,2903,0
GBIF.org User,,,,2901,0
Abdullah M. Asiri,https://orcid.org/0000-0001-7905-3209,Alfaisal University,SA,2898,139502
GBIF.org User,,,,2898,0
GBIF.org User,,,,2897,0
GBIF.org User,,,,2894,0
Zhu Han,https://orcid.org/0000-0002-6606-5822,Kyung Hee University,KR,2891,92931
Sabeeha Merchant,https://orcid.org/0000-0002-2594-509X,"University of California, Berkeley",US,2890,0
Yang Liu,https://orcid.org/0000-0002-0367-8189,Guiyang College of Traditional Chinese Medicine,CN,2889,51752
CF Tsai,https://orcid.org/0000-0002-6514-6911,National Yang Ming Chiao Tung University,TW,2887,15
김정훈,,Children's National,US,2885,261
Jing Li,https://orcid.org/0000-0003-2892-3897,Fourth Affiliated Hospital of China Medical University,CN,2884,111
Edward L. Giovannucci,https://orcid.org/0000-0002-6123-0219,Massachusetts Department of Public Health,US,2883,217734
Alison Knopf,,,,2879,760
Tong Zhang,https://orcid.org/0000-0002-6923-2622,Pacific Northwest National Laboratory,US,2878,18251
Jean-Yves Nau,,,,2878,191
Desiderius Erasmus Roterodamus,,,,2876,14
Nara National Research Institute for Cultural Properties,,,,2876,0
SXS Collaboration,,,,2875,17
Shahrokh F. Shariat,https://orcid.org/0000-0002-6627-6179,Cornell University,US,2874,101174
J. W. Head,https://orcid.org/0000-0003-2013-560X,John Brown University,US,2872,75022
Mohamed‐Slim Alouini,https://orcid.org/0000-0003-4827-1793,King Abdullah University of Science and Technology,SA,2872,93455
Jun Zhang,https://orcid.org/0000-0001-7835-9871,Anhui University,CN,2872,58661
Toshio Fukuda,https://orcid.org/0000-0002-3885-7152,Nagoya University,JP,2870,32093
Theodore E. Simos,https://orcid.org/0000-0002-9220-6924,Democritus University of Thrace,GR,2869,11388
S. J. Pearton,https://orcid.org/0000-0001-6498-1256,University of Florida,US,2869,83059
M. J. White,https://orcid.org/0000-0001-5474-4580,The University of Texas at Arlington,US,2867,176998
Thomas Steckler,,Johnson & Johnson (United States),US,2865,28447
H. J. Yang,https://orcid.org/0009-0004-8274-9863,Shihezi University,CN,2863,45477
GBIF.org User,,,,2862,1
James Fulcher,https://orcid.org/0000-0001-9033-3623,Environmental Molecular Sciences Laboratory,US,2858,0
Matthew J. Budoff,https://orcid.org/0000-0002-9616-1946,Cedars-Sinai Medical Center,US,2857,112212
Haibo Liu,https://orcid.org/0000-0002-4213-2883,Jiangsu University,CN,2857,85575
France. Ministère des postes et télécommunications (1959-1980). Direction des bâtiments et des transports. Auteur du texte,,,,2855,0
Arnold Heim,,,,2855,0
Richard Corley,https://orcid.org/0000-0003-2877-9194,Pacific Northwest National Laboratory,US,2850,4505
T. Adye,https://orcid.org/0000-0003-0627-5059,Rutherford Appleton Laboratory,GB,2845,146178
B. Stugu,https://orcid.org/0000-0002-1728-9272,Brookhaven National Laboratory,US,2840,143343
GBIF.org User,,,,2840,1
A. Zhemchugov,https://orcid.org/0000-0002-3360-4965,University of Science and Technology of China,CN,2838,121876
Ignacio I. Wistuba,https://orcid.org/0000-0003-3365-6340,The University of Texas MD Anderson Cancer Center,US,2836,106849
Zhe Chen,https://orcid.org/0000-0002-2919-4481,Foshan University,CN,2836,56843
George Lauder,https://orcid.org/0000-0003-0731-286X,Harvard University,US,2835,30799
Mark Bowden,https://orcid.org/0000-0003-3812-3340,Pacific Northwest National Laboratory,US,2832,0
GLIS of the ITPGRFA,,,,2831,0
V. Gupta,https://orcid.org/0000-0002-9190-1757,Maharaja Krishna Chandra Gajapati Medical College and Hospital,IN,2828,2395
Mercouri G. Kanatzidis,https://orcid.org/0000-0003-2037-4168,Northwestern University,US,2827,193095
Masatoshi Kudo,https://orcid.org/0000-0002-4102-3474,Soai University,JP,2825,128781
GBIF.org User,,,,2824,0
Massimo Filippi,https://orcid.org/0000-0002-5485-0479,Vita-Salute San Raffaele University,IT,2823,127440
Leyla Işık,https://orcid.org/0000-0002-9255-0151,Johns Hopkins University,US,2823,2251
Haruhisa NAKANO,,National Institute for Fusion Science,JP,2822,0
R. Gupta,https://orcid.org/0000-0003-3364-2133,Dayananda Sagar College of Engineering,IN,2818,1063
M. P. Dobhal,,University of Rajasthan,IN,2817,1932
이현주,,,,2816,531
Jean‐Louis Vincent,https://orcid.org/0000-0001-6011-6951,Université Libre de Bruxelles,BE,2814,260574
Michael Weller,https://orcid.org/0000-0002-1748-174X,University of Zurich,CH,2814,168917
GBIF.org User,,,,2814,0
Alberto Briganti,https://orcid.org/0000-0002-2178-0494,,,2811,45194
Chia-Feng Tsai,https://orcid.org/0000-0002-6514-6911,Pacific Northwest National Laboratory,US,2810,0
Not Given Author,,,,2807,1934
GBIF.org User,,,,2807,0
Josef Finsterer,https://orcid.org/0000-0003-2839-7305,University of Vienna,AT,2805,18817
Sharon Walsh,https://orcid.org/0000-0002-9722-5681,University of Kentucky,US,2802,14812
Αpostolos Trichas,https://orcid.org/0000-0001-9008-0611,Natural History Museum,GB,2799,318
Digital Archive Of Massachusetts Anti-Slavery,,,,2798,0
G. N. Taylor,https://orcid.org/0000-0002-1831-4871,The University of Melbourne,AU,2796,167664
Thomas Shimizu,https://orcid.org/0000-0003-0040-7380,Institute for Atomic and Molecular Physics,NL,2796,6980
Yuri Corilo,https://orcid.org/0000-0002-1368-8217,Pacific Northwest National Laboratory,US,2796,2374
Qiang Qiang,,Hubei University,CN,2795,4685
Harlan M. Krumholz,https://orcid.org/0000-0003-2046-127X,Sentara Norfolk General Hospital,US,2794,214990
Reinhard Dummer,https://orcid.org/0000-0002-2279-6906,University of Zurich,CH,2791,130873
Yi-Ting Wang,https://orcid.org/0000-0001-7509-2016,Pacific Northwest National Laboratory,US,2790,0
Yi-Ting Wang,https://orcid.org/0000-0001-7509-2016,Pacific Northwest National Laboratory,US,2790,0
Jing Zhang,https://orcid.org/0000-0002-8561-6933,Shandong University of Technology,CN,2789,803
Song Feng,https://orcid.org/0000-0001-6070-7268,Pacific Northwest National Laboratory,US,2786,9535
George Meredith,,Mayo Clinic in Arizona,US,2786,410
Irena Kushner,https://orcid.org/0000-0003-2417-9634,Pacific Northwest National Laboratory,US,2785,34
Zhang Zu Yong,,Zhejiang University,CN,2783,120
K. Satô,https://orcid.org/0000-0001-8988-4065,University of Tsukuba,JP,2783,141727
GBIF.org User,,,,2783,2
GBIF.org User,,,,2782,0
Lee A. Denson,https://orcid.org/0000-0001-8045-7198,Cincinnati Children's Hospital Medical Center,US,2781,25521
Ernest E. Moore,https://orcid.org/0000-0002-0419-4848,Denver Health Medical Center,US,2780,95189
Bo Wang,https://orcid.org/0000-0002-0466-6323,Shanghai University,CN,2780,8405
Dusit Niyato,https://orcid.org/0000-0002-7442-7416,Guangdong University of Technology,CN,2779,91495
Jun Li,https://orcid.org/0000-0002-1406-2734,Fujian Medical University,CN,2778,333
David Lester,https://orcid.org/0000-0003-1357-8672,Stockton University,US,2772,39907
Sanjeev Sharma,https://orcid.org/0000-0002-3273-0708,Netaji Subhash Chandra Bose Medical College,IN,2772,33505
Whitney Cranshaw,https://orcid.org/0000-0002-1032-4522,Colorado State University,US,2769,1834
Robin Murray,https://orcid.org/0000-0003-0829-0519,King's College London,GB,2767,155459
J. Mueller,https://orcid.org/0000-0001-5099-4718,University of Pittsburgh,US,2765,170462
Jansen Zuanon,https://orcid.org/0000-0001-8354-2750,Instituto Nacional de Pesquisas da Amazônia,BR,2764,12019
Claudiu T. Supuran,https://orcid.org/0000-0003-4262-0323,"Ministry of Science, Technology and Innovation",MY,2762,132773
Japan Fisheries Research and Education Agency,,,,2761,0
GBIF.org User,,,,2760,0
Christoforos Pavlou,https://orcid.org/0009-0006-6595-1757,University of Crete,GR,2756,145
GBIF.org User,,,,2756,0
O. Brandt,https://orcid.org/0000-0001-5219-1417,University of Cambridge,GB,2754,199180
KATH-RYN ANN F. HANKINS,,University of Tennessee at Chattanooga,US,2753,1
TARIK DEDOVIC,,University of Tennessee at Chattanooga,US,2753,1
Scott A. Lindsay,https://orcid.org/0000-0002-2929-7755,University of California San Diego,US,2752,1186
Gregg W. Stone,https://orcid.org/0000-0002-3416-8210,Beth Israel Deaconess Medical Center,US,2750,169413
GBIF.org User,,,,2750,4
Ludwig van Beethoven,,,,2749,376
Hyeon Jeong Kim,https://orcid.org/0009-0006-9941-5688,University of Washington,US,2747,968
Tasawar Hayat,https://orcid.org/0000-0001-5952-4106,Macau University of Science and Technology,MO,2747,135343
Frederik Barkhof,https://orcid.org/0000-0003-3543-3706,Netherlands Institute for Neuroscience,NL,2745,160795
GBIF.org User,,,,2745,0
GBIF.org User,,,,2745,0
Christer Jansson,https://orcid.org/0000-0001-9548-093X,Environmental Molecular Sciences Laboratory,US,2744,9299
B. S. Acharya,https://orcid.org/0000-0002-8588-9157,The Abdus Salam International Centre for Theoretical Physics (ICTP),IT,2744,159727
H.-O. Kalinowski,,Justus-Liebig-Universität Gießen,DE,2744,0
Alex C. Michalos,,University of Northern British Columbia,CA,2744,17706
Martin McKee,https://orcid.org/0000-0002-0121-9683,London School of Hygiene & Tropical Medicine,GB,2743,264909
Constance Holden,,Institute of Medical Ethics,GB,2743,6673
Sw. Banerjee,https://orcid.org/0000-0001-8852-2409,Twitter (United States),US,2743,192370
GBIF.org User,,,,2742,0
Wang Li,https://orcid.org/0000-0003-1286-4407,Xihua University,CN,2741,15422
Beata Meluch,https://orcid.org/0009-0008-4055-9921,Pacific Northwest National Laboratory,US,2737,0
Tong Zhang,https://orcid.org/0000-0002-6923-2622,Pacific Northwest National Laboratory,US,2736,0
Chia-Feng Tsai,https://orcid.org/0000-0002-6514-6911,Pacific Northwest National Laboratory,US,2736,0
Rui Zhao,,Environmental Molecular Sciences Laboratory,US,2736,0
김영수,,,,2735,437
Young Ho Kim,https://orcid.org/0000-0003-0703-1136,Material Physics Center,ES,2735,49782
Núcleo Ipê,,,,2734,226
J. Conway,https://orcid.org/0000-0003-2719-5779,University of California System,US,2730,137470
Joel T. Mague,https://orcid.org/0000-0003-3488-1945,Tulane University,US,2730,13540
Philippe Ciais,https://orcid.org/0000-0001-8560-4943,Centre National de la Recherche Scientifique,FR,2727,232478
이정훈,,,,2725,381
Jonathan Pevsner,https://orcid.org/0000-0002-6328-0842,Kennedy Krieger Institute,US,2724,15242
Giuseppe Lippi,https://orcid.org/0000-0001-9523-9054,University of Verona,IT,2724,91423
Yu Liu,https://orcid.org/0000-0001-8723-1896,Qingdao University,CN,2724,70515
GBIF.org User,,,,2723,0
王芳,,,,2722,100
Li Li,https://orcid.org/0000-0002-2803-3803,BGI Group (China),CN,2721,14863
Deborah Stevenson,,Western Sydney University,AU,2719,1377
Jens J. Holst,https://orcid.org/0000-0001-6853-3805,University of Copenhagen,DK,2717,162223
Peter J. Barnes,https://orcid.org/0000-0002-5122-4018,Imperial College London,GB,2713,223965
Gu,,Skyline High School,US,2713,4859
Jung Ho Kim,https://orcid.org/0000-0002-3215-4640,Yonsei University,KR,2712,818
Roland Fröhlich,,,,2712,37006
Et. Al.,,,,2712,0
Charles Ansong,https://orcid.org/0000-0001-5793-8559,National Institutes of Health,US,2712,0
Ryan McClure,https://orcid.org/0000-0003-0573-6917,Pacific Northwest National Laboratory,US,2710,0
Yoshiyuki Kawazoe,https://orcid.org/0000-0002-2369-7045,Tohoku University,JP,2708,48745
GBIF.org User,,,,2708,0
Miguel Ángel,,,,2706,1740
F. Albert Cotton,,Texas A&M University,US,2705,69636
P. Chang,https://orcid.org/0000-0003-4064-388X,Twitter (United States),US,2702,162642
Gerhard Erker,,,,2702,38820
Zachary Lewis,,Harvard University Press,US,2701,0
■ Xiang,,,,2700,4647
Josep Tabernero,https://orcid.org/0000-0002-2495-8139,Hebron University,PS,2699,129147
Walter C. Willett,https://orcid.org/0000-0003-1458-7597,Brigham and Women's Hospital,US,2699,407592
GBIF.org User,,,,2697,0
Bionomia,,,,2696,0
Ravi Kukkadapu,https://orcid.org/0000-0001-9763-156X,Pacific Northwest National Laboratory,US,2695,10628
JoAnn E. Manson,https://orcid.org/0000-0002-9426-7595,Brigham and Women's Hospital,US,2693,261370
Bruce A. Smith,https://orcid.org/0000-0003-1250-1710,University of Iowa,US,2693,4917
Edward R. T. Tiekink,https://orcid.org/0000-0003-1401-1520,Demos,US,2691,24612
김진수,,Digital Science (United States),US,2691,256
Wang Jing,,Quantum Devices (United States),US,2688,117
Ralf Kubitz,,Krankenhaus Bethanien,DE,2686,8522
Botanic Garden and Botanical Museum Berlin,,,,2686,0
Juan Moisés de la Serna de la Serna,https://orcid.org/0000-0002-8401-8018,,,2685,0
Konstantin А. Lyssenko,https://orcid.org/0000-0002-3500-1287,Lomonosov Moscow State University,RU,2684,15789
"Horizons, Inc. Rapid City, South Dakota",,,,2684,0
Yan Zhang,https://orcid.org/0000-0002-2947-1629,Beijing Institute of Technology,CN,2678,38590
Zhao,,,,2673,4151
Canada Foundation for Innovation,,,,2673,0
Next Move Strategy Consulting,,,,2670,0
GBIF.org User,,,,2668,0
Edward Miguel,https://orcid.org/0000-0001-6927-709X,"University of California, Berkeley",US,2667,36361
Toko,,University of Palangka Raya,ID,2666,0
Hans‐Peter Zenner,,University of Tübingen,DE,2665,7168
Frank R. Fronczek,https://orcid.org/0000-0001-5544-2779,Louisiana State University,US,2663,25096
J.L. Wardell,https://orcid.org/0000-0003-2195-8827,University of Aberdeen,GB,2663,6418
C. Chen,https://orcid.org/0000-0003-1589-9955,Twitter (United States),US,2663,155564
Jing,,,,2662,3897
Philip S. Yu,https://orcid.org/0000-0002-3491-5968,University of Illinois Urbana-Champaign,US,2660,138646
MacDonald J. Christie,https://orcid.org/0000-0002-0622-609X,The University of Sydney,AU,2658,22825
A. J. Beddall,https://orcid.org/0000-0002-8451-9672,Istinye University,TR,2656,198434
A. V. Gritsan,https://orcid.org/0000-0002-3545-7970,Johns Hopkins University,US,2656,171808
GBIF.org User,,,,2655,0
Christoph Hiemke,https://orcid.org/0000-0003-2820-8738,Johannes Gutenberg University Mainz,DE,2653,20051
Elin Lundstad,https://orcid.org/0000-0002-3443-2480,Norwegian Meteorological Institute,NO,2653,396
Funda Meric‐Bernstam,https://orcid.org/0000-0001-6816-6072,The University of Texas MD Anderson Cancer Center,US,2651,109089
Texas. Legislature. Senate.,,,,2649,11
Gérémy Clair,https://orcid.org/0000-0003-0478-8520,Pacific Northwest National Laboratory,US,2649,4079
Y. Yang,https://orcid.org/0000-0002-8917-2620,Eötvös Loránd University,HU,2649,126360
Matthew McGraw,https://orcid.org/0000-0002-5646-3560,University of Rochester,US,2649,0
GBIF.org User,,,,2649,0
Ian P. Stolerman,https://orcid.org/0000-0002-2703-5137,King's College London,GB,2645,13261
Magnus Joelsson,,Statistics Sweden,SE,2645,13
GBIF.org User,,,,2645,0
Tae Hyong Kim,https://orcid.org/0000-0003-2920-9038,Soonchunhyang University Hospital Seoul,KR,2644,8386
Christodoulos Stefanadis,https://orcid.org/0000-0001-5974-6454,National and Kapodistrian University of Athens,GR,2639,70614
Bryan Killinger,https://orcid.org/0000-0001-8544-648X,Asuragen (United States),US,2637,149
K. N. Houk,https://orcid.org/0000-0002-8387-5261,"University of California, Los Angeles",US,2636,121191
Luigi Ferrucci,https://orcid.org/0000-0002-6273-1613,National Institutes of Health,US,2636,289374
María Victoria Valtierra,https://orcid.org/0000-0002-9982-2228,Universidad de la República de Uruguay,UY,2636,10
M. Paulini,https://orcid.org/0000-0002-6714-5787,University of Colorado System,US,2633,137154
R. W. Moore,https://orcid.org/0000-0003-4160-4700,University of Alberta,CA,2631,143543
Anil K. Sood,https://orcid.org/0000-0002-5415-9901,The University of Texas MD Anderson Cancer Center,US,2629,152473
Qiang Zhang,https://orcid.org/0000-0002-3929-1541,Nanjing Agricultural University,CN,2628,180454
Kari Rissanen,https://orcid.org/0000-0002-7282-8419,Center for NanoScience,DE,2626,35528
J. Albert,https://orcid.org/0000-0003-0253-2505,University of Victoria,CA,2625,139590
S. A. Çetin,https://orcid.org/0000-0001-5050-8441,Laboratoire de Physique Nucléaire et de Hautes Énergies,FR,2624,124205
Marc N. Potenza,https://orcid.org/0000-0002-6323-1354,Charter Oak State College,US,2621,71254
M. Iwasaki,https://orcid.org/0000-0002-9402-7559,Twitter (United States),US,2620,114011
Hisashi Yamamoto,https://orcid.org/0000-0001-5384-9698,Chubu University,JP,2619,37959
Janet Jansson,https://orcid.org/0000-0002-5487-4315,Pacific Northwest National Laboratory,US,2619,0
Б. А. Трофимов,https://orcid.org/0000-0002-0430-3215,A.E. Favorsky Irkutsk Institute of Chemistry,RU,2617,15492
GBIF.org User,,,,2617,0
Nicholas Sconzo,,Pacific Northwest National Laboratory,US,2616,0
학회자료,,,,2615,20
Nicholas G. Martin,https://orcid.org/0000-0003-4069-8020,University of Wollongong,AU,2614,230962
Matthew McGraw,https://orcid.org/0000-0002-5646-3560,University of Rochester Medical Center,US,2614,1015
Zhou,,University of New Mexico,US,2613,3821
GBIF.org User,,,,2612,0
Jin‐Young Kim,https://orcid.org/0000-0002-7146-4510,Gyeongsang National University,KR,2611,1406
Samuel Johnson,https://orcid.org/0000-0003-4032-2058,,,2610,2084
Roxana Mehran,https://orcid.org/0000-0002-5546-262X,Mount Sinai Hospital,US,2606,158082
John J.V. McMurray,https://orcid.org/0000-0002-6317-3975,Brigham and Women's Hospital,US,2606,359383
Harald Pfeiffer,https://orcid.org/0000-0001-9288-519X,Max Planck Institute for Gravitational Physics,DE,2606,87985
Qiang Wang,https://orcid.org/0000-0001-5095-4062,Chinese Academy of Sciences,CN,2605,17242
Wei Zhang,https://orcid.org/0000-0002-5111-4097,University of Miami,US,2604,41690
Hua Zhang,https://orcid.org/0000-0001-9518-740X,Shanghai University of Engineering Science,CN,2604,193452
Yi Yang,https://orcid.org/0000-0002-4091-8532,BGI Group (China),CN,2603,8799
Cameron McMillan,,"University of California, Davis",US,2603,0
Mark Lautens,https://orcid.org/0000-0002-0179-2914,University of Toronto,CA,2602,39229
C. P. Hays,https://orcid.org/0000-0003-2371-9723,Deutsches Elektronen-Synchrotron DESY,DE,2601,145246
Holger Braunschweig,https://orcid.org/0000-0001-9264-1726,University of Würzburg,DE,2601,39666
V. Sharma,https://orcid.org/0000-0003-1287-1471,University of Wisconsin System,US,2599,174482
GBIF.org User,,,,2599,0
GBIF.org User,,,,2599,0
B Bernstein,https://orcid.org/0000-0002-5726-6278,Broad Institute,US,2598,137607
GBIF.org User,,,,2598,0
Masakazu Iwai,https://orcid.org/0000-0002-0986-9015,Lawrence Berkeley National Laboratory,US,2597,3775
김동욱,,,,2596,279
Sheng Wang,https://orcid.org/0000-0002-4340-2101,Jiangnan University,CN,2596,1303
C. Dallapiccola,https://orcid.org/0000-0002-1391-2477,,,2595,144058
Hong Liu,https://orcid.org/0000-0003-1640-9620,Tianjin University of Technology,CN,2595,88288
GBIF.org User,,,,2593,0
Antônio R. Panizzi,https://orcid.org/0000-0003-4850-6513,Universidade de Passo Fundo,BR,2592,6250
Amy G. Vandergast,https://orcid.org/0000-0002-7835-6571,United States Geological Survey,US,2589,1622
Arthur Brant,https://orcid.org/0000-0002-1105-4747,Massachusetts Eye and Ear Infirmary,US,2589,826
L. Lista,https://orcid.org/0000-0001-6471-5492,"Istituto Nazionale di Fisica Nucleare, Sezione di Napoli",IT,2589,136680
G. Della Ricca,https://orcid.org/0000-0003-2831-6982,University of Trieste,IT,2588,134761
Wei,,Beth Israel Deaconess Medical Center,US,2587,4889
Brian Druker,https://orcid.org/0000-0001-8331-8206,Oregon Health & Science University,US,2585,96656
Robert West,https://orcid.org/0000-0001-6398-0921,University of Leeds,GB,2581,100894
김진호,,,,2581,238
Dieter Metze,https://orcid.org/0000-0002-8058-6683,Universitätsmedizin Greifswald,DE,2578,14542
G. Mitselmakher,https://orcid.org/0000-0001-5745-3658,University of Florida,US,2577,221512
Wilbert S. Aronow,https://orcid.org/0000-0002-7945-9863,Westchester Medical Center,US,2577,55625
Qing Li,https://orcid.org/0000-0003-3370-471X,Zhejiang International Studies University,CN,2577,39737
Jinde Cao,https://orcid.org/0000-0003-3133-7119,Southeast University,BD,2576,101743
Licheng Jiao,https://orcid.org/0000-0003-3354-9617,Ministry of Education of the People's Republic of China,CN,2576,57802
Thomas Metz,https://orcid.org/0000-0001-6049-3968,Pacific Northwest National Laboratory,US,2574,22147
GBIF.org User,,,,2573,0
GBIF.org User,,,,2572,0
Adrian Furnham,https://orcid.org/0000-0001-7545-8532,BI Norwegian Business School,NO,2570,94259
University of Gothenburg,,,,2567,0
GBIF.org User,,,,2566,0
Wei Zheng,https://orcid.org/0000-0003-1226-070X,National Institutes of Health,US,2565,113521
A. Warburton,https://orcid.org/0000-0002-2298-7315,Twitter (United States),US,2565,137764
Peter Stiefelhagen,,Starnberg Hospital,DE,2563,290
Myoung Soo Kim,https://orcid.org/0000-0002-8975-8381,Yonsei University,KR,2563,10922
M. Franklin,https://orcid.org/0000-0002-6595-883X,Harvard University Press,US,2561,141471
S. W. Lee,https://orcid.org/0000-0002-3388-8339,Texas Tech University,US,2561,128099
K. Bloom,https://orcid.org/0000-0002-4272-8900,University of Nebraska–Lincoln,US,2561,128694
D. Blöch,https://orcid.org/0000-0002-4535-5273,Centre National de la Recherche Scientifique,FR,2558,188379
Jos Prickaerts,https://orcid.org/0000-0001-5548-731X,Maastricht University,NL,2557,16059
Nicola Maffulli,https://orcid.org/0000-0002-5327-3702,American College of Sports Medicine,US,2557,95170
Ying Liu,https://orcid.org/0000-0002-8951-2648,Harbin University of Science and Technology,CN,2557,2095
Tilman Spohn,https://orcid.org/0000-0002-9322-6660,Institute of Space Science - INFLPR Subsidiary,RO,2554,21120
Ben DeSoto,,,,2554,0
Shi Xue Dou,https://orcid.org/0000-0003-3824-7693,University of Shanghai for Science and Technology,CN,2552,140333
Li Zhang,https://orcid.org/0000-0002-9386-8938,University of Pittsburgh,US,2552,83525
W.-H. Yao L. Min,,,,2551,91
"Otero Pedrayo, Ramón, 1888-1976",,,,2551,0
Morehead State Teachers College,,,,2548,0
Norihiro Ueshima,https://orcid.org/0009-0002-1702-0836,Mie Chukyo University,JP,2546,396
Farhad Ravandi,https://orcid.org/0000-0002-7621-377X,The University of Texas MD Anderson Cancer Center,US,2542,69994
S. Giagu,https://orcid.org/0000-0001-9192-3537,University of Arizona,US,2540,141458
Elizabeth Bush,https://orcid.org/0000-0003-4940-7015,Virginia Tech,US,2538,463
Zhao Zhao,https://orcid.org/0009-0002-5828-7537,Shandong University,CN,2538,3729
J. M. Izen,https://orcid.org/0000-0002-9846-5601,The University of Texas at Dallas,US,2537,150841
Kläus Müllen,https://orcid.org/0000-0001-6630-8786,VSB - Technical University of Ostrava,CZ,2535,180522
M. Martı́nez,https://orcid.org/0000-0002-3135-945X,Institució Catalana de Recerca i Estudis Avançats,ES,2535,147767
Wei Zhang,https://orcid.org/0000-0001-7800-3189,Nanjing University of Chinese Medicine,CN,2534,21714
M. Erdmann,https://orcid.org/0000-0002-1653-1303,Indian Institute of Dalit Studies,IN,2532,133020
Amy Schmid,https://orcid.org/0000-0001-5821-8000,Duke University,US,2532,2261
Eileen Shiuan,https://orcid.org/0000-0002-3202-4010,"University of California, Los Angeles",US,2530,732
Oxford Papyrology,,University of Oxford,GB,2529,0
Rui Zhao,,Environmental Molecular Sciences Laboratory,US,2528,0
Allan H. White,,,,2526,36104
Colleen Hui,https://orcid.org/0000-0002-5543-7440,"University of California, Los Angeles",US,2525,162
R. J. Barlow,https://orcid.org/0000-0002-8295-8612,University of Manchester,GB,2525,91219
P. K. Behera,https://orcid.org/0000-0002-1527-2266,Indian Institute of Technology Madras,IN,2523,105431
Michaël Grätzel,https://orcid.org/0000-0002-0068-0195,Interface (United States),US,2522,454946
Juan Moisés de la Serna Tuya,https://orcid.org/0000-0002-8401-8018,,,2519,0
Pratha Sah,https://orcid.org/0000-0001-8936-5871,St. John's College of Nursing,US,2518,4376
H. P. Beck,https://orcid.org/0000-0001-7212-1096,University of Bern,CH,2516,158623
J. Ocariz,https://orcid.org/0000-0003-2262-0780,Centre National de la Recherche Scientifique,FR,2516,137357
Eric Tytell,https://orcid.org/0000-0002-6603-9448,Tufts University,US,2515,3305
GBIF.org User,,,,2513,0
F. Filthaut,https://orcid.org/0000-0003-3338-2247,Radboud University Nijmegen,NL,2511,141596
Na Li,https://orcid.org/0000-0002-0392-6672,Kunming University of Science and Technology,CN,2511,76933
Kazuaki Chayama,https://orcid.org/0000-0002-5530-5341,Hiroshima Minami High School,JP,2510,84638
Atsuhiro Osuka,https://orcid.org/0000-0001-8697-8488,Hunan Normal University,CN,2510,49755
S. M. Gibson,https://orcid.org/0000-0002-1236-9249,Valparaiso University,US,2509,177998
Jae‐Hoon Kim,https://orcid.org/0000-0002-4756-1281,Mokpo National University,KR,2508,6355
Antonio Colombo,https://orcid.org/0000-0002-2940-2455,Humanitas University,IT,2507,115377
Kirsten Hofmockel,,Pacific Northwest National Laboratory,US,2507,0
Lars Arendt‐Nielsen,https://orcid.org/0000-0003-0892-1579,Steno Diabetes Centers,DK,2506,76076
優 佐藤,,,,2505,0
Not Available Not Available,,,,2503,7815
C. Tully,https://orcid.org/0000-0001-6771-2174,Princeton University,US,2501,121995
김경희,,Korea Education and Research Information Service,KR,2499,380
B. Yabsley,https://orcid.org/0000-0002-2680-0474,Twitter (United States),US,2499,130168
Zhang Jiang Tao,,Shanghai Ocean University,CN,2498,577
ジャパン通信情報センター,,,,2498,0
Weijun Qian,,Pacific Northwest National Laboratory,US,2495,3
C. Guedes Soares,https://orcid.org/0000-0002-8570-4263,Dalian Ocean University,CN,2495,61523
Toni K. Choueiri,https://orcid.org/0000-0002-9201-3217,Brigham and Women's Hospital,US,2494,130009
Carla Simone Pavanelli,https://orcid.org/0000-0003-4059-984X,Universidade Estadual de Maringá,BR,2493,4304
이지영,,Eulji University,KR,2489,360
Angela Dispenzieri,https://orcid.org/0000-0001-8780-9512,Mayo Clinic,US,2486,100835
Filip T. Troicki,,Drexel University,US,2486,1167
GBIF.org User,,,,2486,1
S. Choi,https://orcid.org/0000-0001-6225-9876,Korea University,JP,2485,129189
N. Zhou,https://orcid.org/0000-0002-1775-2511,University of Science and Technology of China,CN,2484,147983
K. Lim,https://orcid.org/0009-0009-2125-672X,Multimedia University,MY,2483,15
Stephen M. Stahl,https://orcid.org/0000-0002-6536-6973,"University of California, Riverside",US,2482,30136
Vladimir N. Uversky,https://orcid.org/0000-0002-4037-5857,University of South Florida,US,2481,108930
Liang Liang,https://orcid.org/0000-0002-2444-4103,Peking University,CN,2480,2982
Andrzej Katrusiak,https://orcid.org/0000-0002-1439-7278,Adam Mickiewicz University in Poznań,PL,2479,10871
R. D. Brown,,Monash University,AU,2479,27
A. V. Filippenko,https://orcid.org/0000-0003-3460-0103,University of California System,US,2479,149205
Marc Ladanyi,https://orcid.org/0000-0001-9055-7213,Memorial Sloan Kettering Cancer Center,US,2479,227803
Alex Alex,https://orcid.org/0009-0005-5910-2401,Tanjungpura University,ID,2479,1101
Elżbieta Warchałowska-Šliwa,,Institute of Systematics and Evolution of Animals,PL,2479,0
I. M. Mills,,,,2478,5
M. H. Palmer,,,,2478,5
E. Niktin,,,,2478,5
J. E. Boggs,,,,2478,5
R. Hilderbrandt,,,,2478,5
김영철,,Kangwon National University,KR,2478,369
Kelly Hatter,,Environmental Molecular Sciences Laboratory,US,2476,0
:unav,,,,2475,0
Wei Wang,https://orcid.org/0000-0002-1430-1360,Novartis (China),CN,2472,76966
Hojun Song,,California Academy of Sciences,US,2472,0
Kahootz,,,,2471,25
Akihisa Inoue,https://orcid.org/0000-0002-6902-3409,National University of Science and Technology,RU,2470,93769
John A. Kellum,https://orcid.org/0000-0003-1995-2653,University of Pittsburgh,US,2468,114492
Sung Woo Kim,https://orcid.org/0000-0003-4591-1943,Pyeongtaek University,KR,2468,33778
GBIF.org User,,,,2468,1
이동훈,,,,2466,265
Ji Hyun Kim,,,,2466,636
KRISTEN PEARSON,,,,2466,0
Heiko Traupe,https://orcid.org/0000-0001-6104-3483,University of Münster,DE,2465,12959
Ying Ying,https://orcid.org/0000-0003-3774-5084,Inner Mongolia University for Nationalities,CN,2465,3910
M. Pierini,https://orcid.org/0000-0003-1939-4268,European Organization for Nuclear Research,CH,2464,125215
Valentina Stanley,https://orcid.org/0000-0002-2212-7796,University of California San Diego,US,2464,0
Kathleen M Fisch,https://orcid.org/0000-0002-0117-7444,University of California San Diego,US,2464,0
Louise C Laurent,https://orcid.org/0000-0002-2095-7534,University of California San Diego,US,2464,0
R. W. L. Jones,https://orcid.org/0000-0002-6427-3513,University of Connecticut,US,2463,182300
R. Shane Tubbs,https://orcid.org/0000-0003-1317-1047,Tulane University,US,2462,42476
Y. Wu,https://orcid.org/0000-0002-1528-4865,University of Geneva,CH,2462,113283
GBIF.org User,,,,2462,0
Johann S. de Bono,https://orcid.org/0000-0002-2034-595X,Royal Marsden NHS Foundation Trust,GB,2461,137587
Gavril Nagy,,Pacific Northwest National Laboratory,US,2460,1
B. Blumenfeld,https://orcid.org/0000-0003-1150-1735,Johns Hopkins University,US,2459,126592
John V. Heymach,https://orcid.org/0000-0001-9068-8942,The University of Texas MD Anderson Cancer Center,US,2459,69898
G. Watts,https://orcid.org/0000-0003-2392-1710,University of Washington,US,2459,181326
Muriel Gargaud,,Université de Bordeaux,FR,2458,9974
Yehuda Shoenfeld,https://orcid.org/0000-0003-2802-4090,Sheba Medical Center,IL,2458,100190
GBIF.org User,,,,2455,0
Clifford R. Jack,https://orcid.org/0000-0001-7916-622X,Mayo Clinic,US,2454,214511
A.M. Edwards,https://orcid.org/0000-0002-4782-6016,Montreal Neurological Institute and Hospital,CA,2454,21799
Xiaogang Li,https://orcid.org/0000-0001-9255-7559,Jiangsu University,CN,2454,58655
Ying Liu,https://orcid.org/0000-0002-6540-0473,North China University of Science and Technology,CN,2454,94666
Scott Lea,https://orcid.org/0000-0002-4232-1553,Environmental Molecular Sciences Laboratory,US,2454,5
Zhang,,,,2453,4565
S. Tosi,https://orcid.org/0000-0002-7275-9193,Brera Astronomical Observatory,IT,2451,123238
Ji Hoon Kim,https://orcid.org/0000-0003-3924-0434,National Cancer Center,US,2450,16554
Kara Mannor,https://orcid.org/0000-0001-5628-8371,University of Michigan,US,2450,131
Ping Wang,https://orcid.org/0009-0009-3433-3667,Planetary Science Institute,US,2446,6083
Scott Baker,https://orcid.org/0000-0001-5085-3106,,,2445,7417
David J. Hunter,https://orcid.org/0000-0003-3197-752X,The University of Sydney,AU,2441,212907
Per Svenningsson,https://orcid.org/0000-0001-6727-3802,Karolinska University Hospital,SE,2439,31039
D. Gareth Evans,https://orcid.org/0000-0002-8482-5784,Atrium Health Wake Forest Baptist,US,2439,135650
S. Li,https://orcid.org/0000-0001-7879-3272,Florida State University,US,2437,161740
Margaret Bowman,,Environmental Molecular Sciences Laboratory,US,2437,0
G. Gomez Ceballos,https://orcid.org/0000-0003-1683-9460,Massachusetts Institute of Technology,US,2435,125216
Xuemin Shen,https://orcid.org/0000-0002-4140-287X,University of Waterloo,CA,2435,100516
Richard Mural,,Windber Research Institute,US,2435,56058
Vanessa Bailey,https://orcid.org/0000-0002-2248-8890,Pacific Northwest National Laboratory,US,2433,8159
Jennifer Pett‐Ridge,https://orcid.org/0000-0002-4439-2398,Lawrence Livermore National Laboratory,US,2430,18433
Mark D. Griffiths,https://orcid.org/0000-0001-8880-6524,Nottingham Trent University,GB,2430,131000
L. Fabbri,https://orcid.org/0000-0002-4002-8353,Istituto Nazionale di Fisica Nucleare,IT,2430,161310
Peter F. D. Boesman,,,,2429,1547
anon anon,https://orcid.org/0000-0002-6145-6373,,,2429,940
Ji Yeon Kim,https://orcid.org/0000-0002-4316-2726,Seoul National University of Science and Technology,KR,2429,7708
A. Ivanov,https://orcid.org/0000-0002-9270-5643,Kansas State University,US,2429,143973
Alan J. Lough,https://orcid.org/0000-0001-6012-0379,University of Toronto,CA,2428,31447
SXS Collaboration,,,,2428,4
GBIF.org User,,,,2428,0
T. J. Kim,https://orcid.org/0000-0001-8336-2434,Chonnam National University,KR,2427,135409
김태훈,,,,2425,291
M. Bóna,https://orcid.org/0000-0002-9660-580X,Queen Mary University of London,GB,2425,129771
Dorothy Wordsworth,,,,2424,704
P. Elmer,https://orcid.org/0000-0001-6830-3356,Princeton University,US,2423,114032
Johannes Brahms,,,,2422,370
Ivana Cı́sařová,https://orcid.org/0000-0002-9612-9831,Charles University,CZ,2422,16322
M. Gallinaro,https://orcid.org/0000-0003-1261-2277,LIP - Laboratory of Instrumentation and Experimental Particle Physics,PT,2422,136600
Anthony Trollope,,,,2421,905
Mark Scheel,https://orcid.org/0000-0001-6656-9134,California Institute of Technology,US,2421,16433
V. Bhatnagar,https://orcid.org/0000-0002-8392-9610,Panjab University,IN,2421,132000
William Ewart Gladstone,https://orcid.org/0000-0003-4517-4605,University of Technology Sydney,AU,2420,4346
Flora Uruguaya,,Universidad Católica del Uruguay,UY,2418,42
SXS Collaboration,,,,2415,10
A. Rossi,https://orcid.org/0000-0002-2031-2955,National Physical Laboratory,GB,2415,150129
Warren K. Bickel,https://orcid.org/0000-0002-1048-7372,Carilion Roanoke Memorial Hospital,US,2414,43601
I. Gorelov,https://orcid.org/0000-0001-5570-0133,TU Dortmund University,DE,2411,136914
Juan Moisés de la Serna,,,,2410,0
Kelsey Lucas,https://orcid.org/0000-0002-9300-550X,University of Calgary,CA,2409,684
GBIF.org User,,,,2409,0
Dumitru Bǎleanu,https://orcid.org/0000-0002-0286-7244,Çankaya University,TR,2407,87783
Paul R. Raithby,https://orcid.org/0000-0002-2944-0662,University of Bath,GB,2404,24594
A. Dominguez,https://orcid.org/0000-0002-7420-5493,University of Alabama,US,2404,124363
Jianjun Liu,https://orcid.org/0000-0002-3255-3019,University of North Carolina at Chapel Hill,US,2404,96123
Andrei Sourakov,https://orcid.org/0000-0002-7835-7232,,,2402,1363
A. Mehta,https://orcid.org/0000-0002-0433-4484,European Organization for Nuclear Research,CH,2402,119714
Liu,,,,2402,2777
Monte Miller,,,,2402,0
Not Available Not Available,,,,2400,5736
Thomas Klockgether,https://orcid.org/0000-0001-6174-5442,German Center for Neurodegenerative Diseases,DE,2399,43513
Arun Kumar,https://orcid.org/0000-0002-5180-6595,University College Dublin,IE,2398,147303
Viqar Uddin Ahmad,https://orcid.org/0000-0002-6782-7382,Australian National University,AU,2397,6566
Ian J. Deary,https://orcid.org/0000-0002-1733-263X,NHS Lothian,GB,2397,175010
Joel Martin Halpern,,Ericsson (Sweden),SE,2395,1510
Kim Wolff,https://orcid.org/0000-0001-9080-4720,King's College London,GB,2393,4465
O. Schneider,https://orcid.org/0000-0002-6014-7552,FZU ‒ Institute of Physics of the Academy of Sciences of the Czech Republic,CZ,2392,139335
Kimberly A. Stigler,,Indiana University School of Medicine,,2391,4879
Dirk Schadendorf,https://orcid.org/0000-0003-3524-7858,Heidelberg University,DE,2390,227414
William J. McKenna,https://orcid.org/0000-0001-7994-2460,Universidade da Coruña,ES,2387,109469
Loı̈c Le Marchand,https://orcid.org/0000-0001-5013-980X,University of Hawaiʻi at Mānoa,US,2385,100325
Wang,,Beijing Hospital,CN,2385,3352
Arndt Hartmann,https://orcid.org/0000-0002-4860-4626,Friedrich-Alexander-Universität Erlangen-Nürnberg,DE,2384,45317
Pasi A. Jänne,https://orcid.org/0000-0002-7821-4928,Harvard University,US,2383,128523
GBIF.org User,,,,2383,0
Tao Li,https://orcid.org/0000-0001-6161-7352,Wuhan University of Technology,CN,2382,1446
Shuo Li,https://orcid.org/0000-0002-5184-3230,Hebei Medical University,CN,2381,52731
Laurent Maron,https://orcid.org/0000-0003-2653-8557,Centre National de la Recherche Scientifique,FR,2381,25681
Tae-Young Kim,https://orcid.org/0000-0002-2622-3566,Kyungpook National University,KR,2380,2979
Lei Zhang,https://orcid.org/0000-0003-2343-084X,Shenyang Agricultural University,CN,2380,40367
Tony Chiang,https://orcid.org/0000-0002-9817-2526,University of Michigan,US,2379,735
GBIF.org User,,,,2379,4
Graham A. Colditz,https://orcid.org/0000-0002-7307-0291,Washington University in St. Louis,US,2378,232146
P. Thuéry,https://orcid.org/0000-0003-1683-570X,Centre National de la Recherche Scientifique,FR,2378,16240
Charles B. Nemeroff,https://orcid.org/0000-0001-7867-1160,"University of California, Irvine",US,2377,113185
Todd K. Shackelford,https://orcid.org/0000-0001-8101-4292,Oakland University,US,2376,33428
Hui Wang,https://orcid.org/0000-0003-2633-6015,Yuncheng University,CN,2376,26788
Holger Eickhoff,,Scienion (Germany),DE,2376,2931
Peter Crowe,,,,2375,0
Владик Крейнович,https://orcid.org/0000-0002-1244-1650,University of Piura,PE,2374,12221
Glen B. Deacon,https://orcid.org/0000-0002-6966-6121,Monash University,AU,2373,26949
Association for Computational Linguistics 2026,,,,2373,0
David B. Weissman,,California Academy of Sciences,US,2372,0
Daniel W. Weissman,,Hudson Institute,US,2372,0
Johannes Bagnoli,https://orcid.org/0000-0003-0393-6157,Centre National de la Recherche Scientifique,FR,2371,1306
Séverine Vermeire,https://orcid.org/0000-0001-9942-3019,Universitair Ziekenhuis Leuven,BE,2370,113197
Fang Liu,https://orcid.org/0000-0003-4794-4319,Harbin Institute of Technology,CN,2369,5584
Young Song,https://orcid.org/0000-0003-0580-1600,Pacific Northwest National Laboratory,US,2368,8481
Gideon Koren,https://orcid.org/0000-0002-9234-0875,Rhode Island Hospital,US,2367,95932
C. M. Hawkes,https://orcid.org/0000-0001-9167-0592,University of Birmingham,GB,2367,131612
John C. Morris,https://orcid.org/0000-0001-9820-5618,Washington University in St. Louis,US,2367,238159
张磊,,,,2367,80
G. Hamel de Monchenault,https://orcid.org/0000-0002-3872-3592,Commissariat à l'Énergie Atomique et aux Énergies Alternatives,FR,2367,131670
Peter H. Adler,https://orcid.org/0000-0001-6772-8280,Clemson University,US,2366,8520
Philip Scheltens,https://orcid.org/0000-0002-1046-6408,Inserm,FR,2366,191423
Anjali Seth,https://orcid.org/0000-0003-4701-2562,,,2366,936
K. E. Varvell,https://orcid.org/0000-0003-1017-1295,Twitter (United States),US,2366,130644
Kibale Chimpanzee Project,,Harvard University Press,US,2366,0
Z. Doležal,https://orcid.org/0000-0002-5662-3675,Twitter (United States),US,2365,124788
P. Kyberd,https://orcid.org/0000-0002-7353-7090,Brunel University of London,GB,2364,122239
Martine Cador,https://orcid.org/0000-0002-3416-827X,Centre National de la Recherche Scientifique,FR,2363,8840
Hồng,,,,2363,3128
Hiromi TAKAHASHI,,National Institute for Fusion Science,JP,2363,0
Graham G. Giles,https://orcid.org/0000-0003-4946-9099,The University of Melbourne,AU,2362,124342
G. Gómez,https://orcid.org/0000-0002-1077-6553,Universidad de Cantabria,ES,2361,130754
Max Herz,,,,2360,468
Hiroshi Nakamura,https://orcid.org/0009-0005-6505-1903,Yamaguchi University,JP,2360,24655
Mat­thias Zeller,https://orcid.org/0000-0002-3305-852X,Purdue University West Lafayette,US,2359,18860
Hui Xiong,https://orcid.org/0000-0001-6016-6465,China Pharmaceutical University,CN,2359,46912
S. Grinstein,https://orcid.org/0000-0002-6460-8694,Institució Catalana de Recerca i Estudis Avançats,ES,2359,127532
Amirhossein Sahebkar,https://orcid.org/0000-0002-8656-1444,Mashhad University of Medical Sciences,IR,2358,249369
H. Duddeck,,Leibniz University Hannover,DE,2358,5067
William A. Goddard,https://orcid.org/0000-0003-0097-5716,California Institute of Technology,US,2357,180014
E. L. Barberio,https://orcid.org/0000-0002-3111-0910,The University of Melbourne,AU,2357,146351
Elias Jabbour,https://orcid.org/0000-0003-4465-6119,The University of Texas MD Anderson Cancer Center,US,2354,57270
Rui L. Reis,https://orcid.org/0000-0002-4295-6129,University of Minho,PT,2353,104285
Jean‐Yves Blay,https://orcid.org/0000-0001-7190-120X,Université Claude Bernard Lyon 1,FR,2352,96147
A. Stahl,https://orcid.org/0000-0002-8369-7506,Indian Institute of Dalit Studies,IN,2352,169450
GBIF.org User,,,,2352,0
GBIF.org User,,,,2351,0
T. W. Wietsma,,Environmental Molecular Sciences Laboratory,US,2350,611
R. Wallny,https://orcid.org/0000-0001-8038-1613,ETH Zurich,CH,2347,126849
Sung‐Hoon Kim,https://orcid.org/0000-0002-1570-3230,Yonsei University,KR,2347,50111
Satz Mengensatzproduktion,,,,2347,237
David L. Kaplan,https://orcid.org/0000-0002-9245-7774,Tufts University,US,2346,168252
A. Korytov,https://orcid.org/0000-0001-9239-3398,University of Florida,US,2343,123729
D. R. Claes,https://orcid.org/0000-0003-4198-8919,University of Nebraska–Lincoln,US,2342,126101
Rey Huachambé,,Pacific Northwest National Laboratory,US,2341,0
Vince D. Calhoun,https://orcid.org/0000-0001-9058-0747,Georgia Institute of Technology,US,2341,109928
L. Masetti,https://orcid.org/0000-0002-0038-5372,University of Pisa,IT,2339,170395
Benedetto Croce,,,,2339,3503
Ricardo Amils,https://orcid.org/0000-0002-7560-1033,Centro de Astrobiología,ES,2338,20036
Gunnar Alexander Schmitz,https://orcid.org/0000-0003-3677-4748,Ruhr University Bochum,DE,2338,2326
G. Alverson,https://orcid.org/0000-0001-6651-1178,Universidad del Noreste,MX,2338,115572
Pavlo Bohutskyi,https://orcid.org/0000-0002-0462-8132,Pacific Northwest National Laboratory,US,2335,1912
Ron Waksman,https://orcid.org/0000-0002-4063-9226,MedStar Washington Hospital Center,US,2333,54854
William Kew,https://orcid.org/0000-0002-4281-4630,Pacific Northwest National Laboratory,US,2333,0
J. Nash,https://orcid.org/0000-0003-0607-6519,Imperial Valley College,US,2332,129389
Seeram Ramakrishna,https://orcid.org/0000-0001-8479-8686,National University of Singapore,SG,2331,182803
J.-F. Grivaz,https://orcid.org/0000-0003-4793-7995,Centre National de la Recherche Scientifique,FR,2331,139536
Frank Lammert,https://orcid.org/0000-0003-4450-7201,Medizinische Hochschule Hannover,DE,2330,31913
Luca Benini,https://orcid.org/0000-0001-8068-3806,ETH Zurich,CH,2330,58498
Joshua Cantlon-Bruce,,,,2330,274
D. G. Charlton,https://orcid.org/0000-0003-0211-2041,University of Birmingham,GB,2329,125758
Razelle Kurzrock,https://orcid.org/0000-0003-4110-1214,Froedtert Hospital,US,2329,88973
Patrick De Clercq,https://orcid.org/0000-0003-0664-1602,Ghent University,BE,2328,10816
G. Landsberg,https://orcid.org/0000-0002-4184-9380,John Brown University,US,2327,127374
Fleet Library,,,,2327,0
C. Sciacca,https://orcid.org/0000-0002-8412-4072,,,2326,100961
John D. Minna,https://orcid.org/0000-0002-7776-0767,Southwestern Medical Center,US,2325,114907
N. Louise Glass,https://orcid.org/0000-0002-4844-2890,"University of California, Berkeley",US,2325,20282
Giovanni Martinelli,https://orcid.org/0000-0002-1025-4210,Istituto Scientifico Romagnolo per lo Studio e la Cura dei Tumori,IT,2325,60661
Ulrich S. Schubert,https://orcid.org/0000-0003-4978-4670,Helmholtz Institute Jena,DE,2325,101960
urate De Prins,,,,2325,0
GBIF.org User,,,,2324,0
US Forest Service,,,,2324,0
Human Sciences Research Council,,,,2322,0
Craig Hacking,https://orcid.org/0000-0001-5998-8648,,,2321,426
GBIF.org User,,,,2321,0
Guido Kroemer,https://orcid.org/0000-0002-9334-4405,Centre National de la Recherche Scientifique,FR,2319,379349
P. Wittich,https://orcid.org/0000-0002-7401-2181,Fermi National Accelerator Laboratory,US,2319,128130
Elizabeth Eder,https://orcid.org/0000-0002-1486-7591,Environmental Molecular Sciences Laboratory,US,2318,0
B. Kilminster,https://orcid.org/0000-0002-6657-0407,University of Zurich,CH,2317,117326
Peter R. Galle,https://orcid.org/0000-0001-8294-0992,Johannes Gutenberg University Mainz,DE,2315,108564
Herbert W. Roesky,https://orcid.org/0000-0003-4454-1434,University of Göttingen,DE,2313,47227
American Library Association,,Washington State University Tri-Cities,US,2313,758
Tallinn University of Technology,,,,2312,0
Kirsten Hofmockel,https://orcid.org/0000-0003-1586-2167,Pacific Northwest National Laboratory,US,2311,16154
Anthony Linden,https://orcid.org/0000-0002-9343-9180,University of Zurich,CH,2311,15042
Jaakko Kaprio,https://orcid.org/0000-0002-3716-2455,University of Helsinki,FI,2309,184659
Dierk Raabe,https://orcid.org/0000-0003-0194-6124,Max Planck Society,DE,2309,121885
Silvio Danese,https://orcid.org/0000-0001-7341-1351,Vita-Salute San Raffaele University,IT,2308,90124
Mark Rockhold,,Pacific Northwest National Laboratory,US,2307,5249
Fereidoun Azizi,https://orcid.org/0000-0002-6470-2517,Research Institute for Endocrine Sciences,IR,2305,79608
P. D. Thompson,https://orcid.org/0000-0002-6239-7715,University of Birmingham,GB,2304,152203
H. F-W. Sadrozinski,https://orcid.org/0000-0003-0019-5410,University of Geneva,CH,2304,150713
SciExpeM,,Politecnico di Milano,IT,2304,0
Thomas M. Klapötke,,Ludwig-Maximilians-Universität München,DE,2304,33829
K. H. Nicolaides,https://orcid.org/0000-0003-1266-0711,King's College London,GB,2303,137137
Gary King,https://orcid.org/0000-0002-5327-7631,Quantitative BioSciences,US,2303,67350
E. Thomson,https://orcid.org/0000-0001-6031-2768,Lawrence Berkeley National Laboratory,US,2301,125672
Dorret I. Boomsma,https://orcid.org/0000-0002-7099-7972,Amsterdam Institute for Global Health and Development,NL,2300,186595
M. Shapiro,https://orcid.org/0000-0001-8540-9654,Lawrence Berkeley National Laboratory,US,2299,135287
M. Klein,https://orcid.org/0000-0002-9999-2534,Southern Methodist University,US,2299,142864
Henrik Toft Sørensen,https://orcid.org/0000-0003-4299-7040,Dartmouth College,US,2298,113137
H. Castilla-Valdez,https://orcid.org/0009-0005-9590-9958,Instituto de Estudios Avanzados,VE,2296,118993
Yi Luo,https://orcid.org/0000-0003-0007-0394,Harbin University of Science and Technology,CN,2296,44718
J. Reedijk,https://orcid.org/0000-0002-6739-8514,Leiden University,NL,2296,61869
Scott Kronewitter,,,,2295,1420
Benjamin Castleman,,University of Virginia,US,2294,17152
Yan Zhang,https://orcid.org/0000-0001-5738-9537,University of Science and Technology of China,CN,2293,12838
Li X,https://orcid.org/0000-0002-5981-2762,Kunming University of Science and Technology,CN,2293,14704
‬Peter C. Junk,https://orcid.org/0000-0002-0683-8918,Université Bourgogne Franche-Comté,FR,2293,14867
Song Feng,https://orcid.org/0000-0003-3983-9009,Pacific Northwest National Laboratory,US,2293,1251
Yoshihiko Maehara,https://orcid.org/0000-0002-1532-3537,Kyushu University,JP,2291,55854
Q. Li,https://orcid.org/0000-0002-8290-0517,Shanghai University of Engineering Science,CN,2291,98052
S. Majewski,https://orcid.org/0000-0002-6871-3395,Jagiellonian University,PL,2290,120353
L. Scodellaro,https://orcid.org/0000-0002-4974-8330,Universidad de Cantabria,ES,2290,129128
L. Sawyer,https://orcid.org/0000-0001-8295-0605,Rutherford Appleton Laboratory,GB,2288,130033
Jiang,,,,2288,3926
Bartek Rajwa,https://orcid.org/0000-0001-7540-8236,Purdue University West Lafayette,US,2285,6276
Jesús F. San Miguel,https://orcid.org/0000-0002-9183-4857,Navarre Institute of Health Research,ES,2282,129093
J. Kroll,https://orcid.org/0000-0001-6215-3326,California University of Pennsylvania,US,2282,138385
Zi Wang,https://orcid.org/0000-0002-7361-1406,Harbin University of Science and Technology,CN,2281,649
A. Ruiz-Jimeno,https://orcid.org/0000-0002-3639-0368,,,2281,127913
H. Evans,https://orcid.org/0000-0003-2183-3127,Indiana University,US,2281,135046
GBIF.org User,,,,2281,0
K. F. Chen,https://orcid.org/0000-0003-1304-3782,National Taiwan University,TW,2280,136770
Axel M. Gressner,,Laboratory Dr. Wisplinghoff,DE,2280,26829
J. M. Butterworth,https://orcid.org/0000-0002-5905-5394,Laboratoire de Physique des 2 Infinis Irène Joliot-Curie,FR,2279,146569
Institut national de la statistique et des études économiques (France). Service interrégional Antilles-Guyane. Service régional (Martinique). Auteur du texte,,,,2279,0
Dennis W. Dickson,https://orcid.org/0000-0001-7189-7917,Jacksonville College,US,2277,234752
Victor C. M. Leung,https://orcid.org/0000-0003-3529-2640,University of British Columbia,CA,2277,67816
Hampton Dunn,,,,2276,4
John E. Bowers,https://orcid.org/0000-0003-4270-8296,"University of California, Santa Barbara",US,2276,66718
Yuichiro� Doki,https://orcid.org/0000-0001-7346-0209,Osaka Gakuin University,JP,2275,52421
Chelsea Hutchinson,,Pacific Northwest National Laboratory,US,2275,0
Keith J. Mbata,https://orcid.org/0009-0003-7628-8485,University of Zambia,ZM,2274,274
Yuan,,,,2274,3287
Reginald S. Sauve,,University of Calgary,CA,2273,4802
Hu,,,,2273,4650
Jae Wook Lee,https://orcid.org/0000-0002-8756-0195,Korea Advanced Institute of Science and Technology,KR,2272,44703
Hideya NAKANISHI,,National Institute for Fusion Science,JP,2272,0
Kiyomasa WATANABE,,National Institute for Fusion Science,JP,2272,0
Henry Knipe,https://orcid.org/0000-0001-8058-2714,,,2269,509
M. Bruze,https://orcid.org/0000-0002-2919-3227,Lund University,SE,2268,23795
Francisco Javier,,,,2267,1287
Gäng,,,,2266,3252
Alexander Villinger,https://orcid.org/0000-0002-0868-9987,University of Rostock,DE,2266,9554
R. D’Alessandro,https://orcid.org/0000-0001-7997-0306,Florence (Netherlands),NL,2266,114238
Roberto Romero,https://orcid.org/0000-0002-4448-5121,Eunice Kennedy Shriver National Institute of Child Health and Human Development,US,2265,151013
A. Safonov,https://orcid.org/0000-0001-9497-5471,Mitchell Institute,US,2265,114739
T. Adams,https://orcid.org/0000-0001-8049-5143,Florida State University,US,2264,120372
J. Nielsen,https://orcid.org/0000-0002-9175-4419,"University of California, Santa Cruz",US,2263,135227
F. Canelli,https://orcid.org/0000-0001-6361-2117,University of Zurich,CH,2262,118216
John Gould,https://orcid.org/0000-0002-1206-1316,University of Newcastle Australia,AU,2261,1399
GBIF.org User,,,,2261,0
Martial Marcus Valerius Martialis,,,,2260,235
Li Zhi ming,,,,2259,66
Jean‐Christophe Rochet,https://orcid.org/0000-0002-6484-1541,Purdue University West Lafayette,US,2259,14662
Yang Hao,https://orcid.org/0000-0002-9949-7226,Wannan Medical College,CN,2259,18264
Jie Liu,https://orcid.org/0000-0003-0451-6111,Central South University,CN,2258,97362
Hui Wang,https://orcid.org/0000-0002-4967-2049,Tongji University,CN,2258,3827
V. Gavrilov,https://orcid.org/0000-0002-9617-2928,European Organization for Nuclear Research,CH,2257,126677
Konrad Sandhoff,https://orcid.org/0000-0003-2452-8654,University of Bonn,DE,2256,36100
P. P. Allport,https://orcid.org/0000-0001-7303-2570,University of Birmingham,GB,2256,127966
D. Del Re,https://orcid.org/0000-0003-0870-5796,Tel Aviv University,IL,2255,127081
David J. Posey,,Indiana University School of Medicine,,2255,14147
Michael Currie,https://orcid.org/0000-0003-1509-7581,University of Canterbury,NZ,2254,958
S. M. Farrington,https://orcid.org/0000-0001-5350-9271,Rutherford Appleton Laboratory,GB,2254,126719
Hui Wang,https://orcid.org/0000-0002-5208-8329,Central South University,CN,2253,74320
김영석,,,,2252,263
Marc D. Binder,https://orcid.org/0000-0003-4255-5920,Allen Institute for Brain Science,US,2252,23472
Yang Liu,https://orcid.org/0000-0002-4311-2198,Shanghai Pudong Institute of Education Development,CN,2252,2856
S. Burdin,https://orcid.org/0000-0003-4831-4132,University of Liverpool,GB,2252,132014
Michael Boyle,https://orcid.org/0000-0002-5075-5116,Cornell University,US,2251,14739
Roberto Esser dos Reis,https://orcid.org/0000-0003-3746-6894,Instituto Chico Mendes de Conservação da Biodiversidade,BR,2250,8740
K. Lannon,https://orcid.org/0000-0002-9706-0098,University of Notre Dame,US,2250,117997
GBIF.org User,,,,2250,0
Ole A. Andreassen,https://orcid.org/0000-0002-4461-3568,Oslo University Hospital,NO,2248,133983
Marc D. Binder,,University of Washington,US,2248,9733
Issei Komuro,https://orcid.org/0000-0002-0714-7182,University of Tokyo Hospital,JP,2246,67173
Kyung‐Ho Kim,https://orcid.org/0000-0002-8154-2041,Gyeongsang National University,KR,2246,6413
Yi ̆,,Virginia Tech,US,2246,3321
David J. Smith,https://orcid.org/0000-0002-8810-4386,,,2245,37049
김광수,,,,2245,237
G. Lafferty,https://orcid.org/0000-0003-0658-4919,University of Colorado Boulder,US,2244,86480
J. Jia,https://orcid.org/0000-0002-5725-3397,University of British Columbia,CA,2242,136305
S Pirro,,,,2242,0
R. Klanner,https://orcid.org/0000-0002-7004-9227,Universität Hamburg,DE,2241,118287
Stefan Zeuzem,https://orcid.org/0000-0002-0845-6833,Goethe University Frankfurt,DE,2241,91419
K. De,https://orcid.org/0000-0002-5647-4489,The University of Texas at Arlington,US,2241,134743
G. Hall,https://orcid.org/0000-0002-6299-8385,Imperial Valley College,US,2241,110999
김은영,,,,2240,542
Manfred Scheer,https://orcid.org/0000-0003-2182-5020,Institute of Inorganic Chemistry of the Slovak Academy of Sciences,SK,2240,16581
T. S. Patrick,,Boys Town,US,2240,1104
James H. Brashears,,Rainier Clinical Research Center,US,2239,1538
J. S. H. Lee,https://orcid.org/0000-0002-2153-1519,University of Seoul,KR,2239,144431
Paul Newhouse,https://orcid.org/0000-0002-9298-7185,Alzheimer’s Disease Neuroimaging Initiative,US,2239,13774
GBIF.org User,,,,2239,0
T. Ferguson,https://orcid.org/0000-0001-5822-3731,Carnegie Mellon University,US,2237,116175
A. Boveia,https://orcid.org/0000-0002-6647-6699,Laboratoire d’Annecy de Physique des Particules,FR,2237,122478
G. A. Alves,https://orcid.org/0000-0002-8369-1446,Centro Brasileiro de Pesquisas Físicas,BR,2237,126648
Alexander K. C. Leung,https://orcid.org/0009-0009-3952-2491,Loma Linda University,US,2237,1426
Sabu Thomas,https://orcid.org/0000-0003-4726-5746,Mahatma Gandhi University,IN,2236,88783
Peter Weber,https://orcid.org/0000-0001-6022-6050,Lawrence Livermore National Laboratory,US,2236,20710
J. Qian,https://orcid.org/0000-0003-4813-8167,University of Geneva,CH,2236,129646
H. Fox,https://orcid.org/0000-0003-3089-6090,Lancaster University,GB,2236,132903
Marí­a Teresa,https://orcid.org/0000-0003-0281-7754,Universidad Internacional De La Rioja,ES,2236,1632
Robert H. Anderson,https://orcid.org/0000-0001-5163-9021,Newcastle University,GB,2235,51724
Jian Wang,https://orcid.org/0000-0001-6745-9068,Shenyang Aerospace University,CN,2235,1055
Franz Schubert,,,,2234,406
Ben W. Mol,https://orcid.org/0000-0001-8337-550X,University of Aberdeen,GB,2233,82196
Jianmin Chen,https://orcid.org/0000-0001-5859-3070,Shanghai University,CN,2233,87546
W. Taylor,https://orcid.org/0000-0002-6596-9125,Universitat de València,ES,2233,128920
William Breitbart,https://orcid.org/0000-0002-8698-739X,Memorial Sloan Kettering Cancer Center,US,2232,31755
Yi Li,https://orcid.org/0000-0002-2092-4505,Chongqing University of Posts and Telecommunications,CN,2232,43224
David A. Bennett,https://orcid.org/0000-0003-3689-554X,Rush University Medical Center,US,2231,186589
Chi‐Ming Che,https://orcid.org/0000-0002-2554-7219,Hong Kong Science and Technology Parks Corporation,HK,2231,85482
Weiwei Li,https://orcid.org/0000-0002-7329-4236,Harbin University of Science and Technology,CN,2231,23339
İbrahim Dinçer,https://orcid.org/0000-0002-7092-2102,United States Department of Transportation,US,2230,109304
Marcelo Salles Rocha,https://orcid.org/0000-0002-0318-9377,Instituto Nacional de Pesquisas da Amazônia,BR,2229,358
E. Shabalina,https://orcid.org/0000-0003-4849-556X,Chinese Academy of Sciences,CN,2229,128264
Zhong‐Min Su,https://orcid.org/0000-0002-3342-1966,Changchun University of Science and Technology,CN,2229,62062
Wěi Li,https://orcid.org/0000-0002-9522-4474,Beijing Tongren Hospital,CN,2228,74688
Josie Hansen,https://orcid.org/0000-0002-2876-0496,Pacific Northwest National Laboratory,US,2227,1313
Qing Qing,,Third Affiliated Hospital of Guangzhou Medical University,CN,2227,3235
P. Azzi,https://orcid.org/0000-0002-3129-828X,"Istituto Nazionale di Fisica Nucleare, Sezione di Padova",IT,2226,131967
Geoffrey Lovelace,https://orcid.org/0000-0002-7084-1070,"California State University, Fullerton",US,2225,66825
Ralf Paschke,,,,2225,3093
:unav,,,,2225,0
Y. Gershtein,https://orcid.org/0000-0002-4871-5449,"Rutgers, The State University of New Jersey",US,2224,136982
이상민,,,,2223,366
Eduard Vieta,https://orcid.org/0000-0002-0548-0053,Neurosciences Institute,US,2222,105537
Huijun Li,https://orcid.org/0000-0002-2896-3867,China Pharmaceutical University,CN,2222,38055
Hua Zhang,https://orcid.org/0000-0002-4960-0838,Shanghai University of Engineering Science,CN,2221,6972
Samuel Payne,https://orcid.org/0000-0002-8351-1994,Brigham Young University,US,2220,15883
K. Yorita,https://orcid.org/0000-0003-1988-8401,Waseda University,JP,2220,124502
J. Seixas,https://orcid.org/0000-0002-7531-0842,LIP - Laboratory of Instrumentation and Experimental Particle Physics,PT,2220,132148
A. Robson,https://orcid.org/0000-0002-1659-8284,Johannes Gutenberg University Mainz,DE,2219,124911
M. Titov,https://orcid.org/0000-0002-1119-6614,Commissariat à l'Énergie Atomique et aux Énergies Alternatives,FR,2219,152301
Stephen J. Chanock,https://orcid.org/0000-0002-2324-3393,National Cancer Institute,US,2219,128806
H. R. Qi,https://orcid.org/0000-0002-9325-2308,Jimei University,CN,2218,33579
M. Lokajı́ček,https://orcid.org/0000-0001-8929-1243,University of Illinois Urbana-Champaign,US,2216,134216
promoteur,,,,2216,55
S. Belforte,https://orcid.org/0000-0001-8443-4460,University of Trieste,IT,2216,129739
Pierre Jolivet,,Centre National de la Recherche Scientifique,FR,2215,1890
J. Dittmann,https://orcid.org/0000-0002-1911-3158,Baylor University,US,2215,107665
Bo Zhang,https://orcid.org/0000-0003-1288-1549,Jiujiang University,CN,2215,20001
Walter Leal Filho,https://orcid.org/0000-0002-1241-5225,Manchester Metropolitan University,GB,2214,38187
Andrew T. Chan,https://orcid.org/0000-0001-7284-6767,,,2214,78526
Armando J. L. Pombeiro,https://orcid.org/0000-0001-8323-888X,University of Lisbon,PT,2214,37374
C. Leroy,https://orcid.org/0000-0003-3105-7045,Institute of Particle Physics,CA,2214,127255
L. N. Pfeiffer,https://orcid.org/0000-0001-6326-4079,Princeton University,US,2213,58929
Yi‐Long Wu,https://orcid.org/0000-0002-3611-0258,Xihua University,CN,2213,114231
Ronald Klein,https://orcid.org/0000-0002-4428-6237,University of Wisconsin–Madison,US,2212,215275
Feng,,Dalian Ocean University,CN,2212,4862
Matthias Beller,https://orcid.org/0000-0001-5709-0965,Leibniz Institute for Catalysis,DE,2211,130107
Yi Zhang,https://orcid.org/0000-0001-9861-4681,Tianjin Medical University General Hospital,CN,2211,99274
Yong Zhang,https://orcid.org/0000-0002-1303-0458,Weifang Medical University,CN,2211,73622
Larry Kidder,https://orcid.org/0000-0001-5392-7342,Cornell University,US,2211,10047
И.Л. Еременко,https://orcid.org/0000-0001-6861-1404,NS Kurnakova Institute of General and Inorganic Chemistry,RU,2210,9097
P. Krokovny,https://orcid.org/0000-0002-1236-4667,Twitter (United States),US,2210,77633
GBIF.org User,,,,2210,0
Xi Chen,https://orcid.org/0000-0002-8911-4172,North China Electric Power University,CN,2209,59815
Xiaodong Wang,https://orcid.org/0000-0002-4533-6734,Beijing Institute of Technology,CN,2208,41422
Iván Izquierdo,https://orcid.org/0000-0002-7208-0869,Instituto do Cérebro,BR,2207,32551
A. Bean,https://orcid.org/0000-0001-5967-8674,University of Kansas,US,2207,116619
이경희,,,,2206,317
S. Rahatlou,https://orcid.org/0000-0001-9794-3360,"Istituto Nazionale di Fisica Nucleare, Sezione di Roma I",IT,2206,123920
C. Garcı́a,https://orcid.org/0000-0003-1625-7452,Universitat de València,ES,2205,126438
A. Sánchez-Hernández,https://orcid.org/0000-0001-9548-0358,Ibero American University,MX,2204,125413
F. Salvatore,https://orcid.org/0000-0002-3709-1554,Universitat de València,ES,2204,123547
Shaji Kumar,https://orcid.org/0000-0001-5392-9284,Mayo Clinic,US,2203,96196
Ursula Schmidt‐Erfurth,https://orcid.org/0000-0002-7788-7311,,,2202,43062
Marc Humbert,https://orcid.org/0000-0003-0703-2892,Inserm,FR,2202,162431
Sujin Kim,https://orcid.org/0000-0002-8522-5959,Ewha Womans University,KR,2201,428
Richard White,https://orcid.org/0000-0002-8800-0093,University of Tasmania,AU,2201,3157
M. Kaur,https://orcid.org/0000-0002-3440-2767,Panjab University,IN,2200,117098
F. J. M. Geurts,https://orcid.org/0000-0003-2856-9090,Rice University,US,2200,126878
J. Goldstein,https://orcid.org/0000-0003-1591-6014,At Bristol,GB,2200,116113
Béla Szilágyi,https://orcid.org/0000-0001-7744-6180,Jet Propulsion Laboratory,US,2199,15634
R. Lipton,https://orcid.org/0000-0002-6665-7289,Fermi National Accelerator Laboratory,US,2199,125823
奈良文化財研究所飛鳥藤原宮跡発掘調査部,,,,2199,0
Toyoaki Murohara,https://orcid.org/0000-0003-2723-6243,Nagoya University,JP,2198,62498
Andrew J. P. White,https://orcid.org/0000-0001-6175-1607,London Biofoundry,GB,2198,48149
Gene‐Hsiang Lee,https://orcid.org/0000-0003-1218-8082,National Taiwan University,TW,2197,27736
Francis Martin,https://orcid.org/0000-0002-4737-3715,Chinese Academy of Sciences,CN,2197,61188
Cameron Casey,https://orcid.org/0000-0001-6790-2170,University of Wisconsin–Madison,US,2196,3500
R. J. Wilson,https://orcid.org/0000-0002-8184-4103,Colorado State University,US,2196,106468
Stefan Schmollinger,,QB3,US,2196,10
Hai Jin,https://orcid.org/0000-0002-3934-7605,Huazhong University of Science and Technology,CN,2195,33731
K. K. Gan,https://orcid.org/0000-0002-1550-1487,National Institute for Subatomic Physics,NL,2195,119447
Qian Wang,https://orcid.org/0000-0002-2149-384X,Xi'an Shiyou University,CN,2194,59238
GBIF.org User,,,,2194,0
Weijun Qian,https://orcid.org/0000-0002-5393-2827,Pacific Northwest National Laboratory,US,2194,0
Jeong Hee Kim,https://orcid.org/0000-0001-9860-6163,,,2193,1308
B. Hong,https://orcid.org/0000-0002-2259-9929,,,2193,134506
Yue Yue,,Dalian Ocean University,CN,2192,3814
P. H. Hansen,https://orcid.org/0000-0002-6764-4789,University of Copenhagen,DK,2191,129288
Saharon Shelah,https://orcid.org/0000-0003-0462-3152,"Rutgers, The State University of New Jersey",US,2191,23370
Yavin Shaham,https://orcid.org/0000-0002-8242-3319,National Institutes of Health,US,2191,37732
Pauline O. Lawrence,,St. Mary's College of Maryland,US,2190,2341
Royal Botanic Garden Edinburgh,,,,2189,0
Kevin D. Hyde,https://orcid.org/0000-0002-2191-0762,Kunming Institute of Botany,CN,2188,77081
Bobbie-Jo Webb-Robertson,,Pacific Northwest National Laboratory,US,2188,0
John G.F. Cleland,https://orcid.org/0000-0002-1471-7016,University of Glasgow,GB,2187,200058
Lúcia Helena Rapp Py‐Daniel,https://orcid.org/0000-0002-0954-7366,Instituto Nacional de Pesquisas da Amazônia,BR,2187,987
V. Cindro,https://orcid.org/0000-0002-2037-7185,University of Ljubljana,SI,2187,120475
J. Chudoba,https://orcid.org/0000-0002-6425-2579,"Czech Academy of Sciences, Institute of Sociology",CZ,2187,128014
Qatar National Library,,,,2187,0
Darryl C. Zeldin,https://orcid.org/0000-0002-2087-7307,National Institute of Environmental Health Sciences,US,2186,34115
Ara Darzi,https://orcid.org/0000-0001-7815-7989,Imperial College Healthcare NHS Trust,GB,2186,99797
Hyun‐Seob Song,https://orcid.org/0000-0002-2154-6358,University of Nebraska–Lincoln,US,2186,2641
GBIF.org User,,,,2186,0
Gordon Guyatt,https://orcid.org/0000-0003-2352-5718,Impact,CA,2184,310581
Digital Archive Of Massachusetts Anti-Slavery,,,,2183,0
Seung Hwan Lee,https://orcid.org/0000-0002-9988-2749,Hanyang University,KR,2182,16703
Franco Locatelli,https://orcid.org/0000-0002-7976-3654,Università Cattolica del Sacro Cuore,IT,2181,73190
George A. Olah,https://orcid.org/0000-0002-1788-9753,University of Southern California,US,2181,65131
Zachary Lewis,https://orcid.org/0000-0003-0160-4722,Allen Institute for Brain Science,US,2180,1190
Guanrong Chen,https://orcid.org/0000-0003-1381-7418,Chongqing University,CN,2180,114623
G. Borissov,https://orcid.org/0000-0002-4226-9521,Laboratoire d’Annecy de Physique des Particules,FR,2180,122023
‡ Li,,Chinese PLA General Hospital,CN,2180,3260
Tzu-Wen Cross,https://orcid.org/0000-0002-8856-8578,Purdue University West Lafayette,US,2179,1669
Y. G.,https://orcid.org/0000-0002-0233-9900,Fudan University,CN,2179,81233
A. Lister,https://orcid.org/0000-0002-1552-3651,University of British Columbia,CA,2178,125520
Evamarie Hey‐Hawkins,https://orcid.org/0000-0003-4267-0603,Babeș-Bolyai University,RO,2177,13145
R. Covarelli,https://orcid.org/0000-0003-1216-5235,Università degli Studi del Piemonte Orientale “Amedeo Avogadro”,IT,2177,119239
Daniel S. Berman,https://orcid.org/0000-0002-3793-9578,Cedars-Sinai Medical Center,US,2177,115152
Владимир И. Минкин,https://orcid.org/0000-0001-6096-503X,Southern Federal University,RU,2176,13650
Valentı́n Fuster,https://orcid.org/0000-0002-9043-9986,Mount Sinai Hospital,US,2176,254694
A. J. Bevan,https://orcid.org/0000-0002-4105-9629,Queen Mary University of London,GB,2176,87156
M. Przybycień,https://orcid.org/0000-0002-9235-2649,Jagiellonian University,PL,2175,116664
Jin,,,,2175,3091
D. Belsito,https://orcid.org/0000-0003-1229-6673,Columbia University Irving Medical Center,US,2172,18630
Alberto Mantovani,https://orcid.org/0000-0001-5578-236X,Humanitas University,IT,2172,222047
이종호,,,,2172,324
G. Raven,https://orcid.org/0000-0002-2897-5323,National Institute for Subatomic Physics,NL,2172,84044
N. Godinović,https://orcid.org/0000-0002-4674-9450,University of Split,HR,2171,115543
Michael Berk,https://orcid.org/0000-0002-5554-6946,The Royal Melbourne Hospital,AU,2171,108065
GBIF.org User,,,,2171,0
E. De La Cruz–Burelo,https://orcid.org/0000-0002-7469-6974,Twitter (United States),US,2169,126011
L. Roos,https://orcid.org/0000-0001-7151-9983,Centre National de la Recherche Scientifique,FR,2165,123507
Agen,,University of Palangka Raya,ID,2165,0
G. Brooijmans,https://orcid.org/0000-0002-3354-1810,Indiana University,US,2164,136725
Joseph H. Friedman,https://orcid.org/0000-0003-2534-4160,Butler Hospital,US,2163,22645
M. Grünewald,https://orcid.org/0000-0002-5754-0388,University College Dublin,IE,2163,157661
Victor N. Khrustalev,https://orcid.org/0000-0001-8806-2975,Peoples' Friendship University of Russia,RU,2161,11508
Georgy K. Fukin,https://orcid.org/0000-0002-1184-5418,,,2160,12006
Wang,,,,2160,1785
Jennifer Kyle,https://orcid.org/0000-0002-9282-9005,Pacific Northwest National Laboratory,US,2160,0
Kelly Hatter,,Environmental Molecular Sciences Laboratory,US,2160,0
Hiroshi Okamoto,https://orcid.org/0000-0003-2807-5277,The University of Tokyo,JP,2159,41894
Kelly Blankenship,,Wright State University,US,2159,1027
Maggie Bowman,https://orcid.org/0000-0001-8825-1098,Pacific Northwest National Laboratory,US,2158,324
Nikola Tolic,https://orcid.org/0000-0003-3950-9130,Environmental Molecular Sciences Laboratory,US,2157,0
GBIF.org User,,,,2157,0
Y. Tokura,https://orcid.org/0000-0001-7452-6919,Hamamatsu University School of Medicine,JP,2156,18361
David R. Jacobs,https://orcid.org/0000-0002-7232-0543,University of Minnesota,US,2156,150601
Juan Moisés De la Serna,https://orcid.org/0000-0002-8401-8018,,,2156,0
C. Bozzi,https://orcid.org/0000-0001-6782-3982,"Istituto Nazionale di Fisica Nucleare, Sezione di Ferrara",IT,2155,83544
M. Besançon,https://orcid.org/0000-0003-3278-3671,Commissariat à l'Énergie Atomique et aux Énergies Alternatives,FR,2155,113878
GBIF.org User,,,,2155,0
Ning Li,https://orcid.org/0000-0003-1684-4454,Broad Institute,US,2154,11488
J. Schieck,https://orcid.org/0000-0002-1058-8093,TU Wien,AT,2153,109373
Werner Seeger,https://orcid.org/0000-0003-1946-0894,Justus-Liebig-Universität Gießen,DE,2151,76656
I. Vila,https://orcid.org/0000-0002-6797-7209,Universidad de Cantabria,ES,2151,120465
Naveed Sattar,https://orcid.org/0000-0002-1604-2593,Brigham and Women's Hospital,US,2150,212983
Бо Лю,https://orcid.org/0000-0003-3045-628X,Jiangxi University of Traditional Chinese Medicine,CN,2150,43882
Christos C. Zouboulis,https://orcid.org/0000-0003-1646-2608,Städtisches Klinikum Dessau,DE,2149,45888
Henry F. Schaefer,https://orcid.org/0000-0003-0252-2083,University of Georgia,US,2149,91296
S. Terzo,https://orcid.org/0000-0003-3388-3906,Barcelona Institute of Science and Technology,ES,2149,138082
L. Adamczyk,https://orcid.org/0000-0002-5859-2075,Jagiellonian University,PL,2149,113158
M. Casarsa,https://orcid.org/0000-0002-1353-8964,University of Trieste,IT,2149,102904
Office of the Governor-General of Taiwan,,,,2149,0
김미경,,,,2148,451
Dinggang Shen,https://orcid.org/0000-0002-7934-5698,ShanghaiTech University,CN,2148,86479
Cheng Shi,https://orcid.org/0000-0001-6985-1514,Pacific Northwest National Laboratory,US,2148,199
Joseph Symson,,,,2148,2
Netta Gurari,,,,2148,0
Rick Washburn,https://orcid.org/0000-0001-7853-043X,Environmental Molecular Sciences Laboratory,US,2148,0
Jennifer Kyle,https://orcid.org/0000-0002-9282-9005,Pacific Northwest National Laboratory,US,2148,0
P. Azzurri,https://orcid.org/0000-0002-1717-5654,University of Siena,IT,2146,121744
Peter Paul De Deyn,https://orcid.org/0000-0002-2228-2964,University Medical Center Groningen,NL,2146,48336
Yu. T. Struchkov,,,,2145,11092
Z. Zhang,https://orcid.org/0000-0002-7853-9079,University of Science and Technology of China,CN,2145,130308
K. Hatakeyama,https://orcid.org/0000-0002-6012-2451,Baylor University,US,2143,100271
M. Cristinziani,https://orcid.org/0000-0003-3893-9171,University of Siegen,DE,2142,123682
Q. Xu,https://orcid.org/0000-0002-2799-6456,North Sichuan Medical University,CN,2141,81960
Masaki Mori,https://orcid.org/0000-0001-7632-3875,Tokai University,JP,2141,62044
F. Palla,https://orcid.org/0000-0002-6361-438X,University of Siena,IT,2141,122339
Salim Yusuf,https://orcid.org/0000-0003-4776-5601,Population Health Research Institute,CA,2140,291681
Pere Ginès,https://orcid.org/0000-0003-4657-4504,Departament de Salut,ES,2140,72681
C. N. R. Rao,https://orcid.org/0000-0003-4088-0615,Jawaharlal Nehru Centre for Advanced Scientific Research,IN,2140,98866
W. H. Smith,https://orcid.org/0000-0003-3195-0909,University of Wisconsin System,US,2138,105956
Soo‐Jin Park,https://orcid.org/0000-0002-6350-6135,Kyung Hee University,KR,2138,74709
Jeffrey Tyner,https://orcid.org/0000-0002-2133-0960,Oregon Health & Science University,US,2137,23839
L. Litov,https://orcid.org/0000-0002-8511-6883,SurgOne Foregut Institute,US,2137,111047
M. Pelliccioni,https://orcid.org/0000-0003-4728-6678,University of Pavia,IT,2137,113222
Chia-Feng Tsai,https://orcid.org/0000-0002-6514-6911,Pacific Northwest National Laboratory,US,2137,0
Rui Zhao,,Environmental Molecular Sciences Laboratory,US,2137,0
Inga D. Neumann,https://orcid.org/0000-0002-3911-5062,University of Regensburg,DE,2135,29866
Barbara J. Sahakian,https://orcid.org/0000-0001-7352-1745,University of Cambridge,GB,2134,83960
E. Ros,https://orcid.org/0000-0003-2812-9554,Universidad de Granada,ES,2134,162866
Philippe Claeys,https://orcid.org/0000-0002-4585-7687,Vrije Universiteit Brussel,BE,2133,15810
S. Oda,https://orcid.org/0000-0001-5836-768X,Kyushu University,JP,2133,160594
Jamie Ellis,https://orcid.org/0000-0003-0318-8646,University of Florida,US,2132,9632
K. M. Ecklund,https://orcid.org/0000-0002-6976-4637,Rice University,US,2132,107729
김정현,,,,2132,372
М. Г. Воронков,,,,2132,7132
Erica Bakker,,Pacific Northwest National Laboratory,US,2130,0
Japan. Ministry of Finance,,,,2130,0
John M. Opitz,https://orcid.org/0000-0002-6991-8835,,,2129,76118
Alexis Heath,,Pacific Northwest National Laboratory,US,2129,0
Xuefei Sun,https://orcid.org/0009-0007-9164-3114,Nanjing Tech University,CN,2129,2679
Steven R. Feldman,https://orcid.org/0000-0002-0090-6289,Wake Forest University,US,2128,57051
Jared Shaw,https://orcid.org/0000-0002-1130-1728,University of Nebraska–Lincoln,US,2128,2560
K. Śliwa,https://orcid.org/0000-0002-1201-4771,Tufts University,US,2127,138960
Andrew K. Burroughs,https://orcid.org/0000-0001-6527-457X,University College London,GB,2126,61080
J.E. Box,,General Electric (Norway),NO,2126,0
Hugo A. Katus,https://orcid.org/0000-0002-2293-2314,Heidelberg University,DE,2125,177686
Don Daniels,,,,2125,0
Yuri S. Kivshar,https://orcid.org/0000-0002-3410-812X,Australian National University,AU,2124,115245
Joseph J.�Y. Sung,https://orcid.org/0000-0003-3125-5199,Nanyang Technological University,SG,2123,142463
M. Negrini,https://orcid.org/0000-0003-0101-6963,University of Pavia,IT,2123,111815
Maria Perez,https://orcid.org/0009-0007-2935-6878,Environmental Molecular Sciences Laboratory,US,2123,0
Tujin Shi,https://orcid.org/0000-0002-5592-3588,Pacific Northwest National Laboratory,US,2123,0
Yang Liu,https://orcid.org/0000-0002-6872-6815,Macau University of Science and Technology,MO,2122,87063
T. D. A. Cockerell,,,,2122,6286
Zhang,,State Key Laboratory of Pollution Control and Resource Reuse,CN,2122,4073
W.H. Wilson Tang,https://orcid.org/0000-0002-8335-735X,Brigham and Women's Hospital,US,2121,110010
Yong Liu,https://orcid.org/0000-0002-2966-7867,Minzu University of China,CN,2121,3522
Jian Zhang,https://orcid.org/0000-0001-7217-0111,Tianjin University of Technology and Education,CN,2121,51564
Jian Zhang,https://orcid.org/0000-0003-3373-9621,Chinese Academy of Sciences,CN,2121,55680
Jean Bousquet,https://orcid.org/0000-0002-4061-4766,Humboldt-Universität zu Berlin,DE,2120,117487
D. Creanza,https://orcid.org/0000-0001-6153-3044,"Istituto Nazionale di Fisica Nucleare, Sezione di Bari",IT,2117,115070
A. G. Goussiou,https://orcid.org/0000-0001-6211-7122,University of Salento,IT,2117,124995
Elan Simon Parsons,,,,2117,76
Laura Bartley,https://orcid.org/0000-0001-8610-7551,Oak Ridge National Laboratory,US,2116,4696
V. Tisserand,https://orcid.org/0000-0003-4916-0446,Centre National de la Recherche Scientifique,FR,2116,79722
M. D’Onofrio,https://orcid.org/0000-0003-2408-5099,University of Liverpool,GB,2116,134071
José Elguero,https://orcid.org/0000-0002-9213-6858,Instituto de Química Médica,ES,2115,45715
Theophanis Constantinidis,https://orcid.org/0000-0001-9704-3864,National and Kapodistrian University of Athens,GR,2114,1257
J. Cuevas,https://orcid.org/0000-0001-5080-0821,Universidad de Oviedo,ES,2114,120004
Zen Revista,https://orcid.org/0009-0007-6299-2008,Zen-Noh (Japan),JP,2114,0
Michael P. Manns,https://orcid.org/0000-0002-4485-8856,Medizinische Hochschule Hannover,DE,2113,124061
Mohamad Mohty,https://orcid.org/0000-0002-7264-808X,Inserm,FR,2113,64409
Jonathan Swift,https://orcid.org/0000-0002-9486-818X,,,2113,3887
S. Willocq,https://orcid.org/0000-0002-4120-1453,,,2113,140709
F. F. Wilson,https://orcid.org/0000-0002-5552-0842,Rutherford Appleton Laboratory,GB,2113,83770
Douglas K. Rex,https://orcid.org/0000-0002-9836-4309,Indiana University School of Medicine,,2112,59355
L. Xu,https://orcid.org/0000-0001-8997-3199,University of Science and Technology of China,CN,2112,102228
Ben J. Harrison,https://orcid.org/0000-0002-2226-2074,The University of Melbourne,AU,2111,21018
김영민,,,,2111,259
G. Bella,https://orcid.org/0000-0002-4009-0990,Tel Aviv University,IL,2111,121664
Jürgen Schölmerich,,,,2111,39990
Scott D. Solomon,https://orcid.org/0000-0003-3698-9597,Brigham and Women's Hospital,US,2110,188395
Ki‐Hyun Kim,https://orcid.org/0000-0003-0487-4242,Hanyang University,KR,2110,105715
C. Schmitt,https://orcid.org/0000-0003-1471-690X,University of Wuppertal,DE,2110,120500
Bruce L. Miller,https://orcid.org/0000-0002-2152-4220,"University of California, San Francisco",US,2109,193799
C. Patrignani,https://orcid.org/0000-0002-5882-1747,"Istituto Nazionale di Fisica Nucleare, Sezione di Bologna",IT,2109,122985
Walter Greiner,,Gemeente Den Haag,NL,2109,85171
H. Li,https://orcid.org/0000-0002-2366-9554,South China Normal University,CN,2109,102848
Zhang,https://orcid.org/0009-0003-6705-7618,Heilongjiang University,CN,2109,1829
W. Wolfgang Fleischhacker,,Innsbruck Medical University,AT,2109,16768
Heather Wilkins,https://orcid.org/0000-0003-4563-4544,University of Kansas,US,2108,5482
J. Adelman,https://orcid.org/0000-0002-1041-3496,Northern Illinois University,US,2107,117927
Bobbie-Jo Webb-Robertson,,Pacific Northwest National Laboratory,US,2107,0
Hui Chen,https://orcid.org/0000-0001-6883-3752,Hebei Medical University,CN,2106,48265
M. Tytgat,https://orcid.org/0000-0002-3990-2074,Vrije Universiteit Brussel,BE,2106,114119
L. Mundim,https://orcid.org/0000-0001-9964-7805,Universidade do Estado do Rio de Janeiro,BR,2104,111852
Tao Tao,https://orcid.org/0000-0001-9862-8178,Department of Health,CN,2104,3713
Bagher Larijani,https://orcid.org/0000-0001-5386-7597,Tehran University of Medical Sciences,IR,2103,92601
Lars Køber,https://orcid.org/0000-0002-6635-1466,University of Copenhagen,DK,2103,145302
Giuseppe Mancia,https://orcid.org/0000-0003-0942-3176,University of Milano-Bicocca,IT,2103,161008
Annette Peters,https://orcid.org/0000-0001-6645-0985,Zimmer Biomet (Netherlands),NL,2103,173152
Tujin Shi,https://orcid.org/0000-0002-5592-3588,Pacific Northwest National Laboratory,US,2103,0
William J. Sandborn,https://orcid.org/0000-0002-3314-7960,University of San Diego,US,2101,166599
F. L. Navarria,https://orcid.org/0000-0001-7961-4889,"Istituto Nazionale di Fisica Nucleare, Sezione di Bologna",IT,2101,113580
Philippe Moreau,https://orcid.org/0000-0003-1780-8746,Centre National de la Recherche Scientifique,FR,2101,103591
R. Cable,,University of Michigan,US,2101,803
L. Nuo Nuo,,,,2100,69
Allen Sanborn,https://orcid.org/0000-0001-5729-7106,Barry University,US,2099,2313
K. Liu,https://orcid.org/0000-0001-5807-0501,Central South University,CN,2099,97006
Marina Konopleva,https://orcid.org/0000-0002-9347-2212,Albert Einstein College of Medicine,US,2098,72162
Kathryn A. Cunningham,https://orcid.org/0000-0002-4257-1739,John Sealy Hospital,US,2098,10764
S. Heim,https://orcid.org/0000-0002-2639-6571,Deutsches Elektronen-Synchrotron DESY,DE,2098,134053
G. Azuelos,https://orcid.org/0000-0003-4241-022X,Université de Montréal,CA,2098,125402
S. F. Novaes,https://orcid.org/0000-0003-0471-8549,Universidade Federal do ABC,BR,2097,120051
Michelle Davison,https://orcid.org/0000-0002-0748-949X,Pacific Northwest National Laboratory,US,2097,1565
A.M. Api,https://orcid.org/0000-0002-8960-6521,Research Institute for Fragrance Materials,US,2096,20981
Arnon Nagler,https://orcid.org/0000-0002-0763-1265,Sheba Medical Center,IL,2096,72945
A. Belyaev,https://orcid.org/0000-0002-1733-4408,Rutherford Appleton Laboratory,GB,2096,127602
Z. Wu,https://orcid.org/0000-0003-2165-9501,Shanxi Agricultural University,CN,2096,68086
M.-A. Pleier,https://orcid.org/0000-0002-9461-3494,Brookhaven National Laboratory,US,2095,124129
K. Terashi,https://orcid.org/0000-0001-6520-8070,Centre de physique des particules de Marseille,FR,2095,144223
Y. Yamazaki,https://orcid.org/0000-0003-3710-6995,Kobe University,JP,2094,124888
Rui Zhao,,Environmental Molecular Sciences Laboratory,US,2094,0
J. Beringer,https://orcid.org/0000-0002-9975-1781,Lawrence Berkeley National Laboratory,US,2093,169264
Muhammad Ali Imran,https://orcid.org/0000-0003-4743-9136,University of Lahore,PK,2093,33875
S. Leone,https://orcid.org/0000-0001-6222-9642,"Istituto Nazionale di Fisica Nucleare, Sezione di Pisa",IT,2093,97655
Josep Peñuelas,https://orcid.org/0000-0002-7215-0150,Universitat Autònoma de Barcelona,ES,2092,156176
Hui Wang,https://orcid.org/0000-0002-3521-5170,,,2092,2259
Jack Dongarra,https://orcid.org/0000-0003-3247-1782,Oak Ridge Associated Universities,US,2092,69896
Steve Lindemann,,Purdue University West Lafayette,US,2092,0
L. Taylor,https://orcid.org/0000-0002-6584-2538,Fermi National Accelerator Laboratory,US,2091,123144
Haitao Zhang,https://orcid.org/0000-0001-5949-6483,Wannan Medical College,CN,2091,6518
Ayalew Tefferi,https://orcid.org/0000-0003-4605-3821,Mayo Clinic,US,2090,104880
Elizabeth Michaelson,,University of Michigan,US,2090,7
Nikola Tolic,https://orcid.org/0000-0003-3950-9130,Environmental Molecular Sciences Laboratory,US,2090,0
Linda P. Spear,https://orcid.org/0000-0002-3089-0097,Binghamton University,US,2089,27704
Melissa Duhaime,https://orcid.org/0000-0001-7884-5087,University of Michigan,US,2089,0
Severiano F. Gayubo,,,,2088,958
D. Duda,https://orcid.org/0000-0002-5916-3467,University of Edinburgh,GB,2087,155606
Paolo Boffetta,https://orcid.org/0000-0002-3811-2791,Stony Brook University Hospital,US,2086,114272
H. Yang,https://orcid.org/0000-0003-3554-7113,University of Science and Technology of China,CN,2086,148684
Carlo Ferrarese,https://orcid.org/0000-0002-7499-6600,Azienda Ospedaliera San Gerardo,IT,2085,16933
GBIF.org User,,,,2085,0
S. Jabeen,https://orcid.org/0000-0002-0155-7383,Joint Quantum Institute,US,2084,109585
Liqun Zhang,https://orcid.org/0000-0002-2103-6294,Nanjing University of Chinese Medicine,CN,2084,79165
김정환,,Yonsei University,KR,2083,330
이재호,,,,2083,130
M. Liu,https://orcid.org/0000-0003-0056-7296,University of Science and Technology of China,CN,2083,129736
Renzo Guerrini,https://orcid.org/0000-0002-7272-7079,Meyer Children's Hospital,IT,2082,54706
A. E. Housman,,,,2082,724
Giuseppe Remuzzi,https://orcid.org/0000-0002-6194-3446,Mario Negri Institute for Pharmacological Research,IT,2082,321819
Kamlesh Khunti,https://orcid.org/0000-0003-2343-7099,University of Leicester,GB,2082,120221
Adrian L. Harris,https://orcid.org/0000-0003-1376-8409,University of Liverpool,GB,2081,157746
C. Kourkoumelis,https://orcid.org/0000-0003-0083-274X,National and Kapodistrian University of Athens,GR,2081,119503
GBIF.org User,,,,2081,0
Stefan M. Pfister,https://orcid.org/0000-0002-5447-5322,German Cancer Research Center,DE,2080,128696
Richard E. Champlin,https://orcid.org/0000-0002-4314-5037,The University of Texas MD Anderson Cancer Center,US,2079,77447
Liu .,,,,2079,3186
D. Wang,https://orcid.org/0000-0002-9013-1199,Shandong University,CN,2078,115708
Akira TODOROKI,,Tokyo Institute of Technology,JP,2077,9869
P. Giannetti,https://orcid.org/0000-0002-3721-9490,"Istituto Nazionale di Fisica Nucleare, Sezione di Pisa",IT,2077,104426
D. d’Enterria,https://orcid.org/0000-0002-5754-4303,Max Planck Institute for Physics,DE,2077,130996
G. Rolandi,https://orcid.org/0000-0002-0635-274X,University of Siena,IT,2076,131883
Wang,,Baylor College of Medicine,US,2076,2894
Raphael Susewind,https://orcid.org/0000-0003-1022-4748,London School of Economics and Political Science,GB,2075,190
Young Tae Kim,https://orcid.org/0000-0002-7347-1052,Seoul National University,KR,2075,14453
김동수,,,,2075,338
F. Barreiro,https://orcid.org/0000-0002-3021-0258,Chinese Academy of Sciences,CN,2075,124890
Daniel Bertrand,,Honeywell (Czechia),CZ,2075,18636
Editorial Office,,Translational Research in Oncology,FR,2075,357
M. Garcia-Sciveres,https://orcid.org/0000-0002-5800-4210,Lawrence Livermore National Laboratory,US,2075,130821
GBIF.org User,,,,2075,0
M. Pieri,https://orcid.org/0000-0003-3303-6301,University of California System,US,2074,108625
GBIF.org User,,,,2073,0
Anil Krishna Battu,https://orcid.org/0000-0001-7724-5100,Pacific Northwest National Laboratory,US,2072,1122
E. Gallo,https://orcid.org/0000-0001-7200-5175,Universität Hamburg,DE,2072,115405
Willy Malaisse,https://orcid.org/0000-0003-0375-7036,Université Libre de Bruxelles,BE,2071,23557
David R. Holmes,https://orcid.org/0000-0002-0037-0373,Mayo Clinic in Arizona,US,2071,139072
Izabel Stohel,,Pacific Northwest National Laboratory,US,2071,0
I. Redondo,https://orcid.org/0000-0003-3737-4121,Universidad de Oviedo,ES,2071,114675
M. Begel,https://orcid.org/0000-0002-1634-4399,Brookhaven National Laboratory,US,2070,118252
B Bernstein,,Broad Institute,US,2070,152
Г.В. Романенко,https://orcid.org/0000-0001-8852-2759,International Tomography Center,RU,2070,4669
Laurent Peyrin‐Biroulet,https://orcid.org/0000-0003-2536-6618,Inserm,FR,2070,89586
A. M. Cooper-Sarkar,https://orcid.org/0000-0002-7107-5902,University of Washington,US,2070,120878
Kosuke Imai,https://orcid.org/0000-0002-2748-1022,Harvard University,US,2068,38269
Dan Hemberger,,,,2068,179
E. Graugés,https://orcid.org/0000-0001-6571-4096,Universitat de Barcelona,ES,2068,75925
F. Bedeschi,https://orcid.org/0000-0002-8315-2119,"Istituto Nazionale di Fisica Nucleare, Sezione di Pisa",IT,2068,80977
Josep M. Guerrero,https://orcid.org/0000-0001-5236-4592,Universidad de Valladolid,ES,2068,120526
T. Carli,https://orcid.org/0000-0002-0411-1141,Laboratoire d’Annecy de Physique des Particules,FR,2067,149093
M. Cuffiani,https://orcid.org/0000-0003-2510-5039,"Istituto Nazionale di Fisica Nucleare, Sezione di Bologna",IT,2067,112989
Andrea Natale,https://orcid.org/0000-0002-5487-0728,University of Rome Tor Vergata,IT,2067,89332
Masayuki Yamamoto,https://orcid.org/0000-0002-9073-9436,Tohoku University,JP,2067,160936
Jack P. Lewis,,,,2066,0
Georgia Kamari,,,,2065,538
A. Kupčo,https://orcid.org/0000-0003-3692-1410,York University,CA,2065,126958
G. Pásżtor,https://orcid.org/0000-0003-0707-9762,Eötvös Loránd University,HU,2064,109439
N. Konstantinidis,https://orcid.org/0000-0002-4140-6360,Ochanomizu University,JP,2064,116831
William Nelson,https://orcid.org/0000-0002-1873-3929,Pacific Northwest National Laboratory,US,2064,50926
Li Zhang,https://orcid.org/0000-0003-1152-8962,Ningbo University,CN,2063,59299
H. Prosper,https://orcid.org/0000-0002-4077-2713,Florida State University,US,2063,117746
S.B. Andersen,,General Electric (Norway),NO,2063,0
D. Majumder,https://orcid.org/0000-0002-7578-0027,,,2062,143912
Jan Tack,https://orcid.org/0000-0002-3206-6704,KU Leuven,BE,2062,77087
Peter Malfertheiner,https://orcid.org/0000-0001-8439-9036,LMU Klinikum,DE,2062,69486
Various Authors,,,,2062,353
Unav,,,,2062,0
M. Schröder,https://orcid.org/0000-0001-8058-9828,Universität Hamburg,DE,2062,110684
Tse‐Lok Ho,,,,2062,3449
V. Brigljević,https://orcid.org/0000-0001-5847-0062,Ruđer Bošković Institute,HR,2061,114120
Colin L. Masters,https://orcid.org/0000-0003-3072-7940,The University of Melbourne,AU,2061,132096
Thomas H. Marwick,https://orcid.org/0000-0001-9065-0899,University of Tasmania,AU,2061,79182
GBIF.org User,,,,2061,0
Nina Horn,,Pacific Northwest National Laboratory,US,2060,0
Paul G. Richardson,https://orcid.org/0000-0002-7426-8865,Harvard University,US,2059,133162
M. Shimojima,https://orcid.org/0000-0002-8738-1664,Nagasaki Institute of Applied Science,JP,2059,132868
GBIF.org User,,,,2059,0
Nima Rezaei,https://orcid.org/0000-0002-3836-1827,Education and Research Network,IN,2058,112767
David S. Knopman,https://orcid.org/0000-0002-6544-066X,Mayo Clinic,US,2058,173112
J. Królikowski,https://orcid.org/0000-0002-3055-0236,University of Warsaw,PL,2058,109695
A. Nisati,https://orcid.org/0000-0002-5080-2293,Istituto Nazionale di Fisica Nucleare,IT,2057,122157
Stéphane Tirard,,Eckernforde Tanga University,TZ,2057,8503
Albert Hofman,https://orcid.org/0000-0002-9865-121X,Harvard University,US,2056,197906
Geoffrey I. Shapiro,https://orcid.org/0000-0002-3331-4095,Brigham and Women's Hospital,US,2056,58273
John DeLuca,https://orcid.org/0000-0003-3745-4156,"Rutgers, The State University of New Jersey",US,2056,31372
hillforts,,,,2056,0
A. Tricomi,https://orcid.org/0000-0002-5071-5501,Royal Holloway University of London,GB,2056,114400
C. Luci,https://orcid.org/0000-0001-7464-304X,University of Washington,US,2055,125926
﻿Yves Pommier,https://orcid.org/0000-0002-3108-0758,Office of the Director,US,2055,81079
Robin D. Rogers,https://orcid.org/0000-0001-9843-7494,University of Wyoming,US,2055,71451
Ö. Çakır,https://orcid.org/0000-0002-9016-138X,Ankara University,TR,2055,123098
Nadia Harbeck,https://orcid.org/0000-0002-9744-7372,Breast Center,CH,2054,88078
David W. Johnson,https://orcid.org/0000-0001-5491-3460,Translational Research Institute,AU,2054,83536
G. Iacobucci,https://orcid.org/0000-0001-9965-5442,University of Geneva,CH,2053,123438
Chang Zhang,https://orcid.org/0000-0002-5443-8951,NSF NCAR High Altitude Observatory,US,2053,8041
Tao -,,,,2053,5082
The Auk,,Dartmouth College,US,2053,0
Chen,,,,2052,5984
T. Vazquez Schroeder,https://orcid.org/0000-0002-9780-099X,Barcelona Institute of Science and Technology,ES,2051,112708
Rui Wang,https://orcid.org/0000-0003-3825-3620,Nanjing University of Posts and Telecommunications,CN,2051,73514
R. Keeler,https://orcid.org/0000-0002-0510-4189,University of Victoria,CA,2050,123914
A. Bondar,https://orcid.org/0000-0002-5089-5338,Twitter (United States),US,2050,83994
Ping Wang,https://orcid.org/0000-0002-1557-0394,Feinstein Institute for Medical Research,US,2050,52185
Mika Kivimäki,https://orcid.org/0000-0002-4699-5627,University of Helsinki,FI,2049,308858
A. Colaleo,https://orcid.org/0000-0002-0711-6319,"Istituto Nazionale di Fisica Nucleare, Sezione di Bari",IT,2049,111829
Zhao,,,,2049,3447
- -,,,,2049,0
Kazuo Tsubota,https://orcid.org/0000-0002-8874-7111,Keio University,JP,2048,68197
L. Feld,https://orcid.org/0000-0001-9813-8646,RWTH Aachen University,DE,2048,117754
Jean-Marie Manus,,,,2048,664
R. Arcidiacono,https://orcid.org/0000-0001-5904-142X,Università degli Studi del Piemonte Orientale “Amedeo Avogadro”,IT,2047,110233
Wei Hong,https://orcid.org/0000-0003-3478-2744,Jiangsu Normal University,CN,2047,40361
Long Wang,https://orcid.org/0000-0001-5600-8157,"Agency for Science, Technology and Research",SG,2047,44022
G. Tonelli,https://orcid.org/0000-0003-2606-9156,University of Siena,IT,2047,119488
Russian Federation,,,,2047,3307
GBIF.org User,,,,2047,0
J. Derek Woollins,https://orcid.org/0000-0002-1498-9652,University of St Andrews,GB,2046,13717
Chen,,,,2046,4388
Aabha Chhajer,,,,2046,0
M. Kuze,https://orcid.org/0000-0001-8858-8440,Universitat de València,ES,2045,119092
F. Blekman,https://orcid.org/0000-0002-7366-7098,Universität Hamburg,DE,2044,111479
Jürgen Kurths,https://orcid.org/0000-0002-5926-4276,Leibniz Association,DE,2044,102499
Jaganmohan Poli,,Geisinger Medical Center,US,2044,1181
M. J. Oreglia,https://orcid.org/0000-0001-6203-2209,Fermi National Accelerator Laboratory,US,2043,123177
김성진,,,,2043,242
R. Leitner,https://orcid.org/0000-0002-2994-2187,Universidade de São Paulo,BR,2043,125003
Michael Andreeff,https://orcid.org/0000-0002-1144-1958,The University of Texas MD Anderson Cancer Center,US,2043,74984
Stefaan Van Crombrugge,,,,2043,11
GBIF.org User,,,,2043,5
Timothy M. Swager,https://orcid.org/0000-0002-3577-0510,Massachusetts Institute of Technology,US,2042,58852
David Cunningham,https://orcid.org/0000-0001-5158-1069,Royal Marsden NHS Foundation Trust,GB,2042,132170
Unav,,,,2042,1
G. Abbiendi,https://orcid.org/0000-0003-4499-7562,"Istituto Nazionale di Fisica Nucleare, Sezione di Bologna",IT,2041,115279
Fang Xie,https://orcid.org/0000-0003-1817-8125,Guangxi Buffalo Research Institute,CN,2041,5695
R. Gupta,https://orcid.org/0000-0002-8224-6383,Inspiration Innovation Synergy University,IN,2041,1509
G. Mancinelli,https://orcid.org/0000-0003-1144-3678,Twitter (United States),US,2040,73368
Hugh Mitchell,https://orcid.org/0000-0003-0143-8461,Pacific Northwest National Laboratory,US,2040,0
Lye Meng Markillie,https://orcid.org/0000-0001-8275-4882,Environmental Molecular Sciences Laboratory,US,2040,0
GBIF.org User,,,,2040,0
김선희,,,,2039,553
Charles M. Perou,https://orcid.org/0000-0001-9827-2247,University of North Carolina at Chapel Hill,US,2039,260155
Peter A. Fasching,https://orcid.org/0000-0003-4885-8471,Universitätsklinikum Erlangen,DE,2038,81054
Nassir Navab,https://orcid.org/0000-0002-6032-5611,X-Fab (Germany),DE,2038,56002
D. Hutchcroft,https://orcid.org/0000-0002-4174-6509,National Research University Higher School of Economics,RU,2038,76928
David C. S. Roberts,https://orcid.org/0000-0001-7040-0155,Birmingham City University,GB,2037,17012
Eunju Kim,https://orcid.org/0000-0002-3929-2720,Seoul National University,KR,2037,687
Liang Yu,https://orcid.org/0009-0007-3922-3454,Beijing Language and Culture University,CN,2037,38967
Li Wang,https://orcid.org/0000-0003-3722-5986,Zaozhuang Municipal Hospital,CN,2037,38605
Yi Huang,https://orcid.org/0000-0001-7774-1024,Tibet University,CN,2036,34512
Christie M. Ballantyne,https://orcid.org/0000-0002-6432-1730,Manpower Demonstration Research Corporation,US,2035,126856
Anne Tjønneland,https://orcid.org/0000-0003-4385-2097,University of Copenhagen,DK,2035,131325
Nick Sconzo,,Pacific Northwest National Laboratory,US,2035,4
Franz Liszt,,,,2035,689
Torsten Haferlach,https://orcid.org/0000-0003-0196-2837,Martin Luther Christian University,IN,2034,62494
Dacheng Tao,https://orcid.org/0000-0001-7225-5449,The University of Sydney,AU,2034,102892
Leo A. Paquette,,The Ohio State University,US,2034,30445
A. Sznajder,https://orcid.org/0000-0001-6998-1108,Universidade do Estado do Rio de Janeiro,BR,2034,120321
Royal Botanic Garden Edinburgh,,,,2033,0
L. Jeffrey Medeiros,https://orcid.org/0000-0001-6577-8006,The University of Texas MD Anderson Cancer Center,US,2032,70935
W. Dąbrowski,https://orcid.org/0000-0001-9061-9568,Jagiellonian University,PL,2032,116459
S. Bianco,https://orcid.org/0000-0002-8300-4124,Istituto Nazionale di Fisica Nucleare,IT,2032,101381
Josh Cuevas Fernandez,,Pacific Northwest National Laboratory,US,2031,0
David Julian McClements,,University of Massachusetts Amherst,US,2030,181132
Xiao‐Jun Huang,https://orcid.org/0000-0002-2145-6643,Peking University,CN,2030,35090
Sophie Lehmann,https://orcid.org/0000-0001-8853-0257,Pacific Northwest National Laboratory,US,2030,0
Gianfranco Parati,https://orcid.org/0000-0001-9402-7439,IRCCS Istituto Auxologico Italiano,IT,2029,99299
M. Raidal,https://orcid.org/0000-0001-7040-9491,National Institute of Chemical Physics and Biophysics,EE,2029,120150
Jürgen Debus,https://orcid.org/0000-0002-6411-4811,Heidelberg University,DE,2029,67282
김성철,,,,2028,210
Jae-Young Lee,https://orcid.org/0009-0009-4813-0254,Cheongju University,KR,2028,470
Stephan Windecker,https://orcid.org/0000-0003-2653-6762,University of Bern,CH,2028,338854
Carol M. Highsmith,,,,2028,77
Ying Zhu,https://orcid.org/0000-0002-5416-0566,Environmental Molecular Sciences Laboratory,US,2028,0
A. Giammanco,https://orcid.org/0000-0001-9640-8294,Healthpoint,AE,2027,113176
R. Calabrese,https://orcid.org/0000-0002-1354-5400,University of Ferrara,IT,2027,64417
B Wold,https://orcid.org/0000-0003-3235-8130,California Institute of Technology,US,2026,74371
Pascal D. C. Dıetzel,https://orcid.org/0000-0001-5731-2118,University of Bergen,NO,2026,6370
김성환,,,,2025,224
Jacob Neusner,,,,2025,6927
G. M. Dallavalle,https://orcid.org/0000-0002-8614-0420,"Istituto Nazionale di Fisica Nucleare, Sezione di Bologna",IT,2025,112613
C. Grab,https://orcid.org/0000-0002-6182-3380,ETH Zurich,CH,2025,165280
Kyung Min Kim,https://orcid.org/0000-0002-0630-6073,,,2024,3426
L. Benussi,https://orcid.org/0000-0002-2363-8889,"Istituto Nazionale di Fisica Nucleare, Laboratori Nazionali di Frascati",IT,2024,107490
Mycological collection Z + ZT,,,,2024,0
Shigeyuki Yokoyama,https://orcid.org/0000-0003-3133-7338,Tokyo Institute of Technology,JP,2023,58607
Seong‐Ho Choi,https://orcid.org/0000-0001-6704-6124,Chungbuk National University,KR,2023,16644
Z. Hubáček,https://orcid.org/0000-0003-3250-9066,Sun Yat-sen University,CN,2022,124092
Tobin J. Marks,https://orcid.org/0000-0001-8771-0141,Materials Research Center,IN,2021,130630
Sara Valdimarsdottir,https://orcid.org/0000-0002-6757-1970,University of Kentucky,US,2021,0
Carlos Rodriguez Lopez,https://orcid.org/0000-0002-9704-9788,University of Kentucky,US,2021,0
Christian Torp‐Pedersen,https://orcid.org/0000-0003-2892-6131,University of Copenhagen,DK,2020,92126
Stefan Bräse,,Karlsruhe Institute of Technology,DE,2020,37655
Allan S. Brett,,University of Calgary,CA,2020,3369
Jing Wang,https://orcid.org/0000-0002-3793-3264,Beihua University,CN,2020,37981
Valerie A. Canady,,,,2019,630
S. D. Worm,https://orcid.org/0000-0002-3865-4996,Laboratoire d’Annecy de Physique des Particules,FR,2019,113795
Roland Hetzer,,Euro-Centrum,PL,2019,38558
A. Rosowsky,https://orcid.org/0000-0001-7803-6650,Commissariat à l'Énergie Atomique et aux Énergies Alternatives,FR,2018,110205
A. Haas,https://orcid.org/0000-0002-4832-0455,New York University,US,2017,125836
Rui Rui,,Chinese Academy of Medical Sciences & Peking Union Medical College,CN,2017,3173
G. Martı́nez,https://orcid.org/0000-0001-5443-9383,Florida State University,US,2017,125882
Albert C. Ludolph,https://orcid.org/0000-0002-5401-0904,Universität Ulm,DE,2016,49563
Gordon C. Tucker,,Eastern Illinois University,US,2016,9456
G. Herten,https://orcid.org/0000-0001-7661-5122,University of Freiburg,DE,2016,119706
Jon Magnuson,https://orcid.org/0000-0001-7712-7024,Pacific Northwest National Laboratory,US,2016,11375
C. Riccardi,https://orcid.org/0000-0003-0165-3962,University of Pavia,IT,2016,109094
GBIF.org User,,,,2016,0
D. A. Ritchie,https://orcid.org/0000-0002-9844-8350,Bridge University,SS,2015,46715
Zhang Jian,https://orcid.org/0000-0002-4302-8594,,,2015,83
L. Silvestris,https://orcid.org/0000-0002-8985-4891,"Istituto Nazionale di Fisica Nucleare, Sezione di Bari",IT,2015,115973
Ammar Haouimi,,Imagerie Médicale et Radiothérapie Drôme Ardèche,FR,2014,429
L. Bellagamba,https://orcid.org/0000-0001-7098-9393,"Istituto Nazionale di Fisica Nucleare, Sezione di Bologna",IT,2014,152155
E. ̃Tassi,https://orcid.org/0000-0002-3335-6500,Charles University,CZ,2014,111418
GlobalDigitalHeritage,,,,2014,0
Michael G. Fehlings,https://orcid.org/0000-0002-5722-6364,St. Michael's Hospital,CA,2013,96946
P. G. Mercadante,https://orcid.org/0000-0001-8333-4302,Universidade Federal do ABC,BR,2012,109176
S. Chauhan,https://orcid.org/0000-0002-6544-5794,,,2010,126965
M. Paganoni,https://orcid.org/0000-0003-2461-275X,"Istituto Nazionale di Fisica Nucleare, Sezione di Milano Bicocca",IT,2010,112823
Tong Zhang,https://orcid.org/0000-0003-2540-2017,Pacific Northwest National Laboratory,US,2010,0
Chia-Feng Tsai,https://orcid.org/0000-0002-6514-6911,Pacific Northwest National Laboratory,US,2010,0
Wernér E.G. Müller,https://orcid.org/0000-0002-8223-3689,Johannes Gutenberg University Mainz,DE,2009,58132
Nicholas J. White,https://orcid.org/0000-0002-1897-1978,Mahidol University,TH,2009,137451
Hao Wang,https://orcid.org/0000-0001-9301-5989,Stevens Institute of Technology,US,2009,29641
P. Urquijo,https://orcid.org/0000-0002-0887-7953,Twitter (United States),US,2008,120807
M. Aoki,https://orcid.org/0000-0001-7498-0097,High Energy Accelerator Research Organization,JP,2007,104316
Bertrand Russell,,,,2007,36876
F. Cavallari,https://orcid.org/0000-0002-1061-3877,"Istituto Nazionale di Fisica Nucleare, Sezione di Roma I",IT,2007,111422
Philippe Georgeault,,"Institut National de Recherche pour l'Agriculture, l'Alimentation et l'Environnement",FR,2006,4
Jae Hyun Kim,https://orcid.org/0000-0002-4272-8003,Keimyung University Dongsan Medical Center,KR,2006,1954
WANG Li,,Army Medical University,CN,2005,94
M. Bosman,https://orcid.org/0000-0002-7290-643X,Barcelona Institute of Science and Technology,ES,2005,118289
Hideo Hosono,https://orcid.org/0000-0001-9260-6728,National Institute for Materials Science,JP,2003,104658
William Cowper,,,,2003,545
J. F. Hu,https://orcid.org/0000-0002-8227-4544,Xidian University,CN,2003,43403
Henderson James Cleaves,https://orcid.org/0000-0003-4101-0654,Tokyo Institute of Technology,JP,2002,7415
Natalie Sadler,https://orcid.org/0000-0003-1161-5687,Pacific Northwest National Laboratory,US,2002,0
A. Onofre,https://orcid.org/0000-0003-3471-2703,LIP - Laboratory of Instrumentation and Experimental Particle Physics,PT,2001,116512
S. Buontempo,https://orcid.org/0000-0001-9526-556X,Istituto Nazionale di Fisica Nucleare,IT,2001,105435
Warren H. Meck,https://orcid.org/0000-0002-6120-4790,Duke University,US,2000,35489
R. Tanaka,https://orcid.org/0000-0002-9929-1797,Centre National de la Recherche Scientifique,FR,2000,120961
佚名,,,,2000,4
G. Punzi,https://orcid.org/0000-0002-8346-9052,University of Pisa,IT,1999,89106
P. Vitulo,https://orcid.org/0000-0001-9247-7778,University of Pavia,IT,1999,107699
Zheng Zheng,https://orcid.org/0000-0002-5271-9215,Zhejiang Normal University,CN,1999,5279
Library Staff,,,,1998,10
M. Iqbal Choudhary,https://orcid.org/0000-0001-5356-3585,Shihezi University,CN,1998,37787
S. D’Auria,https://orcid.org/0000-0003-3393-6318,University of Milan,IT,1998,125481
MARY ELLEN SCHNEIDER,https://orcid.org/0000-0002-1592-7517,University Hospital Carl Gustav Carus,DE,1998,208
F. Ligabue,https://orcid.org/0000-0002-1549-7107,University of Siena,IT,1998,115596
Liu Y,https://orcid.org/0000-0002-0994-0109,Hunan Institute of Science and Technology,CN,1998,14933
Lin -,,,,1998,2187
A. Santoro,https://orcid.org/0000-0002-0568-665X,Universidade do Estado do Rio de Janeiro,BR,1996,111011
M. Dam,https://orcid.org/0000-0001-6278-9674,University of Copenhagen,DK,1996,122494
E. Migliore,https://orcid.org/0000-0002-2271-5192,Università degli Studi del Piemonte Orientale “Amedeo Avogadro”,IT,1996,110546
H. K. Hadavand,https://orcid.org/0000-0001-5447-3346,The University of Texas at Arlington,US,1995,124308
Patrick D. McGorry,https://orcid.org/0000-0002-3789-6168,The University of Melbourne,AU,1995,96863
Brian O. Patrick,https://orcid.org/0000-0002-2921-8439,University of British Columbia,CA,1994,18483
Jian Wang,https://orcid.org/0000-0001-5130-300X,University of Nebraska–Lincoln,US,1994,47125
K. Doroba,https://orcid.org/0000-0002-7818-2364,Warsaw University of Technology,PL,1994,113223
Dušan Veličković,https://orcid.org/0000-0001-7945-9620,Battelle,US,1993,0
T. Ferbel,https://orcid.org/0000-0002-6733-131X,,,1992,100764
N. Cartiglia,https://orcid.org/0000-0002-0548-9189,Università degli Studi del Piemonte Orientale “Amedeo Avogadro”,IT,1992,112637
Aziz Sheikh,https://orcid.org/0000-0001-7022-3056,University of Oxford,GB,1991,210410
Martin B. Leon,,Columbia University Irving Medical Center,US,1991,187555
M. J. Shochet,https://orcid.org/0000-0002-3017-826X,University of Chicago,US,1991,108941
Martin Jansen,https://orcid.org/0000-0003-0762-0985,Max Planck Society,DE,1990,32718
A. Yagil,https://orcid.org/0000-0002-6108-4004,"University of California, Santa Barbara",US,1990,115890
GBIF.org User,,,,1990,2
B. Abbott,https://orcid.org/0000-0002-5888-2734,University of Oklahoma,US,1989,105897
M. Arneodo,https://orcid.org/0000-0002-7790-7132,Università degli Studi del Piemonte Orientale “Amedeo Avogadro”,IT,1988,119230
Matt Schmittle,,,,1986,151
T.M. Penning,https://orcid.org/0000-0002-3937-1066,Translational Therapeutics (United States),US,1986,28320
Mike Taylor,https://orcid.org/0000-0002-1003-5675,,,1985,2342
V. Canale,https://orcid.org/0000-0003-2303-9306,"Istituto Nazionale di Fisica Nucleare, Sezione di Napoli",IT,1985,118888
G. Graner,,,,1985,2
K. Rabbertz,https://orcid.org/0000-0001-7040-9846,Karlsruhe Institute of Technology,DE,1984,126506
A. C. Fabian,https://orcid.org/0000-0002-9378-4072,University of Cambridge,GB,1984,89328
Jie Jack Li,https://orcid.org/0000-0003-0991-2471,Zhejiang A & F University,CN,1984,3575
Andrea Salonia,https://orcid.org/0000-0002-0595-7165,Vita-Salute San Raffaele University,IT,1983,37767
T. Hebbeker,https://orcid.org/0000-0002-9736-266X,Indian Institute of Dalit Studies,IN,1982,89811
Kate Conti,,,,1982,0
Encyclopedia of Modern Ukraine,,,,1982,0
Mohsen Guizani,https://orcid.org/0000-0002-8972-8094,Mohamed bin Zayed University of Artificial Intelligence,AE,1981,84612
Nanette Boyle,https://orcid.org/0000-0002-9103-0007,Colorado School of Mines,US,1981,2113
GBIF.org User,,,,1981,0
M. Voutilainen,https://orcid.org/0000-0002-5200-6477,University of Helsinki,FI,1980,108643
Igor Uspensky,https://orcid.org/0000-0003-1564-547X,Hebrew University of Jerusalem,IL,1979,930
Ronald C. Petersen,https://orcid.org/0000-0002-8178-6601,Mayo Clinic in Arizona,US,1979,204614
G. Duckeck,https://orcid.org/0000-0002-7756-7801,Ludwig-Maximilians-Universität München,DE,1979,117160
Ma -,,Sun Yat-sen University,CN,1979,3775
Beate Neumann,https://orcid.org/0000-0002-6899-502X,Bielefeld University,DE,1977,19767
Theodora Duka,https://orcid.org/0000-0001-9081-6457,University of Sussex,GB,1977,10841
Chris McBride,https://orcid.org/0000-0001-5784-9767,Commonwealth Scientific and Industrial Research Organisation,AU,1977,1753
GBIF.org User,,,,1977,0
Scott Kopetz,https://orcid.org/0000-0001-9647-3416,The University of Texas MD Anderson Cancer Center,US,1976,59397
C. Lacasta,https://orcid.org/0000-0002-2623-6252,Universitat de València,ES,1976,115817
E. R. de Kloet,https://orcid.org/0000-0001-9176-1830,Leiden University Medical Center,NL,1976,66507
M. Villa,https://orcid.org/0000-0002-9181-8048,Universitat de València,ES,1976,108030
F. von Delft,https://orcid.org/0000-0003-0378-0017,Science and Technology Facilities Council,GB,1975,12198
J. F. Benitez,https://orcid.org/0000-0002-2633-6712,Universidad de Sonora,MX,1975,108643
Luc Van Gool,https://orcid.org/0000-0002-3445-5711,"Sofia University ""St. Kliment Ohridski""",BG,1974,173466
United Nations,,,,1974,2956
David S. Hong,https://orcid.org/0000-0001-8721-1609,The University of Texas MD Anderson Cancer Center,US,1974,48025
André G. Uitterlinden,https://orcid.org/0000-0002-7276-3387,Oslo University Hospital,NO,1974,247122
Erick M. Carreira,https://orcid.org/0000-0003-1472-490X,Board of the Swiss Federal Institutes of Technology,CH,1974,44629
Eric Boerwinkle,https://orcid.org/0000-0001-8813-0544,Baylor College of Medicine,US,1974,235713
P. Giacomelli,https://orcid.org/0000-0002-6368-7220,"Istituto Nazionale di Fisica Nucleare, Sezione di Bologna",IT,1974,110078
D. Britton,https://orcid.org/0000-0001-9998-4342,University of Glasgow,GB,1973,113477
Markus M. Nöthen,https://orcid.org/0000-0002-8770-2464,University of Bonn,DE,1972,139610
N. Pastrone,https://orcid.org/0000-0001-7291-1979,Università degli Studi del Piemonte Orientale “Amedeo Avogadro”,IT,1972,109240
Andreas Heinz,https://orcid.org/0000-0001-5405-9065,Humboldt-Universität zu Berlin,DE,1971,74896
Defence,,,,1971,157
John A. Spertus,https://orcid.org/0000-0002-2839-2611,Saint Luke's Health System,US,1970,124261
W. Dekant,https://orcid.org/0000-0002-6292-6138,University of Würzburg,DE,1970,16360
Anthony Atala,https://orcid.org/0000-0001-8186-2160,Forest Institute,US,1970,82374
Christoph U. Correll,https://orcid.org/0000-0002-7254-5646,Northwell Health,US,1970,85854
C. Collard,https://orcid.org/0000-0002-5230-8387,Centre National de la Recherche Scientifique,FR,1970,125029
Per E. Andrén,https://orcid.org/0000-0002-4062-7743,Uppsala University,SE,1970,9141
Tsutomu Takeuchi,https://orcid.org/0000-0003-1111-8218,Keio University,JP,1970,55253
Abraham Kuol Nyuon,,Institute for Peace Research and Security Policy,DE,1970,0
W. Walkowiak,https://orcid.org/0000-0002-0385-3784,Rutherford Appleton Laboratory,GB,1969,140973
Amy Jystad,,Pacific Northwest National Laboratory,US,1969,138
W. Wiedenmann,https://orcid.org/0000-0003-3605-3633,,,1969,114766
M.R.J. Elsegood,https://orcid.org/0000-0002-8984-4175,Loughborough University,GB,1968,13747
P. Calafiura,https://orcid.org/0000-0002-1692-1678,Lawrence Berkeley National Laboratory,US,1968,118708
Hong Li,https://orcid.org/0000-0002-8659-086X,Qingdao University,CN,1968,109383
P. Spagnolo,https://orcid.org/0000-0001-7962-5203,University of Siena,IT,1968,112223
Dörte Stephan,,,,1968,678
Feng Wang,https://orcid.org/0000-0002-9167-8743,Dalian Institute of Chemical Physics,CN,1967,23116
김종수,,,,1967,196
F. Blanc,https://orcid.org/0000-0001-5775-3132,FZU ‒ Institute of Physics of the Academy of Sciences of the Czech Republic,CZ,1966,67942
P. Morettini,https://orcid.org/0000-0001-7139-7912,Universidad Nacional de Colombia,CO,1966,119115
Martin Paul Eve,https://orcid.org/0000-0002-5589-8511,St. Cloud State University,US,1966,4190
S. Chatterjee,https://orcid.org/0000-0003-2660-0349,National Institute of Technology Durgapur,IN,1966,78340
Y. Rozen,https://orcid.org/0000-0001-6969-0634,Technion – Israel Institute of Technology,IL,1965,112989
C. Ávila,https://orcid.org/0000-0002-5610-2693,Universidad de Los Andes,CO,1965,95559
D. A. Ramsay,,,,1965,2
H.-C. Schultz-Coulon,https://orcid.org/0000-0002-0860-7240,Heidelberg University,DE,1965,113452
Béla Merkely,https://orcid.org/0000-0001-6514-0723,Semmelweis University,HU,1965,118471
Wei Chen,https://orcid.org/0000-0001-5451-6430,Chinese Academy of Sciences,CN,1965,34002
Rosario Scopelliti,https://orcid.org/0000-0001-8161-8715,École Polytechnique Fédérale de Lausanne,CH,1964,28473
S. Costa,https://orcid.org/0000-0001-9919-0569,University of Catania,IT,1964,104677
Ralph H. Hruban,https://orcid.org/0000-0003-4554-5672,Johns Hopkins University,US,1963,206948
Orhan Büyükgüngör,,Ondokuz Mayıs University,TR,1963,9404
J. Daams,,,,1963,12
Hubert Scharnagl,https://orcid.org/0000-0002-2750-006X,Medical University of Graz,AT,1963,24507
B. Liu,https://orcid.org/0000-0002-0721-8331,Sun Yat-sen University,CN,1963,107162
M. Lefebvre,https://orcid.org/0000-0002-5560-0586,University of Victoria,CA,1962,114161
M. Capua,https://orcid.org/0000-0002-2443-6525,"Istituto Nazionale di Fisica Nucleare, Laboratori Nazionali di Frascati",IT,1962,112457
Institut Français Du Proche-Orient,,,,1961,0
Karl Friston,https://orcid.org/0000-0001-7984-8909,Wellcome Centre for Human Neuroimaging,GB,1961,306437
O. Evdokimov,https://orcid.org/0000-0002-1250-8931,University of Illinois Chicago,US,1961,101010
E. Meschi,https://orcid.org/0000-0003-4502-6151,European Organization for Nuclear Research,CH,1961,116978
H. Eugene Stanley,https://orcid.org/0000-0003-2800-4495,Boston University,US,1960,197034
S. J. Hillier,https://orcid.org/0000-0002-7599-6469,University of Toronto,CA,1960,117844
L. Malgeri,https://orcid.org/0000-0002-0113-7389,European Organization for Nuclear Research,CH,1960,114104
M. Naimuddin,https://orcid.org/0000-0003-4542-386X,University of Delhi,IN,1960,106684
Joon Du Randt,,Letterkenny Institute of Technology,IE,1959,0
George P. Chrousos,https://orcid.org/0000-0002-3098-5264,UNESCO,FR,1958,133007
M. Elsing,https://orcid.org/0000-0002-1213-0545,New York University,US,1958,119686
M. P. J. Landon,https://orcid.org/0000-0001-6828-9769,Queen Mary University of London,GB,1958,124642
Hubert Wadepohl,https://orcid.org/0000-0002-5305-6572,Heidelberg University,DE,1958,11599
S. Ragazzi,https://orcid.org/0000-0001-8219-2074,"Istituto Nazionale di Fisica Nucleare, Sezione di Milano Bicocca",IT,1958,111241
Tao Liu,https://orcid.org/0000-0001-9529-6550,Pacific Northwest National Laboratory,US,1958,0
Sandro Galea,https://orcid.org/0000-0002-7534-0945,Washington University in St. Louis,US,1957,90628
A. Sfyrla,https://orcid.org/0000-0002-3003-9905,University of Geneva,CH,1957,117956
T. Bergauer,https://orcid.org/0000-0002-5786-0293,Austrian Academy of Sciences,AT,1957,105947
独立行政法人国立文化財機構奈良文化財研究所,,,,1956,0
F. Ragusa,https://orcid.org/0000-0002-4064-0489,University of Milan,IT,1955,119072
S. Sarkar,https://orcid.org/0000-0002-3542-858X,Saha Institute of Nuclear Physics,IN,1955,140367
Róbert Langer,https://orcid.org/0000-0003-4255-0492,Boston Children's Hospital,US,1955,299198
Siegfried Kasper,https://orcid.org/0000-0001-8278-191X,Medical University of Vienna,AT,1955,52239
Tobias Welte,https://orcid.org/0000-0002-9947-7356,Medizinische Hochschule Hannover,DE,1955,80551
S. Němeček,https://orcid.org/0000-0001-8978-7150,University of Michigan,US,1955,115513
Tanja Fehm,https://orcid.org/0000-0002-4926-0108,Düsseldorf University Hospital,DE,1955,35355
Xiao Dong Chen,https://orcid.org/0000-0002-0150-0491,Nanjing Forestry University,CN,1954,44338
Arno Villringer,https://orcid.org/0000-0003-2604-2404,Leipzig University of Applied Sciences,DE,1953,61720
A. Sopczak,https://orcid.org/0000-0001-6981-0544,Czech Technical University in Prague,CZ,1953,82043
Sheng Wang,https://orcid.org/0000-0003-1455-2271,Chinese Academy of Sciences,CN,1953,40
A. Gabrielli,https://orcid.org/0000-0003-0768-9325,University of Toronto,CA,1953,108492
Xü,,Center for Cancer Research,US,1953,2981
P. Villars,,,,1952,12
Mario Plebani,https://orcid.org/0000-0002-0270-1711,University of Padua,IT,1952,64294
C. M. Buttar,https://orcid.org/0000-0003-0188-6491,University of Glasgow,GB,1952,118055
Hiroshi Ito,https://orcid.org/0000-0002-9857-8614,Yamagata University,JP,1952,39276
Bodo Grimbacher,https://orcid.org/0000-0002-6897-6806,University of Freiburg,DE,1952,37788
David J. Richardson,https://orcid.org/0000-0002-4092-6970,University of East Anglia,GB,1952,42626
Florian Läng,https://orcid.org/0000-0003-2962-1540,University of Duisburg-Essen,DE,1952,91531
Олег Н. Чупахин,https://orcid.org/0000-0002-1672-2476,Ural Federal University,RU,1952,13420
John L. Hopper,https://orcid.org/0000-0002-8567-173X,The University of Melbourne,AU,1951,82554
Heng Li,https://orcid.org/0000-0002-3187-9041,Central South University,CN,1951,51553
David N. Herndon,https://orcid.org/0000-0002-3861-6463,Joseph M. Still Research Foundation,US,1950,58213
Author Not applicable,,,,1950,72
Carlos A. Camargo,https://orcid.org/0000-0002-5071-7654,Harvard University,US,1950,95268
F. Corriveau,https://orcid.org/0000-0002-4970-7600,Universitat de València,ES,1950,114999
C. Grandi,https://orcid.org/0000-0001-5998-3070,Istituto Nazionale di Fisica Nucleare,IT,1950,107107
Viswanathan Mohan,https://orcid.org/0000-0001-5038-6210,Government of Tamil Nadu,IN,1949,138464
John F. Thompson,https://orcid.org/0000-0002-2816-2496,The University of Sydney,AU,1949,123496
Rainer Pöttgen,https://orcid.org/0000-0003-0962-279X,University of Münster,DE,1948,23667
J. Fraser Stoddart,https://orcid.org/0000-0003-3161-3697,Northwestern University,US,1948,138754
Thomas Hofmann,https://orcid.org/0000-0003-4057-7165,Osnabrück University,DE,1948,67796
E. Lançon,https://orcid.org/0000-0002-0225-187X,Northern Illinois University,US,1948,124564
F. Ren,https://orcid.org/0000-0001-9234-019X,University of Florida,US,1948,47182
E. Longo,https://orcid.org/0000-0001-8062-7791,Universidade Federal de São Carlos,BR,1947,59692
C. Alexa,https://orcid.org/0000-0003-0922-7669,Horia Hulubei National Institute for R and D in Physics and Nuclear Engineering,RO,1947,116364
Peng Shi,https://orcid.org/0000-0001-8218-586X,Shandong University of Technology,CN,1947,87709
Glenn P. A. Yap,https://orcid.org/0000-0003-0385-387X,University of Delaware,US,1946,26305
Christian Näther,https://orcid.org/0000-0001-8741-6508,Christian-Albrechts-Universität zu Kiel,DE,1946,16789
Micaela Morelli,https://orcid.org/0000-0003-0394-5782,University of Cagliari,IT,1946,13303
Mahmud Hossain,,University of Dhaka,BD,1946,1084
T. Rovelli,https://orcid.org/0000-0002-9746-4842,"Istituto Nazionale di Fisica Nucleare, Sezione di Bologna",IT,1946,112743
이승훈,,,,1945,156
Bionomia,,,,1945,0
M.L. Dagli,https://orcid.org/0000-0001-7031-6711,Universidade de São Paulo,BR,1944,8821
Muhammad Nawaz Tahir,https://orcid.org/0000-0002-6815-9806,University of Sargodha,PK,1944,16571
X. Ju,https://orcid.org/0000-0002-9745-1638,Lawrence Berkeley National Laboratory,US,1943,105848
Andrew V. Schally,https://orcid.org/0000-0003-1273-6747,University of Miami,US,1942,70166
Yan Wang,https://orcid.org/0000-0002-5344-1884,Brock University,CA,1942,28288
M. Donegà,https://orcid.org/0000-0001-9830-0412,ETH Zurich,CH,1941,113486
Minoru Yoshida,https://orcid.org/0000-0002-4376-5674,RIKEN Center for Sustainable Resource Science,JP,1941,62222
Yu Mi Kwon,https://orcid.org/0000-0003-0523-6197,Pacific Northwest National Laboratory,US,1941,978
Yoshihiro Kawaoka,https://orcid.org/0000-0001-5061-8296,University of Wisconsin–Madison,US,1941,101800
FACP. FACP.,,,,1941,194
Josef Coresh,https://orcid.org/0000-0002-4598-0669,Optimal Solutions (United States),US,1940,276308
E. Yazgan,https://orcid.org/0000-0001-5732-7950,Chulalongkorn University,TH,1940,104681
Wei Wang,https://orcid.org/0000-0002-2411-7399,Guangxi University,CN,1940,36973
Kefa Cen,https://orcid.org/0000-0003-1746-0401,Guangxi University,CN,1938,55363
G. Alimonti,https://orcid.org/0000-0002-7128-9046,"Istituto Nazionale di Fisica Nucleare, Sezione di Milano",IT,1938,118976
Cheng Li,https://orcid.org/0000-0001-6110-8099,University of Science and Technology of China,CN,1938,28665
Automatische Kamera,,,,1938,0
Ch. Tsitouras,https://orcid.org/0000-0001-6801-8117,Democritus University of Thrace,GR,1937,6670
Shweta Bansal,https://orcid.org/0000-0002-1740-5421,Gandhi Medical College & Hospital,IN,1937,8340
Morie A. Gertz,https://orcid.org/0000-0002-3853-5196,Mayo Clinic,US,1937,84578
O. Smirnova,https://orcid.org/0000-0003-2517-531X,Lund University,SE,1937,109576
E. Luppi,https://orcid.org/0000-0002-1072-5633,University of Ferrara,IT,1937,62982
Carl Djerassi,,,,1937,49310
A. Venturi,https://orcid.org/0000-0002-0249-4142,University of Siena,IT,1937,113400
김창수,,,,1936,301
B. Cornils,,,,1936,6123
M. Dragicevic,https://orcid.org/0000-0003-1967-6783,Institute of High Energy Physics,AT,1936,105303
M. Cobal,https://orcid.org/0000-0003-3309-0762,University of Udine,IT,1935,125679
K. Hanagaki,https://orcid.org/0000-0003-0676-0441,High Energy Accelerator Research Organization,JP,1935,121323
B. De La Cruz,https://orcid.org/0000-0001-9057-5614,"Centro de Investigaciones Energéticas, Medioambientales y Tecnológicas",ES,1935,111283
T. C. Petersen,https://orcid.org/0000-0003-0221-3037,University of Copenhagen,DK,1935,119719
D.C. Liebler,https://orcid.org/0000-0002-7873-3031,Nashville Oncology Associates,US,1934,41320
GBIF.org User,,,,1934,0
Ahmad Fauzi Ismail,https://orcid.org/0000-0003-0150-625X,University of Technology Malaysia,MY,1933,84611
Agnes Quisumbing,https://orcid.org/0000-0002-5429-1857,International Food Policy Research Institute,US,1933,21264
F. Matorras,https://orcid.org/0000-0003-4295-5668,Universidad de Cantabria,ES,1933,111344
Mali H. Rosnes,https://orcid.org/0000-0003-3274-9967,University of Bergen,NO,1932,1813
L. De Paula,https://orcid.org/0000-0002-4984-7734,Universidade Federal do Rio de Janeiro,BR,1931,70164
S. Bansal,https://orcid.org/0000-0003-1992-0336,Panjab University,IN,1931,100847
Robert Schumann,https://orcid.org/0000-0001-5970-1299,Universität Hamburg,DE,1931,569
Judith A. K. Howard,https://orcid.org/0000-0002-1871-4349,Durham University,GB,1931,72042
J. Piedra Gomez,https://orcid.org/0000-0002-9157-1700,Universidad de Cantabria,ES,1931,137962
Chen Chao Wei,https://orcid.org/0000-0002-0087-0845,Shanghai University of Traditional Chinese Medicine,CN,1930,61
G. Chiarelli,https://orcid.org/0000-0001-9851-4816,Istituto Nazionale di Fisica Nucleare,IT,1930,81733
D. Bourilkov,https://orcid.org/0000-0003-0260-4935,University of Florida,US,1930,105747
N. Leonardo,https://orcid.org/0000-0002-9746-4594,University of Lisbon,PT,1929,114387
A. Ereditato,https://orcid.org/0000-0002-5423-8079,University of Manchester,GB,1929,130429
Ladislav Dušek,https://orcid.org/0000-0002-8589-4378,Masaryk University,CZ,1928,23766
T. M. Hong,https://orcid.org/0000-0001-7834-328X,University of Pittsburgh,US,1928,100871
A. A. Affolder,https://orcid.org/0000-0002-9058-7217,"University of California, Santa Cruz",US,1928,87006
Sérgio Neves Monteiro,https://orcid.org/0000-0003-1208-1234,Universidade do Estado do Rio de Janeiro,BR,1927,19963
Naomi Fineberg,https://orcid.org/0000-0003-1158-6900,University of Hertfordshire,GB,1927,31738
王丽,,,,1927,343
Guo,,,,1927,3621
E. Hirota,,,,1926,2
Worldly Knowledge Publishing Centre,,"""Dunarea de Jos"" University of Galati",RO,1926,1
I. P. Beletskaya,https://orcid.org/0000-0001-9705-1434,Russian Academy of Sciences,RU,1924,34349
Yasuhiro Uozumi,https://orcid.org/0000-0001-6805-3422,Institute for Molecular Science,JP,1924,13001
Jan A. Staessen,https://orcid.org/0000-0002-3026-1637,Jagiellonian University,PL,1923,121964
이재훈,,,,1923,190
W. Waltenberger,https://orcid.org/0000-0002-6215-7228,University of Vienna,AT,1922,106248
A. I. Mincer,https://orcid.org/0000-0002-6307-1418,Tbilisi State University,GE,1922,119704
A. Pfeiffer,https://orcid.org/0000-0001-5328-448X,European Organization for Nuclear Research,CH,1922,139869
Lin Li,https://orcid.org/0000-0002-8014-8296,Cleveland Clinic,US,1922,29035
K. Cranmer,https://orcid.org/0000-0002-5769-7094,University of Wisconsin–Madison,US,1922,125781
Simon J. Teat,https://orcid.org/0000-0001-9515-2602,Lawrence Berkeley National Laboratory,US,1921,29012
Akira Hasegawa,https://orcid.org/0000-0001-7377-3061,Nagoya Institute of Technology,JP,1921,59500
L. Dudko,https://orcid.org/0000-0002-4462-3192,,,1921,116249
Philippe Gabríel Steg,https://orcid.org/0000-0001-6896-2941,Inserm,FR,1920,192572
Ali Bahgat,,,,1920,329
G. Introzzi,https://orcid.org/0000-0002-1314-2580,Stockholm University,SE,1920,78521
Vili Lehdonvirta,https://orcid.org/0000-0002-6509-1703,Internet Society,US,1920,9667
J. S. Lange,https://orcid.org/0000-0003-0234-0474,Twitter (United States),US,1919,70871
Jean‐Yves Reginster,https://orcid.org/0000-0001-6290-752X,King Saud University,SA,1919,89611
Kristina Lerman,https://orcid.org/0000-0002-5071-0575,University of Southern California,US,1919,12353
Masao Tanaka,https://orcid.org/0000-0002-8942-2933,Kyoto University,JP,1919,49492
M. P. Giordani,https://orcid.org/0000-0002-0792-6039,University of Udine,IT,1919,119267
Christian W. Hamm,https://orcid.org/0000-0001-6763-4161,Justus-Liebig-Universität Gießen,DE,1918,87102
Kang Xu,https://orcid.org/0000-0002-6946-8635,Scientific Systems (United States),US,1918,109382
이상현,,,,1917,195
T. Latham,https://orcid.org/0000-0002-7195-8537,University of Warwick,GB,1917,73291
박수진,,,,1917,361
S. D. Barthelmy,https://orcid.org/0000-0001-5186-5950,Goddard Space Flight Center,US,1916,35109
A. Farbin,https://orcid.org/0000-0003-0000-2439,The University of Texas at Arlington,US,1916,120969
C. Delaere,https://orcid.org/0000-0001-8707-6021,UCLouvain,BE,1916,112072
David Menon,https://orcid.org/0000-0002-3228-9692,University of Cambridge,GB,1916,68591
G. Chiodini,https://orcid.org/0000-0002-2458-9513,"Istituto Nazionale di Fisica Nucleare, Sezione di Lecce",IT,1915,112352
S. P. Denisov,https://orcid.org/0000-0002-4028-7881,Laboratoire d’Annecy de Physique des Particules,FR,1915,102228
S. Grancagnolo,https://orcid.org/0000-0001-8490-8304,University of Salento,IT,1915,119954
Gareth J. Morgan,https://orcid.org/0000-0002-4271-6360,NYU Langone Health,US,1915,72617
M. Górski,https://orcid.org/0000-0003-2146-187X,National Centre for Nuclear Research,PL,1915,109724
이지현,,Kyung Hee University,KR,1914,394
Patrick Y. Wen,https://orcid.org/0000-0002-0774-7700,Dana-Farber Cancer Institute,US,1914,89754
‪Damià Barceló,https://orcid.org/0000-0002-8873-0491,University of Almería,ES,1913,129863
M. Kasemann,https://orcid.org/0000-0002-0429-2448,Deutsches Elektronen-Synchrotron DESY,DE,1913,112577
Mika Gissler,https://orcid.org/0000-0001-8254-7525,University of Turku,FI,1912,52152
Andreas Tünnermann,https://orcid.org/0000-0003-4018-7626,Leibniz Institute of Photonic Technology,DE,1912,51984
Ryan Sontag,https://orcid.org/0000-0003-0537-1495,Pacific Northwest National Laboratory,US,1912,0
D. Kar,https://orcid.org/0000-0002-4238-9822,"University of California, Santa Cruz",US,1910,110973
Xiaohong Zhang,https://orcid.org/0000-0002-6732-2499,Hunan Institute of Science and Technology,CN,1910,59611
Yukio Ando,https://orcid.org/0000-0001-7115-9105,Amyloidosis Foundation,US,1909,25656
Fred Saad,https://orcid.org/0000-0003-2986-5617,McGill University Health Centre,CA,1909,110358
김기현,,,,1909,220
Yong Li,https://orcid.org/0000-0002-1183-5359,Hunan University,CN,1909,20369
P. Zalewski,https://orcid.org/0000-0003-4429-2888,National Centre for Nuclear Research,PL,1909,111909
GBIF.org User,,,,1909,1
Digital Archive Of Massachusetts Anti-Slavery,,,,1908,0
Markus Pfister,,HNO-Praxis,DE,1908,4814
Fan Yang,https://orcid.org/0000-0002-0254-9000,Pennsylvania State University,US,1907,5464
Thomas F. Lüscher,,King's College - North Carolina,US,1907,103398
Steven V. Ley,https://orcid.org/0000-0002-7816-0042,,,1906,53584
Ke Wu,https://orcid.org/0000-0001-7442-1017,Wenzhou Medical University,CN,1906,46619
C. Glasman,https://orcid.org/0000-0003-2025-3817,Universidad Autónoma de Madrid,ES,1906,119773
Peter L. Choyke,https://orcid.org/0000-0003-1086-8826,National Cancer Institute,US,1906,92985
Gabriel N. Hortobágyi,https://orcid.org/0000-0002-4873-4412,The University of Texas MD Anderson Cancer Center,US,1905,141152
Emily Chen,https://orcid.org/0000-0003-2363-9889,Emory University,US,1905,2990
J. Alcaraz Maestre,https://orcid.org/0000-0003-0914-7474,Unidades Centrales Científico-Técnicas,ES,1905,116638
J. Meyer,https://orcid.org/0000-0003-0861-8481,Laboratory of Molecular Genetics,PL,1904,131219
Christin A. Knowlton,,Yale University,US,1904,1050
Avelino Corma,https://orcid.org/0000-0002-2232-3527,Instituto de Tecnología Química,ES,1903,174280
Hyun Jin Kim,https://orcid.org/0000-0003-1225-4270,,,1903,346
Maison Méditerranéenne Des Sciences de l'Homme Phonothèque,,Maison des Sciences de l'Homme,FR,1902,0
T. Huizinga,https://orcid.org/0000-0001-7033-7520,Leiden University Medical Center,NL,1902,101815
张颖,,,,1900,130
Dongho Kim,https://orcid.org/0000-0001-8668-2644,Yonsei University,KR,1900,52116
M. Escalier,https://orcid.org/0000-0003-4270-2775,Centre National de la Recherche Scientifique,FR,1900,118649
M. Artuso,https://orcid.org/0000-0002-5991-7273,Syracuse University,US,1899,78280
LIU Zheng jun,,Sanjiang University,CN,1899,69
George Psihoyios,,,,1899,4680
David Hume,https://orcid.org/0000-0002-2615-1478,Translational Research Institute,AU,1899,106565
Liu Li,https://orcid.org/0000-0002-4898-3013,Chicago Department of Public Health,US,1899,8975
Qing Wang,https://orcid.org/0009-0003-7328-8762,Guangxi University,CN,1899,41836
J. Strandberg,https://orcid.org/0000-0002-8913-0981,University of Wuppertal,DE,1899,112954
K. Lassila-Perini,https://orcid.org/0000-0002-5502-1795,Helsinki Institute of Physics,FI,1899,106732
Breogán Pato‐Doldán,https://orcid.org/0000-0003-2302-8623,Thermal Storage Systems (United States),US,1898,822
Éduardo Bruera,https://orcid.org/0000-0002-8745-0412,The University of Texas MD Anderson Cancer Center,US,1898,77902
Jun Xu,https://orcid.org/0000-0003-2345-0541,Civil Aviation Administration of China,CN,1898,13047
Wolfgang Hiddemann,https://orcid.org/0000-0001-7208-4117,Christian-Albrechts-Universität zu Kiel,DE,1898,93959
United States Department of Health and Human Services. Centers for Disease Control and Prevention,,,,1898,0
D. della Volpe,https://orcid.org/0000-0001-8530-7447,University of Geneva,CH,1897,113549
J. T. Baines,https://orcid.org/0000-0003-0770-2702,Rutherford Appleton Laboratory,GB,1897,115401
J. D’Hondt,https://orcid.org/0000-0002-9598-6241,Vrije Universiteit Brussel,BE,1897,107742
L. Živković,https://orcid.org/0000-0003-4236-8930,University of Belgrade,RS,1897,109126
S. L. Lloyd,https://orcid.org/0000-0002-5073-2264,Queen Mary University of London,GB,1897,123990
Cornelia M. van Duijn,https://orcid.org/0000-0002-2374-9204,Erasmus MC,NL,1896,246415
F. Martínez-Vidal,https://orcid.org/0000-0001-6841-6035,Universitat de València,ES,1896,65967
J. Haller,https://orcid.org/0000-0001-9347-7657,Universität Hamburg,DE,1896,111091
M. Diemoz,https://orcid.org/0000-0002-3810-8530,"Istituto Nazionale di Fisica Nucleare, Sezione di Roma I",IT,1896,109921
YoValdemort,,,,1896,0
Christian G. Stief,https://orcid.org/0000-0003-3291-9460,LMU Klinikum,DE,1895,38095
T. B. Huffman,https://orcid.org/0000-0002-5332-2738,University of Oxford,GB,1895,117650
P. C. Canfield,https://orcid.org/0000-0002-7715-0643,Iowa State University,US,1894,44052
P. Teixeira-Dias,https://orcid.org/0000-0001-9977-3836,Centre National de la Recherche Scientifique,FR,1894,111691
D. Acosta,https://orcid.org/0000-0001-5367-1738,Rice University,US,1894,96867
김영훈,,,,1894,250
Fleet Library,,,,1894,0
Robert A. Kyle,https://orcid.org/0000-0003-4763-4580,Mayo Clinic,US,1893,118845
Steven M. Holland,https://orcid.org/0000-0003-3207-5464,National Institutes of Health,US,1893,98793
R. Lysák,https://orcid.org/0000-0003-2990-1673,FZU ‒ Institute of Physics of the Academy of Sciences of the Czech Republic,CZ,1893,89083
A. Lipniacka,https://orcid.org/0000-0002-8759-8564,University of Bergen,NO,1893,117286
Tonya Quackenbush,,Pacific Northwest National Laboratory,US,1893,0
Li J,https://orcid.org/0000-0002-4549-0694,Chinese Academy of Medical Sciences & Peking Union Medical College,CN,1893,14528
J. Tuominiemi,https://orcid.org/0000-0003-0386-8633,Helsinki Institute of Physics,FI,1893,111797
A. Staiano,https://orcid.org/0000-0003-1803-624X,Università degli Studi del Piemonte Orientale “Amedeo Avogadro”,IT,1893,116387
G. Aielli,https://orcid.org/0000-0002-0573-8114,University of Rome Tor Vergata,IT,1892,136502
Kate Quealy-Gainer,,,,1892,22
Filip Vanhoenacker,https://orcid.org/0000-0002-7253-1201,Ghent University,BE,1892,9372
Yi Zhang,https://orcid.org/0000-0002-1189-6071,Kunming University of Science and Technology,CN,1892,13155
Alexander Pope,https://orcid.org/0000-0001-7947-4644,,,1892,1847
A. Angerami,https://orcid.org/0000-0001-7834-8750,Columbia University,US,1892,107897
Eelco F. M. Wijdicks,https://orcid.org/0000-0001-9807-9172,Mayo Clinic,US,1891,44596
Q. Zhao,https://orcid.org/0000-0001-8334-2580,Guangxi Medical University,CN,1889,35313
Victor Snieckus,https://orcid.org/0000-0002-6448-9832,Queen's University,CA,1889,21915
Hiroshi Ishikawa,https://orcid.org/0000-0001-6310-5748,Oregon Health & Science University,US,1889,33652
B. Vachon,https://orcid.org/0000-0001-8703-6978,McGill University,CA,1889,112465
Marc G. Besselink,https://orcid.org/0000-0003-2650-9350,Dutch Cancer Society,NL,1888,62366
Mark Berneburg,https://orcid.org/0000-0002-5344-4970,University Hospital Regensburg,DE,1888,11293
J. Milošević,https://orcid.org/0000-0001-8486-4604,Ipca Laboratories (India),IN,1888,123811
Andrew J. Saykin,https://orcid.org/0000-0002-1376-8532,Indiana University Health,US,1888,100150
T. P. A. Åkesson,https://orcid.org/0000-0003-4141-5408,Lund University,SE,1888,113874
David Cella,https://orcid.org/0000-0002-9881-4541,Northwestern University,US,1888,151767
I. Papadopoulos,https://orcid.org/0000-0002-9937-3063,University of Ioannina,GR,1888,114109
T. Shears,https://orcid.org/0000-0002-2653-1366,University of Liverpool,GB,1888,74029
GBIF.org User,,,,1888,2
A. Di Mattia,https://orcid.org/0000-0002-9964-015X,University of Catania,IT,1887,111179
김태완,,Pohang University of Science and Technology,KR,1887,168
T. Golling,https://orcid.org/0000-0001-8535-6687,University of Geneva,CH,1887,117100
Arcangelo Massari,https://orcid.org/0000-0002-8420-0696,Open Society,CZ,1887,82
Unknown,,,,1887,0
김영식,,,,1886,183
Zhenhua Wu,https://orcid.org/0000-0003-4552-883X,Qingdao University,CN,1886,42590
Tao Liu,https://orcid.org/0000-0002-4202-8218,Integrated Chinese Medicine (China),CN,1885,4077
K. Kawagoe,https://orcid.org/0000-0001-8882-129X,Universidad de Cantabria,ES,1885,122052
M. S. Soares,https://orcid.org/0000-0001-9676-6059,National Institute for Subatomic Physics,NL,1885,127154
Robert D Goodband,,Kansas State University,US,1883,12850
I. Fleck,https://orcid.org/0000-0003-1461-8648,University of Siegen,DE,1883,118256
R. Ulrich,https://orcid.org/0000-0002-2535-402X,,,1882,111541
M. Khakzad,https://orcid.org/0000-0002-2212-5715,Institute for Research in Fundamental Sciences,IR,1882,120206
GBIF.org User,,,,1882,0
R. Mittra,https://orcid.org/0000-0002-0960-2708,University of Central Florida,US,1881,32468
Stefan Schreiber,https://orcid.org/0000-0003-2254-7771,Goethe University Frankfurt,DE,1881,164041
P. Petkov,https://orcid.org/0000-0002-0420-9480,SurgOne Foregut Institute,US,1881,105401
O. Gutsche,https://orcid.org/0000-0002-8015-9622,Fermi National Accelerator Laboratory,US,1880,101995
Dimitris Tousoulis,https://orcid.org/0000-0001-7492-4984,National and Kapodistrian University of Athens,GR,1879,35316
Wang Yui Ying,,,,1879,29
L. Chevalier,https://orcid.org/0000-0003-3762-7264,Commissariat à l'Énergie Atomique et aux Énergies Alternatives,FR,1878,119445
Samantha Powell,,Pacific Northwest National Laboratory,US,1878,21
Liu,,,,1878,2593
Albrecht Hesse,,University Hospital Bonn,DE,1878,9602
GBIF.org User,,,,1878,0
J. Haley,https://orcid.org/0000-0002-6938-7405,Centre de physique des particules de Marseille,FR,1877,103801
Ignace Vergote,https://orcid.org/0000-0002-7589-8981,Gynecologic Oncology Group,US,1877,91759
Shuai Liu,https://orcid.org/0000-0002-0699-2296,Jiangsu University,CN,1877,41678
C. Gwenlan,https://orcid.org/0000-0002-3518-0617,University of Oxford,GB,1877,120646
A. Straessner,https://orcid.org/0000-0003-2460-6659,Technische Universität Dresden,DE,1877,107924
Wang,,,,1877,5917
P. David,https://orcid.org/0000-0001-9260-9371,,,1876,87912
B. M. Mikhova,,Bulgarian Academy of Sciences,BG,1876,481
Motoshi GOTO,,National Institute for Fusion Science,JP,1876,0
Francisco José García‐Peñalvo,https://orcid.org/0000-0001-9987-5584,Universidad de Salamanca,ES,1875,23176
Helmut Krcmar,https://orcid.org/0000-0002-2754-8493,Technical University of Munich,DE,1875,19937
Herman Melville,,,,1875,4809
K. W. Woźniak,https://orcid.org/0000-0003-1171-0887,University of Geneva,CH,1875,96960
Jong Seok Lee,https://orcid.org/0000-0002-7945-2530,Seoul National University Bundang Hospital,KR,1874,14688
S. Mrenna,https://orcid.org/0000-0001-8731-160X,Fermi National Accelerator Laboratory,US,1874,126770
김영희,,,,1873,393
O. Sasaki,https://orcid.org/0000-0002-2910-3906,High Energy Accelerator Research Organization,JP,1873,116664
Joseph L. Hora,https://orcid.org/0000-0002-5599-4650,Center for Astrophysics Harvard & Smithsonian,US,1872,16399
Frank B. Hu,https://orcid.org/0000-0002-8233-6274,Brigham and Women's Hospital,US,1872,280646
William C. Roberts,https://orcid.org/0000-0001-7735-5641,Hospital of the University of Pennsylvania,US,1872,59780
Gad Getz,https://orcid.org/0000-0002-0936-0753,Broad Institute,US,1871,357882
M. Primavera,https://orcid.org/0000-0002-6866-3818,"Istituto Nazionale di Fisica Nucleare, Sezione di Lecce",IT,1871,110819
H. A. Weber,https://orcid.org/0000-0002-5074-0539,University of Bern,CH,1871,158532
P. S. Aithal,https://orcid.org/0000-0002-4691-8736,Udayana University,ID,1871,17805
Muhammad Ashraf,https://orcid.org/0000-0002-8226-7758,Riphah International University,PK,1871,95467
L. Romero,https://orcid.org/0000-0002-9055-0385,Yale University,US,1870,114633
A. Tapper,https://orcid.org/0000-0003-4543-864X,Imperial Valley College,US,1869,109396
Eric D. Peterson,https://orcid.org/0000-0002-5415-4721,Emory University,US,1869,121427
S. Bethke,https://orcid.org/0000-0003-0073-3821,Max Planck Institute for Physics,DE,1869,126755
Li,,Qilu University of Technology,CN,1868,1163
Saudi Arabia,,,,1868,10349
Michelle Kolton Mackay,,Marshfield Clinic,US,1868,880
P. Mastrandrea,https://orcid.org/0000-0002-9853-0194,University of Pisa,IT,1868,108812
Zulfiqar A Bhutta,https://orcid.org/0000-0003-0637-599X,Aga Khan University,PK,1867,367738
Cary L. Cooper,https://orcid.org/0000-0002-0360-8498,University of Manchester,GB,1867,70650
K. Korcyl,https://orcid.org/0000-0001-8085-4505,"Institute of Nuclear Physics, Polish Academy of Sciences",PL,1867,114373
P. Luukka,https://orcid.org/0000-0003-2340-4641,Lappeenranta-Lahti University of Technology,FI,1867,105926
Royal Botanic Garden Edinburgh,,,,1867,0
Arthur Christopoulos,https://orcid.org/0000-0003-4442-3294,Australian Research Council,AU,1866,41752
Shie‐Ming Peng,https://orcid.org/0000-0003-1412-5018,National Taiwan University,TW,1866,32328
S. Spagnolo,https://orcid.org/0000-0001-7482-6348,University of Salento,IT,1865,105675
Donald G. Truhlar,https://orcid.org/0000-0002-7742-7294,University of Minnesota,US,1865,226608
GLIS of the ITPGRFA,,,,1865,0
GBIF.org User,,,,1865,0
X. Janssen,https://orcid.org/0000-0002-3998-4081,University of Antwerp,BE,1864,106614
Constantine A. Stratakis,https://orcid.org/0000-0002-4058-5520,Institute of Molecular Biology and Biotechnology,BG,1863,49210
G. Sguazzoni,https://orcid.org/0000-0002-0791-3350,"Istituto Nazionale di Fisica Nucleare, Sezione di Firenze",IT,1862,109321
John Hardy,https://orcid.org/0000-0002-3122-0423,Queen Mary University of London,GB,1862,241937
Rene Boiteau,https://orcid.org/0000-0002-4127-4417,University of Minnesota,US,1862,1791
M. Zanetti,https://orcid.org/0000-0003-4281-4582,University of Padua,IT,1862,111346
Д. Педрини,https://orcid.org/0000-0003-2414-4175,"Istituto Nazionale di Fisica Nucleare, Sezione di Milano Bicocca",IT,1862,109996
A. Gorišek,https://orcid.org/0000-0002-3903-3438,University of Ljubljana,SI,1862,116399
V. A. Bednyakov,https://orcid.org/0000-0003-4864-8909,European Organization for Nuclear Research,CH,1861,111211
Thomas Frieling,https://orcid.org/0000-0001-8270-1975,Sana Kliniken Duisburg,DE,1860,7747
Abass Alavi,https://orcid.org/0000-0002-2442-7901,Hospital of the University of Pennsylvania,US,1860,53998
J. Strologas,https://orcid.org/0000-0002-2225-7160,University of Ioannina,GR,1859,69795
Sebastian Barzaghi,https://orcid.org/0000-0002-0799-1527,University of Bologna,IT,1859,53
Shuang Qiu,https://orcid.org/0000-0003-0785-5688,Sun Yat-sen University,CN,1859,1488
Dante Gabriel Rossetti,,,,1858,621
P. R. Newman,https://orcid.org/0000-0002-6252-266X,University of Illinois System,US,1858,108122
Jost B. Jonas,https://orcid.org/0000-0003-2972-5227,Chinese University of Hong Kong,HK,1858,345151
Ewout W. Steyerberg,https://orcid.org/0000-0002-7787-0122,Leiden University Medical Center,NL,1858,167246
Y. Liu,https://orcid.org/0000-0001-9190-4547,Zhejiang Chinese Medical University,CN,1858,95985
Hui,,,,1858,2501
C. C. Ohm,https://orcid.org/0000-0002-8015-7512,University of Manchester,GB,1857,113402
H. Jung,https://orcid.org/0000-0002-2964-9845,University of Antwerp,BE,1857,115374
Giora Feuerstein,,,,1857,19028
Anwer Basha,,Hindustan Institute of Technology and Science,IN,1857,1503
Heinz‐Josef Lenz,https://orcid.org/0000-0003-2178-9568,University of Southern California,US,1856,57906
H. Bachacou,https://orcid.org/0000-0002-2256-4515,Commissariat à l'Énergie Atomique et aux Énergies Alternatives,FR,1856,120073
F. Beaudette,https://orcid.org/0000-0002-1194-8556,Centre National de la Recherche Scientifique,FR,1856,110130
Ping Ping,https://orcid.org/0009-0007-6597-1165,Hohai University,CN,1856,2588
D. Fasanella,https://orcid.org/0000-0002-2926-2691,"Istituto Nazionale di Fisica Nucleare, Sezione di Bologna",IT,1856,109328
S. C. Eno,https://orcid.org/0000-0003-4282-2515,"University of Maryland, College Park",US,1856,110988
Bruce D. Hammock,https://orcid.org/0000-0003-1408-8317,Sylvester Comprehensive Cancer Center,US,1855,73570
Gerald Kehr,https://orcid.org/0000-0002-5196-2491,University of Münster,DE,1855,19687
S. Vincent Rajkumar,https://orcid.org/0000-0002-5862-1833,Mayo Clinic,US,1855,132216
S. Xella,https://orcid.org/0000-0002-0988-1655,University of Copenhagen,DK,1855,110061
J. Duarte,https://orcid.org/0000-0002-5076-7096,UC San Diego Health System,US,1855,92328
Tapan M. Kadia,https://orcid.org/0000-0002-9892-9832,The University of Texas MD Anderson Cancer Center,US,1854,33794
Russell Lee,https://orcid.org/0000-0001-9016-5973,University of Massachusetts Amherst,US,1854,694
Y. Coadou,https://orcid.org/0000-0001-8195-7004,Centre National de la Recherche Scientifique,FR,1854,114187
G. Eigen,https://orcid.org/0000-0003-3529-5171,University of Bergen,NO,1854,58914
F. Ellinghaus,https://orcid.org/0000-0003-3596-5331,Uppsala University,SE,1854,118440
O. Jinnouchi,https://orcid.org/0000-0001-5073-0974,Horia Hulubei National Institute for R and D in Physics and Nuclear Engineering,RO,1853,125911
Barry M. Trost,https://orcid.org/0000-0001-7369-9121,Northwell Health,US,1853,102050
Fusheng Pan,https://orcid.org/0000-0002-4941-1295,Chongqing Technology and Business University,CN,1853,67815
Sandra S. Padula,https://orcid.org/0000-0003-3071-0559,Universidade Federal do ABC,BR,1853,99867
J. Vogt,,,,1853,1
Hao Wang,https://orcid.org/0000-0001-6881-9977,BGI Group (China),CN,1853,11356
V. Ciulli,https://orcid.org/0000-0003-1947-3396,Florence (Netherlands),NL,1853,111684
T. Wenaus,https://orcid.org/0000-0002-8678-893X,TU Dortmund University,DE,1853,139394
N. Amapane,https://orcid.org/0000-0001-9449-2509,Università degli Studi del Piemonte Orientale “Amedeo Avogadro”,IT,1853,107824
Min Shi,https://orcid.org/0000-0003-0016-5211,Guiyang University,CN,1853,35688
H. Vogel,https://orcid.org/0000-0002-6109-3023,Carnegie Mellon University,US,1853,101810
Ramachandran S. Vasan,https://orcid.org/0000-0001-7357-5970,Boston University,US,1852,192735
Wolfgang Grundmann,,,,1852,129
Y. Tu,https://orcid.org/0000-0002-5865-183X,Stony Brook University,US,1852,101577
A. Belloni,https://orcid.org/0000-0002-1727-656X,"University of Maryland, College Park",US,1852,101381
John P. A. Ioannidis,https://orcid.org/0000-0003-3118-6859,Protein Metrics (United States),US,1851,313537
Terho Lehtimäki,https://orcid.org/0000-0002-2555-4427,Tampere University of Applied Sciences,FI,1851,185962
M. A. Ciocci,https://orcid.org/0000-0003-0002-5462,University of Siena,IT,1850,83568
A. Doria,https://orcid.org/0000-0002-5381-2649,University of Liverpool,GB,1850,110406
H. Cai,https://orcid.org/0000-0001-7575-3603,Yale University,US,1850,47396
Chen,,,,1850,2734
Sang‐Uk Kim,https://orcid.org/0009-0007-3765-2212,Pukyong National University,KR,1849,1124
N. De Filippis,https://orcid.org/0000-0002-0625-6811,"Istituto Nazionale di Fisica Nucleare, Sezione di Bari",IT,1849,110735
T. Masubuchi,https://orcid.org/0000-0001-9984-8009,"Istituto Nazionale di Fisica Nucleare, Laboratori Nazionali di Frascati",IT,1848,113163
Jianhua Wang,https://orcid.org/0000-0001-8372-5864,Chongqing University,CN,1848,8529
Unav,,,,1848,64
Nobutaka Hattori,https://orcid.org/0000-0002-2034-2556,RIKEN Center for Brain Science,JP,1847,64815
C. Weiser,https://orcid.org/0000-0002-6456-6834,University of Freiburg,DE,1847,114139
Pier Luigi Zinzani,https://orcid.org/0000-0002-2112-2651,IRCCS Azienda Ospedliero-Universitaria di Bologna Policlinico di Sant'Orsola,IT,1847,62545
A. G. Buckley,https://orcid.org/0000-0001-8355-9237,Johannes Gutenberg University Mainz,DE,1847,112406
Richard M. Stone,https://orcid.org/0000-0002-7526-2633,National University of Singapore,SG,1846,77505
S. Malvezzi,https://orcid.org/0000-0002-0218-4910,"Istituto Nazionale di Fisica Nucleare, Sezione di Milano Bicocca",IT,1846,111815
S. Yacoob,https://orcid.org/0000-0001-6977-3456,University of Cape Town,ZA,1845,104656
I. Heredia-De La Cruz,https://orcid.org/0000-0002-8133-6467,Twitter (United States),US,1845,101494
H. Nogima,https://orcid.org/0000-0001-7705-1066,Universidade do Estado do Rio de Janeiro,BR,1844,102336
Richard White,,Parallel Quantum Solutions (United States),US,1844,4301
Benjamin Besse,https://orcid.org/0000-0001-5090-8189,Inserm,FR,1843,57520
Arianna Moretti,https://orcid.org/0000-0001-5486-7070,Open Society,CZ,1843,72
Martin Lutz,https://orcid.org/0000-0003-1524-9629,University of Applied Sciences Utrecht,NL,1843,24490
GBIF.org User,,,,1843,0
Michelle Davison,https://orcid.org/0000-0002-0748-949X,Pacific Northwest National Laboratory,US,1843,0
A. Ventura,https://orcid.org/0000-0002-3368-3413,University of Salento,IT,1842,106119
D. Price,https://orcid.org/0000-0003-2750-9977,University of Manchester,GB,1842,112910
Liu Y,https://orcid.org/0000-0002-4339-6389,University of North Carolina at Chapel Hill,US,1842,13083
Armando Santoro,https://orcid.org/0000-0003-1709-9492,IRCCS Humanitas Research Hospital,IT,1842,78625
K. Petridis,https://orcid.org/0000-0001-7871-5119,Nanjing Normal University,CN,1842,105026
GBIF.org User,,,,1842,0
R. Gladyshevskii,https://orcid.org/0000-0003-1320-155X,Ministry of Education and Science,UA,1841,2862
Eric Van Cutsem,https://orcid.org/0000-0002-6372-1230,Universitair Ziekenhuis Leuven,BE,1841,177124
Unav,,,,1840,0
Jon Jacobs,https://orcid.org/0000-0003-0557-7338,Environmental Molecular Sciences Laboratory,US,1840,0
陈静,,Shanxi Medical University,CN,1839,76
M. Lethuillier,https://orcid.org/0000-0001-6185-2045,Université Claude Bernard Lyon 1,FR,1839,107488
김성호,,,,1838,258
Alex T. Chartier,https://orcid.org/0000-0002-4215-031X,Johns Hopkins University Applied Physics Laboratory,US,1838,454
D. Ferrère,https://orcid.org/0000-0002-5687-9240,University of Geneva,CH,1838,114659
S. Paramesvaran,https://orcid.org/0000-0003-4748-8296,Saint Thomas - Rutherford Hospital,US,1838,99173
A. Palano,https://orcid.org/0000-0002-6095-9593,"Istituto Nazionale di Fisica Nucleare, Sezione di Bari",IT,1837,60800
Sidney H. Kennedy,https://orcid.org/0000-0001-5339-7185,St. Michael's Hospital,CA,1837,57906
M. W. Wolter,https://orcid.org/0000-0001-9184-2921,Institut polytechnique de Grenoble,FR,1837,110113
R. M. Bianchi,https://orcid.org/0000-0001-7345-7798,University of Pittsburgh,US,1837,112354
T. Wengler,https://orcid.org/0000-0002-4375-5265,Brookhaven National Laboratory,US,1837,108672
Ryan Kelly,https://orcid.org/0000-0002-3339-4443,Brigham Young University,US,1836,9267
Jerome I. Rotter,https://orcid.org/0000-0001-7191-1723,National Institutes of Health,US,1836,163903
E. Longo,https://orcid.org/0000-0001-6238-6787,"Istituto Nazionale di Fisica Nucleare, Sezione di Roma I",IT,1836,104499
김종원,,,,1836,255
Zhihong Liu,https://orcid.org/0000-0001-6093-0726,,,1836,29486
Juan Wang,https://orcid.org/0000-0002-2531-2188,Tianjin University of Technology,CN,1836,1709
Markus W. Büchler,https://orcid.org/0000-0002-3666-5675,Champalimaud Foundation,PT,1835,97894
김영준,,,,1835,191
Xiaohua Wang,https://orcid.org/0000-0002-6551-151X,Changchun University of Science and Technology,CN,1835,16586
J-F. Arguin,https://orcid.org/0000-0003-0229-3858,Université de Montréal,CA,1835,126271
M. Rotondo,https://orcid.org/0000-0001-5704-6163,"Istituto Nazionale di Fisica Nucleare, Laboratori Nazionali di Frascati",IT,1835,68011
A. Gomes,https://orcid.org/0000-0002-5940-9893,University of Lisbon,PT,1835,122020
Genxu Wang,https://orcid.org/0000-0002-3403-0983,Chinese Academy of Sciences,CN,1834,12983
Dan Liu,https://orcid.org/0000-0002-2198-3910,Chonnam National University,KR,1834,41325
Min Zhang,https://orcid.org/0000-0001-8107-5212,Jiangnan University,CN,1834,64082
R. Cousins,https://orcid.org/0000-0002-5963-0467,University of California System,US,1834,106490
David B. Solit,https://orcid.org/0000-0002-6614-802X,Memorial Sloan Kettering Cancer Center,US,1834,86717
Guo,,,,1834,3014
Michael Böhm,https://orcid.org/0000-0002-2976-2514,Universitätsklinikum des Saarlandes,DE,1833,178465
Peter J. Flor,,Novartis (Switzerland),CH,1833,9482
M. Ellert,https://orcid.org/0000-0001-5265-3175,Uppsala University,SE,1832,113936
E. Paganis,https://orcid.org/0000-0002-1950-8993,National Taiwan University,TW,1832,106656
이상진,,Ewha Womans University,KR,1832,196
M. C. Hodgkinson,https://orcid.org/0000-0002-1040-1241,University of Sheffield,GB,1832,116702
Biao Wang,https://orcid.org/0000-0003-1089-1049,Shanghai University,CN,1832,22636
Yuko Kitagawa,https://orcid.org/0000-0002-0271-5670,Keio University,JP,1832,42512
Jon Jacobs,https://orcid.org/0000-0003-0557-7338,Environmental Molecular Sciences Laboratory,US,1832,0
R. Walsh,https://orcid.org/0000-0002-3872-4114,Deutsches Elektronen-Synchrotron DESY,DE,1831,97531
Павел А. Слепухин,https://orcid.org/0000-0001-8132-9905,Ural Federal University,RU,1831,4982
M. Szleper,https://orcid.org/0000-0002-1697-004X,National Centre for Nuclear Research,PL,1831,105531
Stephen V. Faraone,https://orcid.org/0000-0002-9217-3982,SUNY Upstate Medical University,US,1830,168132
Falk Kiefer,https://orcid.org/0000-0001-7213-0398,Central Institute of Mental Health,DE,1830,15431
Emilio Ferrara,https://orcid.org/0000-0002-1942-2831,University of Southern California,US,1830,20208
Office of the Governor-General of Korea,,,,1830,0
Nikolaus Schultz,https://orcid.org/0000-0002-0131-4904,Memorial Sloan Kettering Cancer Center,US,1829,207346
J. P. Cumalat,https://orcid.org/0000-0002-6032-5857,University of Colorado Boulder,US,1829,95155
Yeda Soares de Lucena Bataus,,,,1828,51
Hans‐Georg Stammler,https://orcid.org/0000-0002-0918-7057,Bielefeld University,DE,1828,14633
José‐Alain Sahel,https://orcid.org/0000-0002-4831-1153,University of Pittsburgh,US,1828,42209
Ding Ding,,Southern Federal University,RU,1828,2910
S. Rappoccio,https://orcid.org/0000-0002-5449-2560,Buffalo State University,US,1828,104547
Stephen Morey,,,,1828,0
GBIF.org User,,,,1828,0
Sven Ove Ögren,https://orcid.org/0000-0003-2573-5276,Karolinska Institutet,SE,1827,16512
Die Redaktion,,,,1827,141
이동호,,,,1827,162
이수진,,Inha University,KR,1826,360
Philip Weinstein,https://orcid.org/0000-0001-9860-7166,University of South Australia,AU,1826,17602
Min Liu,https://orcid.org/0000-0001-7076-5066,Southwest Medical University,CN,1826,170
J. Kretzschmar,https://orcid.org/0000-0002-8515-1355,University of Liverpool,GB,1826,109053
Kam‐Lun Ellis Hon,https://orcid.org/0000-0002-6682-5529,Eli Lilly (United States),US,1826,12278
Lin Gu,https://orcid.org/0000-0002-7504-031X,University of Shanghai for Science and Technology,CN,1825,156569
Rohit Kulkarni,https://orcid.org/0000-0001-5029-6119,Joslin Diabetes Center,US,1825,18682
Thomas Henning,https://orcid.org/0000-0002-1493-300X,Max Planck Institute for Astronomy,DE,1825,51384
O. González López,https://orcid.org/0000-0002-4532-6464,Unidades Centrales Científico-Técnicas,ES,1825,107793
P. U. E. Onyisi,https://orcid.org/0000-0003-4201-7997,LIP - Laboratory of Instrumentation and Experimental Particle Physics,PT,1825,109314
British Drama – A Catalogue,,,,1824,183
A. Trzupek,https://orcid.org/0000-0001-6938-5867,"Institute of Nuclear Physics, Polish Academy of Sciences",PL,1824,107703
S. Argirò,https://orcid.org/0000-0003-2150-3750,Università degli Studi del Piemonte Orientale “Amedeo Avogadro”,IT,1824,108212
N. Manthos,https://orcid.org/0000-0003-3247-8909,University of Ioannina,GR,1824,107530
Guo -,,,,1824,2084
K. Mereiter,https://orcid.org/0000-0003-0419-1222,TU Wien,AT,1823,10483
이정우,,Dongguk University,KR,1822,260
Mark E. Light,https://orcid.org/0000-0002-0585-0843,University of Southampton,GB,1822,16243
R. A. McPherson,https://orcid.org/0000-0001-9211-7019,University of Liverpool,GB,1822,117290
Anirban Maitra,https://orcid.org/0000-0001-7923-9978,NYU Langone Health,US,1822,108527
F. Ould-Saada,https://orcid.org/0000-0002-9404-835X,OsloMet – Oslo Metropolitan University,NO,1822,115072
C. S. Moon,https://orcid.org/0000-0001-8229-7829,Ewha Womans University,KR,1822,77089
이정호,,,,1821,301
K. Tokushuku,https://orcid.org/0000-0002-8262-1577,Obayashi (Japan),JP,1821,114427
Georgina V. Long,https://orcid.org/0000-0001-8894-3545,The University of Sydney,AU,1821,178088
J. Kirk,https://orcid.org/0000-0001-8096-7577,Rutherford Appleton Laboratory,GB,1820,112306
A. Popov,https://orcid.org/0000-0002-1207-0984,,,1820,107297
M. Fanti,https://orcid.org/0000-0002-8773-145X,University of Milan,IT,1820,112364
Olivier Hermine,https://orcid.org/0000-0003-2574-3874,Délégation Paris 5,FR,1820,66110
김영일,,,,1820,245
Jin Jin,https://orcid.org/0009-0006-3828-5672,Queensland Health,AU,1820,3018
G. Unal,https://orcid.org/0000-0001-8130-7423,Millennium Institute,BR,1819,112982
M. Vos,https://orcid.org/0000-0001-8474-5357,Universitat de València,ES,1819,113472
Robert Burns,https://orcid.org/0009-0001-0915-8416,Johns Hopkins University,US,1819,1111
이재원,,,,1818,245
Alex Hofer,https://orcid.org/0000-0002-5834-4258,Innsbruck Medical University,AT,1818,6463
Martin Gleave,https://orcid.org/0000-0003-4235-0167,,,1818,62222
The Editors,,,,1817,1274
Pierre Fenaux,https://orcid.org/0000-0002-0468-3553,Université Paris Cité,FR,1816,90617
Jim van Os,https://orcid.org/0000-0002-7245-1586,King's College London,GB,1816,146865
M. Arfan Ikram,https://orcid.org/0000-0003-0372-8585,Tamil Nadu Agricultural University,IN,1816,133276
Jonathan Tennyson,https://orcid.org/0000-0002-4994-5238,Department of Space,IN,1816,70741
P. van Gemmeren,https://orcid.org/0000-0002-7227-4006,Argonne National Laboratory,US,1815,107338
John A. Pickett,https://orcid.org/0000-0002-8386-3770,Rothamsted Research,GB,1815,34186
B. Pavlov,https://orcid.org/0000-0003-3635-0646,SurgOne Foregut Institute,US,1815,105338
P. Faccioli,https://orcid.org/0000-0003-1849-6692,LIP - Laboratory of Instrumentation and Experimental Particle Physics,PT,1815,110230
S. Nuzzo,https://orcid.org/0000-0003-1089-6317,"Istituto Nazionale di Fisica Nucleare, Sezione di Bari",IT,1815,98996
GBIF.org User,,,,1815,0
J. Wouter Jukema,https://orcid.org/0000-0002-3246-8359,Leiden University Medical Center,NL,1814,129353
Karl Mann,https://orcid.org/0000-0002-2087-1976,,,1814,32162
Liu Jie,https://orcid.org/0009-0005-0109-4031,Fifth Hospital of Shijiazhuang,CN,1814,90
Stefan Leucht,https://orcid.org/0000-0002-4934-4352,University of Augsburg,DE,1813,59098
D. Orestano,https://orcid.org/0000-0001-5103-5527,Roma Tre University,IT,1813,113631
Roy J. Shephard,https://orcid.org/0000-0001-8546-8179,,,1813,48597
E. Banaś,https://orcid.org/0000-0001-5325-6040,"Institute of Nuclear Physics, Polish Academy of Sciences",PL,1813,117849
Jong Hoon Kim,https://orcid.org/0000-0002-3385-8180,Ulsan College,KR,1813,5312
Bernard MALISSEN,https://orcid.org/0000-0003-1340-9342,Centre National de la Recherche Scientifique,FR,1813,48259
Ralph B. D’Agostino,https://orcid.org/0000-0002-3550-8395,Wake Forest University,US,1812,254871
Robert F. Schmidt,https://orcid.org/0000-0003-4027-800X,Catholic University of Eichstätt-Ingolstadt,DE,1812,19754
Richard B. Lipton,https://orcid.org/0000-0003-2652-2897,Albert Einstein College of Medicine,US,1811,118371
Aaron B. Caughey,https://orcid.org/0000-0002-1752-0972,Oregon Health & Science University,US,1811,44930
Javier P. Gisbert,https://orcid.org/0000-0003-2090-3445,Hospital Universitario de La Princesa,ES,1811,55333
V. A. Mitsou,https://orcid.org/0000-0002-1533-8886,Universitat de València,ES,1811,112856
Patrick Chain,https://orcid.org/0000-0003-3949-3634,Los Alamos National Laboratory,US,1810,41998
Kenneth H. Mayer,https://orcid.org/0000-0001-7460-733X,Harvard University,US,1810,83716
Aeilko H. Zwinderman,https://orcid.org/0000-0003-0361-3139,Amsterdam Neuroscience,NL,1810,73692
N. Neumeister,https://orcid.org/0000-0003-2356-1700,Purdue University West Lafayette,US,1810,96626
S. Veneziano,https://orcid.org/0000-0002-2598-2659,LIP - Laboratory of Instrumentation and Experimental Particle Physics,PT,1810,106876
Enrico Zio,https://orcid.org/0000-0002-7108-637X,Inserm,FR,1809,45716
R. J. Cava,https://orcid.org/0000-0002-3294-6867,Princeton University,US,1809,112575
H. Chen,https://orcid.org/0000-0002-9936-0115,Simon Fraser University,CA,1808,110313
Ronald Moore,https://orcid.org/0000-0003-2806-2855,Pacific Northwest National Laboratory,US,1808,22132
M. Menichelli,https://orcid.org/0000-0002-9004-735X,University of Perugia,IT,1808,100628
G.A. Burton,https://orcid.org/0000-0002-8660-6294,Michigan Department of Natural Resources,US,1808,14192
W. C. Fisher,https://orcid.org/0000-0003-3043-3045,Commissariat à l'Énergie Atomique et aux Énergies Alternatives,FR,1807,83845
Peter Fonagy,https://orcid.org/0000-0003-0229-0091,Department of Health and Social Care,GB,1807,86192
C. Angelini,https://orcid.org/0000-0002-9554-8794,University of Pisa,IT,1807,52113
Jian Wang,https://orcid.org/0000-0002-9482-5227,Fujian Normal University,CN,1807,47388
S. M. Wang,https://orcid.org/0000-0002-5821-4875,Chinese Academy of Sciences,CN,1807,109762
L. Gonella,https://orcid.org/0000-0002-4919-0808,Universitat de València,ES,1806,105400
E. Lobodzinska,https://orcid.org/0000-0001-9012-3431,University of Sussex,GB,1806,110606
David Isenberg,https://orcid.org/0000-0001-9514-2455,Regenerative Medicine Institute,MX,1806,88771
Xiang Zhang,https://orcid.org/0000-0002-3272-894X,Shanghai University,CN,1805,116933
Jun Yu,https://orcid.org/0000-0001-5008-2153,University of Geneva,CH,1805,95862
L. Fanò,https://orcid.org/0000-0002-9007-629X,University of Perugia,IT,1804,107654
Barry Kernfeld,,,,1804,315
Jean‐Louis Pépin,https://orcid.org/0000-0003-3832-2358,Inserm,FR,1804,44009
M. Donadelli,https://orcid.org/0000-0001-8329-4240,Universidade do Estado do Rio de Janeiro,BR,1804,111272
N. F. Castro,https://orcid.org/0000-0001-8491-4376,City University of New York,US,1804,111278
Jianzhong Zhang,https://orcid.org/0000-0001-7056-8206,Chinese Academy of Sciences,CN,1804,28073
J. R. Pater,https://orcid.org/0000-0002-0598-5035,University of Manchester,GB,1803,120394
Brenda W.J.H. Penninx,https://orcid.org/0000-0001-7779-9672,Amsterdam Neuroscience,NL,1803,188713
D. P. C. Sankey,https://orcid.org/0000-0003-0955-4213,Rutherford Appleton Laboratory,GB,1803,116055
C. Tuvé,https://orcid.org/0000-0003-0739-3153,University of Catania,IT,1803,108661
G. Aad,https://orcid.org/0000-0002-6665-4934,Aix-Marseille Université,FR,1803,114332
A. Zghiche,https://orcid.org/0000-0002-1178-1450,Centre National de la Recherche Scientifique,FR,1803,70402
B. P. Kerševan,https://orcid.org/0000-0002-4529-452X,Rutherford Appleton Laboratory,GB,1802,113639
Yasuhiko Arakawa,https://orcid.org/0000-0003-0373-9452,,,1800,38318
W. J. Murray,https://orcid.org/0000-0003-1710-6306,Rutherford Appleton Laboratory,GB,1800,118797
Brandon J. Fisher,,,,1800,2589
P. de Barbaro,https://orcid.org/0000-0002-5508-1827,University of Rochester,US,1800,85893
N. Néri,https://orcid.org/0000-0002-6106-3756,University of Milan,IT,1800,61292
D. Costanzo,https://orcid.org/0000-0003-4920-6264,Laboratoire d’Annecy de Physique des Particules,FR,1800,114746
이진우,,,,1800,519
Wang,,,,1800,2153
Sergio Giralt,https://orcid.org/0000-0003-1944-5053,Memorial Sloan Kettering Cancer Center,US,1799,63613
S. Trincaz-Duvoid,https://orcid.org/0000-0001-5913-0828,Centre National de la Recherche Scientifique,FR,1799,111217
F. Djama,https://orcid.org/0000-0003-1881-3360,Aix-Marseille Université,FR,1799,114900
F. Pastore,https://orcid.org/0000-0001-5962-7826,Royal Holloway University of London,GB,1798,106672
E. Gülmez,https://orcid.org/0000-0002-6353-518X,Boğaziçi University,TR,1798,102811
H.C. Marsmann,,Paderborn University,DE,1798,2261
Inderbir S. Gill,https://orcid.org/0000-0002-5113-7846,University of Southern California,US,1797,62273
김선영,,,,1796,233
이영주,,,,1796,290
GBIF.org User,,,,1796,1
C. G. Lester,https://orcid.org/0000-0001-5770-4883,University of Cambridge,GB,1795,113247
D. W. Miller,https://orcid.org/0000-0002-9485-9435,University of Chicago,US,1795,82105
Fabrice André,https://orcid.org/0000-0001-5795-8357,Inserm,FR,1794,105361
A. J. Barr,https://orcid.org/0000-0002-3533-3740,University of Geneva,CH,1794,116124
G. Simi,https://orcid.org/0000-0001-6741-6199,University of Padua,IT,1794,64200
JIRO HIROKAWA,,Institute of Science Tokyo,,1794,1
Unknown,,,,1794,0
GBIF.org User,,,,1794,0
Maryvonne Gérin,https://orcid.org/0000-0002-2418-7952,Centre National de la Recherche Scientifique,FR,1793,12435
Sailing He,https://orcid.org/0000-0002-3401-1125,Zhejiang A & F University,CN,1793,44251
A. Rizzi,https://orcid.org/0000-0002-4543-2718,University of Siena,IT,1792,100734
T. Bołd,https://orcid.org/0000-0002-2432-411X,Jagiellonian University,PL,1792,114897
V. Chiarella,https://orcid.org/0000-0002-4210-2924,Commissariat à l'Énergie Atomique et aux Énergies Alternatives,FR,1791,94854
K. Theofilatos,https://orcid.org/0000-0001-8448-883X,National and Kapodistrian University of Athens,GR,1791,104897
L. A. Antonelli,https://orcid.org/0000-0002-5037-9034,Astronomical Observatory of Rome,IT,1791,72923
R. Wang,https://orcid.org/0000-0002-5059-8456,Beijing Normal University,CN,1790,97791
M. Pesaresi,https://orcid.org/0000-0002-9759-1083,Imperial Valley College,US,1790,100230
Ravi P. Agarwal,https://orcid.org/0000-0003-0634-2370,Florida Institute of Technology,US,1790,38893
Takeshi Kimura,https://orcid.org/0000-0002-5665-4076,Municipal Hirakata City Hospital,JP,1790,52881
J. Goh,https://orcid.org/0000-0002-1129-2083,Sejong University,KR,1790,99335
M. Wielers,https://orcid.org/0000-0001-9232-4827,Rutherford Appleton Laboratory,GB,1790,106564
김영환,,,,1790,289
P. Dervan,https://orcid.org/0000-0003-3929-8046,University of Liverpool,GB,1789,112416
Hölger Thiele,https://orcid.org/0000-0002-0169-998X,University Hospital Schleswig-Holstein,DE,1789,103073
M. Selvaggi,https://orcid.org/0000-0002-5144-9655,European Organization for Nuclear Research,CH,1789,105480
otto kässi,https://orcid.org/0000-0002-8666-200X,Research Institute of the Finnish Economy,FI,1789,1520
Marie-Louise G. Wadenberg,,Linnaeus University,SE,1789,1654
Alessandro Repici,https://orcid.org/0000-0002-1621-6450,Humanitas University,IT,1788,36987
L. Caminada,https://orcid.org/0000-0001-5677-6033,University of Zurich,CH,1787,103609
J. E. Cole,https://orcid.org/0000-0001-5638-7599,Brunel University of London,GB,1787,103241
M. Felcini,https://orcid.org/0000-0002-2051-9331,University College Dublin,IE,1787,111841
C. Da Vià,https://orcid.org/0000-0001-6154-7323,University of Manchester,GB,1787,105474
H. Kolanoski,https://orcid.org/0000-0003-0435-2524,Humboldt-Universität zu Berlin,DE,1787,116569
Lee Kovarsky,,,,1787,0
Qian Chen,https://orcid.org/0000-0002-1909-302X,East China University of Science and Technology,CN,1787,31433
S. Rosati,https://orcid.org/0000-0003-0838-5980,University of Chicago,US,1787,106375
Carol L. Shields,https://orcid.org/0000-0002-3288-3632,Thomas Jefferson University,US,1786,57229
I.G. Sipes,,University of Arizona,US,1786,13477
Jie Tian,https://orcid.org/0000-0003-0498-0432,Dalian Ocean University,CN,1786,61633
Yesne Alici,,Memorial Sloan Kettering Cancer Center,US,1785,2369
Bart Ellenbroek,https://orcid.org/0000-0003-1996-4873,Victoria University of Wellington,NZ,1785,9767
Not Given Author,,,,1785,1531
Jakob Abermann,https://orcid.org/0000-0003-1285-1868,University of Graz,AT,1785,2624
Larry W. Moreland,https://orcid.org/0000-0003-4483-0359,,,1784,55827
F. M. Peeters,https://orcid.org/0000-0003-3507-8951,University of Antwerp,BE,1784,59138
Zhang Li,https://orcid.org/0000-0003-1989-6102,Jiangnan University,CN,1784,18925
Gang Li,https://orcid.org/0000-0002-3981-2239,University of Electronic Science and Technology of China,CN,1784,41747
Herbert C. Brown,,,,1784,55955
Andreas von Deimling,https://orcid.org/0000-0002-5863-540X,German Cancer Research Center,DE,1783,174087
A. Hinzmann,https://orcid.org/0000-0002-2633-4696,Deutsches Elektronen-Synchrotron DESY,DE,1783,99942
Robert E. Scully,,Ollscoil na Gaillimhe – University of Galway,IE,1783,49533
Qian Zhang,https://orcid.org/0000-0001-5975-9781,Macau University of Science and Technology,MO,1783,37390
GBIF.org User,,,,1783,0
Marco Metra,https://orcid.org/0000-0001-6691-8568,Vita-Salute San Raffaele University,IT,1782,115948
Johann Wolfgang von Gœthe,,,,1782,5160
Sébastien Ourselin,https://orcid.org/0000-0002-5694-5340,King's College London,GB,1782,69466
B.M. Mikhova,https://orcid.org/0000-0001-8851-971X,Bulgarian Academy of Sciences,BG,1782,152
C.‐C. Jay Kuo,https://orcid.org/0000-0001-9474-5035,University of Southern California,US,1781,36647
Johan G. Eriksson,https://orcid.org/0000-0002-2516-2060,"Agency for Science, Technology and Research",SG,1781,175462
Ashok Agarwal,https://orcid.org/0000-0003-0585-1026,Cleveland Clinic,US,1781,84567
김지혜,,,,1781,409
I. van Vulpen,https://orcid.org/0000-0001-7074-5655,National Institute for Subatomic Physics,NL,1781,112190
Caesar Gaius Julius Caesar,,,,1781,32
C. Haber,https://orcid.org/0000-0002-0155-1360,Lawrence Berkeley National Laboratory,US,1781,94403
Weijun Qian,https://orcid.org/0000-0002-5393-2827,Pacific Northwest National Laboratory,US,1781,0
B. Álvarez González,https://orcid.org/0000-0001-7767-4810,Universidad de Oviedo,ES,1780,99465
Rob Knight,https://orcid.org/0000-0002-0975-9019,UC San Diego Health System,US,1780,463618
H. Stoeckli‐Evans,https://orcid.org/0000-0002-9960-3869,University of Neuchâtel,CH,1780,15082
CMS Collaboration,,,,1780,0
Edwin C. Constable,https://orcid.org/0000-0003-4916-4041,University of Basel,CH,1779,26445
N. Demaria,https://orcid.org/0000-0003-0743-9465,"Istituto Nazionale di Fisica Nucleare, Sezione di Torino",IT,1779,105038
J. Eckert,https://orcid.org/0000-0003-4112-3181,Montanuniversität Leoben,AT,1778,67020
Hideyuki Okano,https://orcid.org/0000-0001-7482-5935,Meiji University,JP,1778,87712
Liu,,,,1778,2485
Ladislav Hejdánek,,,,1777,10
F. Déliot,https://orcid.org/0000-0003-0777-6031,Commissariat à l'Énergie Atomique et aux Énergies Alternatives,FR,1777,85772
Paul Willner,https://orcid.org/0000-0001-5576-5260,Swansea University,GB,1777,24600
Elizabeth Eder,https://orcid.org/0000-0002-1486-7591,Environmental Molecular Sciences Laboratory,US,1777,0
Jan Deprest,https://orcid.org/0000-0002-4920-945X,Universitair Ziekenhuis Leuven,BE,1776,41285
Carlo M. Croce,https://orcid.org/0000-0003-3788-1457,The Ohio State University,US,1775,199080
F. Fassi,https://orcid.org/0000-0002-6423-7213,Mohammed V University,MA,1775,115937
S Pirro,,,,1775,0
Ting Liu,https://orcid.org/0000-0003-1816-5551,Zhejiang Chinese Medical University,CN,1775,41546
Zhang,,Northeast Radio Observatory Corporation,US,1775,2090
Ying Liu,https://orcid.org/0000-0003-0571-2253,Chongqing University,CN,1774,340
Jos H. Beijnen,https://orcid.org/0000-0003-0118-561X,,,1774,76091
R. Di Nardo,https://orcid.org/0000-0003-1111-3783,Roma Tre University,IT,1774,112865
J. Varela,https://orcid.org/0000-0003-2613-3146,LIP - Laboratory of Instrumentation and Experimental Particle Physics,PT,1774,101342
J. Andreä,https://orcid.org/0000-0002-8298-7560,Centre National de la Recherche Scientifique,FR,1774,105294
P. Govoni,https://orcid.org/0000-0002-0227-1301,"Istituto Nazionale di Fisica Nucleare, Sezione di Milano Bicocca",IT,1774,106546
Han .,,State Scientific Research Navigation and Hydrographic Institute,RU,1774,2487
Yuranga Weerakkody,,,,1774,995
김대영,,,,1773,133
J. Mousa,https://orcid.org/0000-0002-2978-2718,University of Cyprus,CY,1773,106732
K. Smolek,https://orcid.org/0000-0002-5996-7000,Brookhaven National Laboratory,US,1773,106934
이상철,,,,1773,163
S. Tavernier,https://orcid.org/0000-0002-6792-9522,Vrije Universiteit Brussel,BE,1773,92206
Kazuomi Kario,https://orcid.org/0000-0002-8251-4480,Jichi Medical University,JP,1772,54212
M. E. Dinardo,https://orcid.org/0000-0002-8575-7250,"Istituto Nazionale di Fisica Nucleare, Sezione di Milano Bicocca",IT,1772,99536
Tracy B. Mallory,,,,1772,3219
C. Doglioni,https://orcid.org/0000-0002-1509-0390,Lund University,SE,1772,105022
Z. Q. Zhu,https://orcid.org/0000-0001-7175-3307,Xihua University,CN,1772,62926
O. Røhne,https://orcid.org/0000-0001-7744-9584,University of Oslo,NO,1772,100327
Chen Liu,https://orcid.org/0009-0003-0430-6146,Kunming University of Science and Technology,CN,1772,51500
GBIF.org User,,,,1772,0
Giyeong Kim,https://orcid.org/0000-0001-6297-639X,,,1771,490
G. K. Surya Prakash,https://orcid.org/0000-0002-6350-8325,University of Southern California,US,1771,47114
김동환,,Yonsei University,KR,1771,139
L. Feligioni,https://orcid.org/0000-0002-1403-0951,Chinese Academy of Sciences,CN,1771,114550
D. Benchekroun,https://orcid.org/0000-0001-5196-8327,University of Hassan II Casablanca,MA,1771,111564
L. Levchuk,https://orcid.org/0000-0001-5889-7410,Kharkiv Institute of Physics and Technology,UA,1771,100113
GBIF.org User,,,,1771,0
Zhigang Li,https://orcid.org/0000-0001-7164-1049,Chongqing University,CN,1770,25504
A. Dell’Acqua,https://orcid.org/0000-0003-2453-7745,European Organization for Nuclear Research,CH,1770,140456
M. I. Josa,https://orcid.org/0000-0002-4985-6964,Unidades Centrales Científico-Técnicas,ES,1770,105991
이상원,,Korea University,KR,1770,186
C.-E. Wulz,https://orcid.org/0000-0001-9226-5812,TU Wien,AT,1770,103879
김진희,,,,1769,290
M. Lassnig,https://orcid.org/0000-0002-9541-0592,"Istituto Nazionale di Fisica Nucleare, Sezione di Bologna",IT,1769,104178
S. Lehti,https://orcid.org/0000-0003-1370-5598,Helsinki Institute of Physics,FI,1769,108108
K. Nikolopoulos,https://orcid.org/0000-0002-3048-489X,Universität Hamburg,DE,1768,112058
Albert Y. Zomaya,https://orcid.org/0000-0002-3090-1059,University of Technology Sydney,AU,1768,42025
F. Ptochos,https://orcid.org/0000-0002-3432-3452,University of Cyprus,CY,1768,104959
Ning Wang,https://orcid.org/0000-0003-1410-329X,Zhejiang Chinese Medical University,CN,1768,50861
Gerd Hasenfuß,https://orcid.org/0000-0002-5942-361X,Universitätsmedizin Göttingen,DE,1767,55712
Stephen J. Forman,https://orcid.org/0000-0002-2803-4152,City Of Hope National Medical Center,US,1767,60893
D. Boumediene,https://orcid.org/0000-0002-7809-3118,Université Clermont Auvergne,FR,1767,107745
Bernard J. Gersh,https://orcid.org/0000-0001-5605-900X,Clinical Research Institute,US,1767,139279
Andreas Marneros,,,,1766,6244
M. Bindi,https://orcid.org/0000-0001-6172-545X,University of Göttingen,DE,1766,105894
C. Troncon,https://orcid.org/0000-0002-7997-8524,,,1766,113304
Peter Riederer,https://orcid.org/0000-0002-3453-6335,University of Southern Denmark,DK,1766,48712
Hyoung Seop Kim,https://orcid.org/0000-0002-3155-583X,Pohang University of Science and Technology,KR,1766,50043
Brooke Kaiser,https://orcid.org/0000-0001-7039-1332,Pacific Northwest National Laboratory,US,1766,0
T. Koffas,https://orcid.org/0000-0001-9612-4988,Charles University,CZ,1765,113415
김성민,,,,1765,222
Matthew Meyerson,https://orcid.org/0000-0002-9133-8108,Broad Institute,US,1765,277609
C. Meyer,https://orcid.org/0000-0003-3552-6566,Indiana University,US,1765,126812
Hugh Mitchell,https://orcid.org/0000-0003-0143-8461,Pacific Northwest National Laboratory,US,1765,0
Lye Meng Markillie,https://orcid.org/0000-0001-8275-4882,Environmental Molecular Sciences Laboratory,US,1765,0
Vanderlei Salvador Bagnato,https://orcid.org/0000-0003-4833-239X,Texas A&M University System,US,1764,22860
Mark Woodward,https://orcid.org/0000-0001-9800-5296,University of Technology Sydney,AU,1764,161373
Nuno Sousa,https://orcid.org/0000-0002-8755-5126,Max Planck Society,DE,1764,42458
В.И. Овчаренко,https://orcid.org/0000-0002-8280-8112,International Tomography Center,RU,1764,6547
A. Coccaro,https://orcid.org/0000-0003-2368-4559,"Istituto Nazionale di Fisica Nucleare, Sezione di Genova",IT,1764,114326
N. Makovec,https://orcid.org/0000-0001-5124-904X,Centre National de la Recherche Scientifique,FR,1764,104689
T. Lindén,https://orcid.org/0009-0002-4847-8882,Helsinki Institute of Physics,FI,1763,106099
M. G. Vincter,https://orcid.org/0000-0002-5338-8972,Carleton University,CA,1763,144401
S. Banerjee,https://orcid.org/0000-0001-8852-2409,Twitter (United States),US,1763,91379
T.W. Schultz,https://orcid.org/0000-0002-9788-1662,Knoxville College,US,1763,18068
李娟,,,,1762,35
S. Zenz,https://orcid.org/0000-0002-9720-1794,Centre National de la Recherche Scientifique,FR,1762,100942
Kelly Hatter,,Environmental Molecular Sciences Laboratory,US,1762,0
Joseph Haydn,,,,1761,641
Martín Knapp,https://orcid.org/0000-0003-1427-0215,London School of Economics and Political Science,GB,1761,62861
C. A. Bernardes,https://orcid.org/0000-0001-5790-9563,Universidade Federal do Rio Grande do Sul,BR,1761,92853
Hiroshi Amano,https://orcid.org/0000-0002-7598-2593,Kyoto University,JP,1761,42105
Rüssel J. Reiter,https://orcid.org/0000-0001-6763-4225,The University of Texas at San Antonio Health Science Center,US,1761,143932
Jung Tae Kim∥,https://orcid.org/0000-0003-0661-4735,University of California System,US,1761,3712
Jing Liu,https://orcid.org/0000-0002-3255-3019,Zhejiang Chinese Medical University,CN,1761,37037
University of Gothenburg,,,,1761,0
Peter W. Roesky,https://orcid.org/0000-0002-0915-3893,Karlsruhe Institute of Technology,DE,1760,15375
Gilwoo Lee,,University of Washington,US,1760,0
P. Meridiani,https://orcid.org/0000-0002-8480-2259,Università degli Studi del Piemonte Orientale “Amedeo Avogadro”,IT,1760,108831
Y. Yamaguchi,https://orcid.org/0000-0002-3725-4800,Kyushu University,JP,1760,92454
Ying,,Hong Kong Polytechnic University,HK,1760,2773
C. Z. Yuan,https://orcid.org/0000-0002-1652-6686,Twitter (United States),US,1759,48737
Elliot K. Fishman,https://orcid.org/0000-0002-2567-1658,Johns Hopkins University,US,1759,64394
Ed. Marshall,,,,1759,160
Harry Vereecken,https://orcid.org/0000-0002-8051-8517,Forschungszentrum Jülich,DE,1759,42104
Benjamin List,https://orcid.org/0000-0002-9804-599X,Hokkaido University,JP,1759,45969
Robert J. Sternberg,https://orcid.org/0000-0001-7191-5169,Cornell University,US,1759,100437
Jason C. G. Halford,https://orcid.org/0000-0003-1629-3189,University of Leeds,GB,1759,18185
C. Lange,https://orcid.org/0000-0002-3632-3157,Paul Scherrer Institute,CH,1758,95948
Markus Graefen,https://orcid.org/0000-0003-3609-3512,Universität Hamburg,DE,1758,82899
张瑜,,Shanghai Jiao Tong University,CN,1758,80
Wang Peng,https://orcid.org/0009-0009-3447-3598,Central South University,CN,1758,125
T. Johansson,https://orcid.org/0000-0002-6945-716X,Uppsala University,SE,1758,27146
Tamás Varga,https://orcid.org/0000-0002-5492-866X,Pacific Northwest National Laboratory,US,1758,7184
Carlos M. Duarte,https://orcid.org/0000-0002-1213-1361,Centro de Investigação em Artes e Comunicação,PT,1758,150539
Jie Wang,https://orcid.org/0000-0001-7870-0646,Shandong University of Traditional Chinese Medicine,CN,1758,34310
Zhou,,National University of Defense Technology,CN,1758,4337
:unav,,,,1758,0
Lihong V. Wang,https://orcid.org/0000-0001-9783-4383,California Institute of Technology,US,1757,103462
Felix Y. Feng,https://orcid.org/0000-0002-0963-7687,,,1757,52002
Michael J. Keating,https://orcid.org/0000-0002-9121-6450,,,1757,96357
E. M. Da Costa,https://orcid.org/0000-0002-5016-6434,Universidade do Estado do Rio de Janeiro,BR,1757,99244
Michael D. Hill,https://orcid.org/0000-0002-6269-1543,Western University,CA,1757,93885
Bruce M. Psaty,https://orcid.org/0000-0002-7278-2190,University of Washington,US,1756,175129
S. Yoshida,https://orcid.org/0000-0003-2480-5105,Chiba University,JP,1756,55671
Mark Richards,https://orcid.org/0000-0002-2023-8177,Memorial Sloan Kettering Cancer Center,US,1756,53838
Jeongmin Kim,https://orcid.org/0000-0002-0468-8012,Kookmin University,KR,1756,5265
Krzysztof Matyjaszewski,https://orcid.org/0000-0003-1960-3402,Carnegie Mellon University,US,1756,161709
Ethan P. White,https://orcid.org/0000-0001-6728-7745,University of Florida,US,1756,10777
Jing Li,https://orcid.org/0000-0001-9392-6600,Hebei Agricultural University,CN,1756,30139
Liang Liang,https://orcid.org/0000-0001-8331-5822,Guangxi Normal University,CN,1756,3063
J. Terrón,https://orcid.org/0000-0003-0132-5723,Universidad Autónoma de Madrid,ES,1756,113087
H. Saka,https://orcid.org/0000-0001-7616-2573,University of Cyprus,CY,1755,92526
I. Grabowska-Bołd,https://orcid.org/0000-0001-9159-1210,Jagiellonian University,PL,1755,114466
Christiane Roulet,,,,1755,641
D. Ferenček,https://orcid.org/0000-0001-9116-1202,Ruđer Bošković Institute,HR,1755,97001
Bruno Dallapiccola,https://orcid.org/0000-0002-5031-1013,Bambino Gesù Children's Hospital,IT,1754,53445
Theodore Neff,,,,1754,2499
Meng Wang,https://orcid.org/0000-0003-4067-1127,University of Science and Technology of China,CN,1754,40929
Wayne Hall,https://orcid.org/0000-0003-1984-0096,The University of Queensland,AU,1754,103436
Celia J. A. Morgan,https://orcid.org/0000-0002-8858-4906,University of Exeter,GB,1754,10396
Børge G. Nordestgaard,https://orcid.org/0000-0002-1954-7220,University of Copenhagen,DK,1754,172164
M. Della Pietra,https://orcid.org/0000-0003-4446-3368,"Istituto Nazionale di Fisica Nucleare, Sezione di Napoli",IT,1754,108359
Bengt Winblad,https://orcid.org/0000-0002-0011-1179,Karolinska Institutet,SE,1754,121505
L. Fiorini,https://orcid.org/0000-0002-5070-2735,Universitat de València,ES,1754,112126
I. M. Trigger,https://orcid.org/0000-0002-6127-5847,Laboratoire de Physique Nucléaire et de Hautes Énergies,FR,1753,106383
S. Chekanov,https://orcid.org/0000-0001-7314-7247,Argonne National Laboratory,US,1753,94099
A. Kaczmarská,https://orcid.org/0000-0002-8880-4120,"Institute of Nuclear Physics, Polish Academy of Sciences",PL,1753,110080
C. Schiavi,https://orcid.org/0000-0003-0957-4994,University of Geneva,CH,1752,105770
F. De Guio,https://orcid.org/0000-0001-5927-8865,"Istituto Nazionale di Fisica Nucleare, Sezione di Milano Bicocca",IT,1752,96163
David W. Latham,https://orcid.org/0000-0001-9911-7388,Center for Astrophysics Harvard & Smithsonian,US,1752,66713
Mark D. Smith,https://orcid.org/0000-0001-6977-7131,University of South Carolina,US,1752,22828
Tadeusz Lis,https://orcid.org/0000-0003-0157-0649,University of Ljubljana,SI,1752,12207
A.D. Fryer,https://orcid.org/0000-0003-1712-9831,Oregon Health & Science University,US,1752,11995
M. Alhroob,https://orcid.org/0000-0001-7569-7111,University of Warwick,GB,1752,104003
I. Sýkora,https://orcid.org/0000-0003-3447-5621,Comenius University Bratislava,SK,1751,105035
P. Everaerts,https://orcid.org/0000-0003-3848-324X,University of Wisconsin System,US,1751,99274
이철희,,,,1751,159
S. Mohapatra,https://orcid.org/0000-0003-3006-6337,University of the Witwatersrand,ZA,1751,100993
Gang Wang,https://orcid.org/0000-0002-6705-4121,Panzhihua University,CN,1751,1753
Austin Gluth,,Washington State University Tri-Cities,US,1751,0
V. Sola,https://orcid.org/0000-0001-6288-951X,Università degli Studi del Piemonte Orientale “Amedeo Avogadro”,IT,1751,100164
Sabeeha Merchant,https://orcid.org/0000-0002-2594-509X,"University of California, Berkeley",US,1751,0
Pa. Malecki,https://orcid.org/0000-0001-8183-0468,Centre National de la Recherche Scientifique,FR,1750,124371
박선영,,Korea Institute of Ocean Science and Technology,KR,1750,165
K. Lie,https://orcid.org/0000-0002-5779-5989,Hong Kong University of Science and Technology,HK,1749,103628
David Moss,https://orcid.org/0000-0001-5195-1744,Australian Research Council,AU,1749,51502
Xin Wang,https://orcid.org/0000-0001-8051-1481,Beihua University,CN,1749,38543
G. P. Van Onsem,https://orcid.org/0000-0002-1664-2337,Vrije Universiteit Brussel,BE,1749,97051
Chandra Earl,https://orcid.org/0000-0001-9850-882X,,,1749,0
T. Lesiak,https://orcid.org/0000-0002-3966-2998,"Institute of Nuclear Physics, Polish Academy of Sciences",PL,1748,66125
André B. P. Kuilenburg,https://orcid.org/0000-0002-7989-4910,Amsterdam Neuroscience,NL,1748,15714
S. Tsuno,https://orcid.org/0000-0002-2055-4364,High Energy Accelerator Research Organization,JP,1748,110339
A. Calderón,https://orcid.org/0000-0002-7205-2040,Universidad de Cantabria,ES,1748,104713
J. Steggemann,https://orcid.org/0000-0003-4420-5510,ETH Zurich,CH,1748,101616
Lauren Gawne,,,,1748,0
M. A. L. Leite,https://orcid.org/0000-0003-0392-3663,Universidade de São Paulo,BR,1747,115714
A. Grohsjean,https://orcid.org/0000-0003-0748-8494,Universität Hamburg,DE,1747,75666
L. Kreczko,https://orcid.org/0000-0003-2341-8330,University of Bristol,GB,1747,101651
Shipeng Li,https://orcid.org/0000-0002-1507-8674,Hebei Medical University,CN,1747,497
V. Kim,https://orcid.org/0000-0001-7161-2133,,,1747,109225
Martı́n Cammarota,https://orcid.org/0000-0001-9741-5074,Universidade Federal do Rio Grande do Norte,BR,1747,12254
David C. Christiani,https://orcid.org/0000-0002-0301-0242,Massachusetts Department of Public Health,US,1747,72961
M. Kaya,https://orcid.org/0000-0003-2890-4493,Erzincan Binali Yıldırım University,TR,1747,101687
S. Ye,https://orcid.org/0000-0002-7864-4282,University of Science and Technology of China,CN,1747,112586
Liu,,,,1747,4084
H. M. Gray,https://orcid.org/0000-0002-5293-4716,Lawrence Berkeley National Laboratory,US,1746,115573
Mérouane Debbah,https://orcid.org/0000-0001-8941-8080,Khalifa University of Science and Technology,AE,1746,69337
G. Petrucciani,https://orcid.org/0000-0003-0889-4726,European Organization for Nuclear Research,CH,1746,104888
artfletch,,,,1746,0
F. Golf,https://orcid.org/0000-0003-3567-9351,Boston University,US,1745,98588
Tilman Sauerbruch,https://orcid.org/0000-0001-7636-1134,University of Bonn,DE,1745,26867
S. Yang,https://orcid.org/0000-0002-0204-984X,Harbin University of Science and Technology,CN,1745,60572
V. Angelopoulos,https://orcid.org/0000-0001-7024-1561,Planetary Science Institute,US,1745,46337
Donna Neuberg,https://orcid.org/0000-0003-2566-3145,Dana-Farber Cancer Institute,US,1744,103419
A.S. Bogomyakov,https://orcid.org/0000-0002-6918-5459,International Tomography Center,RU,1744,4645
Keith T. Flaherty,https://orcid.org/0000-0002-3402-0478,Harvard University,US,1744,124001
Meenhard Herlyn,https://orcid.org/0000-0003-0839-0739,The Wistar Institute,US,1744,74181
Guang‐Can Guo,https://orcid.org/0000-0003-3771-9185,University of Science and Technology of China,CN,1744,40274
Roderic Page,https://orcid.org/0000-0002-7101-9767,University of Glasgow,GB,1744,20848
S. Udry,https://orcid.org/0000-0001-7576-6236,University of Geneva,CH,1744,77324
Paul D.P. Pharoah,https://orcid.org/0000-0001-8494-732X,Cedars-Sinai Medical Center,US,1744,99116
王斌,,,,1743,113
A. Jafari,https://orcid.org/0000-0001-7327-1870,Sharif University of Technology,IR,1743,99290
Alisdair R. Fernie,https://orcid.org/0000-0001-9000-335X,Center of Plant Systems Biology and Biotechnology,BG,1743,118490
W. H. Hopkins,https://orcid.org/0000-0001-7814-8740,Argonne National Laboratory,US,1743,86622
M. Konecki,https://orcid.org/0000-0001-9482-4841,Warsaw University of Technology,PL,1743,104912
J. Große-Knetter,https://orcid.org/0000-0003-3085-7067,University of Göttingen,DE,1743,113479
K. Özdemir,https://orcid.org/0000-0002-0103-1488,Izmir University,TR,1743,107770
Adnan I. Qureshi,https://orcid.org/0000-0003-4962-540X,University of Missouri Health System,US,1742,46071
F. Malek,https://orcid.org/0000-0002-0948-5775,Institut polytechnique de Grenoble,FR,1742,111761
Ju Young Lee,https://orcid.org/0000-0002-5531-9663,Catholic University of Korea,KR,1742,636
Morgan Rouprêt,https://orcid.org/0000-0001-8440-7075,Sorbonne Université,FR,1742,43795
Hyun Sook Kim,https://orcid.org/0000-0001-5662-7740,Gyeongsangnam-do Agricultural Research and Extension Services,KR,1742,5191
Xiaoping Zhang,https://orcid.org/0000-0003-0995-4989,Shenyang Pharmaceutical University,CN,1742,37600
Ralf Paus,https://orcid.org/0000-0002-3492-9358,University of Miami,US,1741,59559
G. Apollinari,https://orcid.org/0000-0002-5212-5396,Fermi National Accelerator Laboratory,US,1741,85675
GBIF.org User,,,,1741,0
Randy Showstack,,,,1740,1449
G. Darbo,https://orcid.org/0000-0003-2165-0638,"Istituto Nazionale di Fisica Nucleare, Sezione di Genova",IT,1740,115488
Mi Jeong Kim,https://orcid.org/0000-0002-6858-9195,Changwon National University,KR,1740,2247
T. Lari,https://orcid.org/0000-0002-1388-869X,Universitat de València,ES,1740,114157
Elio Ríboli,https://orcid.org/0000-0001-6795-6080,World Cancer Research Fund International,GB,1740,153779
B. Mindur,https://orcid.org/0000-0002-5511-2611,Jagiellonian University,PL,1740,111067
Zhou,,,,1740,2463
John Q. Trojanowski,https://orcid.org/0000-0002-9239-8794,University of Pennsylvania,US,1739,283573
S. Shmatov,https://orcid.org/0000-0001-5354-8350,European Organization for Nuclear Research,CH,1739,104700
Jaffer A. Ajani,https://orcid.org/0000-0001-9946-0629,The University of Texas MD Anderson Cancer Center,US,1738,119555
G. Sultanov,https://orcid.org/0000-0002-8030-3866,Bulgarian Academy of Sciences,BG,1738,97456
N. Ellis,https://orcid.org/0000-0002-1920-4930,,,1738,118442
S. Piperov,https://orcid.org/0000-0002-9266-7819,Purdue University Northwest,US,1738,103978
Г. А. Толстиков,,Russian Academy of Sciences,RU,1738,4372
Hongyun Zhao,https://orcid.org/0000-0002-1251-3888,Stanford University,US,1737,10942
Ioan Pop,https://orcid.org/0000-0002-0660-6543,Babeș-Bolyai University,RO,1737,71298
Jennifer Kyle,,Pacific Northwest National Laboratory,US,1737,62
E. Pianori,https://orcid.org/0000-0001-9233-5892,Rutherford Appleton Laboratory,GB,1736,101898
Marcy J. Bubar,,The University of Texas Medical Branch at Galveston,US,1736,2231
M. Cepeda,https://orcid.org/0000-0002-6076-4083,Universidad Complutense de Madrid,ES,1736,97305
Diego Mendes Lima,,Universidade Federal da Paraíba,BR,1735,249
F. Legger,https://orcid.org/0000-0003-1400-0709,University of Geneva,CH,1735,104886
Richard A. Scolyer,https://orcid.org/0000-0002-8991-0013,The University of Sydney,AU,1735,115228
Haiyan Wang,https://orcid.org/0000-0002-7397-1209,E.O. Paton Electric Welding Institute,UA,1735,51073
Ron Johnston,https://orcid.org/0000-0003-3031-8573,University of Glasgow,GB,1734,32809
Alexander R. Vaccaro,https://orcid.org/0000-0002-8073-0796,Thomas Jefferson University,US,1734,54707
Aldo R. Boccaccini,https://orcid.org/0000-0002-7377-2955,Friedrich-Alexander-Universität Erlangen-Nürnberg,DE,1734,90106
S. Stone,https://orcid.org/0000-0002-2122-771X,Syracuse University,US,1734,97694
G. Dissertori,https://orcid.org/0000-0002-4549-2569,ETH Zurich,CH,1734,130774
Bruce Thompson,https://orcid.org/0000-0002-5885-0652,The University of Melbourne,AU,1733,123520
Roland Bitsch,https://orcid.org/0000-0003-4618-4434,,,1733,4234
I.H. White,https://orcid.org/0000-0002-7368-0305,University of Cambridge,GB,1733,16606
Yu Chen,https://orcid.org/0000-0001-9545-6761,Xihua University,CN,1733,50430
S. Gennai,https://orcid.org/0000-0001-5269-8517,"Istituto Nazionale di Fisica Nucleare, Sezione di Milano Bicocca",IT,1733,105128
T. Lampén,https://orcid.org/0000-0002-8398-4249,Helsinki Institute of Physics,FI,1733,129842
Th. Müller,https://orcid.org/0000-0002-7646-8115,Max Planck Institute for Extraterrestrial Physics,DE,1733,85690
T. Davídek,https://orcid.org/0000-0002-3770-8307,Charles University,CZ,1732,113355
T. Kono,https://orcid.org/0000-0003-1553-2950,Ochanomizu University,JP,1732,109984
A. Massironi,https://orcid.org/0000-0002-0782-0883,"Istituto Nazionale di Fisica Nucleare, Sezione di Milano Bicocca",IT,1732,99716
GBIF.org User,,,,1732,0
M. C. Vetterli,https://orcid.org/0000-0002-7223-2965,Simon Fraser University,CA,1731,108700
Anton M. Koekemoer,https://orcid.org/0000-0002-6610-2048,Space Telescope Science Institute,US,1731,91334
Kevin M. Smith,https://orcid.org/0000-0002-6736-4779,Louisiana State University,US,1731,40171
Patrick M. Sexton,https://orcid.org/0000-0001-8902-2473,Laboratoire de Biologie Physico-Chimique des Protéines Membranaires,FR,1731,31221
Roman Hájek,https://orcid.org/0000-0001-6955-6267,University of Ostrava,CZ,1731,36364
WANG Feng Hui,,,,1730,105
Nicholas J. Wareham,https://orcid.org/0000-0003-1422-2993,University of Cambridge,GB,1730,217232
A. Formica,https://orcid.org/0000-0001-8308-2643,Commissariat à l'Énergie Atomique et aux Énergies Alternatives,FR,1730,111626
Hye Young Kim,https://orcid.org/0000-0002-1593-3933,Jeonbuk National University,KR,1729,2220
Francesc Lloret,https://orcid.org/0000-0003-2959-0879,Universitat de València,ES,1729,30809
Dimitri N. Mavris,https://orcid.org/0000-0001-8783-4988,Georgia Institute of Technology,US,1729,14469
Ying Wang,https://orcid.org/0000-0002-1407-2668,Sun Yat-sen University,CN,1729,42104
S. Sharma,https://orcid.org/0000-0002-2037-2325,University of California San Diego,US,1729,126314
Arul M. Chinnaiyan,https://orcid.org/0000-0001-9282-3415,Howard Hughes Medical Institute,US,1728,99563
Filippo Crea,https://orcid.org/0000-0002-9482-411X,Università Cattolica del Sacro Cuore,IT,1728,77200
Nicola Simola,https://orcid.org/0000-0001-7296-3197,University of Cagliari,IT,1728,5149
Alois Knoll,https://orcid.org/0000-0003-4840-076X,Technical University of Munich,DE,1728,26586
Sheng Liu,https://orcid.org/0000-0001-6033-078X,Wuhan University of Technology,CN,1728,27499
Bryan Killinger,https://orcid.org/0000-0001-8544-648X,Rush University Medical Center,US,1728,0
C. Roda,https://orcid.org/0000-0002-3020-4114,University of Pisa,IT,1727,108613
Matthias Wagner,https://orcid.org/0000-0001-5806-8276,Goethe University Frankfurt,DE,1727,13838
C. Battilana,https://orcid.org/0000-0002-3753-3068,"Istituto Nazionale di Fisica Nucleare, Sezione di Bologna",IT,1727,105246
J. Mnich,https://orcid.org/0000-0001-7242-8426,Deutsches Elektronen-Synchrotron DESY,DE,1727,115127
Juan Carlos,,,,1727,928
M. Mohammadi Najafabadi,https://orcid.org/0000-0001-6131-5987,University College Dublin,IE,1727,107986
Feng,,,,1727,1830
Alyson J. Bond,,,,1727,7224
N. Öztürk,https://orcid.org/0000-0003-1125-6784,The University of Texas at Arlington,US,1726,109980
Mehmet Haberal,https://orcid.org/0000-0002-3462-7632,Başkent University,TR,1726,15798
Chiara Zazzaro,https://orcid.org/0000-0002-5677-326X,University of Naples - L'Orientale,IT,1726,264
Gilles Salles,https://orcid.org/0000-0002-9541-8666,Memorial Sloan Kettering Cancer Center,US,1726,80278
Jalid Sehouli,https://orcid.org/0000-0002-5963-6623,European Society of Gynaecological Oncology,CH,1725,45590
Marta Goula,https://orcid.org/0000-0001-6308-342X,Reig Jofre (Spain),ES,1725,864
Kjell Fuxé,https://orcid.org/0000-0001-8491-4288,Karolinska University Hospital,SE,1725,103496
Lei Zhang,https://orcid.org/0000-0003-1592-9966,Liaoning University of Technology,CN,1725,11240
G. Redlinger,https://orcid.org/0000-0002-6437-9991,Tel Aviv University,IL,1725,111724
김태호,,,,1725,135
E. Sauvan,https://orcid.org/0000-0003-1921-2647,Centre National de la Recherche Scientifique,FR,1725,100732
Jouni Uitto,https://orcid.org/0000-0003-4639-807X,Thomas Jefferson University,US,1724,53731
Björn W. Schuller,https://orcid.org/0000-0002-6478-8699,University of Augsburg,DE,1724,55978
M. Tomoto,https://orcid.org/0000-0002-4603-2070,High Energy Accelerator Research Organization,JP,1724,108377
Guillaume Attlane,,,,1724,0
M. Malberti,https://orcid.org/0000-0001-6794-8419,"Istituto Nazionale di Fisica Nucleare, Sezione di Milano Bicocca",IT,1723,105549
Yi-Ting Wang,https://orcid.org/0000-0001-7509-2016,Pacific Northwest National Laboratory,US,1723,0
T. Djobava,https://orcid.org/0000-0002-9414-8350,Tbilisi State University,GE,1722,110644
P. Camarri,https://orcid.org/0000-0002-5732-5645,University of Rome Tor Vergata,IT,1722,101399
F. Primavera,https://orcid.org/0000-0001-6253-8656,University of Padua,IT,1722,96352
Paolo Vineis,https://orcid.org/0000-0001-8935-4566,MRC Centre for Environment and Health,,1722,116455
Hong Wang,https://orcid.org/0000-0002-5125-9974,Shandong Academy of Sciences,CN,1722,24411
B. Akgün,https://orcid.org/0000-0001-8888-3562,3T Ophthalmics (United States),US,1721,96896
Hisao Ogawa,https://orcid.org/0000-0003-2532-6130,Tohoku University,JP,1721,61550
G. Fedi,https://orcid.org/0000-0001-9101-2573,Imperial Valley College,US,1721,94253
Antoni Ribas,https://orcid.org/0000-0003-3669-8458,APLA Health,US,1721,165497
J. Sánchez,https://orcid.org/0000-0001-9913-310X,Universitat de València,ES,1721,106448
GBIF.org User,,,,1721,0
I. Vukotić,https://orcid.org/0000-0003-0472-3516,Fermi National Accelerator Laboratory,US,1720,101395
Coen D.A. Stehouwer,https://orcid.org/0000-0001-8752-3223,KU Leuven,BE,1720,90696
M. Rotaru,https://orcid.org/0000-0003-4088-6275,University of Freiburg,DE,1720,107303
T. Beau,https://orcid.org/0000-0002-2022-2140,Centre National de la Recherche Scientifique,FR,1720,108106
Ben L. Feringa,https://orcid.org/0000-0003-0588-8435,University of Groningen,NL,1720,93032
M. C. Fouz,https://orcid.org/0000-0003-2950-976X,Unidades Centrales Científico-Técnicas,ES,1720,104539
V. F. Kazanin,https://orcid.org/0000-0002-4906-5468,Tufts University,US,1720,98672
Š. Todorova-Nová,https://orcid.org/0000-0003-2433-231X,Charles University,CZ,1719,104697
Frank G. Holz,https://orcid.org/0000-0001-8019-9272,University Hospital Bonn,DE,1719,50697
Hoi Sing Kwok,https://orcid.org/0000-0002-2820-9530,Hong Kong University of Science and Technology,HK,1719,39227
J. J. Heinrich,https://orcid.org/0000-0002-0253-0924,,,1719,69520
J. Weingarten,https://orcid.org/0000-0003-2165-871X,University of Freiburg,DE,1718,105136
Robert F. Miller,https://orcid.org/0000-0003-2067-4291,University College Hospital,GB,1718,49238
T. Kolberg,https://orcid.org/0000-0002-0211-6109,Florida State University,US,1718,99128
T. Vickey,https://orcid.org/0000-0002-1596-2611,Millennium Institute,BR,1718,110614
Juan Moisés De la Serna,https://orcid.org/0000-0002-8401-8018,,,1718,0
University of Gothenburg,,,,1718,0
Hannah Mayr,,Pacific Northwest National Laboratory,US,1718,0
K. Skovpen,https://orcid.org/0000-0002-1160-0621,Ghent University Hospital,BE,1717,86620
Sun Yung Ly,https://orcid.org/0000-0001-6813-8573,Chungnam National University,KR,1717,1033
Bernard Le Foll,https://orcid.org/0000-0002-6406-4973,Centre for Addiction and Mental Health,CA,1717,16999
R. Bainbridge,https://orcid.org/0000-0001-9157-4832,Imperial Valley College,US,1717,99327
Ryan Kelly,https://orcid.org/0000-0002-3339-4443,Brigham Young University,US,1717,0
Christopher Conant,,Pacific Northwest National Laboratory,US,1717,0
Micah Donor,https://orcid.org/0000-0002-1369-377X,Pacific Northwest National Laboratory,US,1717,0
Christopher Harrilal,https://orcid.org/0000-0003-0576-1709,Pacific Northwest National Laboratory,US,1717,0
Adam Hollerbach,https://orcid.org/0000-0003-2465-6031,Pacific Northwest National Laboratory,US,1717,0
Michael Camilleri,https://orcid.org/0000-0001-6472-7514,Commonwealth Scientific and Industrial Research Organisation,AU,1716,86461
Frédéric Chopin,,,,1716,124
Richard L. Apodaca,https://orcid.org/0000-0003-3855-9427,,,1716,1200
Charles S. Fuchs,https://orcid.org/0000-0003-1582-9842,Yale Cancer Center,US,1716,114805
W. O. Carver,,Rochester Institute of Technology,US,1716,87
Wei Liu,https://orcid.org/0000-0002-9302-8170,Beihua University,CN,1716,59528
Brian E. Leonard,,Michigan State University,US,1716,13364
J. Tao,https://orcid.org/0000-0003-2006-3490,Institute of High Energy Physics,CN,1716,100714
Y. Nagasaka,https://orcid.org/0000-0002-3669-9525,Hiroshima Institute of Technology,JP,1715,134198
S. Camarda,https://orcid.org/0000-0003-0479-7689,Deutsches Elektronen-Synchrotron DESY,DE,1715,73329
Won Ho Kim,https://orcid.org/0000-0002-5682-9972,"University of California, Los Angeles",US,1715,17165
G. Avolio,https://orcid.org/0000-0003-2664-3437,European Organization for Nuclear Research,CH,1715,105292
Samir Kapadia,https://orcid.org/0000-0002-0026-3391,Cleveland Clinic,US,1715,78586
Hong Li,https://orcid.org/0000-0001-5731-5335,Mount Sinai Hospital,CA,1715,45670
Lina Zhang,https://orcid.org/0000-0003-3890-8690,Ningbo University,CN,1715,73309
Tong Zhang,https://orcid.org/0000-0002-6923-2622,Pacific Northwest National Laboratory,US,1715,0
Chia-Feng Tsai,https://orcid.org/0000-0002-6514-6911,Pacific Northwest National Laboratory,US,1715,0
Rui Zhao,,Environmental Molecular Sciences Laboratory,US,1715,0
Royal Botanic Garden Edinburgh,,,,1715,0
Linda Wang﻿,https://orcid.org/0000-0001-6308-2769,Columbia University Irving Medical Center,US,1714,9719
M. H. Genest,https://orcid.org/0000-0002-4098-2024,Institut polytechnique de Grenoble,FR,1714,113378
Peter J. Goadsby,https://orcid.org/0000-0003-3260-5904,King's College London,GB,1713,90939
R. Vari,https://orcid.org/0000-0002-2814-1337,Laboratoire de Physique des 2 Infinis Irène Joliot-Curie,FR,1713,103361
東北大学史料館,,,,1713,0
H. Bakhshiansohi,https://orcid.org/0000-0001-5741-3357,Sharif University of Technology,IR,1713,94978
P. A. Razis,https://orcid.org/0000-0002-4855-0162,University of Cyprus,CY,1713,102238
JORIEMAR G. MAGALLANES,,Mindanao State University – Iligan Institute of Technology,PH,1713,0
Richard Harrison,,,,1713,0
C. Bountra,https://orcid.org/0000-0001-6596-153X,University of Oxford,GB,1712,12070
E. Meoni,https://orcid.org/0000-0002-6934-3752,University of Milan,IT,1712,113061
Elaine R. Mardis,https://orcid.org/0000-0002-5892-1553,Nationwide Children's Hospital,US,1712,343511
Geoff Boeing,https://orcid.org/0000-0003-1851-6411,University of Southern California,US,1711,3904
Charles M. Rudin,https://orcid.org/0000-0001-5204-3465,Memorial Sloan Kettering Cancer Center,US,1711,88586
I.А. Litvinov,https://orcid.org/0000-0003-4991-1908,A.E. Arbuzov Institute of Organic and Physical Chemistry,RU,1711,4409
Jaecheol Kim,https://orcid.org/0000-0002-9474-841X,Sungshin Women's University,KR,1711,803
Kwok‐Yung Yuen,https://orcid.org/0000-0002-2083-1552,Queen Mary Hospital,CN,1711,167472
J. C. Vermeulen,https://orcid.org/0000-0003-4378-5736,Universidade Federal do Rio de Janeiro,BR,1711,105813
M.A. Karsdal,https://orcid.org/0000-0001-5026-8740,Nordic Bioscience (Denmark),DK,1710,37229
M. S. Shur,https://orcid.org/0000-0003-0976-6232,Rensselaer Polytechnic Institute,US,1710,51409
A. Kalinowski,https://orcid.org/0000-0002-1280-5493,Warsaw University of Technology,PL,1710,108237
University of Gothenburg,,,,1710,0
Steven Williams,https://orcid.org/0000-0003-4299-1941,Wellcome Centre for Human Neuroimaging,GB,1709,98385
Erin Nuccio,https://orcid.org/0000-0003-0189-183X,Lawrence Livermore National Laboratory,US,1709,5826
Qi Li,https://orcid.org/0000-0003-2004-6885,Nanfang Hospital,CN,1709,9291
U. De Sanctis,https://orcid.org/0000-0003-4704-525X,University of Rome Tor Vergata,IT,1709,110926
C. Botta,https://orcid.org/0000-0002-8072-795X,European Organization for Nuclear Research,CH,1709,107932
BESIII Collaboration,,,,1709,0
V. P. Maleev,https://orcid.org/0000-0003-1028-8602,Université Paris Cité,FR,1708,112190
Giorgio Walter Canonica,https://orcid.org/0000-0001-8467-2557,Humanitas University,IT,1708,77885
Michael J. Owens,,,,1708,15495
National Press Associates,,,,1708,0
Hideya NAKANISHI,,National Institute for Fusion Science,JP,1708,0
Bobbie-Jo Webb-Robertson,,Pacific Northwest National Laboratory,US,1708,0
V. Dao,https://orcid.org/0000-0003-1645-8393,University of Copenhagen,DK,1707,104236
Facep,,,,1707,158
ALICIA AULT,,,,1707,1223
Carsten Bokemeyer,https://orcid.org/0000-0001-6071-7810,Universität Hamburg,DE,1707,62536
S. Ghosh,https://orcid.org/0000-0001-6717-0803,Centre National de la Recherche Scientifique,FR,1707,85880
P. A. Delsart,https://orcid.org/0000-0002-9556-2924,Institut polytechnique de Grenoble,FR,1707,111766
J. Flix,https://orcid.org/0000-0003-2688-8047,Unidades Centrales Científico-Técnicas,ES,1707,105004
T. R. Fernandez Perez Tomei,https://orcid.org/0000-0002-1809-5226,Universidade Federal do ABC,BR,1706,104569
Karen Coats,https://orcid.org/0000-0002-5808-9445,,,1706,621
Feng,,Tianjin University,CN,1706,2065
K. J. Zhu,https://orcid.org/0000-0002-4365-8043,Nanjing Tech University,CN,1705,42479
C. B. Gwilliam,https://orcid.org/0000-0002-9401-5304,University of Liverpool,GB,1705,112782
A. Mastroberardino,https://orcid.org/0000-0002-8933-9494,University of Pisa,IT,1705,106653
G. Iakovidis,https://orcid.org/0000-0002-0330-5921,Brookhaven National Laboratory,US,1705,104007
C. Hensel,https://orcid.org/0000-0001-8874-7624,Centro Brasileiro de Pesquisas Físicas,BR,1705,73275
I. Vivarelli,https://orcid.org/0000-0003-0097-123X,Deutsches Elektronen-Synchrotron DESY,DE,1704,115483
Ellen Panisko,,Pacific Northwest National Laboratory,US,1704,1681
Ying Wang,https://orcid.org/0000-0003-4524-1812,Fudan University,CN,1704,33343
B. K. Wosiek,https://orcid.org/0000-0003-4273-6334,"Institute of Nuclear Physics, Polish Academy of Sciences",PL,1704,108262
:unav,,,,1704,0
A. S. Cerqueira,https://orcid.org/0000-0002-4300-703X,Universidade Federal de Juiz de Fora,BR,1703,111535
Donal O’Regan,https://orcid.org/0000-0002-4096-1469,Ollscoil na Gaillimhe – University of Galway,IE,1703,26583
Ute Schepers,https://orcid.org/0000-0002-2736-6200,Karlsruhe Institute of Technology,DE,1703,5283
Xue Li,https://orcid.org/0000-0002-4515-6792,Electric Power University,VN,1703,21639
D. Cussans,https://orcid.org/0000-0001-8192-0826,At Bristol,GB,1703,92965
M. Tosi,https://orcid.org/0000-0003-4050-1769,University of Padua,IT,1703,97646
M. Maggi,https://orcid.org/0000-0002-8431-3922,Istituto Nazionale di Fisica Nucleare,IT,1703,91102
Linda C. Baumann,,University of Cologne,DE,1702,11601
M. Ridel,https://orcid.org/0000-0002-2601-7420,Jagiellonian University,PL,1702,111487
Serge Herçberg,https://orcid.org/0000-0002-3168-1350,Inserm,FR,1702,75887
Zidong Wang,https://orcid.org/0000-0002-9576-7401,Brunel University of London,GB,1702,84911
Te-Chen Lu,https://orcid.org/0009-0002-2559-379X,,,1702,0
K. Reeves,https://orcid.org/0000-0003-3504-4882,Brandeis University,US,1701,104455
P. Bortignon,https://orcid.org/0000-0002-5360-1454,University of Cagliari,IT,1701,96778
Hedvig Hricak,https://orcid.org/0000-0003-2240-9694,Memorial Sloan Kettering Cancer Center,US,1700,56346
Li Li,https://orcid.org/0000-0001-8413-5823,Beijing Institute of Technology,CN,1700,168
I. Boyko,https://orcid.org/0000-0002-3355-4662,Joint Institute for Nuclear Research,RU,1700,37845
S. V. Peleganchuk,https://orcid.org/0000-0003-0907-7592,European Organization for Nuclear Research,CH,1700,110342
B. Jayatilaka,https://orcid.org/0000-0001-7912-5612,Fermi National Accelerator Laboratory,US,1700,58977
Frank J. Gonzalez,https://orcid.org/0000-0002-7990-2140,University of North Carolina at Chapel Hill,US,1700,151631
M. Bluj,https://orcid.org/0000-0003-1229-1442,National Centre for Nuclear Research,PL,1700,106566
A. Vilela Pereira,https://orcid.org/0000-0003-3177-4626,Universidade do Estado do Rio de Janeiro,BR,1699,104797
J. Mamuzic,https://orcid.org/0000-0002-3203-4243,University of Ljubljana,SI,1699,110990
Andrea Alù,https://orcid.org/0000-0002-4297-5274,"The Graduate Center, CUNY",US,1699,83343
A. M. Nairz,https://orcid.org/0000-0003-3561-0880,Centre National de la Recherche Scientifique,FR,1699,110690
J. B. Sauvan,https://orcid.org/0000-0001-5187-3571,Centre National de la Recherche Scientifique,FR,1699,78988
Georg Schett,https://orcid.org/0000-0001-8740-9615,Karolinska University Hospital,SE,1699,100074
Eric J. Topol,https://orcid.org/0000-0002-1478-4729,Scripps Research Institute,US,1699,184201
Z. Rurikova,https://orcid.org/0000-0003-3051-9607,University of Freiburg,DE,1699,102653
David Mooney,https://orcid.org/0000-0001-6299-1194,Harvard University,US,1698,132950
Gérard-François Dumont,https://orcid.org/0000-0002-0256-2619,Comportement et Écologie de la Faune Sauvage,FR,1698,1197
Yangsoo Jang,https://orcid.org/0000-0002-2169-3112,Yonsei University,KR,1698,41352
Tie Jun Cui,https://orcid.org/0000-0002-5862-1497,University of Science and Technology of China,CN,1698,76323
C. Anastopoulos,https://orcid.org/0000-0003-1587-5830,University of Sheffield,GB,1698,109741
张辉,,,,1698,89
K. Lohwasser,https://orcid.org/0000-0003-1833-9160,University of Toronto,CA,1698,110730
L. Carminati,https://orcid.org/0000-0003-4535-2926,University of Milan,IT,1698,111387
Michael D. Taylor,https://orcid.org/0000-0001-7009-3466,University of Calgary,CA,1698,75856
Gary S. Mintz,https://orcid.org/0000-0003-3296-8705,Cardiovascular Research Foundation,US,1697,79640
Giuseppe Curigliano,https://orcid.org/0000-0003-1781-2518,University of Milan,IT,1697,75589
J. Tóth,https://orcid.org/0000-0001-9128-6080,University of North Carolina at Chapel Hill,US,1697,116826
Ji‐Won Lee,https://orcid.org/0000-0002-2666-4249,Hallym University,KR,1697,12717
Peter Kraft,https://orcid.org/0000-0002-4472-8103,National Cancer Institute,MY,1697,110394
Wolfgang Dietmaier,https://orcid.org/0000-0001-9974-1252,University of Regensburg,DE,1697,9315
Jianguo Zhu,https://orcid.org/0000-0002-9763-4047,The University of Sydney,AU,1697,32588
E. V. Bouhova-Thacker,https://orcid.org/0000-0002-5103-1558,Lancaster University,GB,1697,113322
Abi Rimmer,,BMJ Group (United Kingdom),,1697,2835
Heiner Wedemeyer,https://orcid.org/0000-0003-2906-0480,Lower Saxony State Museum,DE,1696,52344
V. Sordini,https://orcid.org/0000-0003-0885-824X,Université Claude Bernard Lyon 1,FR,1696,119626
James Carr,,Hospital for Special Surgery,US,1696,2229
G. F. Tartarelli,https://orcid.org/0000-0002-4244-502X,"Istituto Nazionale di Fisica Nucleare, Sezione di Milano",IT,1696,118564
S. Obraztsov,https://orcid.org/0009-0001-1152-2758,Centre National de la Recherche Scientifique,FR,1696,98609
Ian A. Wilson,https://orcid.org/0000-0002-6469-2419,Scripps Research Institute,US,1695,122932
Courtney D. DiNardo,https://orcid.org/0000-0001-9003-0390,The University of Texas MD Anderson Cancer Center,US,1695,50152
Guohe Huang,https://orcid.org/0000-0003-4974-3019,Shandong University,CN,1695,52497
Kamyar Kalantar‐Zadeh,,"University of California, Los Angeles",US,1695,91425
Ole Andersen,https://orcid.org/0000-0002-6685-3415,Technical University of Denmark,DK,1695,11481
Stefan Neubauer,https://orcid.org/0000-0001-9017-5645,John Radcliffe Hospital,GB,1695,67831
Yong He,https://orcid.org/0000-0001-6752-1757,Yangtze University,CN,1695,38323
D. M. Palmer,https://orcid.org/0000-0001-7128-0802,Foxconn (United Kingdom),GB,1694,18055
J. Konigsberg,https://orcid.org/0000-0001-6850-8765,University of Florida,US,1694,79955
Xicheng Zhang,https://orcid.org/0000-0003-3721-1357,Shihezi University,CN,1694,18520
L. Y. Dong,https://orcid.org/0000-0002-4773-5050,University of Chinese Academy of Sciences,CN,1694,48613
L. Goossens,https://orcid.org/0000-0002-2536-4498,University of Geneva,CH,1694,109627
L. Barak,https://orcid.org/0000-0002-3436-2726,Tel Aviv University,IL,1693,101236
M. Marčišovský,https://orcid.org/0000-0003-0860-7897,Centre National de la Recherche Scientifique,FR,1693,111769
William Whang,https://orcid.org/0000-0003-1103-9931,Mount Sinai Hospital,US,1693,9798
A. Brandt,https://orcid.org/0000-0002-6290-4940,The University of Texas at Arlington,US,1693,117972
Helmut Schwarz,https://orcid.org/0000-0002-3369-7997,Technische Universität Berlin,DE,1693,47428
Gareth Iacobucci,,BMJ Group (United Kingdom),,1693,6299
Minesh P. Mehta,https://orcid.org/0000-0002-4812-5713,Columbia University,US,1692,71972
Yulia V. Nelyubina,https://orcid.org/0000-0002-9121-0040,A. N. Nesmeyanov Institute of Organoelement Compounds,RU,1692,8408
Can Li,https://orcid.org/0000-0002-9301-7850,University of Science and Technology of China,CN,1692,108878
Lei Zhang,https://orcid.org/0000-0002-2078-4215,Xuzhou University of Technology,CN,1692,109470
Minglun Gong,https://orcid.org/0000-0001-5820-5381,University of Guelph,CA,1692,10671
W. S. Kŭrth,https://orcid.org/0000-0002-5471-6202,University of Iowa,US,1691,35697
Susan Redline,https://orcid.org/0000-0002-6585-1610,Broad Institute,US,1691,126718
M. Backhaus,https://orcid.org/0000-0002-5888-2304,ETH Zurich,CH,1691,96160
Sigmund Freud,,,,1691,99650
Guangming Zeng,https://orcid.org/0000-0002-4230-7647,Research Institute of Petroleum Exploration and Development,CN,1690,201585
John L. Markley,https://orcid.org/0000-0003-1799-6134,University of Wisconsin–Madison,US,1690,39592
Jeremy Bentham,https://orcid.org/0000-0002-9077-1508,,,1690,10701
G. Manca,https://orcid.org/0000-0003-1960-4413,University of Cagliari,IT,1690,72951
A. Çakır,https://orcid.org/0000-0002-8627-7689,Istanbul Technical University,TR,1690,99161
Olivier Elemento,https://orcid.org/0000-0002-8061-9617,Cornell University,US,1690,66182
M. Mikeštíková,https://orcid.org/0000-0003-1277-2596,FZU ‒ Institute of Physics of the Academy of Sciences of the Czech Republic,CZ,1690,115945
Bo Tang,https://orcid.org/0000-0002-8712-7025,Qingdao Binhai University,CN,1690,68140
P. Bargassa,https://orcid.org/0000-0001-8612-3332,Ruđer Bošković Institute,HR,1690,103193
В. О. Сандул,,,,1690,0
Kay W. Axhausen,,ETH Zurich,CH,1689,30253
K. Bachas,https://orcid.org/0000-0002-9047-6517,University of Thessaly,GR,1689,109919
Mark Slifstein,https://orcid.org/0000-0003-2142-6353,Stony Brook School,US,1689,16441
E. Clement,https://orcid.org/0000-0003-3412-4004,At Bristol,GB,1689,96669
Markus Schwaiger,https://orcid.org/0000-0002-2305-7144,"UMIT - Private Universität für Gesundheitswissenschaften, Medizinische Informatik und Technik",AT,1688,84784
Akira Suzuki,https://orcid.org/0000-0002-5950-8808,Hokkaido University of Science,JP,1688,43378
Kwok‐Kin Wong,https://orcid.org/0000-0001-6323-235X,Breast Cancer Research Foundation,US,1688,74375
Rolf Gleiter,https://orcid.org/0000-0001-5853-381X,Heidelberg University,DE,1688,19784
G. Bruno,https://orcid.org/0000-0001-6247-9633,University of Messina,IT,1688,87021
L. Calligaris,https://orcid.org/0000-0002-9951-9448,University of Pisa,IT,1688,87906
G. Wilkinson,https://orcid.org/0000-0001-5255-0619,University of Oxford,GB,1688,46236
Albert Schinzel,,University of Zurich,CH,1688,23247
María del Cármen,https://orcid.org/0000-0002-5994-2655,Beihang University,CN,1688,1086
Hiroaki Shimokawa,https://orcid.org/0000-0001-7534-4826,Tohoku University,JP,1687,71299
Sung-Jun Park,https://orcid.org/0000-0002-4770-8079,Keimyung University,KR,1687,880
Kay‐Tee Khaw,https://orcid.org/0000-0002-8802-2903,University of Cambridge,GB,1687,160347
J. Ferrando,https://orcid.org/0000-0002-1007-7816,Lancaster University,GB,1687,104963
Gautam Borthakur,https://orcid.org/0000-0001-7679-6453,The University of Texas MD Anderson Cancer Center,US,1687,37969
Chad A. Mirkin,https://orcid.org/0000-0002-6634-7627,Northwestern University,US,1687,163857
Michael A. Peters,https://orcid.org/0000-0002-1482-2975,University of Illinois Urbana-Champaign,US,1687,20077
H. Wolters,https://orcid.org/0000-0002-9588-1773,LIP - Laboratory of Instrumentation and Experimental Particle Physics,PT,1687,106390
P. Verwilligen,https://orcid.org/0000-0002-9285-8631,"Istituto Nazionale di Fisica Nucleare, Sezione di Bari",IT,1687,97816
Britta Hahn,https://orcid.org/0000-0002-0709-4543,,,1686,4200
A. Garcia-Bellido,https://orcid.org/0000-0002-1407-1972,"Rutgers, The State University of New Jersey",US,1686,83848
Peter Langer,https://orcid.org/0000-0002-7665-8912,Klinikum Hanau,DE,1686,19485
S. Perriès,https://orcid.org/0000-0003-2213-3579,Université Claude Bernard Lyon 1,FR,1686,114392
Alan D. Kaye,https://orcid.org/0000-0003-2464-0187,Tulane University,US,1686,34903
T. Farooque,https://orcid.org/0000-0003-1363-9324,Michigan State University,US,1686,103858
김형수,,,,1686,188
Xin Li,https://orcid.org/0000-0003-2999-9818,Jiangsu University,CN,1686,41293
Geoffrey Liu,https://orcid.org/0000-0002-2603-7296,University Health Network,CA,1686,48852
S. Pacetti,https://orcid.org/0000-0002-6385-3508,University of Perugia,IT,1686,41183
Anthony L. Riley,https://orcid.org/0000-0003-3770-0652,American University,US,1685,6204
M. L. Gullino,https://orcid.org/0000-0002-7706-1915,State Agrarian University of Moldova,MD,1685,15014
Andre Carapeto % Ana Francisco,,,,1685,0
Hua Li,https://orcid.org/0000-0002-6798-6455,Buddhist Tzu Chi Medical Foundation,US,1684,172
M. Azarkin,https://orcid.org/0000-0002-7448-1447,European Organization for Nuclear Research,CH,1684,97822
A. Marzin,https://orcid.org/0000-0003-4364-4351,Horia Hulubei National Institute for R and D in Physics and Nuclear Engineering,RO,1684,103779
Li Hui,https://orcid.org/0009-0002-9845-7756,,,1684,91
GBIF.org User,,,,1684,1
Yoshiya Tanaka,https://orcid.org/0000-0002-0807-7139,Target (United States),US,1683,56992
D. Bimberg,https://orcid.org/0000-0003-0364-6897,Chinese Academy of Sciences,CN,1683,52332
Takayuki Yanagida,https://orcid.org/0000-0002-7326-5849,Nara Institute of Science and Technology,JP,1683,21918
Shunichi Fukuzumi,https://orcid.org/0000-0002-3559-4107,Ewha Womans University Medical Center,KR,1683,70830
Robert Young,,Courant Institute of Mathematical Sciences,US,1683,1310
É. Hachulla,https://orcid.org/0000-0001-7432-847X,Inserm,FR,1682,58112
P. Řezníček,https://orcid.org/0000-0003-4017-9829,Charles University,CZ,1682,103814
E. J. W. Moyse,https://orcid.org/0000-0003-4449-6178,Centre de physique des particules de Marseille,FR,1682,110762
J. Erdmann,https://orcid.org/0000-0002-8073-2740,Indian Institute of Dalit Studies,IN,1682,104193
Masao Omata,https://orcid.org/0000-0001-7977-1497,University of Yamanashi Hospital,JP,1681,75595
L. Rinaldi,https://orcid.org/0000-0001-9608-9940,Lawrence Berkeley National Laboratory,US,1681,101662
Jack Bowers,https://orcid.org/0000-0002-7724-3508,,,1680,378
Luís M. Ruilope,https://orcid.org/0000-0001-6278-7951,Brigham and Women's Hospital,US,1680,120935
P. Starovoitov,https://orcid.org/0000-0003-1990-0992,University of Sharjah,AE,1680,101341
K. Prokofiev,https://orcid.org/0000-0002-2177-6401,Universidade Federal da Bahia,BR,1680,104623
S. Resconi,https://orcid.org/0000-0003-2313-4020,"Istituto Nazionale di Fisica Nucleare, Sezione di Milano",IT,1680,103513
Hiroshi Harada,https://orcid.org/0000-0001-5904-7987,National Institute for Materials Science,JP,1679,20116
P. R. Hobson,https://orcid.org/0000-0002-5645-5253,Queen Mary University of London,GB,1679,105094
G. W. T. H. Fleming,,Météo-France,FR,1679,2147
L. Dell’Asta,https://orcid.org/0000-0002-9601-4225,University of Milan,IT,1678,103126
K. L. Page,https://orcid.org/0000-0001-5624-2613,University of Leicester,GB,1678,28012
L. Mijović,https://orcid.org/0000-0003-0162-2891,Centre National de la Recherche Scientifique,FR,1678,111162
J. K. Behr,https://orcid.org/0000-0002-5501-4640,Deutsches Elektronen-Synchrotron DESY,DE,1678,100730
Kaizad Patel,https://orcid.org/0000-0001-6437-7809,Pacific Northwest National Laboratory,US,1678,1052
EPPO,,Laboratoires M. Richard (France),FR,1678,601
G. Artoni,https://orcid.org/0000-0002-3477-4499,"Istituto Nazionale di Fisica Nucleare, Sezione di Roma I",IT,1678,100399
Hye Jin Kim,https://orcid.org/0000-0003-3452-477X,Seoul National University,KR,1677,2125
A. T. Doyle,https://orcid.org/0000-0001-6322-6195,University of Glasgow,GB,1677,119111
S. Guindon,https://orcid.org/0000-0001-7595-3859,Sun Yat-sen University,CN,1677,100734
Neal Douglass,,,,1677,408
J. Alfredo Martínéz,https://orcid.org/0000-0001-5218-6941,Madrid Institute for Advanced Studies,ES,1677,78107
Martin Winter,https://orcid.org/0000-0003-4176-5811,Forschungszentrum Jülich,DE,1676,89183
Emmanouil S. Brilakis,https://orcid.org/0000-0001-9416-9701,Minneapolis Heart Institute Foundation,US,1676,28836
Eric Orwoll,https://orcid.org/0000-0002-8520-7355,Oregon Health & Science University,US,1676,52169
S. De Cecco,https://orcid.org/0000-0003-4907-8610,"Istituto Nazionale di Fisica Nucleare, Sezione di Roma I",IT,1676,115063
A. Rinkevičius,https://orcid.org/0000-0002-7510-255X,Vilnius University,LT,1676,91793
Kyungdo Han,https://orcid.org/0000-0002-6096-1263,"University of Nevada, Las Vegas",US,1676,31901
Lei Lei,https://orcid.org/0009-0005-6235-0262,South China Agricultural University,CN,1676,2102
M. Maity,https://orcid.org/0000-0002-3237-3608,Tata Institute of Fundamental Research,IN,1675,108454
G. Cibinetto,https://orcid.org/0000-0002-3491-6231,"Istituto Nazionale di Fisica Nucleare, Sezione di Ferrara",IT,1675,44649
Stephen S. Rich,https://orcid.org/0000-0003-3872-7793,Virginia Department of Health,US,1675,100019
A. Romaniouk,https://orcid.org/0000-0001-9241-1189,Universität Innsbruck,AT,1675,137043
A. V. Anisenkov,https://orcid.org/0000-0002-7201-5936,European Organization for Nuclear Research,CH,1675,94149
J. Schaarschmidt,https://orcid.org/0000-0002-0433-6439,University of Washington,US,1674,103476
George C. Schatz,https://orcid.org/0000-0001-5837-4740,Northwestern University,US,1674,125647
J. P. Fernández Ramos,https://orcid.org/0000-0002-0122-313X,Unidades Centrales Científico-Técnicas,ES,1674,100794
Hong Hao,https://orcid.org/0000-0001-7509-8653,Shandong University,CN,1674,48539
叶兴阳双语音标有声读物,,,,1674,0
J. J. Chwastowski,https://orcid.org/0000-0002-6190-8376,"Institute of Nuclear Physics, Polish Academy of Sciences",PL,1673,78662
Ferdinand Bohlmann,,,,1673,31895
I. J. Cabrillo,https://orcid.org/0000-0002-0367-4022,Universidad de Cantabria,ES,1673,103648
P. Staroba,https://orcid.org/0000-0001-6009-6321,Centre National de la Recherche Scientifique,FR,1673,105688
Dong,,,,1673,2479
L. Jeanty,https://orcid.org/0000-0001-6507-4623,University of Oregon,US,1672,103426
P. J. van Diest,https://orcid.org/0000-0003-0658-2745,University Medical Center Utrecht,NL,1672,39938
A. Lapczynski,,Ramapo College,US,1672,2488
Perminder S. Sachdev,https://orcid.org/0000-0002-9595-3220,New South Wales Department of Health,AU,1672,174913
V. Vorobel,https://orcid.org/0000-0001-8757-2180,Universitat de València,ES,1672,112229
Richard G. Compton,https://orcid.org/0000-0001-9841-5041,University of Leicester,GB,1672,74236
Paolo A. Ascierto,https://orcid.org/0000-0002-8322-475X,"Istituto Nazionale Tumori IRCCS ""Fondazione G. Pascale""",IT,1671,111138
Teruaki Mukaiyama,,,,1671,32092
Li Hui Ping,,,,1671,47
D. M. Rebuzzi,https://orcid.org/0000-0003-4461-3880,University of Pavia,IT,1671,105537
Wei Wang,https://orcid.org/0000-0001-6853-7785,Dalian Ocean University,CN,1671,37411
F. Veloso,https://orcid.org/0000-0002-5956-4244,Commissariat à l'Énergie Atomique et aux Énergies Alternatives,FR,1671,105132
A. N. Karyukhin,https://orcid.org/0000-0001-9087-4315,European Organization for Nuclear Research,CH,1670,113282
J. M. Conrad,https://orcid.org/0000-0002-6393-0438,Stockholm University,SE,1670,93648
T. Ženiš,https://orcid.org/0000-0001-8265-6916,Queen Mary University of London,GB,1670,103315
Albrecht Classen,https://orcid.org/0000-0002-3878-319X,University of Arizona,US,1670,2616
Valery V. Tuchin,https://orcid.org/0000-0001-7479-2694,Saratov State University,RU,1670,27727
R. A. Briere,https://orcid.org/0000-0001-5229-1039,Twitter (United States),US,1670,35139
H. Kirschenmann,https://orcid.org/0000-0001-7369-2536,University of Helsinki,FI,1670,92012
D. Menasce,https://orcid.org/0000-0002-9918-1686,"Istituto Nazionale di Fisica Nucleare, Sezione di Milano Bicocca",IT,1670,102337
박재현,,,,1669,147
N. Morange,https://orcid.org/0000-0003-0047-7215,University of Geneva,CH,1669,102794
Hubert Schmidbaur,https://orcid.org/0000-0003-1319-0985,Technical University of Munich,DE,1669,37022
M. Herndon,https://orcid.org/0000-0003-3043-1090,University of Wisconsin System,US,1669,76675
Marcus Schmitt,,,,1669,3045
Tim Cook,,Clatterbridge Cancer Centre NHS Foundation Trust,GB,1669,99
A. S. Mete,https://orcid.org/0000-0002-5508-530X,Argonne National Laboratory,US,1668,103752
Yang Yang,https://orcid.org/0000-0002-6306-1324,Peking University,CN,1668,6060
K. Cankoçak,https://orcid.org/0000-0002-3829-3481,Istanbul Technical University,TR,1668,91719
Keiya Tada,,Tohoku University,JP,1668,7662
F. Spanò,https://orcid.org/0000-0002-6551-1878,Royal Holloway University of London,GB,1667,131219
Greg McVerry,,,,1667,738
Wim Van Hul,https://orcid.org/0000-0002-5065-7858,University of Antwerp,BE,1667,22410
E. Garutti,https://orcid.org/0000-0003-0634-5539,Universität Hamburg,DE,1667,68228
Zachary Loomas,https://orcid.org/0000-0001-5987-0252,,,1667,76
S. S. Yu,https://orcid.org/0000-0002-6011-8516,Seoul National University,KR,1667,88296
Friedhelm Beyersdorf,https://orcid.org/0000-0003-2975-2751,University of Freiburg,DE,1667,31377
N. Wardle,https://orcid.org/0000-0003-1344-3356,Imperial Valley College,US,1667,93718
Li Jie,,North University of China,CN,1667,261
D. Strom,,"University of California, Los Angeles",US,1667,94614
D. Derendarz,https://orcid.org/0000-0001-5660-3095,Laboratoire de Physique Nucléaire et de Hautes Énergies,FR,1667,100459
MARC REISCH,,University of Graz,AT,1667,1705
김동규,,Ulsan National Institute of Science and Technology,KR,1666,114
K. J. C. Leney,https://orcid.org/0000-0002-1525-2695,Southern Methodist University,US,1666,109446
Marie‐Annick Moreau,https://orcid.org/0000-0003-1812-5955,,,1666,301
Hyun Cheol Chung,https://orcid.org/0000-0002-0920-9471,Yonsei University,KR,1666,56483
A. Joachimiak,https://orcid.org/0000-0003-2535-6209,Argonne National Laboratory,US,1665,30338
Mihai G. Netea,https://orcid.org/0000-0003-2421-6052,University of Bonn,DE,1665,151219
J. Walder,https://orcid.org/0000-0002-9039-8758,Rutherford Appleton Laboratory,GB,1665,100337
Marilyn E. Carroll,,University of Minnesota,US,1665,14774
Santiago García‐Granda,https://orcid.org/0000-0002-2373-0247,Universidad de Oviedo,ES,1664,14160
Vinzenz Oji,https://orcid.org/0000-0003-1380-4828,University of Münster,DE,1664,5584
C. Leonidopoulos,https://orcid.org/0000-0002-7241-2114,Laboratoire d’Annecy de Physique des Particules,FR,1663,108583
Johannes G. Bode,https://orcid.org/0000-0002-7141-0694,Düsseldorf University Hospital,DE,1663,7951
R. Jaumann,https://orcid.org/0000-0002-9759-6597,Institute of Geological Sciences,AM,1663,26869
David Zhang,https://orcid.org/0000-0002-5027-5286,"Chinese University of Hong Kong, Shenzhen",CN,1663,87737
C. Ochando,https://orcid.org/0000-0002-3836-1173,Centre National de la Recherche Scientifique,FR,1663,90425
Christian Trautwein,https://orcid.org/0000-0003-2762-8247,TUM Klinikum,DE,1662,59339
Darren R. Christensen,,University of Lethbridge,CA,1662,2489
G. Latino,https://orcid.org/0000-0002-4098-3502,Florence (Netherlands),NL,1662,53014
A. D. Pilkington,https://orcid.org/0000-0001-8007-0778,University of Manchester,GB,1662,104909
V. O. Tikhomirov,https://orcid.org/0000-0002-9634-0581,Istinye University,TR,1662,115302
叶兴阳双语音标有声读物,,,,1662,0
Jaap S. Sinninghe Damsté,https://orcid.org/0000-0002-8683-1854,Utrecht University,NL,1661,99590
M. Seidel,https://orcid.org/0000-0003-3550-6151,Vilnius University,LT,1661,87154
A. Calcaterra,https://orcid.org/0000-0003-2670-4826,"Istituto Nazionale di Fisica Nucleare, Laboratori Nazionali di Frascati",IT,1660,49147
F. Prokoshin,https://orcid.org/0000-0001-6389-5399,Argonne National Laboratory,US,1660,109596
D. Golubkov,https://orcid.org/0000-0001-6216-1596,European Organization for Nuclear Research,CH,1660,83352
Lin Wang,https://orcid.org/0000-0003-1047-2215,Kunming University of Science and Technology,CN,1660,2089
A. Knue,https://orcid.org/0000-0002-1559-9285,Universität Innsbruck,AT,1660,99914
Y. Kulchitsky,https://orcid.org/0000-0002-3036-5575,Deutsches Elektronen-Synchrotron DESY,DE,1660,110583
Revista Atenea,,,,1659,187
Andrei V. Churakov,https://orcid.org/0000-0003-3336-4022,NS Kurnakova Institute of General and Inorganic Chemistry,RU,1659,7833
Vladimir P. Fedin,https://orcid.org/0000-0001-8922-0066,Peking University,CN,1659,18177
Xiao Wei Sun,https://orcid.org/0000-0002-2840-1880,Koblenz University of Applied Sciences,DE,1659,47301
Roman Bender,,,,1659,654
Wang,,,,1659,2526
Karl‐Heinz Kück,https://orcid.org/0000-0003-2649-3870,University Hospital Schleswig-Holstein,DE,1658,52528
Eoin Brodie,https://orcid.org/0000-0002-8453-8435,Lawrence Berkeley National Laboratory,US,1658,44670
S. Goy López,https://orcid.org/0000-0001-6508-5090,Unidades Centrales Científico-Técnicas,ES,1658,100401
F. Santanastasio,https://orcid.org/0000-0003-2505-8359,"Istituto Nazionale di Fisica Nucleare, Sezione di Roma I",IT,1658,94169
Euan K. Brechin,https://orcid.org/0000-0002-9365-370X,University of Edinburgh,GB,1657,21008
John J. Fung,https://orcid.org/0000-0002-3038-0441,Royal Free London NHS Foundation Trust,GB,1656,61390
G. Guelachvili,,Université Paris-Sud,FR,1656,10177
Carl J. Lavie,https://orcid.org/0000-0003-3906-1911,Ochsner Health System,US,1656,111240
Angela Vincent,https://orcid.org/0000-0003-2395-8695,University of Oxford,GB,1656,67650
Zhanhu Guo,https://orcid.org/0000-0003-0134-0210,,,1656,146324
Chandra Earl,,,,1656,0
U. Kruchonak,https://orcid.org/0000-0003-2116-4592,California University of Pennsylvania,US,1655,109709
T. J. Khoo,https://orcid.org/0000-0002-5954-3101,University of Washington,US,1655,100095
Wil M. P. van der Aalst,https://orcid.org/0000-0002-0955-6940,Fraunhofer Institute for Applied Information Technology,DE,1655,95720
Gert König‐Langlo,https://orcid.org/0000-0002-6100-4107,,,1655,6358
이정희,,,,1654,328
Kateryna LEN-TAYON,https://orcid.org/0000-0002-5397-391X,Centre National de la Recherche Scientifique,FR,1654,0
Gilles LAVERNY,https://orcid.org/0000-0002-2666-6877,Centre National de la Recherche Scientifique,FR,1654,0
Maïa NESTOR-MARTIN,https://orcid.org/0009-0001-6422-2724,Centre National de la Recherche Scientifique,FR,1654,0
Bernard MALISSEN,https://orcid.org/0000-0003-1340-9342,Centre National de la Recherche Scientifique,FR,1654,0
Frédéric FIORE,https://orcid.org/0000-0001-7955-6594,Centre National de la Recherche Scientifique,FR,1654,0
Daniel METZGER,https://orcid.org/0000-0002-5555-046X,Centre National de la Recherche Scientifique,FR,1654,0
Silvia E. Braslavsky,https://orcid.org/0000-0002-2796-8586,Max Planck Institute for Chemical Energy Conversion,DE,1653,11544
Thomas Penzel,https://orcid.org/0000-0002-4304-0112,Sleep Research Society,US,1653,29429
Fumihito Arai,https://orcid.org/0000-0002-2508-1615,The University of Tokyo,JP,1653,14896
S. Stoiko,,Scientific Consulting Group,US,1652,10
L. R. Flores Castillo,https://orcid.org/0000-0003-1551-5974,Chinese University of Hong Kong,HK,1652,113520
R. D. Lorenz,https://orcid.org/0000-0001-8528-4644,Johns Hopkins University,US,1652,40017
A. Brinkerhoff,https://orcid.org/0000-0002-4819-7995,Baylor University,US,1652,89340
Kathryn M. Beauchamp,,Mind Research Network,US,1652,2239
GBIF.org User,,,,1652,0
Zhang Yan Zhang Yan,,,,1651,43
Wolfgang Wernsdorfer,https://orcid.org/0000-0003-4602-5257,Karlsruhe Institute of Technology,DE,1651,65986
R. Gonçalo,https://orcid.org/0000-0002-3826-3442,LIP - Laboratory of Instrumentation and Experimental Particle Physics,PT,1651,115301
Z. Tsamalaidze,https://orcid.org/0000-0001-5377-3558,Georgian Technical University,GE,1651,84610
Xin Zhang,https://orcid.org/0000-0001-6036-2685,Yanbian University,CN,1651,35142
M. Düren,https://orcid.org/0000-0002-6066-4744,Ankara University,TR,1650,119216
C. Mora Herrera,https://orcid.org/0000-0003-3915-3170,Universidade do Estado do Rio de Janeiro,BR,1650,93428
Andreas Hochhaus,https://orcid.org/0000-0003-0626-0834,Klinikum Magdeburg,DE,1650,91587
김수연,,,,1650,206
W. Adam,https://orcid.org/0000-0001-9099-4341,Institute of High Energy Physics,AT,1650,89178
Michael Hallek,https://orcid.org/0000-0002-7425-4455,University of Cologne,DE,1650,72723
P. Vischia,https://orcid.org/0000-0002-7088-8557,Universidad de Oviedo,ES,1650,89444
Jeremías Salazar,,Community Link,US,1650,22
Yong Du,https://orcid.org/0000-0002-4187-3989,The University of Texas MD Anderson Cancer Center,US,1650,31395
Maximilian F. Reiser,https://orcid.org/0000-0003-1098-8190,Ludwig-Maximilians-Universität München,DE,1650,69511
GBIF.org User,,,,1650,0
R. Demina,https://orcid.org/0000-0002-7852-167X,University of Rochester,US,1649,74044
O. Bouhali,https://orcid.org/0000-0001-7139-7322,Texas Tech University,US,1649,75323
Yan Zhang,https://orcid.org/0000-0001-9235-6861,Jiangsu University,CN,1649,26143
Jin Wang,https://orcid.org/0000-0002-8298-4378,Hangzhou Normal University,CN,1649,23353
P. Francavilla,https://orcid.org/0000-0003-1164-6870,University of Pisa,IT,1649,112859
Tisu'ma Salazar,,,,1648,22
Joseph E. Stiglitz,https://orcid.org/0000-0001-6149-046X,National Bureau of Economic Research,US,1648,167335
김성준,,Pohang University of Science and Technology,KR,1648,298
김진우,,,,1647,180
Mercè Font‐Bardía,https://orcid.org/0000-0002-7892-8744,Silesian University of Technology,PL,1647,15350
Zhu Wang,https://orcid.org/0000-0002-5457-3731,Sichuan University,CN,1647,4759
Ian O. Ellis,https://orcid.org/0000-0001-5292-8474,University of Nottingham,GB,1647,100878
Peter A. Santi,,Los Alamos National Laboratory,US,1647,5573
B. Büchner,https://orcid.org/0000-0002-3886-2680,Leibniz Institute for Solid State and Materials Research,DE,1646,43306
Jean Poesen,https://orcid.org/0000-0001-6218-8967,Maria Curie-Skłodowska University,PL,1646,63938
Andreas Schneeweiß,https://orcid.org/0000-0002-2429-4512,German Cancer Research Center,DE,1646,54093
Xin Liu,https://orcid.org/0000-0003-3256-2940,Harbin Normal University,CN,1646,60390
D. Krücker,https://orcid.org/0000-0003-1610-8844,Deutsches Elektronen-Synchrotron DESY,DE,1646,92388
Jan Awrejcewicz,https://orcid.org/0000-0003-0387-921X,Lodz University of Technology,PL,1645,13480
Ennio Zangrando,https://orcid.org/0000-0003-1549-4560,University of Trieste,IT,1645,17137
Chang‐Soo Lee,https://orcid.org/0000-0003-3789-2412,Korea Advanced Institute of Science and Technology,KR,1645,12473
Yoshio Bando,https://orcid.org/0000-0002-6543-5529,University of Wollongong,AU,1645,99621
Friederike Klein,https://orcid.org/0000-0002-1824-0200,,,1645,187
Wang,,,,1645,4182
A. Lucotte,https://orcid.org/0000-0002-5992-0640,Institut polytechnique de Grenoble,FR,1644,116626
Thomas C. W. Mak,https://orcid.org/0000-0002-4316-2937,Chinese University of Hong Kong,HK,1644,37329
Clinton Aigbavboa,https://orcid.org/0000-0003-2866-3706,University of Johannesburg,ZA,1644,11067
Maria Luisa Brandi,https://orcid.org/0000-0002-8741-0592,Vita-Salute San Raffaele University,IT,1644,58909
José David Méndez,https://orcid.org/0000-0001-8616-3262,,,1644,85
V. Kartvelishvili,https://orcid.org/0000-0002-1957-3787,Tbilisi State University,GE,1644,112058
V. Obraztsov,https://orcid.org/0000-0002-0994-3641,European Organization for Nuclear Research,CH,1643,56441
Gerhard Andersson,https://orcid.org/0000-0003-4753-6745,Linköping University,SE,1643,89976
Rosario GMingorance Funes,,,,1643,0
Waldemar Klassen,,University of Florida,US,1642,2636
W. Gradl,https://orcid.org/0000-0002-9974-8320,Twitter (United States),US,1642,38420
Seth M. Steinberg,https://orcid.org/0000-0002-8280-551X,National Institutes of Health,US,1642,88117
C. Padilla Aranda,https://orcid.org/0000-0001-7951-0166,Institute for High Energy Physics,ES,1642,110617
Kentaro Yamaguchi,https://orcid.org/0000-0002-2629-716X,Tokyo Metropolitan University,JP,1642,33816
Daniel Rouan,https://orcid.org/0000-0002-2352-1736,Centre National de la Recherche Scientifique,FR,1642,24240
Robert Stanley,https://orcid.org/0000-0002-2133-9906,Environmental Molecular Sciences Laboratory,US,1641,6101
Thomas Kolter,https://orcid.org/0000-0001-9180-0561,,,1641,7542
Richard Cobden,,,,1641,266
Jason Toyoda,https://orcid.org/0000-0001-6299-2146,Environmental Molecular Sciences Laboratory,US,1641,0
Yogita Chudasama,https://orcid.org/0000-0003-3349-8477,National Institute of Mental Health,US,1640,5467
K. Klein,https://orcid.org/0000-0002-1546-7880,Westfälische Hochschule,DE,1640,98128
Brian L. Scott,https://orcid.org/0000-0003-0468-5396,Los Alamos National Laboratory,US,1639,25167
Qin Qin,,Chongqing Normal University,CN,1639,2630
_IrisKing,,,,1639,0
高峰,,,,1638,32
Bin Liu,https://orcid.org/0009-0007-8980-4898,Hubei University of Medicine,CN,1638,234
Josef Penninger,https://orcid.org/0000-0002-8194-3777,University of British Columbia,CA,1638,146129
F. Combes,https://orcid.org/0000-0003-2658-7893,Centre National de la Recherche Scientifique,FR,1638,32626
Chen,,,,1638,2360
Die Redaktion,,,,1638,0
T. Reis,https://orcid.org/0000-0003-3703-6624,Rutherford Appleton Laboratory,GB,1637,86089
C. Escobar,https://orcid.org/0000-0003-4442-4537,Universitat de València,ES,1637,111292
Scott Fendorf,https://orcid.org/0000-0002-9177-1809,Stanford University,US,1637,29129
Friedrich C. Luft,https://orcid.org/0000-0002-8635-1199,Max Delbrück Center,DE,1637,69472
Lin Zhang,https://orcid.org/0000-0002-1337-2538,Ministry of Education,NZ,1637,20547
I. Iashvili,https://orcid.org/0000-0003-1948-5901,Buffalo State University,US,1637,90174
Michelle Fairley,,Pacific Northwest National Laboratory,US,1637,0
Unknown,,,,1637,0
GBIF.org User,,,,1637,0
Kim Overvad,https://orcid.org/0000-0001-6429-7921,Aarhus University,DK,1636,125104
Y. Takahashi,https://orcid.org/0000-0001-5184-2265,Jichi Medical University,JP,1636,56767
A. A. Snesarev,https://orcid.org/0000-0002-9067-8362,University of Edinburgh,GB,1636,103448
Junpeng Fan,https://orcid.org/0000-0002-9413-408X,Jinan Institute of Quantum Technology,CN,1636,6002
T. Dorigo,https://orcid.org/0000-0002-1659-8727,Istituto Nazionale di Fisica Nucleare,IT,1635,78656
Daniel Bell,,Sands,GB,1635,3217
Ping Chen,https://orcid.org/0000-0003-0684-9665,Boston University,US,1634,5005
G. Wilson,https://orcid.org/0000-0003-0917-4763,University of Kansas,US,1634,56187
Eric J. Nestler,https://orcid.org/0000-0002-7905-2000,Allen Institute for Brain Science,US,1634,133295
G. Navarro,https://orcid.org/0000-0002-5108-0042,Universidad Antonio Nariño,CO,1634,103043
Li Liu,https://orcid.org/0000-0003-3022-936X,Jiangnan University,CN,1634,39201
Sabeeha Merchant,https://orcid.org/0000-0002-2594-509X,"University of California, Berkeley",US,1634,0
Graeme Jones,https://orcid.org/0000-0002-9814-0006,University of Tasmania,AU,1633,48765
S. Kabana,https://orcid.org/0000-0003-0568-5750,University of Tarapacá,CL,1633,80613
Dietmar Stalke,https://orcid.org/0000-0003-4392-5751,University of Göttingen,DE,1633,38064
Haizhou Li,https://orcid.org/0000-0001-9158-9401,National University of Singapore,SG,1633,30196
S. A. Stern,https://orcid.org/0000-0001-5018-7537,Southwest Research Institute,US,1633,28225
Ronald C. Kessler,https://orcid.org/0000-0003-4831-2305,Harvard University,US,1633,358654
Alun D. Hughes,https://orcid.org/0000-0001-5432-5271,Aberystwyth University,GB,1633,38887
N. Vranješ,https://orcid.org/0000-0001-5415-5225,University of Belgrade,RS,1633,102668
Yuqian Gao,https://orcid.org/0000-0003-1646-4515,Pacific Northwest National Laboratory,US,1633,0
J. Libby,https://orcid.org/0000-0002-1219-3247,Twitter (United States),US,1632,35533
R. Frey,https://orcid.org/0000-0003-0341-2636,,,1632,210259
F. Petrucci,https://orcid.org/0000-0002-5278-2206,Roma Tre University,IT,1632,112014
J. Dolejší,https://orcid.org/0000-0001-5821-7067,Charles University,CZ,1632,110924
C. Fernandez Bedoya,https://orcid.org/0000-0001-8057-9152,Unidades Centrales Científico-Técnicas,ES,1632,104300
Thomas Münzel,,Johannes Gutenberg University Mainz,DE,1632,90987
Stephen J. Freedland,https://orcid.org/0000-0002-8104-6419,Cedars-Sinai Medical Center,US,1631,43813
Bin Liu,https://orcid.org/0000-0002-0956-2777,Beijing Institute of Technology,CN,1631,85999
Mowei Zhou,https://orcid.org/0000-0003-3575-3224,Environmental Molecular Sciences Laboratory,US,1631,0
Yi Wang,https://orcid.org/0000-0002-2936-3687,Shandong University of Technology,CN,1630,17227
Hans‐Conrad zur Loye,https://orcid.org/0000-0001-7351-9098,University of South Carolina,US,1630,19368
Scott Baker,,Pacific Northwest National Laboratory,US,1630,1385
WANG Yan,,Sinopec (China),CN,1630,48
L. Schoeffel,https://orcid.org/0000-0002-8081-2353,Commissariat à l'Énergie Atomique et aux Énergies Alternatives,FR,1630,88596
Kenneth S. Kendler,https://orcid.org/0000-0001-8689-6570,Virginia Commonwealth University,US,1629,130880
V. V. Kostyukhin,https://orcid.org/0000-0002-0490-9209,Northern Illinois University,US,1629,108179
Andreas Maier,https://orcid.org/0000-0002-9550-5284,Friedrich-Alexander-Universität Erlangen-Nürnberg,DE,1629,16733
D.N. Cooper,https://orcid.org/0000-0002-8943-8484,University of Wales Institute Cardiff,SG,1628,102152
V. Dutta,https://orcid.org/0000-0001-5958-829X,Carnegie Mellon University,US,1628,94649
George R. Saade,https://orcid.org/0000-0001-7925-5302,Eastern Virginia Medical School,US,1628,45191
Jianquan Yao,https://orcid.org/0000-0003-3105-4370,Tianjin University,CN,1628,23543
K. Maeshima,https://orcid.org/0009-0000-2822-897X,Fermi National Accelerator Laboratory,US,1628,76163
M. P. Casado,https://orcid.org/0000-0002-0394-5646,Universitat Autònoma de Barcelona,ES,1628,114396
A. Lebedev,https://orcid.org/0000-0002-9566-1850,Institut polytechnique de Grenoble,FR,1628,102189
Jeffrey L. Saver,https://orcid.org/0000-0001-9141-2251,University of Southern California,US,1627,106618
Do‐Heyoung Kim,https://orcid.org/0000-0001-7949-2252,Chonnam National University,KR,1627,9224
E. Stanecka,https://orcid.org/0000-0003-2546-0516,Centre de physique des particules de Marseille,FR,1627,103640
Chelsea Hutchinson,,Pacific Northwest National Laboratory,US,1627,0
D. Muenstermann,https://orcid.org/0000-0001-6223-2497,University of Bern,CH,1626,103374
Eddy Simoen,https://orcid.org/0000-0002-5218-4046,Ghent University Hospital,BE,1626,13328
David T. Rubin,https://orcid.org/0000-0001-5647-1723,University of California System,US,1626,36599
Hans Rollema,https://orcid.org/0000-0002-7390-4727,Project Oceanology,US,1626,9837
C. Wiglesworth,https://orcid.org/0000-0001-6219-8946,University of Copenhagen,DK,1626,100910
Andrew Steptoe,https://orcid.org/0000-0001-7808-4943,Department of Health and Social Care,GB,1625,118509
Ian M. Thompson,https://orcid.org/0000-0003-0833-952X,The University of Texas at San Antonio Health Science Center,US,1625,64307
K. A. Jellinger,https://orcid.org/0000-0002-9641-7649,University of Vienna,AT,1625,79399
L. Lee,https://orcid.org/0000-0002-5590-335X,University of Tennessee System,US,1625,104204
I. González Caballero,https://orcid.org/0000-0002-8087-3199,Universidad de Oviedo,ES,1625,105047
Royal Botanic Garden Edinburgh,,,,1625,0
Bo Zhang,https://orcid.org/0000-0003-4227-1741,Tongji University,CN,1624,943
Qi Wang,https://orcid.org/0000-0002-2821-0064,University of North Carolina at Chapel Hill,US,1624,6694
Jim Hokanson,,Duke University,US,1624,15
Arnulf Stenzl,https://orcid.org/0000-0003-4207-9928,University of Tübingen,DE,1624,37011
Josep del Hoyo,,,,1624,3681
Hope S. Rugo,https://orcid.org/0000-0001-6710-4814,City Of Hope National Medical Center,US,1624,104148
O. E. Vickey Boeriu,https://orcid.org/0000-0002-6497-6809,University of Sheffield,GB,1624,104739
Seda Sancak,https://orcid.org/0000-0003-0072-5901,Kent Hastanesi,TR,1623,3091
T. J. Peters,https://orcid.org/0000-0003-2881-4180,University Of Bristol Dental Hospital,GB,1623,63118
Eric P. Winer,https://orcid.org/0000-0002-8819-1723,Yale Cancer Center,US,1623,131430
Srđan Verstovšek,https://orcid.org/0000-0002-6912-8569,Karus Therapeutics (United Kingdom),GB,1623,59137
E. Rodrigues,https://orcid.org/0000-0003-2846-7625,University of Liverpool,GB,1622,64924
Oskar Hansson,https://orcid.org/0000-0001-8467-7286,Eli Lilly (United States),US,1622,88956
Ryan Feng,,University of Michigan,US,1622,0
MengChu Zhou,https://orcid.org/0000-0002-5408-8752,Macau University of Science and Technology,MO,1622,68765
M. Schioppa,https://orcid.org/0000-0002-1369-9944,University of Salento,IT,1622,93998
M. Bachtis,https://orcid.org/0000-0003-3110-0701,University of California System,US,1622,99197
Robert L Kane,https://orcid.org/0009-0005-8505-6218,Medical University of South Carolina,US,1622,44849
Anthony E. Dragun,,Cooper University Hospital,US,1622,1768
Andrew Stewart Caldin,,,,1622,0
Paul Emery,https://orcid.org/0000-0002-7429-8482,University of Leeds,GB,1621,129998
S. Jézéquel,https://orcid.org/0000-0001-7369-6975,Brides-les-Bains,FR,1621,114935
J. A. Teixeira,https://orcid.org/0000-0002-4918-3704,United Nations University,PT,1621,55934
Ju Hee Lee,https://orcid.org/0000-0002-1739-5956,Chungnam National University,KR,1621,7743
D. J. McComas,https://orcid.org/0000-0001-6160-1158,Princeton University,US,1621,48684
J. G. Panduro Vazquez,https://orcid.org/0000-0003-2605-8940,Rutherford Appleton Laboratory,GB,1621,95196
J. Puerta Pelayo,https://orcid.org/0000-0001-7390-1457,Universidad de Oviedo,ES,1621,104050
G. Flügge,https://orcid.org/0000-0003-3681-9272,Indian Institute of Dalit Studies,IN,1621,98343
Z. Zheng,,Zhejiang Gongshang University,CN,1621,3515
Tim D. Spector,https://orcid.org/0000-0002-9795-0365,King's College London,GB,1620,177032
Cesare Hassan,https://orcid.org/0000-0001-7167-1459,Humanitas University,IT,1620,53506
Hermann Einsele,https://orcid.org/0000-0002-7680-0819,Universitätsklinikum Würzburg,DE,1620,75632
A. C. König,https://orcid.org/0000-0001-6702-6473,Graz University of Technology,AT,1620,120130
Soldano Ferrone,https://orcid.org/0000-0003-2900-8834,Massachusetts General Hospital,US,1620,47171
S. Cabrera Urbán,https://orcid.org/0000-0001-7640-7913,Universitat de València,ES,1620,107616
W. Carvalho,https://orcid.org/0000-0003-0738-6615,Universidade do Estado do Rio de Janeiro,BR,1620,85167
Ajith Abraham,https://orcid.org/0000-0002-0169-6738,Bennett University,IN,1620,47586
Boris A. Malomed,https://orcid.org/0000-0001-5323-1847,Tel Aviv University,IL,1620,46420
Sanjay Kumar,https://orcid.org/0000-0002-0937-918X,M.J.P. Rohilkhand University,IN,1620,19239
Weidong Zhang,https://orcid.org/0000-0002-2433-6823,Zhejiang Chinese Medical University,CN,1620,28841
Cai,,"China University of Petroleum, Beijing",CN,1620,3047
Entomological Collection of ETH Zürich,,,,1619,0
P. Stríženec,https://orcid.org/0000-0003-0958-7656,Centre National de la Recherche Scientifique,FR,1618,103523
Miguel Julve,https://orcid.org/0000-0001-9006-8268,Parc Científic de la Universitat de València,ES,1618,30751
H. M. Srivastava,https://orcid.org/0000-0002-9277-8092,Uninett (Norway),NO,1618,46674
Heinrich Nöth,,,,1618,23195
Muhammad Bilal,https://orcid.org/0000-0001-5388-3183,Aga Khan University,PK,1618,60465
Richard Lee,https://orcid.org/0000-0002-2397-0443,St. Jude Children's Research Hospital,US,1618,32333
Wang,,,,1618,2723
S. Palestini,https://orcid.org/0000-0002-4110-096X,European Organization for Nuclear Research,CH,1617,113283
Liang Cheng,https://orcid.org/0000-0001-6049-5293,Guangdong University of Technology,CN,1617,50111
Jie Wu,https://orcid.org/0000-0002-3472-1717,Jiangnan University,CN,1617,26864
Robert Bublak,,Springer Nature (Germany),DE,1616,54
Seik Weng Ng,https://orcid.org/0000-0003-2624-0005,University of Malaya,MY,1616,13056
Byoung Chul Cho,https://orcid.org/0000-0002-5562-270X,Yonsei University,KR,1616,68563
Yi Liu,https://orcid.org/0000-0002-3954-6102,"Rutgers, The State University of New Jersey",US,1616,53131
Giannis Bolanakis,,University of Crete,GR,1616,0
Joseph Zohar,https://orcid.org/0000-0002-6925-9104,Tel Aviv University,IL,1615,27439
R. Turra,https://orcid.org/0000-0001-8740-796X,Mongolian Academy of Sciences,MN,1615,94553
Mark G. Papich,https://orcid.org/0000-0002-7591-7898,North Carolina State University,US,1615,14293
Christopher A. Haiman,https://orcid.org/0000-0002-0097-9971,University of Southern California,US,1615,71238
K. M. Menten,https://orcid.org/0000-0001-6459-0669,Max Planck Institute for Radio Astronomy,DE,1615,67126
Wiesje M. van der Flier,https://orcid.org/0000-0001-8766-6224,Amsterdam Neuroscience,NL,1614,76527
Claude Bouchard,https://orcid.org/0000-0002-0048-491X,Pennington Biomedical Research Center,US,1614,127686
R. Hirosky,https://orcid.org/0000-0003-0304-6330,University of Virginia,US,1614,75843
M. Ahmad,https://orcid.org/0000-0001-9933-995X,Mitchell Institute,US,1614,90556
А. Р. Бузыкаев,https://orcid.org/0000-0002-5458-5564,,,1614,68999
LI .,,Hebei University of Technology,CN,1614,2220
B Ren,https://orcid.org/0000-0002-2177-1117,,,1613,481
김재영,,,,1613,103
Daqi Wang,,Massachusetts Eye and Ear Infirmary,US,1613,11093
"Blanco Torres, Roberto, 1891-1936",,,,1613,0
Pim Cuijpers,https://orcid.org/0000-0001-5497-2743,Babeș-Bolyai University,RO,1612,139126
Simon Parsons,https://orcid.org/0000-0002-7708-5597,University of Calgary,CA,1612,31461
Ira Pastan,https://orcid.org/0000-0002-9223-0270,National Institutes of Health,US,1612,108582
M. Svatos,https://orcid.org/0000-0002-7199-3383,Yale University,US,1612,93649
A. Bellerive,https://orcid.org/0000-0001-6775-0111,"Istituto Nazionale di Fisica Nucleare, Sezione di Bologna",IT,1612,79035
M. Csanád,https://orcid.org/0000-0002-3154-6925,Eötvös Loránd University,HU,1612,53391
Claire Wilson,https://orcid.org/0000-0002-0090-5374,University of Leicester,GB,1611,18406
J. S. Yadav,https://orcid.org/0000-0002-6535-1704,Indrashil University,IN,1611,23724
T. Boccali,https://orcid.org/0000-0002-9930-9299,University of Siena,IT,1611,99569
Etienne Sibille,https://orcid.org/0000-0001-5832-6570,Centre for Addiction and Mental Health,CA,1611,14347
M. C. Stockton,https://orcid.org/0000-0001-9679-0323,Oklahoma State University,US,1611,100946
P. Lenzi,https://orcid.org/0000-0002-6927-8807,Florence (Netherlands),NL,1611,100050
K. Assamagan,https://orcid.org/0000-0002-4826-2662,Brookhaven National Laboratory,US,1611,104538
Manel Esteller,https://orcid.org/0000-0003-4490-6093,Institució Catalana de Recerca i Estudis Avançats,ES,1610,123889
Wataru Shimizu,https://orcid.org/0000-0001-9941-8973,Hiroshima University,JP,1610,48202
Sonja Ständer,https://orcid.org/0000-0003-3612-7786,University of Münster,DE,1610,25485
Douglas W. Stephan,https://orcid.org/0000-0001-8140-8355,Ningbo University,CN,1610,50753
GlobalDigitalHeritage,,,,1610,0
Hua Wang,https://orcid.org/0000-0002-2605-5697,Second Military Medical University,CN,1610,60526
O. Leroy,https://orcid.org/0000-0002-2589-240X,Aix-Marseille Université,FR,1609,58847
Joanna M. Wardlaw,https://orcid.org/0000-0002-9812-6642,University of Cambridge,GB,1609,98916
M. Hrabovský,https://orcid.org/0000-0003-4223-7316,Palacký University Olomouc,CZ,1609,81580
Z. Xu,https://orcid.org/0000-0002-7531-6873,South China Normal University,CN,1609,60858
Andrea Bari,https://orcid.org/0000-0002-0576-7943,University of Rajshahi,BD,1609,4843
Geert D’Haens,https://orcid.org/0000-0003-2784-4046,Amsterdam UMC Location University of Amsterdam,NL,1609,75935
N. Dhingra,https://orcid.org/0000-0002-7200-6204,University of Toronto,CA,1609,87472
Ling,,Curtin University Sarawak,MY,1609,2617
Michael Burton,https://orcid.org/0000-0001-7289-1998,The University of Texas at Dallas,US,1608,17771
A. Benaglia,https://orcid.org/0000-0003-1124-8450,"Istituto Nazionale di Fisica Nucleare, Sezione di Milano Bicocca",IT,1608,91544
S. Fiorendi,https://orcid.org/0000-0003-3273-9419,University of Tennessee System,US,1607,90536
Debbie A. Lawlor,https://orcid.org/0000-0002-6793-2262,At Bristol,GB,1607,132270
Cecilia J. Hillard,https://orcid.org/0000-0002-9678-748X,Medical College of Wisconsin,US,1607,25762
S. Iştın,https://orcid.org/0000-0001-8504-6291,Yeditepe University,TR,1607,102005
Jürgen Rehm,https://orcid.org/0000-0001-5665-0385,World Health Organization - Pakistan,PK,1607,89345
Howard A. Stone,https://orcid.org/0000-0002-9670-0639,Princeton University,US,1607,81755
C. Oropeza Barrera,https://orcid.org/0000-0001-9724-0016,Ibero American University,MX,1607,96682
김경환,,,,1606,141
Ronald N. Jones,https://orcid.org/0000-0003-0758-1859,,,1606,71733
Giulio Cerullo,https://orcid.org/0000-0002-9534-2702,Accademia Nazionale dei Lincei,IT,1606,38873
J. Keaveney,https://orcid.org/0000-0003-0766-5307,University College Dublin,IE,1606,72782
R. Erbacher,https://orcid.org/0000-0001-7170-8944,University of California System,US,1606,77930
David N. Reinhoudt,,,,1606,58554
Jean‐Charles Soria,https://orcid.org/0000-0001-9597-0701,,,1605,91707
P. Cacoub,https://orcid.org/0000-0002-6727-4992,Sorbonne Université,FR,1605,60834
Hans Ågren,https://orcid.org/0000-0002-1763-9383,Wrocław University of Science and Technology,PL,1605,57503
P. F. Bernath,https://orcid.org/0000-0002-1255-396X,University of Waterloo,CA,1605,54786
J. A. Kennea,https://orcid.org/0000-0002-6745-4790,Pennsylvania State University,US,1605,22013
S. González de la Hoz,https://orcid.org/0000-0001-5304-5390,Universitat de València,ES,1605,108106
Fang Fang,https://orcid.org/0000-0002-3310-6456,"University of California, Los Angeles",US,1605,34870
K. Matchev,https://orcid.org/0000-0003-4182-9096,University of Alabama,US,1605,89768
N. K. Watson,https://orcid.org/0000-0002-8142-4678,University of Birmingham,GB,1605,60379
U. Egede,https://orcid.org/0000-0001-5493-0762,Australian Regenerative Medicine Institute,AU,1604,83644
김경태,,,,1604,179
Bob Baulch,https://orcid.org/0000-0003-1977-5802,MIT University,MK,1604,4122
Catherine P. Raptopoulou,https://orcid.org/0000-0002-8775-5427,"National Centre of Scientific Research ""Demokritos""",GR,1604,19107
이현정,,,,1604,299
S. Dube,https://orcid.org/0000-0002-5145-3777,Indian Institute of Science Education and Research Kolkata,IN,1604,90223
Fei–Yue Wang,https://orcid.org/0000-0001-9185-3989,Obuda University,HU,1604,56653
GBIF.org User,,,,1604,0
W. F. Mader,https://orcid.org/0000-0003-4276-1046,Chicago Department of Public Health,US,1603,89082
Ge Wang,https://orcid.org/0000-0002-2656-7705,Xidian University,CN,1603,43165
P. K. Shukla,https://orcid.org/0000-0001-8188-4976,Shyam Shah Medical College,IN,1603,29870
S. Martin–Haugh,https://orcid.org/0000-0001-9457-1928,Rutherford Appleton Laboratory,GB,1602,94756
Hugo Thienpont,https://orcid.org/0000-0003-0483-0960,Vrije Universiteit Brussel,BE,1602,13210
N. Sadekar,https://orcid.org/0000-0002-8329-3720,Research Institute for Fragrance Materials,US,1601,1165
MICHELE G. SULLIVAN,,VA Boston Healthcare System,US,1601,141
DOUG BRUNK,,,,1601,80
Rade Tomic,https://orcid.org/0000-0003-2394-1287,University of Chicago,US,1601,3597
Yitai Qian,https://orcid.org/0000-0002-4338-0416,University of Science and Technology of China,CN,1601,85071
M. J. Morello,https://orcid.org/0000-0003-4190-1078,Scuola Normale Superiore,IT,1601,55798
G. Quast,https://orcid.org/0000-0002-4021-4260,Karlsruhe Institute of Technology,DE,1600,98463
Leslie L. Robison,https://orcid.org/0000-0001-7460-8578,St. Jude Children's Research Hospital,US,1600,90303
이진호,,Kongju National University,KR,1600,92
Marco Brambilla,https://orcid.org/0000-0002-8753-2434,Politecnico di Milano,IT,1600,9007
Nick Thieberger,,,,1600,0
Evangelos Terpos,https://orcid.org/0000-0001-5133-1422,National and Kapodistrian University of Athens,GR,1599,55138
Paul J. Dyson,https://orcid.org/0000-0003-3117-3249,École Polytechnique Fédérale de Lausanne,CH,1599,62055
Elizabeth J. Shpall,https://orcid.org/0000-0003-3947-4126,The University of Texas MD Anderson Cancer Center,US,1599,48466
Ralph Weissleder,https://orcid.org/0000-0003-0828-4143,Harvard University,US,1599,173332
S. González-Sevilla,https://orcid.org/0000-0003-4458-9403,University of Geneva,CH,1599,109368
Mao Mao,https://orcid.org/0000-0002-8570-8571,,,1599,14534
N. Lychkovskaya,https://orcid.org/0000-0001-5084-9019,European Organization for Nuclear Research,CH,1599,97561
김상현,,,,1598,160
S. Errede,,University of Illinois Urbana-Champaign,US,1598,111835
James Boswell,,,,1598,1576
Ming Yang,https://orcid.org/0000-0002-8679-9137,Tongji University,CN,1597,7696
Walter W. Skeat,,,,1597,1043
Aldo P. Maggioni,https://orcid.org/0000-0003-2764-6779,Associazione Nazionale Medici Cardiologi Ospedalieri,IT,1597,134946
Juan Moisés de la Serna de la Serna,https://orcid.org/0000-0002-8401-8018,,,1597,0
Xin Li,https://orcid.org/0000-0001-6334-0369,Chongqing University of Science and Technology,CN,1596,6600
Chantal Mathieu,https://orcid.org/0000-0002-4055-5233,KU Leuven,BE,1596,65031
Kailash P. Bhatia,https://orcid.org/0000-0001-8185-286X,National Hospital for Neurology and Neurosurgery,GB,1596,62066
Zhao,,Yong In University,KR,1596,2815
F. Dittus,https://orcid.org/0000-0002-1760-8237,European Organization for Nuclear Research,CH,1595,114037
Andrés Chirinos,,,,1595,1
Steven J. Cooke,https://orcid.org/0000-0002-5407-0659,Carleton University,CA,1595,71770
Leandro Melo de Sousa,https://orcid.org/0000-0002-0793-9737,Altera (United States),US,1595,3160
李 玲,,,,1595,47
Alexei Pevtsov,https://orcid.org/0000-0003-0489-0920,,,1595,7323
Virginie Lafage,https://orcid.org/0000-0002-0119-7111,Northwell Health,US,1595,39018
Jing Liu,https://orcid.org/0000-0002-3588-2969,Southwest University,CN,1595,19357
S. Yu. Smirnov,https://orcid.org/0000-0002-6778-073X,Millennium Institute,BR,1595,106594
Stefano Cascinu,https://orcid.org/0000-0003-2215-0731,Vita-Salute San Raffaele University,IT,1594,29156
H. De la Torre,https://orcid.org/0000-0002-4516-5269,Northern Illinois University,US,1594,97891
K. Whalen,https://orcid.org/0000-0002-9383-8763,Rutherford Appleton Laboratory,GB,1594,100733
R. J. Gilkes,https://orcid.org/0000-0002-8826-8399,The University of Western Australia,AU,1594,15405
T. Sumida,https://orcid.org/0000-0002-2685-6187,,,1594,102458
Satoru Miyano,https://orcid.org/0000-0002-1753-6616,Tokyo Medical and Dental University,JP,1594,68522
Tierney Becho,,Environmental Molecular Sciences Laboratory,US,1594,0
Víctor Hugo,,,,1594,700
Thomas Juenger,https://orcid.org/0000-0001-9550-9288,The University of Texas at Austin,US,1593,10344
Lehana Thabane,https://orcid.org/0000-0003-0355-9734,South African Medical Research Council,ZA,1593,76238
Mitch Dowsett,https://orcid.org/0000-0003-4122-744X,Royal Marsden NHS Foundation Trust,GB,1593,112086
Jorge Frank,https://orcid.org/0000-0003-1439-8577,Universitätsmedizin Göttingen,DE,1593,6328
P. Conde Muíño,https://orcid.org/0000-0002-9187-7478,University of Lisbon,PT,1593,107590
Wolfgang Wick,https://orcid.org/0000-0002-6171-634X,German Cancer Research Center,DE,1593,98297
Charlie Hadley,,,,1593,53
F. Richard Yu,https://orcid.org/0000-0003-1006-7594,Chongqing University of Posts and Telecommunications,CN,1593,55816
R. Venditti,https://orcid.org/0000-0001-6925-8649,"Istituto Nazionale di Fisica Nucleare, Sezione di Bari",IT,1593,83885
S. Sen,https://orcid.org/0000-0001-7325-1087,Erzincan Binali Yıldırım University,TR,1593,91974
L. Sysa,,Scientific Consulting Group,US,1592,10
N. Rompotis,https://orcid.org/0000-0003-2577-1875,University of Liverpool,GB,1592,97807
V. Kuprysyuk,,Scientific Consulting Group,US,1592,6
Gianfranco Sinagra,https://orcid.org/0000-0003-2700-8478,University of Trieste,IT,1591,42368
C. Michael Hall,https://orcid.org/0000-0002-7734-4587,United Nations Industrial Development Organization,AT,1591,64614
Ming‐Sound Tsao,https://orcid.org/0000-0002-9160-5405,University Health Network,CA,1591,114007
F. A. Dias,https://orcid.org/0000-0001-6882-5402,National Institute for Subatomic Physics,NL,1591,105180
P. Martínez Ruiz del Árbol,https://orcid.org/0000-0002-7737-5121,Universidad de Cantabria,ES,1591,103475
D. N. Burrows,https://orcid.org/0000-0003-0729-1632,Pennsylvania State University,US,1591,32666
Hiroyuki YAMAGUCHI,,National Institute for Fusion Science,JP,1591,0
Ryuichi SAKAMOTO,,National Institute for Fusion Science,JP,1591,0
Dimitrios Phitos,,,,1591,0
Stefano Zacchini,https://orcid.org/0000-0003-0739-0518,University of Bologna,IT,1590,9282
Christopher I. Shaffrey,https://orcid.org/0000-0001-9760-8386,Duke University,US,1590,48888
Sergei V. Kalinin,https://orcid.org/0000-0001-5354-6152,Pacific Northwest National Laboratory,US,1590,50074
Masaomi Nangaku,https://orcid.org/0000-0001-7401-2934,Bunkyo University,JP,1589,38629
Takashi Hashimoto,https://orcid.org/0000-0002-0144-3255,Hashimoto Municipal Hospital,JP,1589,43123
Richard A. Kerr,,,,1589,11425
I. Suarez,https://orcid.org/0000-0002-5374-6995,Boston University,US,1588,90390
Joon‐Yong Lee,https://orcid.org/0000-0002-5864-8518,Pacific Northwest National Laboratory,US,1588,2090
Xu Xu,https://orcid.org/0000-0002-3934-9096,South China Normal University,CN,1588,5702
Ichiro Hagiwara,,Meiji University,JP,1588,3097
Robert Schlögl,,Fritz Haber Institute of the Max Planck Society,DE,1588,89382
João A.C. Lima,https://orcid.org/0000-0001-8756-6995,Johns Hopkins University,US,1587,78591
Robert J. Motzer,https://orcid.org/0000-0001-6925-2327,Memorial Sloan Kettering Cancer Center,US,1587,125100
Mika Sillanpää,https://orcid.org/0000-0003-3247-5337,Chandigarh University,IN,1587,96405
M. Battaglia,https://orcid.org/0000-0001-9608-543X,"University of California, Santa Cruz",US,1587,64458
Shanshan Chen,https://orcid.org/0000-0001-9723-2403,Beijing Institute of Technology,CN,1587,37688
Hongjie Zhang,https://orcid.org/0000-0001-5433-8611,University of Science and Technology of China,CN,1587,59539
S. Fonseca De Souza,https://orcid.org/0000-0001-7830-0837,Universidade do Estado do Rio de Janeiro,BR,1587,94807
Daniel Batlle,https://orcid.org/0000-0002-5878-9046,Northwestern University,US,1586,15306
Luís Fábio Silveira,https://orcid.org/0000-0003-2576-7657,Universidade de São Paulo,BR,1586,7461
王 娟,,,,1586,31
Massimo Loda,https://orcid.org/0000-0001-9674-8379,Cornell University,US,1586,81359
David E. Newby,https://orcid.org/0000-0001-7971-4628,Edinburgh Cancer Research,GB,1586,70225
M. Pohl,https://orcid.org/0000-0001-7861-1707,Deutsches Elektronen-Synchrotron DESY,DE,1586,69740
Shen Shen,https://orcid.org/0000-0002-3192-6696,Zhejiang Sci-Tech University,CN,1586,2318
L. Jones,https://orcid.org/0000-0002-8706-2014,Research Institute for Fragrance Materials,US,1585,3773
James C. Fettinger,https://orcid.org/0000-0002-6428-4909,University of California System,US,1585,21773
Felix Fritschi,https://orcid.org/0000-0003-0825-6855,Plant (United States),US,1585,10001
Kellsey Flieger,,Pacific Northwest National Laboratory,US,1585,0
Xin Zhang,https://orcid.org/0000-0001-5647-2777,Shandong University,CN,1585,13366
Marilyn M. Olmstead,https://orcid.org/0000-0002-6160-1622,University of California System,US,1584,39514
P. A. Bruckman de Renstrom,https://orcid.org/0000-0002-0206-1160,"Institute of Nuclear Physics, Polish Academy of Sciences",PL,1584,111128
Roel Vermeulen,https://orcid.org/0000-0003-4082-8163,Utrecht University,NL,1584,46359
N. Kawai,https://orcid.org/0000-0001-9656-0261,Pioneer (United States),US,1584,39515
Satoshi Ōmura,https://orcid.org/0000-0002-9187-2044,Kyoto Prefectural University of Medicine,JP,1584,47991
Kazuhiko Koike,https://orcid.org/0000-0002-9787-1907,Kanto Central Hospital,JP,1584,57785
R. Gonzalez Suarez,https://orcid.org/0000-0002-6126-7230,Uppsala University,SE,1584,103436
Wei Nie,https://orcid.org/0000-0001-9899-1428,Shanghai Jiao Tong University,CN,1584,5566
J. H. Vossebeld,https://orcid.org/0000-0001-8178-8503,University of Liverpool,GB,1583,107524
Chen Gang‐,,,,1583,57
Joseph W. Ziller,https://orcid.org/0000-0001-7404-950X,"University of California, Irvine",US,1583,36834
D. Spiga,https://orcid.org/0000-0002-2991-6384,University of Perugia,IT,1583,85454
H. Duran Yıldız,https://orcid.org/0000-0003-3469-6045,Ankara University,TR,1583,109987
Francesco Bandello,https://orcid.org/0000-0003-3238-9682,Vita-Salute San Raffaele University,IT,1583,33303
Alexandra Messerli,https://orcid.org/0009-0005-8554-6102,Asiaq Greenland Survey,GL,1582,342
Neil J. Sebire,https://orcid.org/0000-0001-5348-9063,Great Ormond Street Hospital,GB,1582,48994
Yusuke Yamauchi,https://orcid.org/0000-0001-7854-927X,The University of Queensland,AU,1582,115519
Nikhil C. Munshi,https://orcid.org/0000-0002-7344-9795,Harvard University,US,1582,97497
K. Potamianos,https://orcid.org/0000-0001-7839-9785,Alexandru Ioan Cuza University,RO,1582,76535
Lance Richard McMahon,https://orcid.org/0000-0003-0360-6318,Banasthali University,IN,1582,5339
Richard Wagner,https://orcid.org/0000-0001-8793-0507,Centre National de la Recherche Scientifique,FR,1582,11240
Thomas Berg,https://orcid.org/0000-0003-0003-6241,Leipzig University of Applied Sciences,DE,1582,56467
A. Martelli,https://orcid.org/0000-0003-3530-2255,,,1582,98802
Gordon G. Wallace,https://orcid.org/0000-0002-0381-7273,University of Wollongong,AU,1581,91651
John E. Morley,https://orcid.org/0000-0003-1104-0393,UCLouvain Saint-Louis Brussels,BE,1581,124083
Yang,,,,1581,2290
C. Di Donato,https://orcid.org/0000-0003-2213-9284,"Istituto Nazionale di Fisica Nucleare, Sezione di Napoli",IT,1580,85830
Shivaum Kumar,,University of Washington,US,1580,0
Jianxin Wang,https://orcid.org/0000-0003-1516-0480,Hunan University of Science and Technology,CN,1580,36484
GBIF.org User,,,,1580,0
Robert M. Hoffman,https://orcid.org/0000-0002-0049-0041,University of California San Diego,US,1579,49832
Robert N. Weinreb,https://orcid.org/0000-0001-9553-3202,MACOM (United States),US,1579,71135
이현우,,,,1579,133
Karl Henrik Johansson,https://orcid.org/0000-0001-9940-5929,KTH Royal Institute of Technology,SE,1579,45926
David Baker,https://orcid.org/0000-0001-7896-6217,"Rutgers, The State University of New Jersey",US,1579,147886
Willian Massaharu Ohara.,https://orcid.org/0000-0003-1684-4198,Universidade Federal do Amazonas,BR,1579,700
Gerrit Lohmann,https://orcid.org/0000-0003-2089-733X,Alfred-Wegener-Institut Helmholtz-Zentrum für Polar- und Meeresforschung,DE,1579,29212
T. Kress,https://orcid.org/0000-0002-2702-8201,Indian Institute of Dalit Studies,IN,1579,90713
Jeremy Jones,https://orcid.org/0000-0002-2725-0937,Jacksonville College,US,1578,5646
Wang Shi Hua,,,,1578,85
Glen B. Baker,https://orcid.org/0000-0003-1581-6486,Conselho Nacional de Desenvolvimento Científico e Tecnológico,BR,1578,18434
Hong Wang,https://orcid.org/0000-0002-9876-0176,State Grid Corporation of China (China),CN,1578,18327
S. Blusk,https://orcid.org/0000-0001-9170-684X,Syracuse University,US,1577,68924
Stephen T. Holgate,https://orcid.org/0000-0003-2658-4617,Royal College of Physicians,GB,1577,101993
José Ramón González‐Juanatey,https://orcid.org/0000-0001-9681-3388,Universidade de Santiago de Compostela,ES,1576,53384
Elisabeth G.E. de Vries,https://orcid.org/0000-0002-8949-7425,Karolinska University Hospital,SE,1576,66270
J. Stupak,https://orcid.org/0000-0001-9610-0783,Laboratoire des 2 Infinis Toulouse,FR,1576,88154
Peter B. Hitchcock,https://orcid.org/0000-0001-8993-3808,Cornell University,US,1575,38728
Karim Fizazi,https://orcid.org/0000-0002-6068-9474,Université de Lille,FR,1575,85271
Takayuki Yoshino,https://orcid.org/0000-0002-0489-4756,University of Tsukuba,JP,1575,51931
Renu Virmani,https://orcid.org/0000-0003-1879-0015,CVPath Institute,US,1575,127293
V. Ippolito,https://orcid.org/0000-0001-5126-1620,"Istituto Nazionale di Fisica Nucleare, Sezione di Roma I",IT,1575,94988
Hong Chen,https://orcid.org/0000-0001-8937-3804,Hunan Xiangdian Test Research Institute (China),CN,1575,20004
Mark Oette,,Krankenhaus der Augustinerinnen,DE,1574,2496
Dafna D. Gladman,https://orcid.org/0000-0002-9074-0592,University Health Network,CA,1574,105505
Chau Yuen,https://orcid.org/0000-0002-9307-2120,Nanyang Technological University,SG,1574,45465
Wilma Bainbridge,https://orcid.org/0000-0002-7554-0736,University of Illinois Chicago,US,1574,3603
D. Bettoni,https://orcid.org/0000-0003-1042-8791,"Istituto Nazionale di Fisica Nucleare, Sezione di Ferrara",IT,1574,44801
Z. Fisk,https://orcid.org/0000-0001-6423-754X,"University of California, Irvine",US,1574,49658
Isabel C.F.R. Ferreira,https://orcid.org/0000-0003-4910-4882,Polytechnic Institute of Bragança,PT,1574,65153
C. Martínez Rivero,https://orcid.org/0000-0002-3224-956X,Universidad de Cantabria,ES,1574,104109
D. Dutta,https://orcid.org/0000-0002-1191-3978,Shell (Netherlands),NL,1573,98745
Shi Jin,https://orcid.org/0000-0003-0271-6021,Shanghai Jiao Tong University,CN,1573,45710
Shaikh M. Mobin,https://orcid.org/0000-0003-1940-3822,Indian Institute of Technology Indore,IN,1573,19283
Elizabeth Wells,https://orcid.org/0009-0005-7707-8556,Griffith University,AU,1573,91
Timothy M. Pawlik,https://orcid.org/0000-0002-7994-9870,The Ohio State University Comprehensive Cancer Center – Arthur G. James Cancer Hospital and Richard J. Solove Research Institute,US,1573,46240
E. J. Corey,https://orcid.org/0000-0002-1196-7896,Harvard University Press,US,1573,96440
John Pickford,,,,1573,586
Keita Kurabe,,,,1573,0
Papa Benedicto Xvi,,Vatican Observatory,IT,1572,306
Rangan Gupta,,Lebanese American University,LB,1572,31263
Annie K. Powell,https://orcid.org/0000-0003-3944-7427,Karlsruhe Institute of Technology,DE,1572,29393
J. Fernández Menéndez,https://orcid.org/0000-0002-5213-3708,Universidad de Oviedo,ES,1572,104073
L Ahn Dan,,,,1572,44
박상현,,Korea Forest Service,KR,1572,144
Martin Schröder,https://orcid.org/0000-0001-6992-0700,University of Manchester,GB,1572,38547
John S. Duncan,https://orcid.org/0000-0002-1373-0681,National Hospital for Neurology and Neurosurgery,GB,1571,100306
Didier Blaise,https://orcid.org/0000-0002-5684-9447,Centre de Recherche en Cancérologie de Marseille,FR,1571,34506
Dan Dan,https://orcid.org/0009-0009-8940-7176,Tongliao Academy of Agricultural Sciences,CN,1571,2067
김수영,,The Catholic University of Korea St. Vincent's Hospital,KR,1571,269
Sun Ho Kim,https://orcid.org/0000-0003-0970-3848,Yonsei University,KR,1571,11857
Xinliang Feng,https://orcid.org/0000-0003-3885-2703,Max Planck Institute for Physics,DE,1571,138773
J. Fu,https://orcid.org/0000-0003-3177-2700,Guangxi University,CN,1571,57586
Gereon R. Fink,https://orcid.org/0000-0002-8230-1856,Forschungszentrum Jülich,DE,1570,82449
HEIDI SPLETE,,,,1570,71
David B. Cordes,https://orcid.org/0000-0002-5366-9168,University of St Andrews,GB,1570,12374
Claude Debussy,,,,1570,256
Allan T. Showler,https://orcid.org/0000-0002-4272-5419,Agricultural Research Service,US,1570,3076
S. P. Ahlen,https://orcid.org/0000-0001-6098-7247,Boston University,US,1570,100627
Seonghyun Kim,https://orcid.org/0000-0002-0292-2944,Kia Motors (South Korea),KR,1570,3370
Young‐Min Kim,https://orcid.org/0000-0003-3220-9004,Seoul National University,KR,1570,29941
Zhifang Chai,https://orcid.org/0000-0003-0680-6067,Chinese Academy of Sciences,CN,1569,64054
Giuseppe Saglio,https://orcid.org/0000-0002-1046-3514,University of Turin,IT,1569,54613
Joost Dekker,https://orcid.org/0000-0003-2027-0027,GGD Amsterdam,NL,1569,84484
A. Olszewski,https://orcid.org/0000-0003-3368-5475,University of Freiburg,DE,1569,116530
Kazunari Domen,https://orcid.org/0000-0001-7995-4832,Shinshu University,JP,1568,130060
Randolf Brehler,https://orcid.org/0000-0001-8549-5898,Klinik für Schlafmedizin,CH,1568,5909
Youngsun Kim,https://orcid.org/0000-0002-1725-0968,Kyung Hee University Medical Center,KR,1568,4050
L. Perini,https://orcid.org/0000-0003-3715-0523,University of Milan,IT,1567,111195
Michael B. Wallace,https://orcid.org/0000-0002-6446-5785,,,1567,36066
B. Di Micco,https://orcid.org/0000-0002-4067-1592,Roma Tre University,IT,1567,98757
H. Aihara,https://orcid.org/0000-0002-1907-5964,Twitter (United States),US,1567,60710
Christopher I. Amos,https://orcid.org/0000-0002-8540-7023,New Mexico Cancer Center,US,1567,53324
G. Ritacco,,Research Institute for Fragrance Materials,US,1567,4550
Valery N. Charushin,https://orcid.org/0000-0002-9140-358X,Ural Federal University,RU,1566,10801
Maciej Banach,https://orcid.org/0000-0001-6690-6874,John Paul II Catholic University of Lublin,PL,1566,197434
N. Bartosik,https://orcid.org/0000-0002-7196-2237,Università degli Studi del Piemonte Orientale “Amedeo Avogadro”,IT,1566,67784
R. Soualah,https://orcid.org/0000-0003-0124-3410,Khalifa University of Science and Technology,AE,1566,90080
John C. Rothwell,https://orcid.org/0000-0003-1367-6467,National Hospital for Neurology and Neurosurgery,GB,1566,131987
Yoichi Matsubara,https://orcid.org/0000-0001-5990-8214,National Center For Child Health and Development,JP,1566,13936
Jurius,,,,1566,0
T. Geralis,https://orcid.org/0000-0001-7188-979X,"National Centre of Scientific Research ""Demokritos""",GR,1565,73335
J. A. Parsons,https://orcid.org/0000-0002-9470-6017,Columbia University,US,1565,98093
Yu Chen,https://orcid.org/0000-0002-8206-3325,Wannan Medical College,CN,1565,80262
A. Moraes,https://orcid.org/0000-0002-5157-5686,,,1565,98643
Qing Li,https://orcid.org/0000-0003-3087-4692,Chinese Academy of Tropical Agricultural Sciences,CN,1564,25140
Y. Smirnov,https://orcid.org/0000-0002-2891-0781,"University of California, Irvine",US,1564,93771
Victorian Professions,,,,1564,0
이은경,,,,1563,281
Javad Parvizi,https://orcid.org/0000-0002-6985-5870,Acıbadem University,TR,1563,82817
C. Deodhar,https://orcid.org/0000-0002-3906-9940,Research Institute for Fragrance Materials,US,1563,1239
Zhang Guoxu Zhang Fan,,Jinzhou Medical University,CN,1563,42
J. B. De Vivie De Regie,https://orcid.org/0000-0001-9163-2211,Institut polytechnique de Grenoble,FR,1563,109289
M. Moreno Llácer,https://orcid.org/0000-0003-1113-3645,Universitat de València,ES,1563,106444
D. Barberis,https://orcid.org/0000-0002-3938-4553,University of California System,US,1563,98782
Hülya Ilıksu Gözü,https://orcid.org/0000-0001-7724-8168,Marmara University,TR,1562,2397
Uwe Wollina,https://orcid.org/0000-0001-5933-2913,Städtisches Klinikum Dresden,DE,1562,21446
Yu Wang,https://orcid.org/0000-0001-5107-8770,Heilongjiang University of Chinese Medicine,CN,1562,2670
Xin Zhang,https://orcid.org/0000-0003-2000-858X,Naval Medical Research Command,US,1562,34404
Masayuki Murata,https://orcid.org/0000-0002-4168-2875,Toyo University,JP,1561,10004
Tetsuji Kametani,,Hoshi University,JP,1561,11122
Rolf Drechsler,https://orcid.org/0000-0002-9872-1740,Hochschule Bremen,DE,1561,17720
Jian Lü,https://orcid.org/0000-0001-5362-0316,City University of Hong Kong,HK,1561,56306
J. Cantero,https://orcid.org/0000-0001-8449-1019,Universitat de València,ES,1560,109904
Z. H. Citron,https://orcid.org/0000-0003-1831-6452,Weizmann Institute of Science,IL,1560,90787
Kai Kai,,Pennsylvania State University,US,1560,2966
Wei Liu,https://orcid.org/0000-0002-3865-8145,Leiden University,NL,1560,87366
Miguel Á. González‐Gay,https://orcid.org/0000-0002-7924-7406,Universidad de Cantabria,ES,1559,49941
김종호,,,,1559,154
T. J. V. Bowcock,https://orcid.org/0000-0002-3505-6915,University of Liverpool,GB,1559,60677
Wai‐Yeung Wong,https://orcid.org/0000-0002-9949-7525,Hong Kong Polytechnic University,HK,1558,49869
Yu. V. Gatilov,https://orcid.org/0000-0002-4128-7293,Novosibirsk Institute of Organic Chemistry,RU,1558,4581
J. L. Jiménez,https://orcid.org/0000-0001-6203-1847,Cooperative Institute for Research in Environmental Sciences,US,1558,119076
F. Stephen Hodi,https://orcid.org/0000-0001-6825-091X,Harvard University,US,1558,164748
Edward Bensly,,St. Albans School,US,1558,34
Pierre I. Karakiewicz,https://orcid.org/0000-0003-1354-5854,Université de Montréal,CA,1558,49868
A. Annovi,https://orcid.org/0000-0002-4649-4398,"Istituto Nazionale di Fisica Nucleare, Sezione di Pisa",IT,1558,88867
Tak W. Mak,https://orcid.org/0000-0001-6766-861X,University Health Network,CA,1557,130731
김광호,,,,1557,290
A. M. Litke,https://orcid.org/0000-0003-3973-3642,"University of California, Santa Cruz",US,1557,125089
François Diederich,https://orcid.org/0000-0003-1947-6327,Central South University,CN,1557,71561
Berthold Koletzko,https://orcid.org/0000-0002-5345-7165,LMU Klinikum,DE,1557,58808
Lihua Xie,https://orcid.org/0000-0002-7137-4136,Tongji University,CN,1557,57129
Gang Chen,https://orcid.org/0000-0002-3968-8530,Xi'an Shiyou University,CN,1557,105349
Xiaoli Li,https://orcid.org/0000-0003-1359-5130,McGovern Institute for Brain Research,US,1557,30366
Michael W. Weiner,https://orcid.org/0000-0002-0144-1954,San Francisco VA Medical Center,US,1557,126620
Rachel Hestrin,https://orcid.org/0000-0003-1315-8870,University of Massachusetts Amherst,US,1556,2499
Manish Suneja,https://orcid.org/0000-0002-1613-8456,University of Iowa,US,1556,2991
Maria Fragaki,https://orcid.org/0000-0003-2246-8854,Hellenic Military Academy,GR,1556,2783
Utusan Malaysia,,,,1556,11
Stephan Anagnostaras,https://orcid.org/0000-0002-6906-1181,University of California San Diego,US,1556,8266
Paul Turnbull,https://orcid.org/0000-0002-7101-1538,Australian National University,AU,1556,735
Didier Sornette,https://orcid.org/0000-0001-7874-7962,Southern University of Science and Technology,CN,1556,39994
Hanns Lochmüller,https://orcid.org/0000-0003-2324-8001,University of Ottawa,CA,1556,39225
V. Tudorache,https://orcid.org/0000-0001-5384-3843,University of Oxford,GB,1556,89785
Mi Young Kim,https://orcid.org/0000-0002-7394-2467,,,1556,799
Ping Ping,https://orcid.org/0000-0002-8343-5178,Inner Mongolia Normal University,CN,1556,2494
Paulo Silva Pereira,,,,1556,0
王欣,,,,1555,38
Joaquín Martínez‐López,https://orcid.org/0000-0001-7908-0063,Universidad Complutense de Madrid,ES,1555,26605
李萍,,,,1555,40
Daniel Rueckert,https://orcid.org/0000-0002-5683-5889,Munich Center for Machine Learning,,1554,95469
Michael G. Hanna,https://orcid.org/0000-0003-0825-4075,Queen Mary University of London,GB,1554,41825
Filippo de Braud,https://orcid.org/0000-0003-0103-730X,University of Milan,IT,1554,53615
Gary Remington,,University of Copenhagen,DK,1554,26625
Kian Fan Chung,https://orcid.org/0000-0001-7101-1426,Ulsan College,KR,1554,85200
I. Dumanoğlu,https://orcid.org/0000-0002-0039-5503,Institute of Experimental Physics of the Slovak Academy of Sciences,SK,1554,86503
Ian B. Hickie,https://orcid.org/0000-0001-8832-9895,University of Technology Sydney,AU,1554,85956
Gerhard Nahler,https://orcid.org/0000-0002-4384-9210,Clinical Investigation Support (Austria),AT,1554,7741
C. Vernieri,https://orcid.org/0000-0002-0235-1053,SLAC National Accelerator Laboratory,US,1554,72367
M. Dubinin,https://orcid.org/0000-0002-7766-7175,California Institute of Technology,US,1554,92473
L. Hnědkovský,https://orcid.org/0000-0002-1928-6999,Murdoch University,AU,1553,1659
F. Luehring,https://orcid.org/0000-0001-8721-6901,Indiana University,US,1553,111311
Young Ho Lee,https://orcid.org/0000-0003-4213-1909,Korea University,KR,1553,31642
N. Hod,https://orcid.org/0000-0001-5241-0544,Weizmann Institute of Science,IL,1553,102602
Adrian F. Hernandez,https://orcid.org/0000-0003-3387-9616,Duke University,US,1552,86625
Guy Marin,https://orcid.org/0000-0002-6733-1213,Ghent University,BE,1552,35288
Wolfgang Köenig,https://orcid.org/0000-0002-2064-9603,Zimmer Biomet (Netherlands),NL,1552,133989
Yoshiki Sawa,https://orcid.org/0000-0001-6132-9684,Osaka Hospital,JP,1552,27630
zhang guo ling,,,,1552,70
Clem Tisdell,https://orcid.org/0000-0003-4370-4692,The University of Queensland,AU,1551,12837
Stefan Grimme,https://orcid.org/0000-0002-5844-4371,University of Bonn,DE,1551,218427
Yu Zhang,https://orcid.org/0000-0002-2358-0904,South China Agricultural University,CN,1551,409
David Moher,https://orcid.org/0000-0003-2434-4206,St. Michael's Hospital,CA,1551,877835
Marcella Rietschel,https://orcid.org/0000-0002-5236-6149,Heidelberg University,DE,1551,92681
Yoshinori Tokura,https://orcid.org/0000-0002-2732-4983,RIKEN Center for Emergent Matter Science,JP,1551,90879
G. Maggi,https://orcid.org/0000-0001-5391-7689,"Istituto Nazionale di Fisica Nucleare, Sezione di Bari",IT,1551,92927
Li -,,Pennsylvania State University,US,1551,1353
J. Winkelmann,https://orcid.org/0000-0002-1781-5842,Ruhr University Bochum,DE,1550,857
Michael H. Bloch,https://orcid.org/0000-0003-0352-4080,Yale New Haven Hospital,US,1550,21515
Martine Piccart,https://orcid.org/0000-0001-9068-8504,,,1550,116820
M. Romano,https://orcid.org/0000-0002-6609-7250,University of Pavia,IT,1549,89755
Feng Zhou,https://orcid.org/0000-0001-7136-9233,Chinese Academy of Sciences,CN,1549,50594
M. F. Watson,https://orcid.org/0000-0002-9724-2684,University of Birmingham,GB,1549,87678
Alexander J. Lazar,https://orcid.org/0000-0002-6395-4499,The University of Texas MD Anderson Cancer Center,US,1549,146656
Steven A. Rosenberg,https://orcid.org/0000-0002-8939-8910,National Institutes of Health,US,1549,198832
Yong Li,https://orcid.org/0000-0001-5617-1659,Northeast Normal University,CN,1549,39255
A. Delgado Peris,https://orcid.org/0000-0002-8511-7958,Unidades Centrales Científico-Técnicas,ES,1549,99538
Chandra Earl,https://orcid.org/0000-0001-9850-882X,,,1549,0
Elisa Bertino,https://orcid.org/0000-0002-4029-7051,Purdue University West Lafayette,US,1548,40231
Zaal Kikvidze,,Ilia State University,GE,1548,16774
Dorothy Jauncey,,,,1548,0
Robert W. Boyd,https://orcid.org/0000-0002-1234-2265,University of Ottawa,CA,1547,49745
Jian Zhang,https://orcid.org/0000-0002-6558-791X,Shanxi Medical University,CN,1547,44884
Hongyu Chen,https://orcid.org/0000-0002-5325-9249,Zhejiang Chinese Medical University,CN,1547,50932
Special Collections,,Rhode Island School of Design,US,1547,0
S. Jakobsen,https://orcid.org/0000-0002-6564-040X,European Organization for Nuclear Research,CH,1546,101970
Emma Childs,https://orcid.org/0000-0003-1747-5208,University of Illinois System,US,1546,3483
Faı̈ez Zannad,https://orcid.org/0000-0001-7456-1570,Inserm,FR,1546,170388
G. J. Bobbink,https://orcid.org/0000-0001-8462-351X,,,1546,99063
K. Mönig,https://orcid.org/0000-0002-3169-7117,Deutsches Elektronen-Synchrotron DESY,DE,1546,117750
A. Tudorache,https://orcid.org/0000-0001-6307-1437,Horia Hulubei National Institute for R and D in Physics and Nuclear Engineering,RO,1546,90054
C. Jagadish,https://orcid.org/0000-0003-1528-9479,Australian National University,AU,1545,30407
Guohua Chen,https://orcid.org/0000-0001-8912-543X,City University of Hong Kong,HK,1545,55520
Antoine Micheau,https://orcid.org/0000-0001-6691-0144,,,1544,200
ほか 名,,,,1544,10
Daniel Levy,https://orcid.org/0000-0003-1843-8724,National Institutes of Health,US,1544,244567
Yan Zhang,https://orcid.org/0000-0002-7329-0382,University of Electronic Science and Technology of China,CN,1544,37068
L. Aperio Bella,https://orcid.org/0000-0003-3942-1702,Deutsches Elektronen-Synchrotron DESY,DE,1544,99560
P. Gras,https://orcid.org/0000-0002-3932-5967,Commissariat à l'Énergie Atomique et aux Énergies Alternatives,FR,1544,94168
Shouxin Zhang,,Yuhuangding Hospital,CN,1544,788
M. Santosh,https://orcid.org/0000-0002-1073-8477,St. Joseph's Institute of Technology,IN,1543,77460
Melanie J. Davies,https://orcid.org/0000-0002-9987-9371,University of Leicester,GB,1543,93656
Ji Wang,https://orcid.org/0000-0002-0724-7538,Shihezi University,CN,1543,12751
V. V. Sulin,https://orcid.org/0000-0003-3943-2495,,,1543,102697
H. Oğul,https://orcid.org/0000-0002-5121-2893,University of Iowa,US,1542,66841
Robert McDonald,https://orcid.org/0000-0002-4065-6181,Utrecht University,NL,1542,26360
Chao Liu,https://orcid.org/0000-0003-2184-9102,Shanghai University of Traditional Chinese Medicine,CN,1542,11110
Melissa M. Hudson,https://orcid.org/0000-0001-6984-2407,St. Jude Children's Research Hospital,US,1542,60465
Liu,,,,1542,3600
John P. Giesy,https://orcid.org/0000-0003-1931-9962,Baylor University,US,1541,84137
Henry Völzke,https://orcid.org/0000-0001-7003-399X,Universitätsmedizin Greifswald,DE,1541,111063
Haworth Editorial Submission,,,,1541,1169
Naval Daver,https://orcid.org/0000-0001-7103-373X,The University of Texas MD Anderson Cancer Center,US,1541,34845
J. Jovicevic,https://orcid.org/0000-0001-5650-4556,University of Belgrade,RS,1541,89394
Manfred Bornhofen,,Koblenz University of Applied Sciences,DE,1541,48
Yongjun Wang,https://orcid.org/0000-0002-9976-2341,Academy of Medical Sciences,GB,1541,62930
Albert H. Gennip,,Amsterdam UMC Location University of Amsterdam,NL,1541,9802
E. Yu. Soldatov,https://orcid.org/0000-0003-0694-3272,,,1540,91648
David S. Liebeskind,https://orcid.org/0000-0002-5109-8736,University of Southern California,US,1540,58565
Jing WANG,,,,1540,43
Vanessa Brisson,https://orcid.org/0000-0003-1398-1664,Lawrence Livermore National Laboratory,US,1540,1132
Akhlesh Lakhtakia,https://orcid.org/0000-0002-2179-2313,Pennsylvania State University,US,1540,22743
B. Boimska,https://orcid.org/0000-0002-4200-1541,,,1540,93861
Bernard Rosner,https://orcid.org/0000-0001-6907-0056,Brigham and Women's Hospital,US,1540,132311
J. L. Pinfold,https://orcid.org/0000-0002-2397-4196,University of Alberta,CA,1539,74761
Mark A. Rubin,https://orcid.org/0000-0002-8321-9950,University of Bern,CH,1539,168676
A. Malakhov,https://orcid.org/0000-0001-8569-8409,A. Alikhanyan National Laboratory,AM,1539,89491
А. В. Смирнов,https://orcid.org/0000-0001-5361-8232,Peoples' Friendship University of Russia,RU,1539,18095
Raymond S Hurst,,Pfizer (United States),US,1539,7949
Karl Marx,,,,1539,45688
Everard Home Coleman,,,,1538,164
F. Meloni,https://orcid.org/0000-0001-7075-2214,Deutsches Elektronen-Synchrotron DESY,DE,1538,87781
Ilia A. Guzei,https://orcid.org/0000-0003-1976-7386,University of Wisconsin System,US,1538,21834
Patrick Georges,https://orcid.org/0000-0001-6822-2775,Centre National de la Recherche Scientifique,FR,1538,13852
Yasuo Suzuki,https://orcid.org/0000-0003-3518-5642,University of Shizuoka,JP,1538,30792
Thomas Hummel,https://orcid.org/0000-0001-9713-0183,Taste and Smell Clinic,US,1538,63141
A. E. Kiryunin,https://orcid.org/0000-0001-7490-6890,Max Planck Institute for Physics,DE,1538,109762
A. Pacheco Pages,https://orcid.org/0000-0001-8210-1734,Barcelona Institute of Science and Technology,ES,1537,106156
I. A. Bertram,https://orcid.org/0000-0003-4073-4941,Lancaster University,GB,1537,70047
S. Schmitt,https://orcid.org/0000-0001-8387-1853,Johannes Gutenberg University Mainz,DE,1537,60534
Malak Tfaily,https://orcid.org/0000-0002-3036-2833,University of Arizona,US,1537,8861
Claudia Felser,https://orcid.org/0000-0002-8200-2063,Max Planck Institute for Chemical Physics of Solids,DE,1537,76191
D. Amidei,https://orcid.org/0000-0002-6814-0355,University of Michigan,US,1536,69894
Scott J. Rodig,https://orcid.org/0000-0003-1761-9769,Brigham and Women's Hospital,US,1536,79121
Li Li,https://orcid.org/0000-0001-8485-2216,University of Technology Sydney,AU,1536,17265
Ying Wang,https://orcid.org/0000-0002-2571-9367,Bengbu Medical College,CN,1536,59109
Ary A. Hoffmann,https://orcid.org/0000-0001-9497-7645,The University of Melbourne,AU,1535,79637
R. Gladyshevskii,,Lviv University,UA,1535,10
K. Cenzual,,University of Geneva,CH,1535,1983
Prashanthan Sanders,https://orcid.org/0000-0003-3803-8429,Royal Adelaide Hospital,AU,1535,73005
Miguel Ángel Martínez‐González,https://orcid.org/0000-0002-3917-9808,Harvard University,US,1535,87129
Reda Alhajj,https://orcid.org/0000-0001-6657-9738,University of Calgary,CA,1535,9668
Yong‐Guan Zhu,https://orcid.org/0000-0003-3861-8482,Fuyang Normal University,CN,1535,104545
Thomas Gries,https://orcid.org/0000-0002-2480-8333,FEG Textiltechnik (Germany),DE,1534,8131
Henrik Kehlet,https://orcid.org/0000-0002-2209-1711,University of Copenhagen,DK,1534,102006
J. Poveda,https://orcid.org/0000-0001-8144-1964,Universitat de València,ES,1534,104307
Dieter Seebàch,https://orcid.org/0000-0002-2861-4130,ETH Zurich,CH,1534,61887
C. Matteuzzi,https://orcid.org/0000-0002-4047-4521,Syracuse University,US,1534,55448
Seithikurippu R. Pandi‐Perumal,https://orcid.org/0000-0002-8686-7259,Chandigarh University,IN,1534,41006
William G. Wierda,https://orcid.org/0000-0002-7357-270X,,,1534,63886
Jun Wang,https://orcid.org/0000-0001-9957-9208,South China Agricultural University,CN,1534,62784
Zheng Zhang,https://orcid.org/0000-0003-1470-6998,Kunming University of Science and Technology,CN,1534,80938
M. Spiropulu,https://orcid.org/0000-0001-8172-7081,California Institute of Technology,US,1534,80058
Y. Thakkar,,Indiana University – Purdue University Indianapolis,US,1534,1223
Thomas E. Starzl,,University of Pittsburgh Medical Center,US,1534,78426
Y. Makida,https://orcid.org/0000-0003-3638-9970,High Energy Accelerator Research Organization,JP,1533,137013
Hironobu Sasano,https://orcid.org/0000-0002-6600-8641,Tohoku University,JP,1533,57778
André Scheen,https://orcid.org/0000-0001-9743-4371,University of Liège,BE,1533,37198
J. W. Gary,https://orcid.org/0000-0003-0175-5731,"University of California, Riverside",US,1533,45693
Peter Falkai,https://orcid.org/0000-0003-2873-8667,University Hospital Augsburg,DE,1533,50024
Keiichi Fukuda,https://orcid.org/0000-0003-1413-0482,Keio University,JP,1533,38785
Michael Diamond,https://orcid.org/0000-0002-8791-3165,Washington University in St. Louis,US,1533,95983
M. D. Sokoloff,https://orcid.org/0000-0001-6181-4583,University of Cincinnati,US,1533,58651
Miguel Porto,,,,1533,0
T. E. Browder,https://orcid.org/0000-0001-7357-9007,Twitter (United States),US,1532,50730
J Gordon Millichap,https://orcid.org/0000-0002-0798-0131,Precision Research (United States),US,1532,5037
Majid M. Heravı,https://orcid.org/0000-0002-9259-0591,Alzahra University,IR,1532,24272
Bradley F. Boeve,https://orcid.org/0000-0002-4153-8187,Mayo Clinic,US,1532,131460
A. Jawahery,https://orcid.org/0000-0003-3719-119X,"University of Maryland, College Park",US,1532,48134
J. Metcalfe,https://orcid.org/0000-0001-5454-3017,Argonne National Laboratory,US,1532,83733
Sagar Lonial,https://orcid.org/0000-0002-8322-9323,,,1531,68792
John R. Yates,https://orcid.org/0000-0001-5267-1672,Scripps Research Institute,US,1531,150230
김소영,,,,1531,312
Andrew Bush,https://orcid.org/0000-0001-6756-9822,Royal Brompton & Harefield NHS Foundation Trust,GB,1531,61290
박진우,,,,1531,165
Yang Zhang,https://orcid.org/0000-0002-2739-1916,Shanghai University,CN,1531,86248
David S. Baldwin,https://orcid.org/0000-0003-3343-0907,,,1531,25976
John C. Huffman,,Facility for Rare Isotope Beams,,1531,32934
Anupriya Agarwal,,Oregon Health & Science University,US,1531,0
Gloria Pryhuber,https://orcid.org/0000-0002-9185-3994,Pacific Northwest National Laboratory,US,1530,10184
Julie Jastrow,,Argonne National Laboratory,US,1530,21155
Rajeev Ahuja,https://orcid.org/0000-0003-1231-9994,Indian Institute of Technology Ropar,IN,1530,53302
Ramjee Prasad,https://orcid.org/0000-0001-7443-7641,Centre Technique Des Industries De La Fonderie,FR,1530,28755
T. Nakamura,https://orcid.org/0000-0002-7414-1071,Tokyo Institute of Technology,JP,1530,108436
GBIF.org User,,,,1530,0
Daniel METZGER,https://orcid.org/0000-0002-5555-046X,International Space University,FR,1530,35982
Shigang Chen,,University of Florida,US,1530,0
Jörg Stierstorfer,,,,1529,11129
Michael Pecht,https://orcid.org/0000-0003-1126-8662,Life Cycle Engineering (United States),US,1529,53912
C. J. Potter,https://orcid.org/0000-0002-9815-5208,University of Cambridge,GB,1529,105192
A. Tumasyan,https://orcid.org/0009-0000-0684-6742,A. Alikhanyan National Laboratory,AM,1529,78214
Daniel D. Von Hoff,https://orcid.org/0000-0003-4723-7681,Translational Genomics Research Institute,US,1529,71162
Patrick Murray,https://orcid.org/0000-0001-8516-1839,University of Hawaiʻi at Mānoa,US,1529,15804
Virgil Zeigler‐Hill,https://orcid.org/0000-0001-9260-9806,Oakland University,US,1529,14393
Shashi Shekhar,https://orcid.org/0000-0002-3191-3879,Amity University,AE,1529,14514
B. Isildak,https://orcid.org/0000-0002-0283-5234,At Bristol,GB,1529,90007
Richard J Beninger,,,,1529,10848
Michael T. Bardo,https://orcid.org/0000-0002-8632-3032,University of Kentucky,US,1528,14462
T. Sýkora,https://orcid.org/0000-0001-9585-7215,Charles University,CZ,1528,91287
Tao Zhang,https://orcid.org/0000-0002-2980-6281,Johns Hopkins University,US,1528,17782
Takashi Sügimura,,University of Massachusetts Chan Medical School,US,1528,61629
K. Augsten,https://orcid.org/0000-0001-8324-0576,Czech Technical University in Prague,CZ,1528,98124
Jeremy Black,,University of Exeter,GB,1528,5039
GBIF.org User,,,,1528,0
Paul Johnson,https://orcid.org/0000-0003-3342-3504,Bowling Green State University,US,1527,15098
이상욱,,,,1527,134
Volkmar Falk,https://orcid.org/0000-0002-7911-8620,ETH Zurich,CH,1527,148809
Sang Il Lee,https://orcid.org/0000-0003-2669-8577,Gyeongsang National University,KR,1527,6046
Richard H. Friend,https://orcid.org/0000-0001-6565-6308,Vietnam National University Ho Chi Minh City,VN,1527,183518
Rami S. Komrokji,https://orcid.org/0000-0002-1876-5269,Moffitt Cancer Center,US,1526,19173
김동훈,,,,1526,164
M. T. Lucchini,https://orcid.org/0000-0002-7497-7450,"Istituto Nazionale di Fisica Nucleare, Sezione di Milano Bicocca",IT,1526,68392
박정호,,,,1526,190
B. Clerbaux,https://orcid.org/0000-0001-8547-8211,European Union of Medical Specialists,BE,1526,86078
M. M. Baarmand,https://orcid.org/0000-0002-9792-8619,,,1526,92944
Xiang Zhang,https://orcid.org/0000-0003-1003-9892,Wannan Medical College,CN,1526,29332
A. Ishikawa,https://orcid.org/0000-0002-3561-5633,Twitter (United States),US,1525,57501
Ben Niu,https://orcid.org/0000-0001-5822-8743,Zhejiang Chinese Medical University,CN,1525,31710
A. Forchel,https://orcid.org/0000-0002-9377-9935,University of Würzburg,DE,1525,39977
F. Chlebana,https://orcid.org/0000-0002-8762-8559,Fermi National Accelerator Laboratory,US,1525,70196
E. F. van Dishoeck,https://orcid.org/0000-0001-7591-1907,Leiden University,NL,1525,69945
Wolfgang Karl Härdle,https://orcid.org/0000-0001-5600-3014,National Yang Ming Chiao Tung University,TW,1525,34519
Hong Zhang,https://orcid.org/0000-0002-6191-0046,Shanghai Chest Hospital,CN,1525,34884
H. Zhu,https://orcid.org/0000-0001-8066-7048,Sichuan University,CN,1525,118557
Eric A. Klein,https://orcid.org/0000-0002-1783-0698,Meta (United States),US,1524,58232
T. Nobe,https://orcid.org/0000-0002-5809-325X,Lawrence Berkeley National Laboratory,US,1524,87096
D. Liko,https://orcid.org/0000-0002-3380-473X,Institute of High Energy Physics,AT,1524,85167
B. Martin dit Latour,https://orcid.org/0000-0003-3420-2105,University of Bergen,NO,1524,102845
Rick A. Bevins,https://orcid.org/0000-0002-2438-2264,University of Nebraska–Lincoln,US,1524,7420
Takeshi Endo,https://orcid.org/0000-0001-6903-8048,Shiga University of Medical Science,JP,1524,29895
Christine A. Franco,,,,1524,1260
K. Belous,https://orcid.org/0000-0003-0014-2589,European Organization for Nuclear Research,CH,1523,50704
Feiyu Kang,https://orcid.org/0000-0002-3704-4379,Tsinghua–Berkeley Shenzhen Institute,CN,1523,106910
Roberta Aguiar dos Santos,https://orcid.org/0000-0001-9752-0739,Instituto Chico Mendes de Conservação da Biodiversidade,BR,1523,1100
S. Schramm,https://orcid.org/0000-0001-9031-6751,University of Geneva,CH,1523,68064
R. Kogler,https://orcid.org/0000-0002-5336-4399,Deutsches Elektronen-Synchrotron DESY,DE,1523,71049
P. Checchia,https://orcid.org/0000-0002-8312-1531,University of Trento,IT,1523,84207
Andrew G. Lee,https://orcid.org/0000-0002-2473-299X,Boston University,US,1522,10980
Thomas Müller,https://orcid.org/0000-0001-8726-6052,,,1522,15673
김동진,,The Catholic University of Korea Seoul St. Mary's Hospital,KR,1521,222
Yury Gogotsi,https://orcid.org/0000-0001-9423-4032,Nanomaterials Research (United States),US,1521,306998
George Perry,https://orcid.org/0000-0002-6547-0172,The University of Texas at San Antonio,US,1521,103302
Arturo Casadevall,https://orcid.org/0000-0002-9402-9167,Johns Hopkins University,US,1521,85640
C. L. Philip Chen,https://orcid.org/0000-0001-5451-7230,BGI Group (China),CN,1521,65649
Z. Wang,https://orcid.org/0000-0002-0928-2070,Shenyang Medical College,CN,1521,49721
Ronald F. Mucha,,University of Würzburg,DE,1520,4847
Arun Kumar Singh,https://orcid.org/0000-0002-2032-2694,Chandigarh University,IN,1520,8721
Yair Lotan,https://orcid.org/0000-0001-5692-2723,Southwestern Medical Center,US,1520,58013
Qihuang Gong,https://orcid.org/0000-0003-4974-6244,King University,US,1520,47419
Ling Chen,https://orcid.org/0000-0003-1485-1626,Hebei Medical University,CN,1520,31963
А. Александров,https://orcid.org/0000-0001-6934-2541,Bulgarian Academy of Sciences,BG,1520,57362
M. Vranješ Milosavljević,https://orcid.org/0000-0003-4477-9733,University of Belgrade,RS,1519,107038
Hao‐Chung Kuo,https://orcid.org/0000-0002-9373-4649,National Yang Ming Chiao Tung University,TW,1519,27004
Detlef Lohse,https://orcid.org/0000-0003-4138-2255,Max Planck Institute for Dynamics and Self-Organization,DE,1519,50528
Jaroslaw P. Maciejewski,https://orcid.org/0000-0002-6837-4346,Cleveland Clinic,US,1519,43991
V. Klyukhin,https://orcid.org/0000-0002-8577-6531,European Organization for Nuclear Research,CH,1519,93258
María Pérez,https://orcid.org/0009-0007-2935-6878,Environmental Molecular Sciences Laboratory,US,1518,854
George M. Whitesides,https://orcid.org/0000-0001-9451-2442,Harvard University,US,1518,265559
Shinji Üemoto,https://orcid.org/0000-0003-0126-9346,Shiga University of Medical Science,JP,1518,39063
Long‐Qing Chen,https://orcid.org/0000-0003-3359-3781,Pennsylvania State University,US,1518,98918
M. Biglietti,https://orcid.org/0000-0001-5442-1351,"Istituto Nazionale di Fisica Nucleare, Sezione di Roma Tre",IT,1518,102117
James Hogg,,University of British Columbia,CA,1518,718
D. Botelho,,Research Institute for Fragrance Materials,US,1517,2036
Richard N. Zare,https://orcid.org/0000-0001-5266-4253,Stanford Medicine,US,1517,85557
E. Gersabeck,https://orcid.org/0000-0002-2860-6528,University of Freiburg,DE,1517,42631
Bruce R. Blazar,https://orcid.org/0000-0002-9608-9841,University of Minnesota,US,1517,91898
Wang Chen,https://orcid.org/0000-0001-7892-3575,South China Agricultural University,CN,1517,10648
B. Trocmé,https://orcid.org/0000-0001-9500-2487,Centre National de la Recherche Scientifique,FR,1517,83753
Veikko Salomaa,https://orcid.org/0000-0001-7563-5324,University of Turku,FI,1516,162986
Jorge S. Reis‐Filho,https://orcid.org/0000-0003-2969-3173,Memorial Sloan Kettering Cancer Center,US,1516,98244
О. М. Драпкина,https://orcid.org/0000-0002-4453-8430,National Research Center for Preventive Medicine,RU,1516,10313
Min Chen,https://orcid.org/0000-0002-0960-4447,Guangxi University,CN,1516,50092
E. Tiras,https://orcid.org/0000-0002-5628-7464,University of Iowa,US,1516,80356
W. Erdmann,https://orcid.org/0000-0001-9964-249X,,,1516,89486
T. Alexopoulos,https://orcid.org/0000-0002-1051-3833,,,1516,109648
David L. Rimm,https://orcid.org/0000-0001-5820-4397,Yale Cancer Center,US,1515,71578
Jan Rémi,https://orcid.org/0000-0003-1527-9350,LMU Klinikum,DE,1515,3462
Silvia Franceschi,https://orcid.org/0000-0003-4181-8071,Centro di Riferimento Oncologico,IT,1515,124606
S. K. Solanki,https://orcid.org/0000-0002-3418-8449,Kyung Hee University,KR,1515,40929
J. Llorente Merino,https://orcid.org/0000-0003-0027-7969,Unidades Centrales Científico-Técnicas,ES,1515,95558
김용진,,Agency for Defense Development,KR,1515,343
D. Moran,https://orcid.org/0000-0002-1941-9333,Unidades Centrales Científico-Técnicas,ES,1515,68663
Gerald F. Gebhart,,University of Iowa,US,1515,28235
J. Malclès,https://orcid.org/0000-0002-5388-5565,Commissariat à l'Énergie Atomique et aux Énergies Alternatives,FR,1515,81228
Moe Key,,United States Geological Survey,US,1515,1681
Jonathan L. Sessler,https://orcid.org/0000-0002-9576-1325,Austin College,US,1514,77377
Michael J. Zaworotko,https://orcid.org/0000-0002-1360-540X,University of Limerick,IE,1514,62374
Robert Plomin,https://orcid.org/0000-0002-0756-3629,King's College London,GB,1514,108211
A. John Camm,https://orcid.org/0000-0002-2536-2871,"St George's, University of London",GB,1514,161200
Felix Herth,https://orcid.org/0000-0002-7638-2506,Heidelberg University,DE,1514,38506
Hugh Calkins,https://orcid.org/0000-0002-9262-9433,Johns Hopkins University,US,1514,121087
James Umen,https://orcid.org/0000-0003-4094-9045,,,1514,8105
J. Daams,,,,1514,6
Piotr Rutkowski,https://orcid.org/0000-0002-8920-5429,National Institute of Oncology,HU,1514,84461
Ruo Yuan,https://orcid.org/0000-0003-3664-6236,Southwest University,CN,1514,51787
T. J. Neep,https://orcid.org/0000-0003-0056-8651,University of Pavia,IT,1514,90460
Philippe Dúbois,https://orcid.org/0000-0003-1534-1564,Materia Nova,BE,1514,65757
Yang,,Hunan Provincial Maternal and Child Health Hospital,CN,1514,2065
Pablo César Lehmann Albornoz,https://orcid.org/0000-0002-8884-4827,Instituto Chico Mendes de Conservação da Biodiversidade,BR,1513,843
Kurt Dehnicke,,,,1513,13366
Perry Ping Shum,https://orcid.org/0000-0003-1391-4736,Southern University of Science and Technology,CN,1513,21464
Steven P. Nolan,https://orcid.org/0000-0001-9024-2035,HOGENT University of Applied Sciences and Arts,BE,1513,66136
Unknown,,,,1513,0
이은정,,Kyungpook National University,KR,1512,275
Herbert Mayr,https://orcid.org/0000-0003-0768-5199,Ludwig-Maximilians-Universität München,DE,1512,24777
Antoni Bayés‐Genís,https://orcid.org/0000-0002-3044-197X,Centro de Investigación en Red en Enfermedades Cardiovasculares,ES,1512,53929
Robert Schober,https://orcid.org/0000-0002-6420-4884,Friedrich-Alexander-Universität Erlangen-Nürnberg,DE,1512,54042
Sandra E. Black,https://orcid.org/0000-0001-7093-8289,Sunnybrook Health Science Centre,CA,1512,109542
Steven P. DenBaars,https://orcid.org/0000-0002-6612-5258,"University of California, Santa Barbara",US,1512,68060
U. Keller,https://orcid.org/0000-0002-1689-8041,ETH Zurich,CH,1512,42309
P. Czodrowski,https://orcid.org/0000-0003-0723-1437,European Organization for Nuclear Research,CH,1512,90475
Richard A. Flavell,https://orcid.org/0000-0003-4461-0778,Howard Hughes Medical Institute,US,1512,235097
Uwe Platzbecker,https://orcid.org/0000-0003-1863-3239,National Center for Tumor Diseases,DE,1512,39741
Qing Li,https://orcid.org/0000-0002-7930-2145,Zhejiang International Studies University,CN,1512,49257
E. Torró Pastor,https://orcid.org/0000-0002-5507-7924,Universitat de València,ES,1512,100155
Ryozo Nagai,https://orcid.org/0000-0002-0911-7868,Jichi Medical University,JP,1512,72314
Masakatsu Shibasaki,https://orcid.org/0000-0001-8862-582X,Microbial Chemistry Research Foundation,JP,1511,53546
John Ruskin,,,,1511,4240
Ulli Englert,https://orcid.org/0000-0002-2623-0061,Shanxi University,CN,1511,12874
C.L. Yong,https://orcid.org/0000-0002-3892-2401,Hubei Provincial Women and Children's Hospital,CN,1511,62
J. Pazzini,https://orcid.org/0000-0002-1118-6205,University of Padua,IT,1511,81306
R. Camacho Toro,https://orcid.org/0000-0002-9192-8028,Centre National de la Recherche Scientifique,FR,1511,98009
Yukihiro Ozaki,https://orcid.org/0000-0002-4479-4004,Shizuoka University,JP,1511,51694
Y. Ban,https://orcid.org/0000-0002-1912-0374,Peking University,CN,1511,70949
Cass R. Sunstein,https://orcid.org/0000-0003-4194-3008,Harvard University,US,1511,77432
Denis Hoa,https://orcid.org/0000-0001-5433-707X,,,1511,647
MinisteriodeCulturaPeru,,,,1511,1
М. Фингер,https://orcid.org/0000-0002-7828-9970,Charles University,CZ,1511,103102
Arnold Ganser,https://orcid.org/0000-0003-3510-4304,Medizinische Hochschule Hannover,DE,1510,61508
Saul I. Gass,,,,1510,6659
Chi‐Tang Ho,https://orcid.org/0000-0001-8273-2085,"Rutgers, The State University of New Jersey",US,1510,69799
Oliver Stiedl,https://orcid.org/0000-0002-4427-9221,Vrije Universiteit Amsterdam,NL,1510,6359
이경수,,,,1510,168
Ola Landgren,https://orcid.org/0000-0001-6485-4839,University of Miami,US,1510,45799
Christof Baltes,,Varian Medical Systems (Germany),DE,1510,3269
Robert M. Townsend,,,,1510,358
C. F. Anders,https://orcid.org/0000-0001-6632-6327,Heidelberg University,DE,1510,142560
Joel M DeRouchey,,Kansas State University,US,1509,6888
Jennifer A. Wargo,https://orcid.org/0000-0003-3438-7576,The University of Texas MD Anderson Cancer Center,US,1509,88929
Chao Li,https://orcid.org/0000-0002-1324-5440,Qingdao University,CN,1509,2923
Hiroshi Ishiguro,https://orcid.org/0000-0002-0805-7648,Toyo University,JP,1509,29480
M. Krammer,https://orcid.org/0000-0003-2257-7751,European Organization for Nuclear Research,CH,1508,104658
Yen‐Chen Liao,https://orcid.org/0000-0002-8124-0457,Pacific Northwest National Laboratory,US,1508,757
William Roush,https://orcid.org/0000-0001-9785-5897,Scripps Research Institute,US,1508,25589
Tuukka Petäjä,https://orcid.org/0000-0002-1881-9044,University of Helsinki,FI,1508,68326
Sibylle Loibl,https://orcid.org/0000-0001-6488-4958,Goethe University Frankfurt,DE,1508,98321
J. E. García Navarro,https://orcid.org/0000-0002-0279-0523,Universitat de València,ES,1508,107389
Charles Vincent,https://orcid.org/0000-0003-0270-0222,University of Oxford,GB,1507,35722
Sheng Dai,https://orcid.org/0000-0002-8046-3931,Oak Ridge National Laboratory,US,1507,100024
Dan M. Roden,https://orcid.org/0000-0002-6302-0389,Garvan Institute of Medical Research,AU,1507,99486
Johannes Kornhuber,https://orcid.org/0000-0002-8096-3987,Friedrich-Alexander-Universität Erlangen-Nürnberg,DE,1507,60281
Jens Nielsen,https://orcid.org/0000-0002-9955-6003,BioInnovation Institute,DK,1507,125802
R. Sacchi,https://orcid.org/0000-0001-7794-0170,"Istituto Nazionale di Fisica Nucleare, Sezione di Torino",IT,1507,104183
Yang,,Guizhou University,CN,1507,2198
K. Piotrzkowski,https://orcid.org/0000-0002-6226-957X,Jagiellonian University,PL,1506,115560
C. Smith,https://orcid.org/0000-0003-2677-9991,Northwestern University,US,1506,36001
James F. Reynolds,https://orcid.org/0000-0003-2367-879X,Duke University,US,1506,75301
Daniel J. Rader,https://orcid.org/0000-0002-9245-9876,California University of Pennsylvania,US,1506,135783
Elisabete Weiderpass,https://orcid.org/0000-0003-2237-0128,Centre international de recherche sur le cancer,FR,1506,219284
Lauren Vega,,Environmental Molecular Sciences Laboratory,US,1506,0
Signe terney Larsen,,,,1506,0
Stephanie A Carmack,https://orcid.org/0000-0003-1742-0768,National Institute on Drug Abuse,US,1505,1714
Chase H. Bourke,https://orcid.org/0000-0002-9669-710X,Emory University,US,1505,1677
J. Zhao,https://orcid.org/0000-0001-6408-2314,South China Agricultural University,CN,1505,39469
Klaus-Jürgen Evert,,,,1505,11
Anne Solgaard,,,,1505,0
Ken Mankoff,,,,1505,0
이승호,,,,1504,190
Luís A. Moreno,https://orcid.org/0000-0003-0454-653X,Instituto de Salud Carlos III,ES,1504,67557
George Frideric Handel,,,,1504,113
Krzysztof Woźniak,https://orcid.org/0000-0002-0277-294X,University of Warsaw,PL,1504,9560
A. Ghezzi,https://orcid.org/0000-0002-8184-7953,"Istituto Nazionale di Fisica Nucleare, Sezione di Milano Bicocca",IT,1504,97189
M. Trzebiński,https://orcid.org/0000-0002-5151-7101,University of Johannesburg,ZA,1504,89067
Paul Brennan,https://orcid.org/0000-0002-0518-8714,Centre de Recherche en Cancérologie de Lyon,FR,1503,64443
Jae‐Hyun Lee,https://orcid.org/0000-0002-0760-0071,Seoul National University,KR,1503,12553
David Zurakowski,https://orcid.org/0000-0003-3610-6942,Boston Children's Hospital,US,1503,74737
Christian Karpfinger,https://orcid.org/0000-0003-3176-5172,Technical University of Munich,DE,1503,734
Klaus Pantel,https://orcid.org/0000-0001-5736-2772,Universität Hamburg,DE,1503,83079
L. Morvaj,https://orcid.org/0000-0003-2061-2904,,,1503,95893
A. Juste Rozas,https://orcid.org/0000-0002-1558-3291,Institució Catalana de Recerca i Estudis Avançats,ES,1503,94587
A. Kharchilava,https://orcid.org/0000-0002-3913-0326,Buffalo State University,US,1503,81194
MARY ANN MOON,,University of Oklahoma Health Sciences Center,US,1503,128
Nikolay I. Zheludev,https://orcid.org/0000-0002-1013-6636,University of Southampton,GB,1502,45704
A. Stephen K. Hashmi,https://orcid.org/0000-0002-6720-8602,Heidelberg University,DE,1502,51864
Jia Wang,https://orcid.org/0000-0002-3739-8994,Tianjin University of Traditional Chinese Medicine,CN,1502,31172
J. A. McKenna,https://orcid.org/0000-0001-9871-9002,Twitter (United States),US,1501,47034
Wafik S. El‐Deiry,https://orcid.org/0000-0002-9577-8266,Brown University,US,1501,88700
P. Pani,https://orcid.org/0000-0003-2149-3791,University of Udine,IT,1501,87482
Chao Lü,https://orcid.org/0000-0002-9469-6672,Hong Kong Polytechnic University,HK,1501,22118
Zhaoyang Zhang,https://orcid.org/0000-0003-2346-6228,Chinese Academy of Sciences,CN,1501,23700
Mien‐Chie Hung,https://orcid.org/0000-0003-4317-4740,The University of Texas MD Anderson Cancer Center,US,1500,97780
Henry Houlden,https://orcid.org/0000-0002-2866-7777,Queen Mary University of London,GB,1500,66911
Jennifer R Sage,,LVMH (France),FR,1500,3110
Wei Chen,https://orcid.org/0000-0002-1131-3585,National University of Singapore,SG,1500,69657
Mohammed Shoaib,,University Hospitals of North Midlands NHS Trust,GB,1500,1719
Jia Fan,https://orcid.org/0000-0001-5158-629X,Nanjing Tech University,CN,1500,70548
Xin -,,Guangdong University of Foreign Studies,CN,1500,2391
Malte Kelm,https://orcid.org/0000-0003-0060-1052,Düsseldorf University Hospital,DE,1499,40973
Maarten J. Postma,https://orcid.org/0000-0002-6306-3653,University Medical Center Groningen,NL,1499,151503
Jeffrey L. Cummings,https://orcid.org/0000-0001-8944-4158,Cleveland Clinic,US,1499,173342
Min Liu,https://orcid.org/0000-0002-9007-4817,Hunan International Economics University,CN,1499,69163
Hua Wang,https://orcid.org/0000-0002-8465-0996,Tarim University,CN,1499,32034
S. P. Mc Kee,https://orcid.org/0000-0002-4551-4502,University of Michigan,US,1499,94785
"Carro García, Jesús, 1884-1973",,,,1499,0
Elı́as Campo,https://orcid.org/0000-0001-9850-9793,Departament de Salut,ES,1498,162801
Oscar Castillo,https://orcid.org/0000-0002-7385-5689,Instituto Tecnológico de Tijuana,MX,1498,29334
Fernándo Alfonso,https://orcid.org/0000-0002-7480-2511,Instituto de Salud Carlos III,ES,1497,61611
N. Nishu,https://orcid.org/0000-0002-9048-1332,University of Udine,IT,1497,100057
Stephan Mose,,,,1497,2723
M. Kawasaki,https://orcid.org/0000-0001-6397-4812,RIKEN,JP,1497,61700
Thomas Lenarz,https://orcid.org/0000-0002-9307-5989,Medizinische Hochschule Hannover,DE,1497,19814
J.P. Greenhill,,,,1497,2423
Humphry Davy,,,,1497,1617
Hiroshi Yoshida,https://orcid.org/0000-0002-2463-9023,Jikei University School of Medicine,JP,1496,18777
S. Das Sarma,https://orcid.org/0000-0002-0439-986X,Joint Quantum Institute,US,1496,95642
David W. Macdonald,https://orcid.org/0000-0003-0607-9373,Oxford Instruments (United Kingdom),GB,1496,79214
A. Schmidt,https://orcid.org/0000-0003-2711-8984,RWTH Aachen University,DE,1496,76399
Yi Liu,https://orcid.org/0000-0001-7626-0026,Northwestern University,US,1496,60056
Wei Jia,https://orcid.org/0000-0002-3739-8994,Guangzhou University of Chinese Medicine,CN,1496,53702
A. Zucchetta,https://orcid.org/0000-0003-0380-1172,University of Padua,IT,1496,68366
A. Geiser,https://orcid.org/0000-0003-0355-102X,Deutsches Elektronen-Synchrotron DESY,DE,1496,76208
Matcheri S. Keshavan,https://orcid.org/0000-0002-5945-888X,Beth Israel Deaconess Medical Center,US,1495,65480
Jürgen Popp,https://orcid.org/0000-0003-4257-593X,Helmholtz Institute Jena,DE,1495,50496
Yutaka Ueda,https://orcid.org/0000-0001-8760-6379,Osaka Gakuin University,JP,1495,27646
David Taylor,https://orcid.org/0000-0002-2557-1710,Barnes-Jewish Hospital,US,1495,44216
J. Dalseno,https://orcid.org/0000-0003-3288-4683,Universidade da Coruña,ES,1495,53336
C. Neu,https://orcid.org/0000-0003-3644-8627,University of Wisconsin System,US,1495,73783
J.B. Baruah,https://orcid.org/0000-0003-3371-7529,Indian Institute of Technology Guwahati,IN,1495,4741
Malcolm A. Halcrow,https://orcid.org/0000-0001-7491-9034,,,1495,12725
Robin L. Jones,https://orcid.org/0000-0003-4173-3844,Institute of Cancer Research,GB,1495,36035
David Jones,https://orcid.org/0000-0002-2036-5141,German Cancer Research Center,DE,1495,107118
Natural History Museum Vienna,,,,1495,0
John P. Burrows,https://orcid.org/0000-0002-6821-5580,University of Bremen,DE,1494,45015
M. Franchini,https://orcid.org/0000-0002-4554-252X,Radboud University Nijmegen,NL,1494,84859
A. Starodumov,https://orcid.org/0000-0001-9570-9255,Ruđer Bošković Institute,HR,1494,74882
Zobair M. Younossi,https://orcid.org/0000-0001-9313-577X,Inova Health System,US,1494,133500
rla-archaeology,,,,1494,0
M. Piccolo,https://orcid.org/0000-0001-9750-0551,Twitter (United States),US,1494,50969
Gessica Sala,https://orcid.org/0000-0003-3573-7523,University of Milano-Bicocca,IT,1493,2386
Symeon Chatzinotas,https://orcid.org/0000-0001-5122-0001,University of Luxembourg,LU,1493,27519
J. I. Lunine,https://orcid.org/0000-0003-2279-4131,California Institute of Technology,US,1493,43622
Markus F. Neurath,https://orcid.org/0000-0003-4344-1474,Friedrich-Alexander-Universität Erlangen-Nürnberg,DE,1493,83795
Stephen B. Dunnett,https://orcid.org/0000-0003-1826-1578,,,1493,43250
Xia Liu,https://orcid.org/0000-0002-3110-9602,Beijing Normal University,CN,1493,10979
Peter Nico,https://orcid.org/0000-0002-4180-9397,Lawrence Berkeley National Laboratory,US,1493,14726
Li -,,Peking University,CN,1493,1244
Sabeeha Merchant,https://orcid.org/0000-0002-2594-509X,"University of California, Berkeley",US,1493,0
Rajeev K. Varshney,https://orcid.org/0000-0002-4562-9131,Murdoch University,AU,1492,79180
Bryan Williams,https://orcid.org/0000-0002-8094-1841,British Heart Foundation,GB,1492,156530
Alexander Storch,https://orcid.org/0000-0002-1133-9216,German Center for Neurodegenerative Diseases,DE,1492,17859
Egon Willighagen,https://orcid.org/0000-0001-7542-0286,Maastricht University,NL,1492,14840
Mark M. Awad,https://orcid.org/0000-0003-0928-5244,Memorial Sloan Kettering Cancer Center,US,1492,31685
He,,,,1492,2933
Takaaki Tsurumi,https://orcid.org/0000-0003-0344-9586,Ehime University,JP,1491,8339
Thomas Mueggler,,Roche (Switzerland),CH,1491,3067
R. Iuppa,https://orcid.org/0000-0001-5038-2762,High Energy Accelerator Research Organization,JP,1491,63639
Koichi Hirata,https://orcid.org/0000-0002-6492-4734,Japan Coal Energy Center,JP,1491,37890
John Cliff,,Environmental Molecular Sciences Laboratory,US,1491,0
Skyler Har,https://orcid.org/0009-0002-6219-4915,University of Michigan,US,1491,0
Yuan Hu,https://orcid.org/0000-0003-0753-5430,University of Science and Technology of China,CN,1490,70323
Pulickel M. Ajayan,https://orcid.org/0000-0001-8323-7860,Rice University,US,1490,170895
A.V. Virovets,https://orcid.org/0000-0002-8843-8503,Goethe University Frankfurt,DE,1490,8838
Alberto Ortíz,https://orcid.org/0000-0002-9805-9523,Universidad de Cádiz,ES,1490,213391
Song Gao,https://orcid.org/0000-0002-0039-6346,Ministry of Education of the People's Republic of China,CN,1490,52831
F. Alonso,https://orcid.org/0000-0001-9431-8156,Consejo Nacional de Investigaciones Científicas y Técnicas,AR,1490,84833
M. Villaplana Perez,https://orcid.org/0000-0002-0048-4602,Universitat de València,ES,1490,97248
Michelle O'Malley,,"University of California, Santa Barbara",US,1490,0
Emmanuel S. Antonarakis,https://orcid.org/0000-0003-0031-9655,University of Minnesota,US,1489,36558
Jeremy N. Rich,https://orcid.org/0000-0001-7845-5302,University of North Carolina at Chapel Hill,US,1489,61485
이상수,,Korea Electrotechnology Research Institute,KR,1489,167
H. Oide,https://orcid.org/0000-0002-2173-3233,High Energy Accelerator Research Organization,JP,1489,78319
Chao Zhang,https://orcid.org/0000-0002-5957-2287,Tongji University,CN,1489,4971
V. Monaco,https://orcid.org/0000-0002-3617-2432,"Istituto Nazionale di Fisica Nucleare, Sezione di Torino",IT,1489,107282
J. Lee,https://orcid.org/0000-0002-5351-7201,University of Seoul,KR,1489,60689
Jenny Chang‐Claude,https://orcid.org/0000-0001-8919-1971,Universität Hamburg,DE,1488,70637
Alan E. Willner,https://orcid.org/0000-0002-7339-4376,University of Southern California,US,1488,37628
В.В. Шарутин,https://orcid.org/0000-0003-2582-4893,South Ural State University,RU,1488,3019
Richard G. Hegele,https://orcid.org/0000-0003-1073-8044,University of Toronto,CA,1488,6381
U.S. Geological Survey,,United States Department of the Interior,US,1488,1438
Min Li,https://orcid.org/0000-0002-7113-2700,Weifang Medical University,CN,1488,34777
J. A. Aguilar–Saavedra,https://orcid.org/0000-0002-5475-8920,Universidad de Granada,ES,1487,111866
Qi Li,https://orcid.org/0000-0002-9144-148X,Anhui Medical University,CN,1487,23031
H. D. Yoo,https://orcid.org/0000-0002-3892-3500,Yonsei University,KR,1487,86867
M. Vanadia,https://orcid.org/0000-0003-2684-276X,University of Rome Tor Vergata,IT,1487,89923
Anthony E. Lang,https://orcid.org/0000-0003-1229-3667,University of Toronto,CA,1486,143593
Adrian Bauman,https://orcid.org/0000-0002-0369-4621,The University of Sydney,AU,1486,128035
M. Schmelling,https://orcid.org/0000-0003-3305-0576,Max Planck Institute for Nuclear Physics,DE,1486,52524
K. Joshi,,Dr. Sarvepalli Radhakrishnan Rajasthan Ayurved University,IN,1486,1217
Giuseppe Boriani,https://orcid.org/0000-0002-9820-4815,University of Modena and Reggio Emilia,IT,1486,79370
Qingyuan Wang,https://orcid.org/0000-0002-3439-287X,University College Dublin,IE,1485,30823
P. Schleper,https://orcid.org/0000-0001-5628-6827,Universität Hamburg,DE,1485,82573
Andreas Erhardt,,Heinrich Heine University Düsseldorf,DE,1485,12141
Frédéric FIORE,https://orcid.org/0000-0001-7955-6594,Centre National de la Recherche Scientifique,FR,1485,8305
Y. Arai,https://orcid.org/0000-0002-1454-2287,High Energy Accelerator Research Organization,JP,1484,95025
Jawed Fareed,https://orcid.org/0000-0003-3465-2499,Loyola University Chicago,US,1484,21550
A. Soffer,https://orcid.org/0000-0002-0749-2146,Twitter (United States),US,1484,73691
Lan‐Sun Zheng,,Xiamen University,CN,1484,41305
Kent Bloodsworth,https://orcid.org/0000-0002-7596-1565,Pacific Northwest National Laboratory,US,1484,0
Mlis,,,,1483,41
George Dangas,https://orcid.org/0000-0001-7502-8049,Mount Sinai Hospital,US,1483,59687
Alan M. Bond,https://orcid.org/0000-0002-1113-5205,Monash University,AU,1483,36329
Michael Farrell,https://orcid.org/0000-0001-7008-8130,IULM University,IT,1483,49758
YangQuan Chen,https://orcid.org/0000-0002-7422-5988,"University of California, Merced",US,1483,49187
GBIF.org User,,,,1483,0
Jan K. Buitelaar,https://orcid.org/0000-0001-8288-7757,Radboud University Nijmegen,NL,1482,99023
J. L. Burch,https://orcid.org/0000-0003-0452-8403,Southwest Research Institute,US,1482,34123
Ross L. Levine,https://orcid.org/0000-0002-7884-1905,Memorial Sloan Kettering Cancer Center,US,1482,95653
Rudolf Kaaks,https://orcid.org/0000-0003-3751-3929,German Cancer Research Center,DE,1482,104432
Seishi Ogawa,https://orcid.org/0000-0002-7778-5374,Kyoto University,JP,1482,56651
B. Bilin,https://orcid.org/0000-0003-1439-7128,Université Libre de Bruxelles,BE,1482,86850
D. M. Gingrich,https://orcid.org/0000-0002-2552-1449,University of Alberta,CA,1482,70037
Antonellá Tosti,,University of Miami,US,1482,37735
E. Tuominen,https://orcid.org/0000-0002-7073-7767,,,1482,96303
E. Barberis,https://orcid.org/0000-0002-6417-5913,Universidad del Noreste,MX,1482,67126
B. Aubert,,Westminster Theological Seminary,US,1482,71178
Nick C. Fox,https://orcid.org/0000-0002-6660-657X,UK Dementia Research Institute,GB,1481,175703
R. Staszewski,https://orcid.org/0000-0001-7708-9259,University of Sharjah,AE,1481,83552
Gianluca Gaïdano,https://orcid.org/0000-0002-4681-0151,Università degli Studi del Piemonte Orientale “Amedeo Avogadro”,IT,1481,49806
Steffi G. Riedel‐Heller,https://orcid.org/0000-0003-4321-6090,Leipzig University,DE,1481,50642
Naheed Mirza,,Signature Research (United States),US,1481,1534
Jennifer Kyle,https://orcid.org/0000-0002-9282-9005,Pacific Northwest National Laboratory,US,1481,0
Rajkumar Buyya,https://orcid.org/0000-0001-9754-6496,The University of Melbourne,AU,1480,110435
Choong Seon Hong,https://orcid.org/0000-0003-3484-7333,Kyung Hee University,KR,1480,23465
G. Wormser,https://orcid.org/0000-0003-4077-6295,Centre National de la Recherche Scientifique,FR,1480,44719
Peter S. Nelson,https://orcid.org/0000-0002-5451-5726,Cape Town HVTN Immunology Laboratory / Hutchinson Centre Research Institute of South Africa,ZA,1480,71460
Philip McGuire,https://orcid.org/0000-0003-4381-0532,Oxford Health NHS Foundation Trust,GB,1480,85731
Håkon Håkonarson,https://orcid.org/0000-0003-2814-7461,Children's Hospital of Philadelphia,US,1480,165171
Feng Liu,https://orcid.org/0000-0002-5572-8512,Northwestern Polytechnical University,CN,1480,74218
P. Montagna,https://orcid.org/0000-0001-9647-9420,University of Pavia,IT,1480,46929
Brian F. G. Johnson,,Michigan State University,US,1480,30249
S. Haug,https://orcid.org/0000-0003-0442-3361,University of Bern,CH,1480,114356
HH Bülthoff,https://orcid.org/0000-0003-2568-0607,Max Planck Society,DE,1479,32664
Shizuo Akira,https://orcid.org/0000-0001-7602-9617,Osaka International University,JP,1479,339910
Johannes Mosbacher,https://orcid.org/0000-0002-6308-6863,FHNW University of Applied Sciences and Arts Northwestern Switzerland,CH,1479,9714
Daniel I. Sessler,https://orcid.org/0000-0001-9932-3077,Outcomes Research Consortium,US,1479,94893
Akira Matsuda,https://orcid.org/0000-0002-0792-3663,Nihon University,JP,1479,23449
André Luiz Netto Ferreira,,,,1479,5
Russell F. Mizell,,Southwest Florida Research,US,1479,3891
Anne B. Newman,https://orcid.org/0000-0002-0106-1150,University of Pittsburgh,US,1479,178825
Yiran Liang,https://orcid.org/0000-0002-8071-9984,Qilu Hospital of Shandong University,CN,1479,8268
Ennio Esposito,,Mario Negri Sud Foundation,IT,1479,3369
M. Livan,https://orcid.org/0000-0002-5877-0062,University of Pavia,IT,1479,113371
Pla N,https://orcid.org/0000-0001-9554-4390,Universidad de Antofagasta,CL,1479,1758
M. Bauce,https://orcid.org/0000-0002-9148-4658,Humboldt-Universität zu Berlin,DE,1478,59436
P. J. Clark,https://orcid.org/0000-0002-3777-0880,Centre de physique des particules de Marseille,FR,1478,86726
J.-C. Fontaine,,University of Colorado Anschutz Medical Campus,US,1478,6
M. Kagan,https://orcid.org/0000-0002-3386-6869,SLAC National Accelerator Laboratory,US,1478,74476
Stephen J. Lippard,https://orcid.org/0000-0002-2693-4982,IIT@MIT,US,1478,99143
Mark I. McCarthy,https://orcid.org/0000-0002-4393-0510,Centre for Human Genetics,GB,1478,267039
G. Barone,https://orcid.org/0000-0001-5163-5936,John Brown University,US,1478,89141
Bridget M. Kuehn,https://orcid.org/0000-0001-8783-4419,Illinois Institute of Technology,US,1478,9159
Li Wang,https://orcid.org/0000-0002-0496-9500,General Research Institute for Nonferrous Metals (China),CN,1478,30874
M. Pappagallo,https://orcid.org/0000-0001-7601-5602,"Istituto Nazionale di Fisica Nucleare, Sezione di Bari",IT,1477,47305
MITCHEL L. ZOLER,,,,1477,81
Fang Wang,https://orcid.org/0000-0002-3327-4177,South China Agricultural University,CN,1477,4888
N. Balakrishnan,https://orcid.org/0000-0001-5842-8892,Atilim University,TR,1477,35777
Markus Rudin,https://orcid.org/0000-0003-4979-6567,,,1477,12500
Lee Smith,https://orcid.org/0000-0002-5340-9833,Biruni University,TR,1477,45298
Ian D. Williams,https://orcid.org/0000-0001-8743-401X,Hong Kong University of Science and Technology,HK,1477,36815
M. S. Rudolph,https://orcid.org/0000-0002-0050-575X,Universidade de Santiago de Compostela,ES,1477,86682
D. Evans,https://orcid.org/0000-0002-8427-322X,University of Birmingham,GB,1477,77627
Torsten Arndt,,,,1477,7140
C. B. Markwardt,https://orcid.org/0000-0001-9803-3879,Goddard Space Flight Center,US,1477,24300
Johannes Ring,https://orcid.org/0000-0001-8236-3152,CK-CARE,CH,1476,55686
C. Bernet,https://orcid.org/0000-0002-9923-8734,,,1476,108488
이수정,,,,1476,281
G. Passaleva,https://orcid.org/0000-0002-8077-8378,"Istituto Nazionale di Fisica Nucleare, Sezione di Firenze",IT,1476,53277
Fabrice Barlési,https://orcid.org/0000-0001-5793-3539,Inserm,FR,1476,73399
F. Ratnikov,https://orcid.org/0000-0003-0762-5583,European Organization for Nuclear Research,CH,1476,84886
C. A. Carrillo Montoya,https://orcid.org/0000-0002-6245-6535,Imperial Valley College,US,1476,101121
Luís Fernando,,Tarumanagara University,ID,1476,650
Wei Wei,https://orcid.org/0000-0003-1691-9305,,,1476,2353
F. Matthias Bickelhaupt,https://orcid.org/0000-0003-4655-7747,Radboud University Nijmegen,NL,1475,48694
María‐Victoria Mateos,https://orcid.org/0000-0003-2390-1218,Universidad de Salamanca,ES,1475,59546
Regeringen och Regeringskansliet,,,,1475,1837
Stephen M. Ansell,https://orcid.org/0000-0003-1244-6758,Mayo Clinic,US,1475,52795
Terence G. Langdon,https://orcid.org/0000-0003-3541-9250,University of Southern California,US,1475,85143
Alan J. Budney,https://orcid.org/0000-0001-6308-6823,Dartmouth College,US,1475,16094
Richard A. Larson,https://orcid.org/0000-0001-9168-3203,University of Chicago,US,1475,114980
徹 高橋,,Arizona State University,US,1475,34
Xiao‐Ou Shu,https://orcid.org/0000-0002-0711-8314,Vanderbilt University Medical Center,US,1475,60173
T. Jakoubek,https://orcid.org/0000-0001-7038-0369,University of Manchester,GB,1475,85422
Klaus-Jürgen Evert,,,,1475,17
Shusen Zheng,https://orcid.org/0000-0003-1459-8261,Shanghai Medical College of Fudan University,CN,1475,45222
R. G. Kellogg,https://orcid.org/0000-0001-9235-521X,"University of Maryland, College Park",US,1475,77441
Edward H. Marshall,,,,1475,207
Pamela S. Soltis,https://orcid.org/0000-0001-9310-8659,Florida Museum of Natural History,US,1474,162322
Peter Valent,https://orcid.org/0000-0003-0456-5095,Ludwig Boltzmann Institute Applied Diagnostics,AT,1474,73228
Jos Lelieveld,https://orcid.org/0000-0001-6307-3846,Cyprus Institute,CY,1474,71347
Javier Cortés,https://orcid.org/0000-0001-7623-1583,Villa Maria Hospital,UG,1474,70581
Shouxin Zhang,,Chinese Academy of Sciences,CN,1474,55
Joseph Jankovic,https://orcid.org/0000-0003-4129-3674,,,1474,106501
Jinshan Li,https://orcid.org/0000-0002-6894-9760,Kunming University of Science and Technology,CN,1474,26110
J. Ngadiuba,https://orcid.org/0000-0002-0055-2935,California Institute of Technology,US,1474,61027
Kazuo Shinozaki,https://orcid.org/0000-0002-6317-9867,RIKEN Center for Sustainable Resource Science,JP,1474,168587
National Agricultural Library,,,,1474,0
이소영,,,,1473,316
Thomas P. Russell,https://orcid.org/0000-0001-6384-5826,Lawrence Berkeley National Laboratory,US,1473,91971
Gunnar Gislason,https://orcid.org/0000-0002-0548-402X,University of Copenhagen,DK,1473,49660
Hartzell V. Schaff,https://orcid.org/0000-0003-0994-027X,Mayo Clinic,US,1473,85423
Caroline Robert,https://orcid.org/0000-0002-9493-0238,Université Paris-Saclay,FR,1473,160764
P. Verdier,https://orcid.org/0000-0003-3090-2948,Université Claude Bernard Lyon 1,FR,1473,91584
Waldemar Adam,,University of Puerto Rico at Río Piedras,PR,1473,26012
Saurabh RamBihariLal Shrivastava,https://orcid.org/0000-0001-6102-7475,"Dr. D.Y. Patil Vidyapeeth, Pune",IN,1472,5174
A. Zichichi,,Centro Ricerche Enrico Fermi,IT,1472,49773
Wang,,,,1472,2373
김윤희,,,,1471,229
David Williams,https://orcid.org/0000-0001-9472-6168,"St George's, University of London",GB,1471,42585
Caroline Silve,,Inserm,FR,1471,7088
Michèle Cavo,https://orcid.org/0000-0003-4514-3227,Samsung Medical Center,KR,1471,71013
Kevin J. Harrington,https://orcid.org/0000-0002-6014-348X,Royal Marsden NHS Foundation Trust,GB,1471,74690
Natalie Sadler,https://orcid.org/0000-0003-1161-5687,Pacific Northwest National Laboratory,US,1471,1262
Nam Kyu Kim,https://orcid.org/0000-0003-0639-5632,Severance Hospital,KR,1471,18643
Xiao‐Ming Chen,https://orcid.org/0000-0002-3353-7918,Dalian University of Technology,CN,1471,64085
Tong Zhu,https://orcid.org/0000-0002-2752-7924,Centre National de la Recherche Scientifique,FR,1471,44462
Deming Liu,https://orcid.org/0000-0001-5591-2929,Second Hospital of Shandong University,CN,1471,17814
S. Paoletti,https://orcid.org/0000-0003-3592-9509,Florence (Netherlands),NL,1471,87469
Manfred Schwab,,German Cancer Research Center,DE,1471,17252
Yi-Ting Wang,https://orcid.org/0000-0001-7509-2016,Pacific Northwest National Laboratory,US,1471,0
Matthias Egger,https://orcid.org/0000-0001-7462-5132,University of Zurich,CH,1470,320175
Enriqueta Felip,https://orcid.org/0000-0002-7620-0098,Hebron University,PS,1470,111216
Guibin Jiang,https://orcid.org/0000-0002-6335-3917,Chinese Academy of Sciences,CN,1470,75258
Christopher P. McKay,https://orcid.org/0000-0002-6243-1362,Ames Research Center,US,1469,50191
Windy Dryden,,Goldsmiths Community Centre,GB,1469,12008
Claus Belka,https://orcid.org/0000-0002-1287-7825,LMU Klinikum,DE,1469,27481
Heinz Heimgartner,https://orcid.org/0000-0002-5145-4251,University of Zurich,CH,1469,10040
Roser Matamala,https://orcid.org/0000-0001-5552-9807,Argonne National Laboratory,US,1469,9801
J. Rick Turner,,IQVIA (United States),US,1469,1131
F. Yumiceva,https://orcid.org/0000-0003-2436-5074,,,1469,95191
E. Gratacós,https://orcid.org/0000-0002-7405-7224,Hospital Sant Joan de Déu Barcelona,ES,1469,36999
Antonino Paolo Di Giovanna,,,,1469,385
Florent COMTE,,Centre National de la Recherche Scientifique,FR,1469,0
Nicholas Day,https://orcid.org/0000-0003-0291-436X,Pacific Northwest National Laboratory,US,1469,0
Joseph Silk,https://orcid.org/0000-0002-1566-8148,Johns Hopkins University,US,1468,55686
Marcus J. Schultz,https://orcid.org/0000-0003-3969-7792,University of St.Gallen,CH,1468,58466
L. Heinrich,https://orcid.org/0000-0002-4048-7584,Max Planck Institute for Physics,DE,1468,65447
John M. Carroll,https://orcid.org/0000-0001-5189-337X,Pennsylvania State University,US,1468,36380
Hiroshi Hashimoto,https://orcid.org/0000-0003-1503-6789,University of Shizuoka,JP,1468,32036
Andrew Whalen,https://orcid.org/0000-0002-6922-0947,Tufts Medical Center,US,1468,1146
Roland Siegwart,https://orcid.org/0000-0002-2760-7983,ETH Zurich,CH,1468,65537
王燕,,,,1468,42
Michel Viso,,Centre National d'Études Spatiales,FR,1468,9678
Miroslav Krstić,https://orcid.org/0000-0002-5523-941X,University of California System,US,1467,65806
Jean‐Luc Brédas,https://orcid.org/0000-0001-7278-4471,University of Arizona,US,1467,110577
P. Iaydjiev,https://orcid.org/0000-0001-6330-0607,Bulgarian Academy of Sciences,BG,1467,78932
Eliezer M. Van Allen,https://orcid.org/0000-0002-0201-4444,Broad Institute,US,1467,83439
Michael A. Davies,https://orcid.org/0000-0002-0977-0912,Energy Institute,GB,1467,52907
Masayoshi Tomizuka,https://orcid.org/0000-0003-0206-6639,"University of California, Berkeley",US,1467,39342
Qiang Wang,https://orcid.org/0000-0002-8751-8093,Southwest University,CN,1467,43795
Ping Zhang,https://orcid.org/0000-0002-0269-104X,Civil Aviation Administration of China,CN,1467,21848
A. Ferrer,https://orcid.org/0000-0003-0532-711X,University of Pavia,IT,1467,108080
Gavin Rowell,https://orcid.org/0000-0002-9516-1581,The University of Adelaide,AU,1466,26875
Mark Hallett,https://orcid.org/0000-0002-3180-6811,National Institutes of Health,US,1466,98892
Franco Nori,https://orcid.org/0000-0003-3682-7432,City University of Hong Kong,HK,1466,91860
Han Wang,https://orcid.org/0000-0001-5448-9903,Northwestern Polytechnical University,CN,1466,21035
Yan Zhang,https://orcid.org/0000-0002-8561-5092,University of Electronic Science and Technology of China,CN,1466,47304
Christian Weber,https://orcid.org/0000-0003-4610-8714,LMU Klinikum,DE,1466,86040
Joseph Wang,https://orcid.org/0000-0002-4921-9674,The University of Sydney,AU,1466,139348
Zhou Zhou,https://orcid.org/0000-0003-0013-524X,Northwestern Polytechnical University,CN,1466,1847
E. Palencia Cortezón,https://orcid.org/0000-0001-8264-0287,Universidad de Oviedo,ES,1466,82664
D. Konstantinov,https://orcid.org/0000-0001-6673-7273,,,1465,93497
Nathanael S. Gray,https://orcid.org/0000-0001-5354-7403,Harvard University,US,1465,86946
Chan Yeob Yeun,https://orcid.org/0000-0002-1398-952X,Khalifa University of Science and Technology,AE,1465,4337
Zhang MIng,,,,1465,60
S. Argyropoulos,https://orcid.org/0000-0001-7748-1429,Aristotle University of Thessaloniki,GR,1465,71369
J.A.K. Howard,,,,1465,333
Bart Nicolaı̈,https://orcid.org/0000-0001-5267-1920,VIB-KU Leuven Center for Microbiology,BE,1464,32778
A. Claudio Cuello,https://orcid.org/0000-0003-2143-2745,Universitat Autònoma de Barcelona,ES,1464,35328
Chang He,https://orcid.org/0000-0002-7521-5343,Guangdong University of Technology,CN,1464,705
S. V. Chekulaev,https://orcid.org/0000-0002-4034-2326,TRIUMF,CA,1464,92677
Z. Yang,https://orcid.org/0000-0003-2937-9782,Southwest University of Science and Technology,CN,1464,86521
Michael T. Longaker,https://orcid.org/0000-0003-1430-8914,California Institute for Regenerative Medicine,US,1463,74856
Janette Myers,,Oregon Health & Science University,US,1463,0
Antoîne Italiano,https://orcid.org/0000-0002-8540-5351,Université de Bordeaux,FR,1463,47054
Xiaohu You,https://orcid.org/0000-0002-0809-8511,Purple Mountain Laboratories,CN,1463,28805
Yonina C. Eldar,https://orcid.org/0000-0003-4358-5304,Northeastern University,US,1462,56657
Leonard Barolli,https://orcid.org/0000-0001-9069-0460,Fukuoka Institute of Technology,JP,1462,11631
A. Kayis Topaksu,https://orcid.org/0000-0002-3169-4573,Cukurova University,TR,1462,90775
R. Graham Cooks,https://orcid.org/0000-0002-9581-9603,Purdue University West Lafayette,US,1462,79462
GBIF.org User,,,,1462,0
Leo Tolstoy,,,,1461,1261
W. M. Song,https://orcid.org/0000-0003-1338-2741,Jilin University,CN,1461,37984
Simplice Asongu,https://orcid.org/0000-0001-5227-5135,Korea University,KR,1461,25317
Alfonso Abizaid,https://orcid.org/0000-0001-9303-3511,Carleton University,CA,1461,7079
Mamoru Watanabe,https://orcid.org/0000-0002-5475-9544,Juntendo University,JP,1461,38301
Jan-Ακε Gustafsson,https://orcid.org/0000-0002-1472-1373,Karolinska Institutet,SE,1461,106379
Rui‐Hua Xu,https://orcid.org/0000-0001-9771-8534,Sun Yat-sen University,CN,1461,55497
Wang,,University of Washington,US,1461,2897
M. Martinelli,https://orcid.org/0000-0003-4792-9178,"Istituto Nazionale di Fisica Nucleare, Sezione di Milano Bicocca",IT,1460,51116
Eggert Stockfleth,https://orcid.org/0000-0002-1922-9062,University Hospitals of the Ruhr-University of Bochum,DE,1460,16833
James A. Ibers,https://orcid.org/0000-0002-5418-3645,Northwestern University,US,1460,35957
David A. Bluemke,https://orcid.org/0000-0002-8323-8086,University of Wisconsin–Madison,US,1460,86832
Axel Heidenreich,https://orcid.org/0000-0002-2511-3664,Klinik und Poliklinik für Urologie,DE,1460,39864
Herbert Waldmann,https://orcid.org/0000-0002-9606-7247,Max Planck Society,DE,1460,49244
Craig W. Lindsley,https://orcid.org/0000-0003-0168-1445,Vanderbilt University,US,1460,31475
Tao Chen,https://orcid.org/0000-0002-8387-3477,Harbin University of Science and Technology,CN,1460,3186
W. Dan,,Southwest University of Political Science & Law,CN,1460,58
Brigitte Dréno,https://orcid.org/0000-0001-5574-5825,Centre National de la Recherche Scientifique,FR,1459,67765
Takehiko Mori,https://orcid.org/0000-0002-0578-5885,Tokyo Institute of Technology,JP,1459,16164
이상우,,,,1459,85
Massimo Falconi,https://orcid.org/0000-0001-9654-7243,Vita-Salute San Raffaele University,IT,1459,65883
A. Petrolini,https://orcid.org/0000-0003-0222-7594,"Istituto Nazionale di Fisica Nucleare, Sezione di Genova",IT,1459,55192
Bo Li,https://orcid.org/0000-0002-9772-4317,Fujian Medical University,CN,1459,1159
R. Bruce King,https://orcid.org/0000-0001-9177-5220,University of Georgia,US,1459,24660
Meng Wang,https://orcid.org/0000-0002-3094-7735,Tongji University,CN,1459,44332
Richard W. Light,,Vanderbilt University,US,1459,24726
Alyssa Karel,,University of Wisconsin–Madison,US,1459,2144
Kim‐Kwang Raymond Choo,https://orcid.org/0000-0001-9208-5336,The University of Texas at San Antonio,US,1458,64944
Ju‐Yeon Lee,https://orcid.org/0000-0002-0176-2184,University of California San Diego,US,1458,2878
Eugene J. Gerberg,,,,1458,1197
김용석,,,,1458,305
Yu Han,https://orcid.org/0000-0003-1462-1118,Hong Kong Polytechnic University,HK,1458,79817
Fei Liu,https://orcid.org/0000-0003-0266-6896,Chongqing University of Posts and Telecommunications,CN,1458,16174
Stephen C. Fowler,,Roche (Switzerland),CH,1458,5887
S. Bhowmik,https://orcid.org/0000-0003-1260-973X,Tata Institute of Fundamental Research,IN,1457,57189
Eleftherios P. Diamandis,https://orcid.org/0000-0002-1589-820X,Mount Sinai Hospital,CA,1457,60981
D. Krofcheck,https://orcid.org/0000-0001-5494-7302,,,1457,103552
Errol Robinson,https://orcid.org/0000-0003-0696-6239,Pacific Northwest National Laboratory,US,1457,3207
Bernhard Schölkopf,https://orcid.org/0000-0002-8177-0925,Max Planck Institute for Intelligent Systems,DE,1456,147662
T. Tabarelli de Fatis,https://orcid.org/0000-0001-6262-4685,"Istituto Nazionale di Fisica Nucleare, Sezione di Milano Bicocca",IT,1456,95342
Peter B. Jones,https://orcid.org/0000-0002-0387-880X,Cambridgeshire and Peterborough NHS Foundation Trust,GB,1456,84600
Weijun Qian,https://orcid.org/0000-0002-5393-2827,Pacific Northwest National Laboratory,US,1456,0
Eugenio Coronado,https://orcid.org/0000-0002-1848-8791,Universitat de València,ES,1455,44180
김형진,,,,1455,143
James H. Doroshow,https://orcid.org/0000-0002-4463-1790,United States Department of Health and Human Services,US,1455,38724
Jens Mogensen,https://orcid.org/0000-0002-8813-573X,Trinity College,CA,1455,22047
John Chalmers,https://orcid.org/0000-0002-9931-0580,UNSW Sydney,AU,1455,71515
G. G. Da Silveira,https://orcid.org/0000-0003-3514-7056,Universidade Federal do Rio Grande do Sul,BR,1455,63739
G. Kole,https://orcid.org/0000-0002-3285-1497,National Taiwan University,TW,1455,63564
Matthias Mann,https://orcid.org/0000-0003-1292-4799,University of Copenhagen,DK,1455,305342
S. Kluth,https://orcid.org/0000-0001-8484-2261,Max Planck Institute for Physics,DE,1455,64919
Keita Kurabe,,,,1455,0
Claus Garbe,https://orcid.org/0000-0001-8530-780X,Olgahospital,DE,1454,84108
이혜진,,,,1454,212
Mikkael A. Sekeres,https://orcid.org/0000-0003-2009-6524,University of Miami,US,1454,38112
Jing Wang,https://orcid.org/0000-0001-7199-4784,Yangzhou Vocational University,CN,1454,25364
Shao Shao,https://orcid.org/0000-0002-9849-308X,Zhejiang Technical Institute of Economics,CN,1454,3494
T.C.E. Cheng,https://orcid.org/0000-0001-5127-6419,Xi'an University of Science and Technology,CN,1453,49869
Yakov Kuzyakov,https://orcid.org/0000-0002-9863-8461,Peoples' Friendship University of Russia,RU,1453,96344
Y. Fukui,https://orcid.org/0000-0002-8966-9856,Nagoya University,JP,1453,43292
Saskia Bindschedler,https://orcid.org/0000-0002-5347-618X,University of Neuchâtel,CH,1453,2536
I. Lokhtin,https://orcid.org/0000-0002-4457-8678,Lomonosov Moscow State University,RU,1453,103174
Chin‐Chen Chang,https://orcid.org/0000-0002-7319-5780,National United University,TW,1452,25992
T. Sakamoto,https://orcid.org/0000-0001-6276-6616,Aoyama Gakuin University,JP,1452,19169
김정은,,,,1452,280
Jeffrey S. Ross,https://orcid.org/0000-0001-8494-2596,,,1452,62565
Lihui Wang,https://orcid.org/0000-0001-8679-8049,Ningbo University,CN,1452,45956
Thomas Weyhermüller,https://orcid.org/0000-0002-0399-7999,Max Planck Institute for Chemical Energy Conversion,DE,1451,22728
A. Messina,https://orcid.org/0000-0003-1195-6780,Istituto Nazionale di Fisica Nucleare,IT,1451,108426
X. Shi,https://orcid.org/0000-0001-9910-9345,Hebei Medical University,CN,1451,73905
Neeraj Kumar,https://orcid.org/0000-0002-3020-3947,National Institute of Technology Patna,IN,1451,65337
Juan Juan,,Baotou Medical College,CN,1451,1408
Wolfgang A. Herrmann,,University Hospital Regensburg,DE,1451,60533
Atsushi Nakajima,https://orcid.org/0000-0002-6263-1436,Tokyo Denki University,JP,1450,36881
M. Calvi,https://orcid.org/0000-0002-8797-1357,"Istituto Nazionale di Fisica Nucleare, Sezione di Milano Bicocca",IT,1450,52578
Peter Tyrer,https://orcid.org/0000-0002-0358-1459,Imperial Valley College,US,1450,31491
­Rosario ­Tumino,https://orcid.org/0000-0003-2666-414X,Historical Association,GB,1450,99750
Shū Kobayashi,https://orcid.org/0000-0002-8235-4368,Tokyo University of Science,JP,1450,54600
Rodolfo Montironi,https://orcid.org/0000-0003-3938-610X,Marche Polytechnic University,IT,1450,49268
김상훈,,,,1450,211
Bharathi Jagadeesan,https://orcid.org/0000-0002-1143-941X,University of Minnesota System,US,1450,2034
Gijs Schumacher,https://orcid.org/0000-0002-6503-4514,Amsterdam University College,NL,1450,3797
Shivaum Kumar,,University of Washington,US,1450,33
Marcus Maurer,https://orcid.org/0000-0002-4121-481X,Philipps University of Marburg,DE,1450,66860
Lihua Zhang,https://orcid.org/0000-0003-2543-1547,Hebei Medical University,CN,1450,33981
Peter G. Jones,https://orcid.org/0000-0001-7480-6603,University of Liverpool,GB,1450,43529
Gabriele Kociok‐Köhn,https://orcid.org/0000-0002-7186-1399,University of Bath,GB,1449,12679
Michael Aschner,https://orcid.org/0000-0002-2619-1656,Albert Einstein College of Medicine,US,1449,63140
Christopher M. Reid,https://orcid.org/0000-0001-9173-3944,Curtin University,AU,1449,32460
M. Needham,https://orcid.org/0000-0002-8297-6714,Kharkiv Institute of Physics and Technology,UA,1449,51851
Yoshinori Yamamoto,https://orcid.org/0000-0001-9411-783X,Mie University,JP,1449,48454
Li Wang,https://orcid.org/0000-0003-0510-7985,Zhejiang Normal University,CN,1449,39825
Jun Li,https://orcid.org/0000-0002-8456-3980,John Brown University,US,1449,82211
Bo Ai,https://orcid.org/0000-0001-6850-0595,Beijing Jiaotong University,CN,1449,29286
H. Anne Simmonds,,,,1449,7726
MIRIAM E. TUCKER,,,,1449,167
Alexander Drilon,https://orcid.org/0000-0001-6806-9061,Memorial Sloan Kettering Cancer Center,US,1448,40128
A. K. Morley,https://orcid.org/0000-0003-0373-1346,"Istituto Nazionale di Fisica Nucleare, Sezione di Roma I",IT,1448,112201
Liu,,,,1448,3228
Guy Smagghe,https://orcid.org/0000-0001-8334-3313,Vrije Universiteit Brussel,BE,1447,45601
Weisheng Hu,https://orcid.org/0000-0002-6168-2688,Xihua University,CN,1447,13500
Qiao Qiao,https://orcid.org/0000-0002-3041-8972,Nanjing Tech University,CN,1447,2688
Achim Müller,https://orcid.org/0000-0003-0117-4021,,,1447,44964
James S. Speck,https://orcid.org/0000-0002-8045-4090,"University of California, Santa Barbara",US,1447,70294
김성희,,Georgia Institute of Technology,US,1447,232
김인수,,,,1447,132
Li Song,https://orcid.org/0000-0003-0585-8519,Beijing Institute of Technology,CN,1447,86942
B. Lenzi,https://orcid.org/0000-0002-1024-4004,,,1447,108631
A. C. Gossard,,"University of California, Santa Barbara",US,1447,77770
Molinier Auguste,,,,1446,297
Lowell F. Satler,https://orcid.org/0000-0001-6446-2683,MedStar Washington Hospital Center,US,1446,42680
Jedd D. Wolchok,https://orcid.org/0000-0001-6718-2222,Memorial Sloan Kettering Cancer Center,US,1446,209140
Flora Graham,https://orcid.org/0009-0007-7674-1509,University of Otago,NZ,1446,600
Amelia Carolina Sparavigna,https://orcid.org/0000-0003-4502-8974,Politecnico di Torino,IT,1445,3769
Alessandro Rambaldi,https://orcid.org/0000-0002-3739-7502,University of Milan,IT,1445,60960
Marcio Roberto Martins,https://orcid.org/0000-0001-8108-6309,Universidade de São Paulo,BR,1445,6831
E. Usai,https://orcid.org/0000-0001-9323-2107,Boston University,US,1445,63491
Albert Schütz,,,,1445,0
Undine E. Lang,https://orcid.org/0000-0002-3585-6533,University of Basel,CH,1444,23813
Jian Huang,https://orcid.org/0000-0003-3282-8892,Shanghai University,CN,1444,8495
Heather J. McAuslane,https://orcid.org/0000-0003-1908-1915,University of Florida,US,1444,2839
Massimo Cristofanilli,https://orcid.org/0000-0002-4194-7175,NewYork–Presbyterian Brooklyn Methodist Hospital,US,1444,58502
N. Srimanobhas,https://orcid.org/0000-0003-3563-2959,Chulalongkorn University,TH,1444,71388
Lewis B. Coons,,University of Memphis,US,1444,2151
Michael J. Blaha,https://orcid.org/0000-0001-5138-9683,Johns Hopkins University,US,1443,94608
R. B. Garg,https://orcid.org/0000-0002-2691-7963,University of Lisbon,PT,1443,49047
Kristine Yaffe,https://orcid.org/0000-0003-0919-3825,"University of California, San Francisco",US,1443,120270
Yubo Fan,https://orcid.org/0000-0002-3480-4395,Zhejiang International Studies University,CN,1443,35973
Joel J. P. C. Rodrigues,https://orcid.org/0000-0001-8657-3800,Universidade Federal do Piauí,BR,1443,49539
William Petersen,,Environmental Molecular Sciences Laboratory,US,1443,3994
J. L. Prieto,https://orcid.org/0000-0003-1072-2712,Millennium Institute of Astrophysics,CL,1443,20302
Elmar Brähler,https://orcid.org/0000-0002-2648-2728,Johannes Gutenberg University Mainz,DE,1443,54804
Hua Li,https://orcid.org/0000-0003-1903-836X,Fujian University of Traditional Chinese Medicine,CN,1443,31685
Kazuhiko Nakagawa,https://orcid.org/0000-0003-1284-9776,Osaka Red Cross Hospital,JP,1443,62441
Akitoshi Okino,https://orcid.org/0000-0002-8949-294X,Tokyo Institute of Technology,JP,1442,2162
Sławomir Kozieł,https://orcid.org/0000-0002-9063-2647,Reykjavík University,IS,1442,20582
A. Poluektov,https://orcid.org/0000-0003-2222-9925,Aix-Marseille Université,FR,1442,53414
Yudong Zhang,https://orcid.org/0000-0002-4870-1493,University of Leicester,GB,1442,44354
L. Serkin,https://orcid.org/0000-0003-4749-5250,Universidad Nacional Autónoma de México,MX,1442,90526
Roland A. Fischer,https://orcid.org/0000-0002-7532-5286,Technical University of Munich,DE,1441,54890
Elizabeth M. Jaffee,https://orcid.org/0000-0003-3841-6549,Bloomberg (United States),US,1441,57485
Keith S. Murray,https://orcid.org/0000-0003-4098-9389,Monash University,AU,1441,29358
Keitaro Matsuo,https://orcid.org/0000-0003-1761-6314,Aichi Cancer Center,JP,1441,56021
Jing Wang,https://orcid.org/0000-0002-1246-991X,Beijing Institute of Technology,CN,1441,48234
Changyuan Yu,https://orcid.org/0000-0002-3185-0441,Hong Kong Polytechnic University,HK,1441,16268
Duu‐Jong Lee,https://orcid.org/0000-0002-8820-8097,City University of Hong Kong,HK,1441,68479
 ,,,,1441,0
Alessandro Sette,https://orcid.org/0000-0001-7013-2250,La Jolla Institute for Immunology,US,1440,124077
S. Alderweireldt,https://orcid.org/0000-0002-8224-7036,University of Edinburgh,GB,1440,67648
M. P. Carpenter,https://orcid.org/0000-0002-3237-5734,,,1440,19693
Jiřı́ Mayer,https://orcid.org/0000-0003-0567-9887,Masaryk University,CZ,1440,28796
Q. P. Ji,https://orcid.org/0000-0003-2963-2565,Twitter (United States),US,1440,25090
CABI,,CAB International,GB,1440,102
J. Zhu,https://orcid.org/0000-0002-5278-2855,Shanghai Jiao Tong University,CN,1440,68814
朝鮮總督府鐵道局,,,,1440,0
Steve E. Humphries,https://orcid.org/0000-0002-8221-6547,University College London,GB,1439,103588
John B. Goodenough,https://orcid.org/0000-0001-9350-3034,The University of Texas at Austin,US,1439,172922
Xuan Zhang,https://orcid.org/0000-0001-8775-1699,The University of Texas MD Anderson Cancer Center,US,1439,41956
Qi Liu,https://orcid.org/0000-0001-5378-6404,University of Science and Technology of China,CN,1439,23255
Li,,,,1439,869
G. S. F. Stephans,https://orcid.org/0000-0003-3106-4894,University of Minnesota System,US,1439,77273
É. Chapon,https://orcid.org/0000-0001-6968-9828,Commissariat à l'Énergie Atomique et aux Énergies Alternatives,FR,1438,53562
Krishnendu Chakrabarty,https://orcid.org/0000-0003-4475-6435,Techno India Group (India),IN,1438,31807
Andreas Seidel‐Morgenstern,https://orcid.org/0000-0001-8595-7810,Max Planck Institute for Dynamics of Complex Technical Systems,DE,1438,14112
P. Balek,https://orcid.org/0000-0002-0942-1966,Jagiellonian University,PL,1438,82044
Ernst J. Kuipers,https://orcid.org/0000-0002-0633-3098,Harvard University,US,1438,114656
Jie Li,https://orcid.org/0000-0003-0973-8645,Shihezi University,CN,1438,23263
E. Carquín,https://orcid.org/0000-0002-7863-1166,Universidad Técnica Federico Santa María,EC,1438,89971
Arthur Llewellyn Photographer Basham,,,,1438,919
Wu,,Foshan University,CN,1438,1867
April Spisak,,,,1438,32
GBIF.org User,,,,1438,0
Bradley J. Nelson,https://orcid.org/0000-0001-9070-6987,Robotics Research (United States),US,1437,50202
Donald W. Winnicott,,,,1437,24978
Jaume Llibre,https://orcid.org/0000-0002-9511-5999,Universitat Autònoma de Barcelona,ES,1437,18583
TH Lam,https://orcid.org/0000-0002-2033-9971,Twelfth Guangzhou City People's Hospital,CN,1437,25944
Martin Dichgans,https://orcid.org/0000-0002-0654-387X,German Center for Neurodegenerative Diseases,DE,1437,105197
Xuejiang Guo,https://orcid.org/0000-0002-0475-5705,Nanjing Medical University,CN,1437,12445
Carl J. Pepine,https://orcid.org/0000-0002-6011-681X,Cedars-Sinai Medical Center,US,1437,75750
Philip F. Stahel,,Rocky Vista University,US,1437,19413
김명희,,,,1437,442
Maurizio Cecconi,https://orcid.org/0000-0002-4376-6538,Humanitas University,IT,1437,63258
A. Castiñeiras,https://orcid.org/0000-0002-5070-5936,Universidade de Santiago de Compostela,ES,1436,11669
Michele Baccarani,https://orcid.org/0000-0003-1999-1687,,,1436,63316
Tod W. Speer,,,,1436,1527
Younghee Cheri Lee,https://orcid.org/0000-0001-6365-3752,Chungbuk National University,KR,1436,188
N. Orlando,https://orcid.org/0000-0003-0616-245X,University of Science and Technology of China,CN,1436,88819
E. C. Chabert,https://orcid.org/0000-0003-2797-7690,Centre National de la Recherche Scientifique,FR,1436,83879
Anthony L. Spek,,Utrecht University,NL,1436,85774
Yi Zhang,https://orcid.org/0000-0001-6223-4724,University of Science and Technology of China,CN,1436,22877
Nelios media,,,,1435,13
Jung-Eun Lee,https://orcid.org/0009-0004-3542-6949,Kangwon National University,KR,1435,275
G. De Lentdecker,https://orcid.org/0000-0001-5124-7693,Université Libre de Bruxelles,BE,1435,87706
Vivek Subbiah,https://orcid.org/0000-0002-6064-6837,The University of Texas MD Anderson Cancer Center,US,1435,32439
Kevin C. Chung,https://orcid.org/0000-0002-2822-3164,University of Michigan,US,1435,37290
F. J. Muñoz Sánchez,https://orcid.org/0000-0002-6374-458X,University of Manchester,GB,1435,99114
Catherine E. Housecroft,https://orcid.org/0000-0002-8074-0089,University of Basel,CH,1435,15943
Robert Ruffolo,,,,1435,9397
K. Androsov,https://orcid.org/0000-0003-2694-6542,Mitchell Institute,US,1435,64972
Cameron Jones,https://orcid.org/0000-0002-7269-1045,University of San Diego,US,1434,22666
Gillian Reid,https://orcid.org/0000-0001-5349-3468,University of Southampton,GB,1434,11157
Dirk M. Guldi,https://orcid.org/0000-0002-3960-1765,Friedrich-Alexander-Universität Erlangen-Nürnberg,DE,1434,56430
Media Services,,,,1434,35
A. Canepa,https://orcid.org/0000-0003-4045-3998,Fermi National Accelerator Laboratory,US,1434,85131
Yongfang Li,https://orcid.org/0000-0002-2565-2748,Chinese Academy of Sciences,CN,1434,114706
M.B. Hursthouse,,,,1434,2146
Todd B. Marder,https://orcid.org/0000-0002-9990-0169,University of Würzburg,DE,1433,39871
Anthony S. David,https://orcid.org/0000-0003-0967-774X,Anthony Nolan,GB,1433,72754
Keqi Tang,https://orcid.org/0000-0003-0316-6850,Ningbo University,CN,1433,11190
Frank E. Buttolph,,,,1433,23
William W. Brennessel,https://orcid.org/0000-0001-5461-1825,University of Rochester,US,1433,15798
Alberto Zanchetti,https://orcid.org/0000-0003-4796-7959,,,1433,113816
John Cort,https://orcid.org/0000-0001-6342-6461,Pacific Northwest National Laboratory,US,1433,5102
Rui Zhang,https://orcid.org/0000-0002-8729-8393,National University of Singapore,SG,1433,110293
Hong‐Yuan Chen,https://orcid.org/0000-0001-5217-668X,Center for Innovation,US,1433,72890
C. Dozen,https://orcid.org/0000-0002-4301-634X,Yıldız Technical University,TR,1433,77677
B. G. Marsden,,University of Oxford,GB,1433,5177
Ryan Feng,https://orcid.org/0000-0002-4767-274X,,,1432,100
Paulo B. Lourénço,https://orcid.org/0000-0001-8459-0199,Institute for Sustainability,GB,1432,31001
Tony Q. S. Quek,https://orcid.org/0000-0002-4037-3149,Singapore University of Technology and Design,SG,1432,31327
John Wright,https://orcid.org/0000-0001-9572-7293,University of Bradford,GB,1432,49224
Naoto T. Ueno,https://orcid.org/0000-0002-0166-7275,University of Hawaiʻi at Mānoa,US,1432,49965
Shanhui Fan,https://orcid.org/0000-0002-0081-9732,Stanford University,US,1432,112174
Eberhard Ritz,,,,1432,62102
Kaushik Roy,https://orcid.org/0000-0002-0735-9695,Purdue University West Lafayette,US,1431,48627
Robert Schmitt,https://orcid.org/0000-0002-0011-5962,Fraunhofer Institute for Production Technology IPT,DE,1431,13852
Hartmut Goldschmidt,https://orcid.org/0000-0003-0961-0035,Heidelberg University,DE,1431,65611
P. M. Tuts,https://orcid.org/0000-0001-6131-5725,Columbia University,US,1431,91414
Elizabeth Pennisi,,,,1431,11304
Jan Van Impe,https://orcid.org/0000-0002-5904-1638,Ghent University,BE,1430,19747
P. A. R. Ade,https://orcid.org/0000-0002-5127-0401,Cardiff University,GB,1430,95343
Victoria Delgado,https://orcid.org/0000-0002-9841-2737,Institute of Molecular Bioimaging and Physiology,IT,1430,271837
Kenji Hashimoto,https://orcid.org/0000-0002-8892-0439,The University of Kitakyushu,JP,1430,50645
李艳,,,,1430,123
Freddy Haesebrouck,https://orcid.org/0000-0002-1709-933X,Ghent University Hospital,BE,1430,45436
M. Cattaneo,https://orcid.org/0000-0001-7707-169X,European Organization for Nuclear Research,CH,1430,56298
P. Križan,https://orcid.org/0000-0002-4967-7675,Twitter (United States),US,1430,49618
Jonathan C. Craig,https://orcid.org/0000-0002-2548-4035,Flinders University,AU,1429,121813
Felice Petraglia,https://orcid.org/0000-0002-8851-625X,European Society for Sexual Medicine,IT,1429,43836
Doménico Ribatti,https://orcid.org/0000-0003-4768-8431,University of Bari Aldo Moro,IT,1429,49076
Geoffrey Burnstock,https://orcid.org/0000-0001-8152-7979,University College London,GB,1429,96628
SHERRY BOSCHERT,,,,1429,95
Gerald F. Watts,https://orcid.org/0000-0003-2276-1524,The University of Western Australia,AU,1429,73501
Bin Zhang,https://orcid.org/0000-0003-0633-2930,Hebei University of Engineering,CN,1429,25378
John Cort,,Pacific Northwest National Laboratory,US,1429,0
Gabrielle Moore,,Environmental Molecular Sciences Laboratory,US,1429,0
Andrey G. Kostianoy,https://orcid.org/0000-0001-7441-5055,Institute of Oceanology. PP Shirshov Russian Academy of Sciences,RU,1428,4957
Xinming Wang,https://orcid.org/0000-0002-1982-0928,Xiamen University,CN,1428,45096
Li,,,,1428,1805
R. Sharma,https://orcid.org/0000-0003-1181-1426,Indian Institute of Science Education and Research Kolkata,IN,1428,54692
GBIF.org User,,,,1428,0
이광호,,,,1427,132
民事訴訟法研究会,,,,1427,0
Tetsuya Ōsaka,https://orcid.org/0000-0001-8307-132X,Waseda University,JP,1427,22502
S. Chattopadhyay,https://orcid.org/0000-0003-1097-8806,Variable Energy Cyclotron Centre,IN,1427,77232
Toshio Ogihara,https://orcid.org/0000-0002-7119-7192,,,1427,45232
Naveen Pemmaraju,https://orcid.org/0000-0002-1670-6513,The University of Texas MD Anderson Cancer Center,US,1427,23324
P. Klimek,https://orcid.org/0000-0003-1661-6873,Brookhaven National Laboratory,US,1427,89987
J Gordon Millichap,https://orcid.org/0000-0002-0173-7931,Northwestern University,US,1427,4066
María Fernánda,,,,1427,265
Werner Kaminsky,https://orcid.org/0000-0002-9100-4909,University of Washington,US,1426,17644
Bingfang Wu,https://orcid.org/0000-0001-5546-365X,Chinese Academy of Sciences,CN,1426,19339
Toshifumi Hibi∥,https://orcid.org/0000-0002-6256-1204,Keio University,JP,1426,43400
Joel Schwartz,https://orcid.org/0000-0001-6168-378X,Harvard University,US,1426,122330
E. Gramstad,https://orcid.org/0000-0001-5792-5352,OsloMet – Oslo Metropolitan University,NO,1426,81765
Michael J. Ackerman,https://orcid.org/0000-0002-8011-3333,Mayo Clinic,US,1426,83829
L. Demortier,https://orcid.org/0000-0002-0499-4298,Rockefeller University,US,1426,95210
Gerhard Kühn,https://orcid.org/0000-0001-6069-7485,Alfred-Wegener-Institut Helmholtz-Zentrum für Polar- und Meeresforschung,DE,1426,13882
Bryan Putnam,,National Oceanic and Atmospheric Administration,US,1426,0
S. Chen,https://orcid.org/0000-0002-8647-1828,Nanjing University of Chinese Medicine,CN,1426,61363
D. De Jesus Damião,https://orcid.org/0000-0002-3769-1680,Universidade do Estado do Rio de Janeiro,BR,1426,85350
Nicolaus Kröger,https://orcid.org/0000-0001-5103-9966,Universität Hamburg,DE,1425,46695
Rudolf Steiner,https://orcid.org/0009-0004-4722-5458,Kwame Nkrumah University of Science and Technology,GH,1425,2668
Leroy Cronin,https://orcid.org/0000-0001-8035-5757,University of Glasgow,GB,1425,41765
C. S. Kochanek,https://orcid.org/0000-0001-6017-2961,The Ohio State University,US,1425,37654
Jagadese J. Vittal,https://orcid.org/0000-0001-8302-0733,National University of Singapore,SG,1425,27851
이종민,,,,1425,137
Axel Haverich,https://orcid.org/0000-0002-0991-2650,Medizinische Hochschule Hannover,DE,1425,49216
Massachusetts Archives Digital Archive Of Native American Petitions,,,,1425,0
Kenji Mori,https://orcid.org/0000-0003-2152-5167,,,1425,21241
Piotr Ponikowski,https://orcid.org/0000-0002-3391-7064,University of Wrocław,PL,1424,272157
Guido Sauter,https://orcid.org/0000-0002-9024-4978,Universität Hamburg,DE,1424,110654
Georgios B. Giannakis,https://orcid.org/0000-0002-0196-0260,University of Minnesota,US,1424,70878
John Atack,https://orcid.org/0000-0002-3410-791X,Discovery Institute,US,1424,14539
M. Jeitler,https://orcid.org/0000-0002-5141-9560,TU Wien,AT,1424,83112
Min,,Children's Hospital of Capital Institute of Pediatrics,CN,1424,1876
Kostya Ostrikov,https://orcid.org/0000-0001-8672-9297,Queensland University of Technology,AU,1423,50616
David Y. Graham,https://orcid.org/0000-0002-6908-8317,University College Hospital,GB,1423,100236
Charles A. Nelson,https://orcid.org/0000-0002-4723-247X,Boston Children's Hospital,US,1423,82857
C. Alpigiani,https://orcid.org/0000-0002-7641-5814,University of Washington,US,1423,65452
Lei Liu,https://orcid.org/0000-0002-9714-2130,China Electronics Technology Group Corporation,CN,1423,38864
Xin Yao,https://orcid.org/0000-0001-8837-4442,Zhejiang Normal University,CN,1423,68487
Alex Phillips,,Duke University,US,1423,13
Carl H. June,https://orcid.org/0000-0003-0241-3557,Hospital of the University of Pennsylvania,US,1422,149296
Valerie H. Curran,https://orcid.org/0000-0001-6041-5214,,,1422,3391
Rodolphe Clérac,https://orcid.org/0000-0002-7515-7593,École Polytechnique Fédérale de Lausanne,CH,1422,27870
Eugene V. Koonin,https://orcid.org/0000-0003-3943-8299,National Institutes of Health,US,1422,214431
Ning Wang,https://orcid.org/0000-0003-1745-1425,Zhejiang Sci-Tech University,CN,1422,24039
Kurt Huber,https://orcid.org/0000-0002-7934-5524,National Heart Foundation of Australia,AU,1422,80465
R. Breedon,https://orcid.org/0000-0001-5314-7581,University of California System,US,1422,80218
A. Zoccoli,https://orcid.org/0000-0002-0993-6185,"Istituto Nazionale di Fisica Nucleare, Sezione di Bologna",IT,1422,70264
L. Schultz,,Leibniz Institute for Solid State and Materials Research,DE,1422,47576
Jean’ne M. Shreeve,https://orcid.org/0000-0001-8622-4897,University of Idaho,US,1421,38584
S. Mereghetti,https://orcid.org/0000-0003-3259-7801,,,1421,23372
Lynne R. Wilkens,https://orcid.org/0000-0001-8408-4536,University of Hawaiʻi at Mānoa,US,1421,57452
李琳,,,,1421,44
Xinliang Zhang,https://orcid.org/0000-0001-8513-3328,University of Electronic Science and Technology of China,CN,1421,19812
Kezhi Li,https://orcid.org/0000-0003-3073-3128,University College London Hospitals NHS Foundation Trust,GB,1421,4213
M. Albrow,https://orcid.org/0000-0001-7329-4925,Fermi National Accelerator Laboratory,US,1421,63117
Charles Spence,https://orcid.org/0000-0003-2111-072X,University of Oxford,GB,1420,76405
Demetrius Albanes,https://orcid.org/0000-0001-8330-4293,National Cancer Institute,US,1420,70068
Petr Štěpnička,https://orcid.org/0000-0002-5966-0578,Charles University,CZ,1420,6656
Jingjing Wang,https://orcid.org/0000-0003-3170-8952,Southwest University,CN,1420,27992
Md. Nazrul Islam,https://orcid.org/0000-0003-1023-847X,Centro Científico Tecnológico - Tandil,AR,1420,20788
Shigang Chen,,University of Florida,US,1420,0
EFA,,,,1420,0
Zhuoya ZHOU,,,,1420,0
A. Bethani,https://orcid.org/0000-0002-8150-7043,UCLouvain,BE,1419,81777
Young Joo Park,https://orcid.org/0000-0002-3671-6364,Sutro Biopharma (United States),US,1419,20074
Michael R. Hamblin,https://orcid.org/0000-0001-6431-4605,University of Johannesburg,ZA,1418,108924
Kelly K. Hunt,https://orcid.org/0000-0001-9156-8723,The University of Texas MD Anderson Cancer Center,US,1418,61780
J. Schwandt,https://orcid.org/0000-0002-0052-597X,Universität Hamburg,DE,1418,53844
Vadim Yu. Kukushkin,https://orcid.org/0000-0002-2253-085X,Altai State University,RU,1418,14692
S. A. Olivares Pino,https://orcid.org/0000-0003-4616-6973,Universidad Andrés Bello,CL,1418,89919
J. N. Butler,https://orcid.org/0000-0002-0745-8618,Fermi National Accelerator Laboratory,US,1418,73317
M. Johnson,https://orcid.org/0000-0001-7757-8458,Fermi National Accelerator Laboratory,US,1418,63619
Gina Pugliese,,,,1418,2202
Vincent Dorcet,https://orcid.org/0000-0001-9423-995X,Institut des Sciences Chimiques de Rennes,FR,1417,8653
Stephen R. Bloom,https://orcid.org/0000-0003-1542-2348,Imperial College London,GB,1417,105313
N. Nikiforou,https://orcid.org/0000-0003-1267-7740,Laboratoire de Physique Nucléaire et de Hautes Énergies,FR,1417,81087
Percy Bysshe Shelley,,,,1417,3587
J. Freeman,https://orcid.org/0000-0002-3415-5671,Fermi National Accelerator Laboratory,US,1417,68813
Yoshihiro Ogawa,https://orcid.org/0000-0002-0834-2836,Kyushu University,JP,1417,54693
Dawei Zhang,https://orcid.org/0000-0002-0841-7826,Shandong University of Traditional Chinese Medicine,CN,1417,21365
J. Greiner,https://orcid.org/0000-0002-9875-426X,Max Planck Institute for Extraterrestrial Physics,DE,1416,38774
Cyril Höschl,https://orcid.org/0000-0002-3613-0099,National Institute of Mental Health,CZ,1416,9831
Jinlong Zhang,https://orcid.org/0000-0002-1334-6436,Shanghai University,CN,1416,65590
T. Hryn’ova,https://orcid.org/0000-0001-5914-8614,Laboratoire d’Annecy de Physique des Particules,FR,1416,69645
St. Swithin,,,,1415,68
Matthias W. Beckmann,https://orcid.org/0000-0002-8441-693X,Friedrich-Alexander-Universität Erlangen-Nürnberg,DE,1415,36113
S. Mitra,https://orcid.org/0000-0002-3060-2278,,,1415,47237
H. Ahmad,https://orcid.org/0000-0002-9599-2086,State University of Malang,ID,1415,18325
Eun Young Choi,https://orcid.org/0000-0002-7587-6272,University of Southern California,US,1415,2172
Craig Martin,https://orcid.org/0000-0001-7663-4841,,,1415,1100
Jack K. Clegg,https://orcid.org/0000-0002-7140-5596,The University of Queensland,AU,1415,8840
Kmc Cheung,https://orcid.org/0000-0001-8304-0419,Shenzhen Metro (China),CN,1415,26322
Akihiko Ito,https://orcid.org/0000-0001-5265-0791,The University of Tokyo,JP,1415,22012
- CREATOR UNKNOWN -,,,,1415,0
Jing Jing,https://orcid.org/0000-0003-2207-8143,Dalian Medical University,CN,1414,1960
Donald M. Lloyd‐Jones,https://orcid.org/0000-0003-0847-6110,Boston University,US,1414,190386
G. Finocchiaro,https://orcid.org/0000-0002-3936-2151,Twitter (United States),US,1414,52734
R. Khurana,https://orcid.org/0000-0001-6030-5189,Florida State University,US,1414,91747
김태현,,,,1413,182
J. Wilms,https://orcid.org/0000-0003-2065-5410,Friedrich-Alexander-Universität Erlangen-Nürnberg,DE,1413,29851
Pete Smith,https://orcid.org/0000-0002-3784-1124,University of Aberdeen,GB,1413,118463
Pierre‐Marie Preux,https://orcid.org/0000-0002-2171-2977,Inserm,FR,1413,27680
Peter R. Carroll,https://orcid.org/0000-0002-1086-4334,"University of California, San Francisco",US,1413,108414
C. N. P. Gee,https://orcid.org/0000-0002-8833-3154,Rutherford Appleton Laboratory,GB,1413,110645
R. Gupta,https://orcid.org/0000-0003-0732-5134,Institute of Medical Sciences,IN,1413,396
"Pérez Barreiro, Fernando, 1896-1968",,,,1413,0
John T. O’Brien,https://orcid.org/0000-0002-0837-5080,MRC Cognition and Brain Sciences Unit,GB,1412,92559
Wang Chao,,Changchun University of Science and Technology,CN,1412,52
Seung‐Woon Rha,https://orcid.org/0000-0001-9456-9852,Korea University Medical Center,KR,1412,17299
Peter Schirmacher,https://orcid.org/0000-0002-0950-3339,Heidelberg University,DE,1412,63540
Roberto Giugliani,https://orcid.org/0000-0001-9655-3686,Universidade Federal do Rio Grande do Sul,BR,1412,25046
Tang,,,,1412,2207
Jian Liu,,Zhejiang University of Science and Technology,CN,1412,0
Michael Untch,https://orcid.org/0000-0002-1233-1267,MSB Medical School Berlin,DE,1411,74264
Paul Elliott,https://orcid.org/0000-0002-7511-5684,Oklahoma State University,US,1411,160916
Michael Marmot,https://orcid.org/0000-0002-2431-6419,University College London,GB,1411,168189
Hans H. Goebel,https://orcid.org/0000-0002-7454-6212,Innsbruck Medical University,AT,1411,39529
Valle Ojeda Servian,,Universidad de Sevilla,ES,1411,0
J. J. Brooke,https://orcid.org/0000-0003-2529-0684,At Bristol,GB,1411,81938
 Visual + Material Resources,,,,1411,0
Peter Shizgal,https://orcid.org/0000-0003-4265-0792,Concordia University,CA,1410,6015
Fabio Ciceri,https://orcid.org/0000-0003-0873-0123,Vita-Salute San Raffaele University,IT,1410,58808
Victoria L. Harvey,https://orcid.org/0000-0001-5956-6664,University College London Hospitals NHS Foundation Trust,GB,1410,3071
S. Parkin,https://orcid.org/0000-0003-4702-6139,Pohang University of Science and Technology,KR,1410,77744
Richard Greil,https://orcid.org/0000-0002-4462-3694,Paracelsus Medical University,AT,1410,52797
Howard I. Scher,https://orcid.org/0000-0002-6791-9324,Memorial Sloan Kettering Cancer Center,US,1410,134186
Dinesh Kumar,https://orcid.org/0000-0003-3602-4023,Chandigarh University,IN,1410,18270
Shigeru Kohno,,Nagasaki University,JP,1410,29187
Nicholas Ward,https://orcid.org/0000-0001-6174-5581,Battelle,US,1409,5551
이승현,,,,1409,127
Vı́ctor Moreno,https://orcid.org/0000-0002-2818-5487,Universidad Francisco de Vitoria,ES,1409,39794
Jean Martínez,https://orcid.org/0000-0002-9267-4621,,,1409,27653
Paul V. Bernhardt,https://orcid.org/0000-0001-6839-1763,The University of Queensland,AU,1409,14889
P. Barria,https://orcid.org/0000-0002-3924-7380,"Istituto Nazionale di Fisica Nucleare, Sezione di Roma I",IT,1409,47533
Robert Stewart,https://orcid.org/0000-0002-4435-6397,Roslin Institute,GB,1409,46596
R. Albert Mohler,https://orcid.org/0000-0001-8637-7818,Düsseldorf University Hospital,DE,1409,2656
Yang,,,,1409,2307
Daniel Stern,https://orcid.org/0000-0003-2686-9241,Jet Propulsion Laboratory,US,1408,66907
Kurt Binder,https://orcid.org/0009-0000-9597-8180,,,1408,79156
Jerry P. Jasinski,https://orcid.org/0000-0003-2302-1886,Keene State College,US,1408,5899
Rattan Lal,https://orcid.org/0000-0002-9016-2972,Ohio Department of Natural Resources,US,1408,123636
Carmine Zoccali,https://orcid.org/0000-0002-6616-1996,Università Campus Bio-Medico,IT,1408,59480
D. Mason,https://orcid.org/0000-0002-0074-5390,Fermi National Accelerator Laboratory,US,1408,83091
Chongjian Lin,,,,1408,0
Xinyue Zheng,,,,1408,0
Dingbao Luo,,,,1408,0
Shigang Chen,,,,1408,0
Ulrich Schmid,https://orcid.org/0000-0001-9831-8583,TU Wien,AT,1407,3374
Peter Tugwell,https://orcid.org/0000-0001-5062-0556,University of Ottawa,CA,1407,155235
Michael McCoy,https://orcid.org/0000-0001-6897-8468,University College Hospital,GB,1407,2183
A. Dimitrov,https://orcid.org/0000-0003-2899-701X,SurgOne Foregut Institute,US,1407,71609
Herbert L. Bonkovsky,,Atrium Health Wake Forest Baptist,US,1407,33254
Sadayoshi Ito,https://orcid.org/0000-0002-5092-3626,,,1407,42486
박지영,,,,1407,207
Javier Ellena,https://orcid.org/0000-0002-0676-3098,Federal Institute of São Paulo,BR,1407,7795
Yan Li,https://orcid.org/0000-0002-3828-8340,Ministry of Education of the People's Republic of China,CN,1407,41801
Wendong Zhang,https://orcid.org/0000-0003-1762-9246,Beijing Institute of Technology,CN,1407,17775
H. Caspers,,,,1407,2997
L. A. T. Bauerdick,https://orcid.org/0000-0002-7170-9012,Fermi National Accelerator Laboratory,US,1407,76951
Bernard De Baets,https://orcid.org/0000-0002-3876-620X,Ghent University Hospital,BE,1406,28959
Weihong Tan,https://orcid.org/0000-0002-8066-1524,Hunan University,CN,1406,105483
Federico Capasso,https://orcid.org/0000-0003-4534-8249,Harvard University Press,US,1406,105622
Günther Schuh,https://orcid.org/0000-0002-6076-0701,Fraunhofer Institute for Production Technology IPT,DE,1406,11299
Hugh D. Wilson,https://orcid.org/0000-0001-9411-2246,MRC Laboratory of Molecular Biology,GB,1406,2618
Weidong Zhang,https://orcid.org/0000-0002-4700-1276,Shanghai Jiao Tong University,CN,1406,18363
Thomas S. Huang,https://orcid.org/0000-0001-8474-5859,Central South University,CN,1406,106374
Liping Wang,https://orcid.org/0000-0001-9355-1167,Nanjing University of Chinese Medicine,CN,1406,26071
Alfonso J. Rodríguez‐Morales,https://orcid.org/0000-0001-9773-2192,Universidad Científica del Sur,PE,1405,33145
Massimo Volpe,https://orcid.org/0000-0002-9642-8380,Vita-Salute San Raffaele University,IT,1405,59039
David J. Craik,https://orcid.org/0000-0003-0007-6796,Australian Research Council,AU,1405,53421
Marco Anisetti,https://orcid.org/0000-0002-5438-9467,University of Milan,IT,1405,3683
K. Kordas,https://orcid.org/0000-0003-0486-2081,Jagiellonian University,PL,1405,92865
Jerry A. Shields,,Ministry of Natural Resources and Forestry,CA,1405,55088
B. A. Schumm,https://orcid.org/0000-0002-5394-0317,University of Bern,CH,1404,62520
Mark Lebwohl,https://orcid.org/0000-0002-4705-5303,Mount Sinai Hospital,US,1404,56694
Leo Radom,https://orcid.org/0000-0001-8249-1314,The University of Sydney,AU,1404,42610
Y. Yamamoto,https://orcid.org/0000-0002-4150-6804,NTT (United States),US,1404,56708
Lewis H. Kuller,https://orcid.org/0000-0002-7148-8416,,,1404,119367
Byung‐Soo Kim,https://orcid.org/0000-0001-5210-7430,Inje University,KR,1404,40109
M. Roth,https://orcid.org/0000-0003-1281-4477,Karlsruhe Institute of Technology,DE,1403,59422
In‐Sook Kim,https://orcid.org/0000-0003-0600-8268,Frederick National Laboratory for Cancer Research,US,1403,8244
Wim Desmet,https://orcid.org/0000-0003-2016-7863,Flanders Make (Belgium),BE,1403,13934
Christopher R. Chapple,https://orcid.org/0000-0002-2960-9931,Royal Hallamshire Hospital,GB,1403,41108
Richard J. Smith,https://orcid.org/0000-0003-1201-6731,,,1402,52719
Y. Zhang,https://orcid.org/0000-0002-0157-188X,Zhejiang Chinese Medical University,CN,1402,123884
Anthony Absalom,https://orcid.org/0000-0001-7563-9157,University of Bern,CH,1402,16591
Ian Manners,https://orcid.org/0000-0002-3794-967X,University of Victoria,CA,1402,59579
Li Li,https://orcid.org/0000-0001-6746-4297,Jiangsu University,CN,1402,26013
R. Astalos,https://orcid.org/0000-0001-5095-605X,Lund University,SE,1402,69244
Joseph Henrich,https://orcid.org/0000-0002-5012-0065,Evolutionary Genomics (United States),US,1401,62821
Olivier Blacque,https://orcid.org/0000-0001-9857-4042,ZHAW Zurich University of Applied Sciences,CH,1401,9272
David Price,https://orcid.org/0000-0002-9728-9992,University of Toronto,CA,1401,50335
M. Alexander,https://orcid.org/0000-0002-8148-2392,European Organization for Nuclear Research,CH,1401,45432
Rainer Storb,https://orcid.org/0000-0002-9343-4099,Cape Town HVTN Immunology Laboratory / Hutchinson Centre Research Institute of South Africa,ZA,1401,98353
Hartmut Döhner,https://orcid.org/0000-0003-2116-5536,Universität Ulm,DE,1401,116085
Wei Li,https://orcid.org/0000-0002-4641-620X,Fudan University,CN,1401,64687
Xu,,,,1401,2338
Richard Strauss,,,,1401,3078
H. J. Kim,https://orcid.org/0000-0001-9787-4684,Korea National University of Transportation,KR,1400,42461
Steven Gallinger,https://orcid.org/0000-0002-6998-9414,Ontario Institute for Cancer Research,CA,1400,69602
R. Madar,https://orcid.org/0000-0002-6875-6408,Universidade Federal da Bahia,BR,1400,68412
Peter K. Liaw,https://orcid.org/0000-0003-0185-3411,Knoxville College,US,1400,77258
Hoon Kim,https://orcid.org/0000-0001-9153-382X,,,1400,8562
I. Mikulec,https://orcid.org/0000-0003-0385-2746,Institute of High Energy Physics,AT,1400,85128
Joan Arehart-Treichel,,,,1400,376
G. Salamanna,https://orcid.org/0000-0002-0861-0052,Roma Tre University,IT,1400,102811
Steven A. Kaplan,https://orcid.org/0000-0003-2558-7306,Icahn School of Medicine at Mount Sinai,US,1400,28099
A. Pérez-Calero Yzquierdo,https://orcid.org/0000-0003-3036-7965,"Centro de Investigaciones Energéticas, Medioambientales y Tecnológicas",ES,1400,67959
James R. Manhart,,Mitchell Institute,US,1399,5419
J. F. Marchand,https://orcid.org/0000-0002-4111-0797,Laboratoire d’Annecy de Physique des Particules,FR,1399,84206
Joachim Heinrich,https://orcid.org/0000-0002-9620-1629,The University of Melbourne,AU,1399,87701
Giuseppe Biondi‐Zoccai,https://orcid.org/0000-0001-6103-8510,Maria Cecilia Hospital,IT,1399,49764
Philip K. Hopke,https://orcid.org/0000-0003-2367-9661,Clarkson University,US,1399,61997
Bing Zhang,https://orcid.org/0000-0002-9725-2524,Shihezi University,CN,1399,42160
Andreas Herber,https://orcid.org/0000-0001-6651-3835,Alfred-Wegener-Institut Helmholtz-Zentrum für Polar- und Meeresforschung,DE,1398,8862
김영미,,,,1398,381
Daniel T. L. Shek,https://orcid.org/0000-0003-3359-6229,Hong Kong Polytechnic University,HK,1398,27377
G. Sullivan,https://orcid.org/0000-0001-7007-0926,Research Institute for Fragrance Materials,US,1398,1108
김경미,,,,1398,326
Azeem Latib,https://orcid.org/0000-0001-9035-343X,Albert Einstein College of Medicine,US,1398,39275
Osborne F. X. Almeida,https://orcid.org/0000-0001-7331-6928,Max Planck Institute of Psychiatry,DE,1398,16681
Makena Dettmann,https://orcid.org/0000-0002-7934-1398,Environmental Molecular Sciences Laboratory,US,1398,157
R. V. F. Janssens,https://orcid.org/0000-0001-7095-1715,University of North Carolina at Chapel Hill,US,1398,23405
Kenneth J. Pienta,https://orcid.org/0000-0002-4138-2186,Johns Hopkins University,US,1398,84872
GBIF.org User,,,,1398,0
M. S. Dresselhaus,,,,1397,168960
Gerhard Fettweis,https://orcid.org/0000-0003-4622-1311,Vodafone (Germany),DE,1397,33468
Npm. ........,,,,1397,292
A. Valero,https://orcid.org/0000-0002-9776-5880,Universitat de València,ES,1397,86356
Teruo Okano,https://orcid.org/0000-0002-4470-9842,University of Utah,US,1397,86887
Roger S. McIntyre,https://orcid.org/0000-0003-4733-2523,University of Toronto,CA,1397,75834
Gerhard Wild,,Concern Worldwide US,US,1397,125
Loı̈c Guillevin,https://orcid.org/0000-0001-6463-2160,Université Paris Cité,FR,1397,66567
Peter Rossing,https://orcid.org/0000-0002-1531-4294,University of Copenhagen,DK,1397,80402
Xiaohua Liu,https://orcid.org/0000-0001-9555-0555,Shanghai University of Sport,CN,1397,39733
Qing Wang,https://orcid.org/0000-0002-5968-3235,University of Science and Technology of China,CN,1397,61183
Junbo Ge,https://orcid.org/0000-0002-9360-7332,Shanghai Medical College of Fudan University,CN,1397,44761
Hans‐Jürgen Gdynia,https://orcid.org/0009-0004-0743-9670,Klinik für Psychosomatik,DE,1397,1699
Dinesh Manocha,https://orcid.org/0000-0001-7047-9801,University of North Carolina at Chapel Hill,US,1396,40651
J. Berryhill,https://orcid.org/0000-0002-8124-3033,Fermi National Accelerator Laboratory,US,1396,64760
Lajos Pusztai,https://orcid.org/0000-0001-9632-6686,Yale Cancer Center,US,1396,70023
Maria de Lourdes Bastos,https://orcid.org/0000-0001-9895-503X,Universidade do Porto,PT,1396,23323
Rose Anne Kenny,https://orcid.org/0000-0002-9336-8124,Mercer (Czechia),CZ,1396,64163
Francky Catthoor,https://orcid.org/0000-0002-3599-8515,National Technical University of Athens,GR,1396,18612
M. S. Rangel,https://orcid.org/0000-0002-8690-5198,Universidade Federal do Rio de Janeiro,BR,1396,53236
A. Bay,https://orcid.org/0000-0002-4862-9399,FZU ‒ Institute of Physics of the Academy of Sciences of the Czech Republic,CZ,1396,53498
Shaf Keshavjee,https://orcid.org/0000-0003-4547-8094,University Health Network,CA,1396,46141
Zhangxin Chen,https://orcid.org/0000-0002-9107-1925,East China University of Science and Technology,CN,1396,32718
W. A. Leight,https://orcid.org/0000-0002-2968-7841,University of Geneva,CH,1396,68770
Nathan Tenney,https://orcid.org/0000-0002-1456-9551,Environmental Molecular Sciences Laboratory,US,1396,70
Esther Duflo,,Massachusetts Institute of Technology,US,1395,64425
S. K. Morgan Ernest,https://orcid.org/0000-0002-6026-8530,University of Florida,US,1395,9125
John L. Volakis,https://orcid.org/0000-0002-0115-2079,Florida International University,US,1395,22858
Sumanta K. Pal,https://orcid.org/0000-0002-1712-0848,City Of Hope National Medical Center,US,1395,34333
Maciej Kubicki,https://orcid.org/0000-0001-7202-9169,Adam Mickiewicz University in Poznań,PL,1395,9758
Itaru Endo,https://orcid.org/0000-0001-5520-8114,Yokohama City University,JP,1395,34574
Qiyong Gong,https://orcid.org/0000-0002-5912-4871,Academy of Medical Sciences,GB,1395,55552
Hongyu Zhao,https://orcid.org/0000-0003-1195-9607,Mongolian University of Science and Technology,MN,1395,60274
Meghan M. Grady,,Rhode Island Department of Health,US,1395,1902
Vincent Cottin,https://orcid.org/0000-0002-5591-0955,Université Claude Bernard Lyon 1,FR,1394,64700
Gaetano Thiene,https://orcid.org/0000-0002-8814-2577,University of Padua,IT,1394,76256
Young Hoon Joo,https://orcid.org/0000-0002-4662-1916,Kunsan National University,KR,1394,19627
James Larkin,https://orcid.org/0000-0001-5569-9523,"University of California, Los Angeles",US,1394,133892
Kari Hemminki,https://orcid.org/0000-0002-2769-3316,German Cancer Research Center,DE,1394,55991
L. Cadamuro,https://orcid.org/0000-0001-8789-610X,Centre National de la Recherche Scientifique,FR,1394,47326
MedicOath Autonomous Discovery Engine,,Medicoat (Switzerland),CH,1394,0
Tony Greicius,,,,1393,351
Liu Qiang,https://orcid.org/0000-0001-8056-1059,Zhejiang University,CN,1393,82
James G. Fujimoto,https://orcid.org/0000-0002-0828-4357,IIT@MIT,US,1393,83506
Stephan J. L. Bakker,https://orcid.org/0000-0003-3356-6791,University Medical Center Groningen,NL,1393,61060
Roger L. Milne,https://orcid.org/0000-0001-5764-7268,The University of Melbourne,AU,1393,58207
Orlando Guntinas‐Lichius,https://orcid.org/0000-0001-9671-0784,"Klinik und Poliklinik für Hals-, Nasen-, Ohrenheilkunde",DE,1393,18417
杨军,,Research Institute of Petroleum Exploration and Development,CN,1393,96
Keqin Li,https://orcid.org/0000-0001-5224-4048,Hunan University of Science and Technology,CN,1393,34297
Wei Wang,https://orcid.org/0000-0002-8180-2886,Naval Medical Research Command,US,1393,39234
Greg A. Gerhardt,,University of Kentucky,US,1393,23451
Arthur W. Toga,https://orcid.org/0000-0001-7902-3755,Karolinska University Hospital,SE,1392,133404
Il Hwan Kim,https://orcid.org/0000-0002-4225-002X,,,1392,9732
Alan R. Kennedy,https://orcid.org/0000-0003-3652-6015,University of Strathclyde,GB,1392,17635
Jd,,,,1392,300
J. Geoffrey Chase,https://orcid.org/0000-0001-9989-4849,University of Canterbury,NZ,1392,19922
M. Danilov,https://orcid.org/0000-0001-9227-5164,European Organization for Nuclear Research,CH,1392,53221
J. G. Luhmann,https://orcid.org/0000-0003-0626-9353,,,1392,32144
Thomas Gasser,https://orcid.org/0000-0002-1069-1146,Centre Hospitalier de Luxembourg,LU,1392,90742
María Isabel Colado,,Universidad Complutense de Madrid,ES,1392,4507
In Ho Kim,https://orcid.org/0000-0001-6652-2504,National Institute of Ecology,IN,1392,20998
Victor Gay,https://orcid.org/0000-0001-9912-3841,Toulouse School of Economics,FR,1391,395
Kazuyuki Aihara,https://orcid.org/0000-0002-4602-9816,Bunkyo University,JP,1391,27136
J. Olszowska,https://orcid.org/0000-0003-0520-9500,"Institute of Nuclear Physics, Polish Academy of Sciences",PL,1391,110058
Benjamin J. Eggleton,https://orcid.org/0000-0003-4921-9727,,,1391,41213
G. Neukum,,Freie Universität Berlin,DE,1391,27718
F. Ahmadov,https://orcid.org/0000-0003-3644-540X,Azerbaijan National Academy of Sciences,AZ,1391,65465
Yufeng Zheng,https://orcid.org/0000-0002-7402-9979,Northwestern Polytechnical University,CN,1391,76628
Dan Zhang,https://orcid.org/0000-0002-7295-4837,Beijing Institute of Technology,CN,1391,21696
Hideo Kobayashi,,Yokohama Rosai Hospital,JP,1391,7522
Jeffrey Mervis,,,,1391,3042
이기영,,,,1390,382
Kathy Fester,,,,1390,24
P. Berta,https://orcid.org/0000-0003-0780-0345,Charles University,CZ,1390,65599
Simon Aldridge,https://orcid.org/0000-0001-9998-9434,Mansfield University,US,1389,14328
Huijun Zhao,https://orcid.org/0000-0002-3028-0459,Nankai University,CN,1389,67659
Maxim N. Sokolov⧫,https://orcid.org/0000-0001-9361-4594,Nikolaev Institute of Inorganic Chemistry,RU,1389,11032
Dirk Trauner,https://orcid.org/0000-0002-6782-6056,California University of Pennsylvania,US,1389,26728
Jon Kobashigawa,https://orcid.org/0000-0001-9308-3172,Cedars-Sinai Medical Center,US,1389,34381
Peter D. Sly,https://orcid.org/0000-0001-6305-2201,Children's Medical Research Institute,AU,1389,66293
Y. Hsiung,https://orcid.org/0000-0003-4801-1238,National Taiwan University,TW,1389,97349
Allan H. Young,https://orcid.org/0000-0003-2291-6952,King's College London,GB,1389,80382
Olli T. Raitakari,https://orcid.org/0000-0001-9365-3702,University of Turku,FI,1389,100587
E. Halkiadakis,https://orcid.org/0000-0002-3584-7856,"Rutgers, The State University of New Jersey",US,1389,69207
Hailong Wang,https://orcid.org/0000-0002-6107-5095,Electric Power University,VN,1389,62059
A. Ahmad,https://orcid.org/0000-0003-4681-0079,Fayoum University,EG,1389,101073
Javed Butler,https://orcid.org/0000-0001-7683-4720,Baylor University Medical Center,US,1388,123493
Boris Schmitz,https://orcid.org/0000-0001-7041-7424,Witten/Herdecke University,DE,1388,1970
李霞,,,,1388,56
Ruediger Stein,https://orcid.org/0000-0002-4453-9564,,,1388,17257
Mikaela Corney,,Pacific Northwest National Laboratory,US,1388,0
Soumya Manchikanti,,Environmental Molecular Sciences Laboratory,US,1388,3
Mohammad Abdollahı,https://orcid.org/0000-0003-0123-1209,York University,CA,1388,95484
S. Tisserant,https://orcid.org/0000-0002-0294-6727,Aix-Marseille Université,FR,1388,103667
Henry James,https://orcid.org/0000-0002-0345-9314,,,1388,5060
Marco Vinceti,https://orcid.org/0000-0002-0551-2473,Boston University,US,1388,22333
Jürgen M. Stein,https://orcid.org/0000-0003-3558-3341,Goethe University Frankfurt,DE,1388,19516
Hiroshi Eisaki,https://orcid.org/0000-0002-8299-6416,National Institute of Advanced Industrial Science and Technology,JP,1388,40636
F. Forti,https://orcid.org/0000-0001-6535-7965,Twitter (United States),US,1388,43637
Jun Wang,https://orcid.org/0000-0002-1305-5735,City University of Hong Kong,HK,1388,46700
John M. Kane,https://orcid.org/0000-0002-2628-9442,University of North Carolina at Chapel Hill,US,1387,84667
О. Л. Барбараш,https://orcid.org/0000-0002-4642-3610,Kemerovo State Medical Academy,RU,1387,16837
Philippe Pîbarot,https://orcid.org/0000-0002-3607-279X,Valve (United States),US,1387,81846
Hiroyuki Kuwano,https://orcid.org/0000-0003-1809-8483,Gunma University,JP,1387,36471
M. Rusop,https://orcid.org/0000-0002-5842-627X,Universiti Teknologi MARA,MY,1387,8109
Yong Yang,https://orcid.org/0000-0002-7462-3062,Kunming University,CN,1387,2453
Ingo Krossing,https://orcid.org/0000-0002-7182-4387,University of Freiburg,DE,1387,19836
Mark G. Kris,https://orcid.org/0000-0002-7317-5341,Memorial Sloan Kettering Cancer Center,US,1387,102263
Barry Eichengreen,https://orcid.org/0000-0002-1683-4486,,,1387,50830
Jean‐Laurent Casanova,https://orcid.org/0000-0002-7782-4169,Howard Hughes Medical Institute,US,1387,121250
H. Abramowicz,https://orcid.org/0000-0001-5329-6640,Tel Aviv University,IL,1387,82377
Naomichi Matsumoto,https://orcid.org/0000-0001-9846-6500,Yokohama City University Hospital,JP,1387,39394
Jordan R. Wiker,https://orcid.org/0000-0003-4707-5539,,,1387,2
Wu,,University of New Mexico,US,1387,3143
Paolo Pelosi,https://orcid.org/0000-0001-5055-3023,"University of Nevada, Las Vegas",US,1386,65868
Merete Nordentoft,https://orcid.org/0000-0003-4895-7023,University of Copenhagen,DK,1386,87947
A. Vartak,https://orcid.org/0000-0003-1507-1365,"University of Maryland, Baltimore County",US,1386,96507
Amity Andersen,https://orcid.org/0000-0002-6529-0905,Pacific Northwest National Laboratory,US,1386,1547
Klaus Harms,https://orcid.org/0000-0001-7622-1086,Philipps University of Marburg,DE,1386,22896
L. Vitale,https://orcid.org/0000-0003-3354-2300,Twitter (United States),US,1386,39948
Alberto Sangiovanni‐Vincentelli,https://orcid.org/0000-0003-1298-8389,Berkeley College,US,1386,51293
John H. Zhang,https://orcid.org/0000-0002-4319-4285,Loma Linda University,US,1386,56292
Lin Wang,https://orcid.org/0000-0001-5716-6587,Dongbei University of Finance and Economics,CN,1386,40658
Mark Garcia,https://orcid.org/0009-0000-6567-9155,Ateneo de Manila University,PH,1386,222
Jordan Kelly,,Pacific Northwest National Laboratory,US,1386,0
www.rasitdinc.com,,Design Intelligence (United States),US,1386,0
J. D. Long,https://orcid.org/0000-0002-2115-9382,University of Chicago,US,1385,79494
Luis Paz‐Ares,https://orcid.org/0000-0002-1947-3364,Hospital Universitario 12 De Octubre,ES,1385,96455
Edoardo Savarino,https://orcid.org/0000-0002-3187-2894,University of Padua,IT,1385,33616
朝鮮總督府鐵道局,,,,1385,0
José Baselga,https://orcid.org/0000-0003-1361-4063,,,1384,119606
Christopher P. Ames,https://orcid.org/0000-0003-2618-3098,"University of California, San Francisco",US,1384,37135
D. Vannerom,https://orcid.org/0000-0002-2747-5095,Vrije Universiteit Brussel,BE,1384,35614
Ian Foster,https://orcid.org/0000-0003-2129-5269,Argonne National Laboratory,US,1384,91621
Michaël Maes,https://orcid.org/0000-0002-2012-871X,European Union,BE,1384,84574
Guillaume Ghisbain,https://orcid.org/0000-0003-2032-8081,University of Mons,BE,1384,1082
Christian E. Elger,https://orcid.org/0000-0002-2531-6701,Augenstern,DE,1384,82397
D. Lucchesi,https://orcid.org/0000-0003-4937-7637,University of Padua,IT,1384,43969
B. Ille,https://orcid.org/0000-0002-8679-3878,Institute of Nuclear Physics of Lyon,FR,1384,85688
Jon Clardy,https://orcid.org/0000-0003-0213-8356,Boston Biomedical Research Institute,US,1383,79519
Christopher B. Granger,https://orcid.org/0000-0002-0045-3291,Duke University,US,1383,128122
Son Nguyen,https://orcid.org/0000-0002-6563-1685,University of Massachusetts Chan Medical School,US,1383,682
Rubén A. Toscano,https://orcid.org/0000-0002-4380-9251,Universidad Autónoma de la Ciudad de México,MX,1383,8628
George M. Sheldrick,https://orcid.org/0000-0001-6956-4822,University of Göttingen,DE,1383,217759
J. Wetzel,https://orcid.org/0000-0003-4687-7302,Villanova University,US,1383,95660
Marc J. Gunter,https://orcid.org/0000-0001-5472-6761,Cancer Research UK,GB,1383,56749
Zhi,,,,1383,2108
G. L. Alberghi,https://orcid.org/0000-0003-2388-987X,"Istituto Nazionale di Fisica Nucleare, Sezione di Bologna",IT,1382,63725
Holger Sudhoff,https://orcid.org/0000-0002-9274-5645,Bielefeld University,DE,1382,8421
photographer Harris Ewing,,,,1382,24
Paul M. Ridker,https://orcid.org/0000-0003-1249-4522,Brigham and Women's Hospital,US,1382,235507
Hans Peter Latscha,,Heidelberg University,DE,1382,494
"Fraguas Fraguas, Antonio, 1905-1999",,,,1382,0
P. Vanlaer,https://orcid.org/0000-0002-7931-4496,European Union of Medical Specialists,BE,1381,71024
W. Baldini,https://orcid.org/0000-0001-7658-8777,"Istituto Nazionale di Fisica Nucleare, Sezione di Ferrara",IT,1381,48174
Giampiero Girolomoni,https://orcid.org/0000-0001-8548-0493,University of Verona,IT,1381,36894
Toshiyuki Takagi,https://orcid.org/0000-0003-1283-4320,SHOWA Medical University,JP,1381,26739
Editors International Labour Law Reports,,,,1381,140
Yan Li,https://orcid.org/0009-0002-7519-7605,Tongji University,CN,1381,299
Yang Jing,https://orcid.org/0009-0002-3090-7511,,,1381,76
Mark J. Smyth,https://orcid.org/0000-0001-7098-7240,,,1381,120526
Katharina Riedel,https://orcid.org/0000-0002-4629-3019,University Hospital Bonn,DE,1381,12017
D. Zanzi,https://orcid.org/0000-0002-1222-7937,University of Freiburg,DE,1381,82142
Editors Oriente Moderno,,,,1381,117
Martin Wabitsch,https://orcid.org/0000-0001-6795-8430,Universität Ulm,DE,1381,33245
이은영,,,,1380,191
이창우,,,,1380,94
Timothy A. Yap,https://orcid.org/0000-0002-2154-3309,The University of Texas MD Anderson Cancer Center,US,1380,27387
Hideo Yasunaga,https://orcid.org/0000-0002-6017-469X,Jikei University School of Medicine,JP,1380,24456
Luciano Gattinoni,https://orcid.org/0000-0001-5380-2494,Universitätsmedizin Göttingen,DE,1380,77365
CellImageLibrary CCDB,,,,1380,0
Na Wang,https://orcid.org/0000-0002-9786-8548,Jiangnan University,CN,1380,15664
Tao Liu,https://orcid.org/0000-0001-9529-6550,Renji Hospital,CN,1380,930
Junebug Clark,,,,1380,1350
Marsha Zeigler,,Environmental Molecular Sciences Laboratory,US,1380,2368
Kelly Hatter,,Environmental Molecular Sciences Laboratory,US,1380,0
John M. Maris,https://orcid.org/0000-0002-8088-7929,Children's Hospital of Philadelphia,US,1379,54534
John M. Kirkwood,https://orcid.org/0000-0002-3570-4476,University of Malawi,MW,1379,93168
Robert J. Linhardt,https://orcid.org/0000-0003-2219-5833,Rensselaer Polytechnic Institute,US,1379,69125
Jong Sung Kim,https://orcid.org/0000-0001-5945-0784,Portland State University,US,1379,4546
Justin Teeguarden,https://orcid.org/0000-0003-3817-4391,,,1379,6900
D. Ta,https://orcid.org/0000-0002-0918-9175,Johannes Gutenberg University Mainz,DE,1379,85580
Jiannong Cao,https://orcid.org/0000-0002-2725-2529,Hong Kong Polytechnic University,HK,1379,28036
Yang Yang,https://orcid.org/0009-0004-5425-9998,University of Macau,MO,1379,2028
Christopher Barner‐Kowollik,https://orcid.org/0000-0002-6745-0570,Karlsruhe Institute of Technology,DE,1378,45226
Ronan Sauleau,https://orcid.org/0000-0001-7510-9762,Centre National de la Recherche Scientifique,FR,1378,13979
Jan Wouters,https://orcid.org/0000-0002-0093-698X,KU Leuven,BE,1378,20582
Vilmundur Guðnason,https://orcid.org/0000-0001-5696-0084,Reykjavík University,IS,1377,182781
A. Roodman,https://orcid.org/0000-0001-5326-3486,SLAC National Accelerator Laboratory,US,1377,65495
Christian Krettek,https://orcid.org/0000-0001-9807-0020,Medizinische Hochschule Hannover,DE,1377,32707
David B. Lindenmayer,https://orcid.org/0000-0002-4766-4088,Australian National University,AU,1377,85181
S. Malde,https://orcid.org/0000-0002-8179-0707,University of the Punjab,PK,1377,35396
Shigeru Kinoshita,https://orcid.org/0000-0002-6839-251X,Kyoto Prefectural University of Medicine,JP,1377,38691
P. St. J. Russell,https://orcid.org/0000-0002-8972-2477,Light Industry Hangzhou Electromechanical Design Institute,CN,1377,58578
Ronald Moore,,Pacific Northwest National Laboratory,US,1377,211
Carlo Di Mario,https://orcid.org/0000-0002-4461-2055,Azienda Ospedaliero-Universitaria Careggi,IT,1377,76572
M. Dyndał,https://orcid.org/0000-0001-9632-6352,Jagiellonian University,PL,1377,64480
Michael P. Doyle,https://orcid.org/0000-0003-1386-3780,San Antonio College,US,1377,88107
J.L.G. Fierro,https://orcid.org/0000-0002-6880-3737,Sorbonne Université,FR,1377,69493
A. Pompili,https://orcid.org/0000-0003-1291-4005,"Istituto Nazionale di Fisica Nucleare, Sezione di Bari",IT,1377,60942
Roland Boese,,Ruhr University Bochum,DE,1377,25084
A. Redelbach,https://orcid.org/0000-0002-8102-9686,Goethe University Frankfurt,DE,1377,95118
GBIF.org User,,,,1377,1
Vimal Kumar Balasubramanian,https://orcid.org/0000-0002-8405-7519,Environmental Molecular Sciences Laboratory,US,1377,0
김대현,,,,1376,105
Andrew Leigh,https://orcid.org/0000-0002-5639-0509,Parliament of Australia,AU,1376,7601
M. Swiatlowski,https://orcid.org/0000-0001-7287-0468,TRIUMF,CA,1376,67511
J. S. Gallagher,https://orcid.org/0000-0001-8608-0408,University of Wisconsin–Madison,US,1376,41769
Yong Cao,https://orcid.org/0000-0002-8334-5324,Guiyang Medical University,CN,1376,86986
M. Goncharov,,Universidad de Sonora,MX,1376,88292
YAO YAO,,,,1376,2191
Luis Urbina,,,,1376,0
Minnie Sarwal,https://orcid.org/0000-0003-1212-3959,,,1375,26841
Louise Nash,https://orcid.org/0000-0002-3364-3868,King's College London,GB,1375,1044
Samuel Taylor Coleridge,,,,1375,4469
Valentin Petrov,https://orcid.org/0000-0001-7247-6145,,,1375,18674
S. N. Karpov,https://orcid.org/0000-0002-2230-5353,FZU ‒ Institute of Physics of the Academy of Sciences of the Czech Republic,CZ,1375,66696
David L. Morris,https://orcid.org/0000-0001-9377-8521,St George Hospital,AU,1375,35039
J. L. Rodriguez,https://orcid.org/0000-0001-6680-7761,,,1375,95428
I. J. Watson,https://orcid.org/0000-0003-2141-3413,University of Seoul,KR,1375,63199
Chandra Earl,https://orcid.org/0000-0001-9850-882X,,,1375,0
John H. Seinfeld,https://orcid.org/0000-0003-1344-4068,California Institute of Technology,US,1374,138438
Tamer Başar,https://orcid.org/0000-0003-4406-7875,University of Illinois Urbana-Champaign,US,1374,38751
S. Seidel,https://orcid.org/0000-0002-1181-3061,Laboratoire de Physique des 2 Infinis Irène Joliot-Curie,FR,1374,59774
C. Richard A. Catlow,https://orcid.org/0000-0002-1341-1541,Rutherford Appleton Laboratory,GB,1374,56912
S. Kuday,https://orcid.org/0000-0002-0116-5494,Ankara University,TR,1374,85345
Kadambot H. M. Siddique,https://orcid.org/0000-0001-6097-4235,The University of Western Australia,AU,1374,66873
Ülrich Flörke,https://orcid.org/0000-0003-0940-7838,,,1374,12998
Jian Li,https://orcid.org/0000-0002-7521-8798,South China Agricultural University,CN,1374,33533
E. Torassa,https://orcid.org/0000-0003-2321-0599,Twitter (United States),US,1374,98292
J. Duarte Campderros,https://orcid.org/0000-0003-0687-5214,Universidad de Cantabria,ES,1374,91233
Walter Ricciardi,https://orcid.org/0000-0002-5655-688X,Università Cattolica del Sacro Cuore,IT,1373,23019
Ivano Bertini,https://orcid.org/0000-0002-0616-2444,Parthenope University of Naples,IT,1373,53225
Mitsuaki Isobe,https://orcid.org/0000-0003-3447-563X,Sakakibara Hospital,JP,1373,23068
Naoyuki Taniguchi,https://orcid.org/0000-0001-5889-5968,Osaka International Cancer Institute,JP,1373,51875
S. Asai,https://orcid.org/0000-0001-5279-2298,The University of Tokyo,JP,1373,88215
G.T. Montelione,https://orcid.org/0000-0002-9440-3059,"Rutgers, The State University of New Jersey",US,1373,23898
Miao Liu,https://orcid.org/0000-0002-7975-6702,People's Liberation Army No. 150 Hospital,CN,1373,23929
Yang Li,https://orcid.org/0000-0002-6515-4567,Nanjing University of Chinese Medicine,CN,1373,20756
J. M. Roney,https://orcid.org/0000-0001-7802-4617,Twitter (United States),US,1373,50565
L. Zhang,https://orcid.org/0000-0002-5806-6403,Fudan University,CN,1373,97508
Jesse Roman,https://orcid.org/0000-0003-2956-9674,Emory Healthcare,US,1372,14059
김태환,,,,1372,101
D. Tonelli,https://orcid.org/0000-0002-1494-7882,,,1372,56107
Manolis Kogevinas,https://orcid.org/0000-0002-9605-0461,Universitat Pompeu Fabra,ES,1372,65178
Carsten Strohmann,https://orcid.org/0000-0002-4787-2135,TU Dortmund University,DE,1372,11218
A. Bassalat,https://orcid.org/0000-0002-0129-1423,Centre National de la Recherche Scientifique,FR,1372,67068
Samuel J. Danishefsky,https://orcid.org/0000-0002-7010-8434,Kettering University,US,1372,54116
P.B. Hitchcock,,,,1372,17
Artur M. S. Silva,https://orcid.org/0000-0003-2861-8286,Rede de Química e Tecnologia,PT,1372,30246
Y. Pan,https://orcid.org/0000-0002-0812-9007,Centre National de la Recherche Scientifique,FR,1372,38155
Hyejung Lee,https://orcid.org/0000-0001-9357-0640,,,1371,7660
B. Meirose,https://orcid.org/0000-0003-0032-7022,Lund University,SE,1371,101669
Marjorie Rothschild,,University of Florida,US,1371,339
A. Duperrin,https://orcid.org/0000-0002-5789-9825,Aix-Marseille Université,FR,1371,47545
Shoji Takeuchi,https://orcid.org/0000-0001-6946-0409,Kanagawa Institute of Technology,JP,1371,27046
이승철,,,,1371,320
Jill Manthorpe,https://orcid.org/0000-0001-9006-1410,King's College London,GB,1371,18728
稔 山田,,,,1371,10
Li Wang,https://orcid.org/0000-0003-2165-0080,University of North Carolina at Chapel Hill,US,1371,33290
J. M. Hernández,https://orcid.org/0000-0001-6436-7547,Unidades Centrales Científico-Técnicas,ES,1371,72390
Helmut Alfons Klein,,Federal Ministry of Labour and Social Affairs,DE,1371,1205
Guido Costamagna,https://orcid.org/0000-0002-8100-2731,Università Cattolica del Sacro Cuore,IT,1370,28031
Péter Mayer,https://orcid.org/0000-0002-1847-8032,Ludwig-Maximilians-Universität München,DE,1370,16804
Emily Graham,https://orcid.org/0000-0002-4623-7076,Pacific Northwest National Laboratory,US,1370,6143
이창희,,,,1370,177
Pascal Retailleau,https://orcid.org/0000-0003-3995-519X,Université Paris-Sud,FR,1370,17602
Patrick J. Carroll,https://orcid.org/0000-0002-8142-7211,California University of Pennsylvania,US,1370,22083
C. Wang,https://orcid.org/0000-0002-8487-8480,University of Bern,CH,1370,99708
P. Andrew Futreal,https://orcid.org/0000-0001-8663-2671,The University of Texas MD Anderson Cancer Center,US,1370,168306
Daichi Shimbo,https://orcid.org/0000-0001-6302-8834,,,1370,20781
А. Д. Каприн,https://orcid.org/0000-0001-8784-8415,Peoples' Friendship University of Russia,RU,1370,7071
Benjamin J. Cowling,https://orcid.org/0000-0002-6297-7154,Hong Kong Science and Technology Parks Corporation,HK,1370,81472
J. Russ,https://orcid.org/0000-0001-9856-9155,University of Sunderland,GB,1370,89069
M. Tanaka,https://orcid.org/0000-0002-4697-894X,Kyushu University,JP,1370,54241
Saskatchewan Natural History Society,,,,1370,76
V. Savinov,https://orcid.org/0000-0002-9184-2830,Twitter (United States),US,1370,68935
Jerzy Leszczyński,https://orcid.org/0000-0001-5290-6136,Jackson State University,US,1369,42129
Sajal K. Das,https://orcid.org/0000-0002-9471-0868,University of Calcutta,IN,1369,32954
Shilie Pan,https://orcid.org/0000-0003-4521-4507,Xinjiang Technical Institute of Physics & Chemistry,CN,1369,38671
Peng Cheng,https://orcid.org/0000-0003-0396-1846,Nankai University,CN,1369,44548
Bo Li,https://orcid.org/0000-0002-0439-5666,Beijing Institute of Technology,CN,1369,32953
Antoní Torres,https://orcid.org/0000-0002-8643-2167,Centro de Investigación Biomédica en Red de Enfermedades Respiratorias,ES,1369,57991
Yan,,,,1369,1619
M. Nagel,https://orcid.org/0000-0002-2588-6691,University of Freiburg,DE,1369,93564
D. Ciangottini,https://orcid.org/0000-0002-0843-4108,University of Perugia,IT,1369,55565
C. Sawyer,https://orcid.org/0000-0002-2027-1428,Rutherford Appleton Laboratory,GB,1368,66340
Sultan Ayoub Meo,https://orcid.org/0000-0001-9820-1852,King Saud University,SA,1368,27519
T. Itoh,https://orcid.org/0000-0003-4034-509X,"University of California, Los Angeles",US,1368,44977
Bernhard K. Keppler,https://orcid.org/0000-0003-0877-1822,University of Vienna,AT,1368,37164
Simon Baron‐Cohen,https://orcid.org/0000-0001-9217-2544,University of Cambridge,GB,1368,163869
이현수,,,,1368,107
John F. DiPersio,https://orcid.org/0000-0002-0429-3133,Washington University in St. Louis,US,1368,98272
Arun J. Sanyal,https://orcid.org/0000-0001-8682-5748,Virginia Commonwealth University,US,1368,155403
李健,,,,1368,58
G. Pugliese,https://orcid.org/0000-0001-5460-2638,"Istituto Nazionale di Fisica Nucleare, Sezione di Bari",IT,1368,55812
Norbert Frey,https://orcid.org/0000-0001-7611-378X,Heidelberg University,DE,1367,43179
Sanjiv S. Gambhir,https://orcid.org/0000-0002-2711-7554,Stanford University,US,1367,90337
Marc Peeters,https://orcid.org/0000-0003-4969-2303,University of Antwerp,BE,1367,46326
Juliano Ferrer dos Santos,,,,1367,2
Stefan Kaskel,https://orcid.org/0000-0003-4572-0303,Fraunhofer Institute for Material and Beam Technology,DE,1367,64157
Roger W. Byard,https://orcid.org/0000-0002-0524-5942,Institute of Forensic Science,CN,1367,21929
Robert M. Townsend,,St. Elizabeth's Medical Center,US,1367,17996
Frank Tacke,https://orcid.org/0000-0001-6206-0226,Charité - Universitätsmedizin Berlin,DE,1367,79942
Ying Zhang,https://orcid.org/0000-0002-2674-1638,Zhejiang Gongshang University,CN,1367,16017
Peter G. Gibson,https://orcid.org/0000-0001-5865-489X,John Hunter Hospital,AU,1366,77349
Stuart Hamilton,https://orcid.org/0000-0001-8114-7247,East Carolina University,US,1366,4338
Zhigang Wang,https://orcid.org/0000-0002-3028-5196,Northwestern Polytechnical University,CN,1366,9830
Lewis C. Cantley,https://orcid.org/0000-0002-1298-7653,Harvard University,US,1366,206959
Theodorus van der Kwast,https://orcid.org/0000-0001-8640-5786,,,1366,86448
Markus Antonietti,https://orcid.org/0000-0002-8395-7558,Max Planck Institute of Colloids and Interfaces,DE,1366,182795
R. Y. Zhu,https://orcid.org/0000-0003-3091-7461,California Institute of Technology,US,1366,67720
L. Ruby Leung,https://orcid.org/0000-0002-3221-9467,Pacific Northwest National Laboratory,US,1366,53428
Gang Liu,https://orcid.org/0000-0003-2613-7286,University of Notre Dame,US,1366,49225
Paul von Ragué Schleyer,,,,1366,83411
GBIF.org User,,,,1366,0
刘畅,,,,1365,35
G. Rizzo,https://orcid.org/0000-0003-1788-2866,Twitter (United States),US,1365,42430
Srijana Mukhia,,Donald Danforth Plant Science Center,US,1365,625
Demosthenes B. Panagiotakos,https://orcid.org/0000-0001-8583-153X,Harokopio University of Athens,GR,1365,59365
Huimin Zhang,https://orcid.org/0000-0002-7343-5641,Shihezi University,CN,1365,26474
Brian E. Henderson,,Trinity College Dublin,IE,1365,97351
Y. Güler,https://orcid.org/0000-0001-7598-5252,Konya Technical University,TR,1364,56349
Andrew J. Vickers,https://orcid.org/0000-0003-1525-6503,Memorial Sloan Kettering Cancer Center,US,1364,79119
Gernot Frenking,https://orcid.org/0000-0003-1689-1197,Nanjing Tech University,CN,1364,56967
Nicholas J. Talley,https://orcid.org/0000-0003-2537-3092,Hunter Medical Research Institute,AU,1364,54494
Werner Kempf,https://orcid.org/0000-0002-6552-8629,University Hospital of Zurich,CH,1364,20776
Boris C. Kondratieff,https://orcid.org/0000-0002-6455-5481,Colorado State University,US,1364,4227
Shoichiro Tsugane,https://orcid.org/0000-0003-4105-2774,"National Institute of Biomedical Innovation, Health and Nutrition",JP,1364,58047
William J. Sutherland,https://orcid.org/0000-0002-6498-0437,University of Cambridge,GB,1364,102379
Chathuri Jeewanthi Kombala Nanayakkara Thambiliya,,Pacific Northwest National Laboratory,US,1364,0
Marc E. Rothenberg,https://orcid.org/0000-0001-9790-6332,Cincinnati Children's Hospital Medical Center,US,1364,66231
Mark D. Weinstein,,"Rutgers, The State University of New Jersey",US,1364,589
Malik Peiris,https://orcid.org/0000-0001-8217-5995,Department of Health,CN,1363,116356
José M. Ordovás,https://orcid.org/0000-0002-7581-5680,Madrid Institute for Advanced Studies,ES,1363,85773
Michael J. Mack,https://orcid.org/0000-0002-3148-9158,Beth Israel Deaconess Medical Center,US,1363,152202
M. B. Maple,https://orcid.org/0000-0002-5909-6057,University of California System,US,1363,38312
Klaus‐Michael Debatin,https://orcid.org/0000-0002-8397-1886,Universität Ulm,DE,1363,44525
T. Skwarnicki,https://orcid.org/0000-0002-9897-9506,Syracuse University,US,1363,71675
Jonguk Kim,https://orcid.org/0000-0003-4158-2732,,,1363,3378
Feng Liu,https://orcid.org/0000-0002-1074-2601,Sinopec (China),CN,1363,14065
Fei Huang,https://orcid.org/0000-0001-9665-6642,Sichuan University,CN,1363,58734
Robert L. Coleman,https://orcid.org/0000-0001-9343-8754,Texas Oncology,US,1362,53636
Teresa Luders,,Pacific Northwest National Laboratory,US,1362,229
Soottawat Benjakul,https://orcid.org/0000-0001-9433-3671,Prince of Songkla University,TH,1362,60632
Philip W. Kantoff,https://orcid.org/0000-0001-7275-0597,Memorial Sloan Kettering Cancer Center,US,1362,91461
Michael Ricketts,,Argonne National Laboratory,US,1362,544
C. Santamarina Ríos,https://orcid.org/0000-0002-9810-1816,Universidade de Santiago de Compostela,ES,1362,74516
김상우,,Korea Aerospace University,KR,1362,240
David A. Dixon,https://orcid.org/0000-0002-9492-0056,University of Alabama,US,1362,44072
Sheldon Preskorn,,Wichita State University,US,1362,12459
Ying Chen,https://orcid.org/0000-0002-7322-2224,Ningbo University,CN,1362,53316
Manoj Gupta,https://orcid.org/0000-0002-2248-8700,National University of Singapore,SG,1362,94688
N. Turini,https://orcid.org/0000-0002-9395-5230,University of Siena,IT,1362,50468
Shuzhi Sam Ge,https://orcid.org/0000-0001-5549-312X,Qingdao University,CN,1361,60972
M. Witek,https://orcid.org/0000-0002-8317-385X,"Institute of Nuclear Physics, Polish Academy of Sciences",PL,1361,51155
Takashi Kadowaki,https://orcid.org/0000-0002-5428-3582,Shiga University of Medical Science,JP,1361,113055
Peter Carmeliet,https://orcid.org/0000-0001-7961-1821,Khalifa University of Science and Technology,AE,1361,162565
Jason D. Wright,https://orcid.org/0000-0001-6390-825X,University of Southern California,US,1361,28583
Håvard Kauserud,https://orcid.org/0000-0003-2780-6090,University of Oslo,NO,1361,12346
Karl Wieghardt,https://orcid.org/0000-0003-0600-7855,,,1361,35178
Nicholas Wood,https://orcid.org/0000-0002-5377-6246,Banner - University Medical Center Phoenix,US,1361,473
J. Dietrich,https://orcid.org/0000-0001-7061-1585,Humboldt-Universität zu Berlin,DE,1360,107316
O. Pooth,https://orcid.org/0000-0001-6445-6160,Indian Institute of Dalit Studies,IN,1360,75308
Shiv Kumar Sarin,https://orcid.org/0000-0002-0544-5610,Shri Lal Bahadur Shastri Rashtriya Sanskrit Vidyapeetha,IN,1360,64243
Gregory D. Stewart,https://orcid.org/0000-0002-9748-4990,Nationwide Children's Hospital,US,1360,2422
Samuel Epéron,,,,1360,1
Christopher K. Fairley,https://orcid.org/0000-0001-9081-1664,Melbourne Sexual Health Centre,AU,1360,39721
Bruno S. Frey,https://orcid.org/0000-0001-5380-6655,University of Basel,CH,1360,59695
Peng Liu,https://orcid.org/0000-0001-8110-209X,University of Science and Technology of China,CN,1360,251
李红,,,,1360,76
Feng Zhang,https://orcid.org/0000-0001-6035-4829,Austin College,US,1360,27133
Shuji Ogino,https://orcid.org/0000-0002-3909-2323,Broad Institute,US,1360,67335
Ruikang K. Wang,https://orcid.org/0000-0001-5169-8822,Jilin University,CN,1360,31264
Hui Hui,https://orcid.org/0009-0008-6874-0220,Geely (China),CN,1360,2062
B. Marzocchi,https://orcid.org/0000-0001-6687-6214,University of Nebraska–Lincoln,US,1360,56387
Hao,,Center for Life Sciences,CN,1360,2276
Kun Yan Zhu,https://orcid.org/0000-0001-9372-8030,Tongji University,CN,1359,13797
Dale P. Sandler,https://orcid.org/0000-0002-6776-0018,University of North Carolina at Chapel Hill,US,1359,51961
Jordan Krechmer,https://orcid.org/0000-0003-3642-0659,OtoScience Labs (United States),US,1359,7743
H. Kagan,https://orcid.org/0000-0002-4693-7857,Max Planck Institute for Physics,DE,1359,40066
Scott T. Weiss,https://orcid.org/0000-0001-7196-303X,Brigham and Women's Hospital,US,1359,83523
K. Long,https://orcid.org/0000-0003-0664-1653,Massachusetts Institute of Technology,US,1359,47492
Li,,,,1359,4503
M. Dordevic,https://orcid.org/0000-0002-8407-3236,Ipca Laboratories (India),IN,1359,56123
U. Goerlach,https://orcid.org/0000-0001-8955-1666,Centre National de la Recherche Scientifique,FR,1358,74095
Robert A. Wise,https://orcid.org/0000-0002-8353-2349,Johns Hopkins University,US,1358,61599
Michael F. Berger,https://orcid.org/0000-0003-3882-5000,Memorial Sloan Kettering Cancer Center,US,1358,92377
Ángel Rubio,https://orcid.org/0000-0003-2060-3151,Universität Hamburg,DE,1358,71263
D. Roy,https://orcid.org/0000-0001-9858-1357,"Rutgers, The State University of New Jersey",US,1358,78842
Sung Hoon Kim,https://orcid.org/0000-0002-1344-5653,Soonchunhyang University,KR,1358,20454
GBIF.org User,,,,1358,0
Volker Tolls,https://orcid.org/0000-0003-1841-2241,Center for Astrophysics Harvard & Smithsonian,US,1357,2454
박소영,,,,1357,126
Reinhild Klein,https://orcid.org/0000-0002-6111-3901,STZ eyetrial,DE,1357,8395
Jonathan I. Epstein,https://orcid.org/0000-0003-1839-6472,,,1357,94144
Kamil Kuča,https://orcid.org/0000-0001-9664-1109,VSB - Technical University of Ostrava,CZ,1357,46274
Steven S Dritz,https://orcid.org/0000-0001-6371-0729,Kansas State University,US,1357,10786
Carlos Caldas,https://orcid.org/0000-0003-3547-1489,Hebrew University of Jerusalem,IL,1357,128336
M. Wang,https://orcid.org/0000-0002-4713-9646,"University of California, Los Angeles",US,1357,85481
José L. Castillo,https://orcid.org/0000-0001-7493-4664,University of Córdoba,ES,1357,703
M. Missiroli,https://orcid.org/0000-0002-1780-1344,University of Zurich,CH,1357,58104
George Holcomb,,Lipscomb University,US,1357,17066
L. Pacher,https://orcid.org/0000-0003-1288-4838,Università degli Studi del Piemonte Orientale “Amedeo Avogadro”,IT,1357,58906
Yucheng Wu,https://orcid.org/0000-0002-1549-0546,University of Science and Technology of China,CN,1356,33427
R. Mankel,https://orcid.org/0000-0003-2375-1563,Deutsches Elektronen-Synchrotron DESY,DE,1356,73762
Enrico Drioli,https://orcid.org/0000-0003-1092-5368,,,1356,59977
K. Hurley,https://orcid.org/0000-0003-3315-1975,"University of California, Berkeley",US,1356,25982
Hui–Ming Cheng,https://orcid.org/0000-0002-5387-4241,University of Science and Technology of China,CN,1356,180879
Manfred Bruhn,,University of Basel,CH,1356,12011
Qian Qian,https://orcid.org/0009-0003-8045-5514,China Academy of Space Technology,CN,1356,1603
Bahman Rasuli,https://orcid.org/0000-0003-3730-0392,Sina Hospital,IR,1355,338
Çharles N. Bernstein,https://orcid.org/0000-0001-8041-3574,Research Manitoba,CA,1355,68874
Lenore J. Launer,https://orcid.org/0000-0002-3238-7612,National Institutes of Health,US,1355,136918
P. M. Watkins,https://orcid.org/0000-0002-1290-6833,University of Birmingham,GB,1355,103957
Kai Sundmacher,https://orcid.org/0000-0003-3251-0593,Max Planck Institute for Dynamics of Complex Technical Systems,DE,1355,18452
Henrik Walter,https://orcid.org/0000-0002-9403-6121,Heidelberg University,DE,1355,51666
C. Gütschow,https://orcid.org/0000-0003-0857-794X,University College London,GB,1355,64964
GBIF.org User,,,,1355,0
Steven D. Wexner,https://orcid.org/0000-0001-8046-5753,Georgetown University,US,1354,49305
Robert H. Grubbs,https://orcid.org/0000-0002-0057-7817,California Institute of Technology,US,1354,98526
V. Re,https://orcid.org/0000-0003-0697-3420,University of Pavia,IT,1354,35595
Detlef Stolten,https://orcid.org/0000-0002-1671-3262,Forschungszentrum Jülich,DE,1353,31288
Weiwei Zhu,https://orcid.org/0000-0001-5105-4058,Chinese Academy of Sciences,CN,1353,12623
İ. Hoş,https://orcid.org/0000-0002-7678-1101,Istanbul University-Cerrahpaşa,TR,1353,84408
A. Lai,https://orcid.org/0000-0003-1633-0496,"Istituto Nazionale di Fisica Nucleare, Sezione di Cagliari",IT,1353,48069
А.Т. Губайдуллин,https://orcid.org/0000-0002-8114-7025,A.E. Arbuzov Institute of Organic and Physical Chemistry,RU,1353,5054
Michael Horowitz,https://orcid.org/0000-0002-0942-0306,Royal Adelaide Hospital,AU,1353,59623
Xiaodong Wang,https://orcid.org/0000-0002-2945-9240,Henan Polytechnic University,CN,1353,28144
Jianyu Zhang,https://orcid.org/0000-0001-6010-8556,Nanjing Normal University,CN,1353,17653
Aaron Cohen‐Gadol,https://orcid.org/0000-0002-4946-1524,University of Southern California,US,1352,17068
George Wypych,,,,1352,1829
Jane A. Cauley,https://orcid.org/0000-0003-0752-4408,University of Pittsburgh,US,1352,122358
P. Rieck,https://orcid.org/0000-0003-0290-0566,New York University,US,1352,66848
Yuanqing Xia,https://orcid.org/0000-0002-5977-4911,Beijing Institute of Technology,CN,1352,29483
Désirée van der Heijde,https://orcid.org/0000-0002-5781-158X,Leiden University Medical Center,NL,1352,119881
J. D. Chapman,https://orcid.org/0000-0002-2926-8962,University of Cambridge,GB,1352,81475
김종민,,,,1352,155
M. Danninger,https://orcid.org/0000-0002-7807-7484,Simon Fraser University,CA,1351,63795
Bert W. O’Malley,https://orcid.org/0000-0003-3332-1399,"University of Maryland, Baltimore",US,1351,101808
Wenping Hu,https://orcid.org/0000-0001-5686-2740,Tianjin University,CN,1351,73475
Timothy F. Cloughesy,https://orcid.org/0000-0002-8656-7483,"University of California, Los Angeles",US,1351,64436
P. H. Beauchemin,https://orcid.org/0000-0003-4889-8748,Tufts University,US,1351,90744
GBIF.org User,,,,1351,0
Zvi Rappoport,,Hebrew University of Jerusalem,IL,1350,8725
Nu. Cepal. Subsede de México,,,,1350,493
Leslee J. Shaw,https://orcid.org/0000-0003-1268-1491,Mount Sinai Hospital,US,1350,102296
M. John,https://orcid.org/0000-0002-8579-844X,University of Oxford,GB,1350,52307
Emelia J. Benjamin,https://orcid.org/0000-0003-4076-2336,Boston University,US,1350,338113
Mikhail A. Kiskin,https://orcid.org/0000-0002-8782-1308,NS Kurnakova Institute of General and Inorganic Chemistry,RU,1350,5838
Jordi Cabot,https://orcid.org/0000-0003-2418-2489,University of Luxembourg,LU,1350,9009
Christoph Janiak,https://orcid.org/0000-0002-6288-9605,Heinrich Heine University Düsseldorf,DE,1350,47847
A. Roy,https://orcid.org/0000-0001-5791-4872,Weizmann Institute of Science,IL,1349,76674
Lirong Zheng,https://orcid.org/0000-0003-0888-6769,Chinese Academy of Sciences,CN,1349,118147
Christopher P. Cannon,https://orcid.org/0000-0003-4596-2791,Brigham and Women's Hospital,US,1349,113902
Mitsumasa Iwamoto,https://orcid.org/0000-0001-9269-8028,Institute of Science Tokyo,,1349,6413
Samir Hanash,https://orcid.org/0000-0002-4210-1593,The University of Texas MD Anderson Cancer Center,US,1349,52141
Mithat Gönen,https://orcid.org/0000-0001-8683-8477,Memorial Sloan Kettering Cancer Center,US,1349,104204
Gundula Jänsch‐Kaiser,,Society for Chemical Engineering and Biotechnology,DE,1349,218
Ulrich Abram,https://orcid.org/0000-0002-1747-7927,Freie Universität Berlin,DE,1349,10615
Harry A. Atwater,https://orcid.org/0000-0001-9435-0201,California Institute of Technology,US,1349,77507
Harvey I. Pass,https://orcid.org/0000-0003-3222-3471,NYU Langone Health,US,1349,121843
Torben Hansen,https://orcid.org/0000-0001-8748-3831,University of Southern Denmark,DK,1349,138563
V. Pleskot,https://orcid.org/0000-0001-5435-497X,Charles University,CZ,1349,67456
Chandra Earl,https://orcid.org/0000-0001-9850-882X,,,1349,0
Martin J. van den Bent,https://orcid.org/0000-0001-5710-5127,Erasmus MC Cancer Institute,NL,1348,102729
Brian D. O. Anderson,https://orcid.org/0000-0002-1493-4774,,,1348,55616
Yinjie Tang,https://orcid.org/0000-0002-5112-0649,Washington University in St. Louis,US,1348,8476
T. G. McCarthy,https://orcid.org/0000-0002-1182-3526,Mater Misericordiae University Hospital,IE,1348,99520
David R. Thompson,https://orcid.org/0000-0001-8518-6307,Queen's University Belfast,GB,1348,48504
G. P. Zank,https://orcid.org/0000-0002-4642-6192,Royal Belgian Institute for Space Aeronomy,BE,1348,28101
Bing Zhao,https://orcid.org/0000-0002-0044-9743,Qiqihar University,CN,1348,36268
Аlexander А. Korlyukov,https://orcid.org/0000-0002-5600-9886,A. N. Nesmeyanov Institute of Organoelement Compounds,RU,1348,7348
C. M. S. Cohen,https://orcid.org/0000-0002-0978-8127,California Institute of Technology,US,1348,25469
Dianguo Xu,https://orcid.org/0000-0002-1594-8625,Harbin Institute of Technology,CN,1348,25567
Hong Yan,https://orcid.org/0000-0001-9661-3095,Regeneron (United States),US,1348,23081
John C. Byrd,https://orcid.org/0000-0001-9830-0711,The Ohio State University,US,1347,64945
LI Li,https://orcid.org/0009-0002-1675-0861,Guizhou Normal University,CN,1347,175
Kaare Christensen,https://orcid.org/0000-0002-5429-5292,Boston University,US,1347,78212
Pete Guither,,,,1347,0
P. C. Bhat,https://orcid.org/0000-0003-3370-9246,Fermi National Accelerator Laboratory,US,1347,54761
Shouyang Wang,https://orcid.org/0000-0001-5773-998X,Chinese Academy of Social Sciences,CN,1347,41026
Hans‐Ulrich Wïttchen,https://orcid.org/0000-0002-6311-7711,Ludwig-Maximilians-Universität München,DE,1347,98302
Aibing Yu,https://orcid.org/0000-0002-5139-0657,Dongguan University of Technology,CN,1347,56715
C. Autermann,https://orcid.org/0000-0002-0057-0033,Philosophisch-Theologische Hochschule Münster,DE,1347,98310
Botanic Garden and Botanical Museum Berlin,,,,1347,0
Magdi H. Yacoub,https://orcid.org/0000-0001-9070-8245,Magdi Yacoub Heart Foundation,EG,1346,52003
George L. Bakris,https://orcid.org/0000-0003-1183-1267,Pennsylvania State System of Higher Education,US,1346,116668
Balázs Győrffy,https://orcid.org/0000-0002-5772-3766,Semmelweis University,HU,1346,44103
James E. Crowe,https://orcid.org/0000-0002-0049-1079,Vanderbilt University,US,1346,38781
Marco Antônio,https://orcid.org/0000-0003-2554-0700,,,1346,488
second Ear Granville Granville Leveson-Gower,,,,1346,29
Simin Liu,https://orcid.org/0000-0003-2098-3844,Shanghai Jiao Tong University,CN,1346,131766
Stephanie Bobadilla-Regalado,https://orcid.org/0000-0002-8766-4007,Pacific Northwest National Laboratory,US,1346,0
Elisa de Stanchina,https://orcid.org/0000-0002-3873-315X,Memorial Sloan Kettering Cancer Center,US,1345,40483
Matthew I. Palmatier,https://orcid.org/0000-0001-8890-7974,East Tennessee State University,US,1345,3113
Sm,,,,1345,858
V. Murzin,https://orcid.org/0000-0002-0554-4627,European Organization for Nuclear Research,CH,1345,73447
Michael Α. Gatzoulis,https://orcid.org/0000-0002-2700-7232,Harefield Hospital,GB,1345,48224
Tsutomu Araki,https://orcid.org/0000-0001-5943-1145,Ritsumeikan University,JP,1345,25875
김형석,,,,1345,151
Frans Van de Werf,https://orcid.org/0000-0001-9479-7767,KU Leuven,BE,1345,67816
Aleix Prat,https://orcid.org/0000-0003-2377-540X,Breast Cancer Research Foundation,US,1345,37309
A. Gaz,https://orcid.org/0000-0001-6754-3315,Twitter (United States),US,1345,82448
Yue Wang,https://orcid.org/0000-0001-6936-5081,Henan University of Science and Technology,CN,1345,35433
Wen‐Jun Li,https://orcid.org/0000-0002-1233-736X,Xinjiang Institute of Ecology and Geography,CN,1345,37181
Jincheng Zhang,https://orcid.org/0000-0001-7332-6704,Sinopec (China),CN,1345,26022
Bernhard Danckelmann,,,,1345,23
N. Benekos,https://orcid.org/0000-0001-7831-8762,European Organization for Nuclear Research,CH,1345,110261
Felicity Meakins,,,,1345,0
Charles Clayton Howe,,,,1345,0
Frank Thone,,,,1344,146
Alan J. Wein,https://orcid.org/0000-0002-6910-8656,University of Miami,US,1344,29585
Amy Sims,https://orcid.org/0000-0003-0178-4225,Pacific Northwest National Laboratory,US,1344,19390
Carl Trettin,https://orcid.org/0000-0003-0279-7191,US Forest Service,US,1344,6380
Mohammad Reza Ganjali,https://orcid.org/0000-0002-2968-0981,University of Tehran,IR,1344,46477
Jian Wang,https://orcid.org/0000-0003-2291-640X,BGI Group (China),CN,1344,50872
Herbert Wittel,,Reutlingen University,DE,1344,469
Rafael López Moreno,,,,1344,0
Neil Abercrombie,,University of Hawaiʻi at Mānoa,US,1344,0
Richard J. Puddephatt,https://orcid.org/0000-0002-9846-3075,Western University,CA,1343,22464
Rene Rubin,,,,1343,1410
Khurram Nasir,https://orcid.org/0000-0001-5376-2269,Houston Methodist,US,1343,90542
R. Rébolo,https://orcid.org/0000-0003-3767-7085,Consejo Superior de Investigaciones Científicas,ES,1343,78555
Chia‐Feng Tsai,https://orcid.org/0000-0002-6514-6911,Pacific Northwest National Laboratory,US,1343,4553
Linda Barwick,,,,1343,0
Saralees Nadarajah,https://orcid.org/0000-0002-0481-0372,University of Manchester,GB,1342,21221
Catherine J. Wu,https://orcid.org/0000-0002-3348-5054,Broad Institute,US,1342,63656
Ma Luz González Peña,,,,1342,1
Gerhard Rogler,https://orcid.org/0000-0002-1733-9188,University of Zurich,CH,1342,43353
Bruno Francelino de Melo,https://orcid.org/0000-0002-0499-567X,,,1342,1327
H. B. Newman,https://orcid.org/0000-0003-0964-1480,California Institute of Technology,US,1342,54115
P. Gauzzi,https://orcid.org/0000-0003-4841-5822,University of British Columbia,CA,1342,71709
M. Monteno,https://orcid.org/0000-0002-3521-6333,Università degli Studi del Piemonte Orientale “Amedeo Avogadro”,IT,1342,54524
Susan Michie,https://orcid.org/0000-0003-0063-6378,Twitter (United States),US,1342,146167
Juliana C.N. Chan,https://orcid.org/0000-0003-1325-1194,Chinese University of Hong Kong,HK,1342,88280
Annamaria Colao,https://orcid.org/0000-0001-6986-266X,University of Arizona,US,1341,52341
D. Matos Figueiredo,https://orcid.org/0000-0003-2514-6930,Centro Brasileiro de Pesquisas Físicas,BR,1341,80743
Takao Terano,https://orcid.org/0000-0002-2364-6950,,,1341,2181
Pierre Braunstein,https://orcid.org/0000-0002-4377-604X,Centre National de la Recherche Scientifique,FR,1341,27187
A. Lléres,https://orcid.org/0000-0003-1769-8524,Institut polytechnique de Grenoble,FR,1341,107566
:unav,,,,1341,0
Günter Burg,https://orcid.org/0009-0005-5302-2769,Cincinnati Children's Hospital Medical Center,US,1340,22589
Paulo dos Santos Pompeu,https://orcid.org/0000-0002-7938-1517,Universidade Federal de Lavras,BR,1340,8026
René S. Kahn,https://orcid.org/0000-0001-5909-8004,Icahn School of Medicine at Mount Sinai,US,1340,96404
Michaël Wink,https://orcid.org/0000-0002-7875-4510,Heidelberg University,DE,1340,53258
James M. Wilson,https://orcid.org/0000-0002-9630-3131,St Bartholomew's Hospital,GB,1340,86474
Kottakkaran Sooppy Nisar,https://orcid.org/0000-0001-5769-4320,Al-Ahliyya Amman University,JO,1340,28446
Henning Müller,https://orcid.org/0000-0001-6800-9878,University of Geneva,CH,1340,24586
P. Pralavorio,https://orcid.org/0000-0002-2452-6715,Aix-Marseille Université,FR,1340,107420
Marjo‐Riitta Järvelin,https://orcid.org/0000-0002-2149-0630,Oulu University Hospital,FI,1340,140335
John Tobin,,National Radio Astronomy Observatory,US,1340,4
R. Lefèvre,https://orcid.org/0000-0002-6917-6210,Centre National de la Recherche Scientifique,FR,1340,59911
Eduardo Marchesi,,Universidad de la República de Uruguay,UY,1340,0
Young Song,,Pacific Northwest National Laboratory,US,1340,0
M. Thumm,https://orcid.org/0000-0003-1909-3166,Karlsruhe Institute of Technology,DE,1339,14595
Menachem J. Berlinger,,Agricultural Research Organization,IL,1339,655
Martina de Zwaan,https://orcid.org/0000-0002-7918-6957,Medizinische Hochschule Hannover,DE,1339,17067
D. Wallwiener,https://orcid.org/0000-0002-4635-5283,University Children's Hospital Tübingen,DE,1339,20116
Mamoru Tanahashi,https://orcid.org/0000-0003-2828-0609,Tokyo Institute of Technology,JP,1339,2485
Sara M. Tolaney,https://orcid.org/0000-0002-5940-8671,Harvard University,US,1339,37769
J. R. Bensinger,https://orcid.org/0000-0002-6117-4536,,,1339,95748
Colin L. Raston,https://orcid.org/0000-0003-4753-0079,Flinders University,AU,1339,25604
Daniele Santini,https://orcid.org/0000-0002-9118-3337,Policlinico Umberto I,IT,1339,33030
Qiang Yang,https://orcid.org/0000-0001-5059-8360,Beijing Institute of Petrochemical Technology,CN,1339,104428
Yuan,,Chinese Academy of Sciences,CN,1339,2033
GBIF.org User,,,,1339,0
Margaret Wilson,https://orcid.org/0000-0001-8695-6596,Donald Danforth Plant Science Center,US,1339,0
Melette DeVore,https://orcid.org/0009-0001-7702-2879,Donald Danforth Plant Science Center,US,1339,0
Vincent Vanyo,https://orcid.org/0000-0002-3138-7119,Donald Danforth Plant Science Center,US,1339,0
Armando Bravo,https://orcid.org/0000-0003-3869-045X,Donald Danforth Plant Science Center,US,1339,0
Raymond Kannenberg,https://orcid.org/0009-0000-2843-3148,Donald Danforth Plant Science Center,US,1339,0
Henry Brodaty,https://orcid.org/0000-0001-9487-6617,New South Wales Department of Health,AU,1338,81966
Harold A. Scheraga,https://orcid.org/0000-0002-6314-5376,Cornell University,US,1338,76049
GM Leung,https://orcid.org/0000-0002-2503-6283,Hong Kong Science and Technology Parks Corporation,HK,1338,86114
김현우,,,,1338,153
A. Elizabeth Arnold,https://orcid.org/0000-0002-7013-4026,University of Arizona,US,1338,22767
Toshiro Fujita,https://orcid.org/0000-0001-9141-7060,National Agriculture and Food Research Organization,JP,1338,51013
François Bertucci,https://orcid.org/0000-0002-0157-0959,Centre National de la Recherche Scientifique,FR,1338,33636
J. D. Hansen,https://orcid.org/0000-0003-3102-0437,University of Copenhagen,DK,1338,99498
Hideki Hosoda,,Institute for Future Engineering,JP,1338,0
Cognitive Science Society 2025,,,,1338,0
Roy S. Herbst,https://orcid.org/0000-0003-2535-5847,Yale Cancer Center,US,1337,94386
Mary Cushman,https://orcid.org/0000-0002-7871-6143,University of Vermont,US,1337,144076
Peter R. Schreiner,https://orcid.org/0000-0002-3608-5515,Justus-Liebig-Universität Gießen,DE,1337,28931
Masutaka Furue,https://orcid.org/0000-0002-2967-1073,Kyushu University,JP,1337,25998
Yoshinao Oda,https://orcid.org/0000-0001-9636-1182,Kyushu University,JP,1337,29774
William Oh,https://orcid.org/0000-0001-5113-8147,,,1337,62592
Björn Ottersten,https://orcid.org/0000-0003-2298-6774,University of Luxembourg,LU,1337,35608
Z. Zhang,https://orcid.org/0000-0002-1630-0986,Tsinghua University,CN,1337,85250
Fernando Alberício,https://orcid.org/0000-0002-8946-0462,Barcelona Biomedical Research Park,ES,1336,40331
Ludwig Kappos,https://orcid.org/0000-0003-4175-5509,University of Basel,CH,1336,104756
L. Shchutska,https://orcid.org/0000-0003-0700-5448,FZU ‒ Institute of Physics of the Academy of Sciences of the Czech Republic,CZ,1336,63325
Hideo Ohno,https://orcid.org/0000-0001-9688-8259,Tohoku University,JP,1336,69673
Aldo Scarpa,https://orcid.org/0000-0003-1678-739X,University of Verona,IT,1335,85466
Xiao Xiao,https://orcid.org/0000-0001-8535-0728,"California State University, Stanislaus",US,1335,1853
Jean‐Frédéric Colombel,https://orcid.org/0000-0001-6472-249X,Mount Sinai Hospital,US,1335,95414
Z. Hu,https://orcid.org/0000-0001-8209-4343,Tianjin University of Technology,CN,1335,69080
Vivekanand Jha,https://orcid.org/0000-0002-8015-9470,Manipal Academy of Higher Education,IN,1335,176404
Robert Weigel,https://orcid.org/0000-0002-3131-1800,Friedrich-Alexander-Universität Erlangen-Nürnberg,DE,1335,14126
M. Lazzaroni,https://orcid.org/0000-0002-4094-1273,University of Milan,IT,1334,43455
Steven Laureys,https://orcid.org/0000-0002-3096-3807,Beth Israel Deaconess Medical Center,US,1334,76250
D. N. Baker,https://orcid.org/0000-0001-5909-0926,University of Colorado Boulder,US,1334,47073
У. М. Джемилев,https://orcid.org/0000-0002-7992-6337,N.D. Zelinsky Institute of Organic Chemistry,RU,1334,7807
Matthias Schwab,https://orcid.org/0000-0002-9984-075X,Dr. Margarete Fischer-Bosch-Institute of Clinical Pharmacology,DE,1334,71645
Ashwini Padhi,,Marathwada Agricultural University,IN,1334,743
Rino Rappuoli,https://orcid.org/0000-0002-8827-254X,,,1334,77104
Zhiguo Ding,https://orcid.org/0000-0001-5280-384X,Ministry of Public Security of the People's Republic of China,CN,1333,64725
Allen J. Bard,https://orcid.org/0000-0002-8517-0230,The University of Texas at Austin,US,1333,135461
Chun‐Sing Lee,https://orcid.org/0000-0001-6557-453X,City University of Hong Kong,HK,1333,82561
Stefan Knapp,https://orcid.org/0000-0001-5995-6494,Goethe University Frankfurt,DE,1333,49568
Claudia Haferlach,https://orcid.org/0000-0002-6333-5049,Munich Leukemia Laboratory (Germany),DE,1333,31625
Ali J. Chamkha,https://orcid.org/0000-0002-8335-3121,Technical University of Malaysia Malacca,MY,1333,64807
Dorry L. Segev,https://orcid.org/0000-0002-1924-4801,New York University,US,1333,53780
J. Rick Turner,,IQVIA (United States),US,1333,1602
Koichi Suzuki,https://orcid.org/0000-0001-8659-4660,Teikyo University,JP,1333,37660
Ming Chen,https://orcid.org/0000-0001-5041-9342,Hebei Medical University,CN,1333,21082
C. Campagnari,https://orcid.org/0000-0002-8978-8177,"University of California, Santa Barbara",US,1333,47027
Rama Chellappa,https://orcid.org/0000-0002-7638-1650,Johns Hopkins University,US,1333,65817
S. Hassani,https://orcid.org/0000-0002-2834-5110,Tohoku University,JP,1333,107489
E. Cogneras,https://orcid.org/0000-0002-8933-9427,Centre National de la Recherche Scientifique,FR,1333,80315
B. Bilki,https://orcid.org/0000-0001-9515-3306,University of Iowa,US,1332,95401
Liang Wang,https://orcid.org/0000-0001-9023-0296,Tiangong University,CN,1332,12393
Matthias Augustin,https://orcid.org/0000-0002-4026-8728,Universität Hamburg,DE,1332,29533
Wolfgang Schnick,https://orcid.org/0000-0003-4571-8035,Center for NanoScience,DE,1332,25436
Thomas Klopstock,https://orcid.org/0000-0003-2805-4652,German Center for Neurodegenerative Diseases,DE,1332,26266
Giuseppe Riva,https://orcid.org/0000-0003-3657-106X,IRCCS Istituto Auxologico Italiano,IT,1332,40463
Olle Eriksson,https://orcid.org/0000-0001-5111-1374,Uppsala University,SE,1332,42210
O. A. Ducu,https://orcid.org/0000-0001-5914-0524,Horia Hulubei National Institute for R and D in Physics and Nuclear Engineering,RO,1332,65199
Pamela Sullivan,https://orcid.org/0000-0001-8780-8501,Oregon State University,US,1332,4146
M. C. N. Fiolhais,https://orcid.org/0000-0001-9035-0335,City University of New York,US,1332,89928
Jin Liu,https://orcid.org/0000-0002-2026-2513,Sun Yat-sen University,CN,1332,22913
David Sidransky,,University of Baltimore,US,1332,89903
A. Durglishvili,https://orcid.org/0000-0003-4157-592X,Tbilisi State University,GE,1331,63605
Luciano Fogaça de Assis Montag,https://orcid.org/0000-0001-9370-6747,Universidade Federal do Pará,BR,1331,4622
Fergus J. Couch,https://orcid.org/0000-0001-9417-9985,Mayo Clinic,US,1331,62119
Paolo Gontero,https://orcid.org/0000-0002-9714-6596,Azienda Ospedaliera Citta' della Salute e della Scienza di Torino,IT,1331,24495
Patrick Segers,https://orcid.org/0000-0003-3870-3409,Ghent University Hospital,BE,1331,28758
Joseph Addison,,West Virginia University,US,1331,1605
Heinrich Lang,,Chemnitz University of Technology,DE,1331,18356
Arne Astrup,https://orcid.org/0000-0001-8968-8996,University of Copenhagen,DK,1331,92843
Soheyl Noachtar,,,,1331,8448
Xuefeng Chen,https://orcid.org/0000-0002-0130-3172,Shandong University,CN,1331,40131
Jean‐Michel Scherrmann,,Délégation Paris 5,FR,1331,7436
Tian Tian,https://orcid.org/0000-0002-0224-2957,Illinois Institute of Technology,US,1331,3034
Brian I. Rini,https://orcid.org/0000-0002-2212-080X,Vanderbilt University,US,1330,78814
Fuhui Wang,,Shenyang Aerospace University,CN,1330,38444
Beata Meluch,,Pacific Northwest National Laboratory,US,1330,0
Eric Chen,https://orcid.org/0000-0002-5247-3593,Tufts University,US,1330,44207
Josée E. Leysen,,Amsterdam Neuroscience,NL,1330,8211
А. І. Шушківський,,,,1330,0
James Moon,https://orcid.org/0000-0001-8071-1491,University of Michigan,US,1329,74318
Jing Zhang,https://orcid.org/0000-0001-7530-1121,Changchun University of Science and Technology,CN,1329,3822
S. Bettarini,https://orcid.org/0000-0001-7742-2998,Twitter (United States),US,1329,39521
Edward V. Loftus,https://orcid.org/0000-0001-7199-6851,,,1329,68177
Richard A. Gibbs,https://orcid.org/0000-0002-1356-5698,,,1329,290988
Xiaohui Zhang,https://orcid.org/0000-0003-0245-6792,Peking University,CN,1329,23503
Marlan O. Scully,https://orcid.org/0000-0001-6397-4927,Mitchell Institute,US,1328,55451
Chihaya Adachi,https://orcid.org/0000-0001-6117-9604,Kyushu University,JP,1328,92619
Arumugam Manthiram,https://orcid.org/0000-0003-0237-9563,Division of Materials Science and Engineering,AU,1328,126735
Andrew Rhodes,https://orcid.org/0000-0002-8737-574X,Zoetis (United States),US,1328,84501
R. Gerosa,https://orcid.org/0000-0001-8359-3734,"Istituto Nazionale di Fisica Nucleare, Sezione di Milano Bicocca",IT,1328,55022
C. Parkes,https://orcid.org/0000-0003-4174-1334,University of Manchester,GB,1328,49863
Jan Lubiński,https://orcid.org/0000-0003-2931-3003,Tumour Institute of Tuscany,IT,1327,73688
McCulloch Bros.,,,,1327,109
Carlos L. Arteaga,https://orcid.org/0000-0003-0870-9586,Southwestern Medical Center,US,1327,56201
M. Hassan Murad,https://orcid.org/0000-0001-5502-5975,Mayo Clinic,US,1327,168577
이승재,,,,1327,152
Hideo Yagita∥,https://orcid.org/0000-0003-4279-9343,Juntendo University,JP,1327,84325
J. Romine,,Research Institute for Fragrance Materials,US,1327,2783
F. Longo,https://orcid.org/0000-0003-2501-2270,University of Trieste,IT,1327,102169
J. Montejo Berlingen,https://orcid.org/0000-0001-9213-904X,Barcelona Institute of Science and Technology,ES,1327,85589
Mike Mansfield,,,,1327,272
P. Mermod,https://orcid.org/0000-0001-9656-9901,University of Geneva,CH,1327,104168
M. Idzik,https://orcid.org/0000-0001-6349-0033,Jagiellonian University,PL,1327,55311
Hong,,,,1327,1297
Vincenzo Valentini,https://orcid.org/0000-0003-4637-6487,Agostino Gemelli University Polyclinic,IT,1326,32578
Philip Ball,https://orcid.org/0000-0001-5896-6447,United States Department of Energy,US,1326,9719
Elizabeth Forbes,,Queensland Health,AU,1326,66
Stephen B. Baylin,https://orcid.org/0000-0003-3697-3798,Van Andel Institute,US,1326,178379
R. Lafaye,https://orcid.org/0000-0001-7848-6088,Centre National de la Recherche Scientifique,FR,1326,108400
J. R. Spencer,https://orcid.org/0000-0003-4452-8109,Southwest Research Institute,US,1326,20681
F. Bianchi,https://orcid.org/0000-0002-1524-6236,Twitter (United States),US,1326,21394
S. A. Stucci,https://orcid.org/0000-0002-1639-4484,Brookhaven National Laboratory,US,1326,63782
M. Marjanović,https://orcid.org/0000-0002-4468-0154,Agriculture and Forestry University,NP,1325,61882
Marcus R. Munafò,https://orcid.org/0000-0002-4049-993X,Hammersmith Hospital,GB,1325,75076
Robert Klopfleisch,https://orcid.org/0000-0002-6308-0568,Freie Universität Berlin,DE,1325,10108
Sudha Seshadri,https://orcid.org/0000-0001-6135-2622,Boston University,US,1325,100445
Peter F. Stadler,https://orcid.org/0000-0002-5016-5191,University of Copenhagen,DK,1325,89032
R Myers,https://orcid.org/0000-0001-9701-676X,HudsonAlpha Institute for Biotechnology,US,1325,140023
Alex K.‐Y. Jen,https://orcid.org/0000-0002-9219-7749,City University of Hong Kong,HK,1325,97676
M. Rieger,https://orcid.org/0000-0003-0797-2606,Universität Hamburg,DE,1325,46242
Murray B. Stein,https://orcid.org/0000-0001-9564-2871,University of California San Diego,US,1325,143439
Kiyoshi Matsumoto,https://orcid.org/0000-0001-8390-2701,Takeda (Japan),JP,1325,19035
Leslie J. Francis,https://orcid.org/0000-0003-2946-9980,Bishop Grosseteste University,GB,1325,20411
Xiaofeng Zhang,https://orcid.org/0000-0003-2738-3286,Hebei Medical University,CN,1325,30106
Claude Michaud,,,,1325,923
M. Cardona,https://orcid.org/0009-0007-6518-644X,Universidad Don Bosco,SV,1325,78243
俊雄 尾島,,,,1324,9
Robert Bosmans,https://orcid.org/0000-0003-4705-8587,Mohammed V University,MA,1324,573
Sun Young Rha,https://orcid.org/0000-0002-2512-4531,Yonsei University,KR,1324,35206
Godefridus J. Peters,https://orcid.org/0000-0002-5447-2877,Amsterdam University Medical Centers,NL,1324,52783
V. V. Gligorov,https://orcid.org/0000-0002-8189-8267,Centre National de la Recherche Scientifique,FR,1324,46679
Yuichi Ikuhara,https://orcid.org/0000-0003-3886-005X,Tohoku University,JP,1324,36834
N. C. Santos,https://orcid.org/0000-0003-4422-2919,Universidade do Porto,PT,1324,47017
Gerard van Koten,https://orcid.org/0000-0003-3293-8370,Utrecht University,NL,1324,38849
Ling Chen,https://orcid.org/0000-0001-6074-523X,Kunming University of Science and Technology,CN,1324,37182
Gang Li,https://orcid.org/0000-0002-4549-293X,Xi'an University of Science and Technology,CN,1324,28909
L. Shi,https://orcid.org/0000-0001-9532-5075,Sun Yat-sen University,CN,1324,59903
Eva Negri,https://orcid.org/0000-0001-9712-8526,University of Bologna,IT,1324,82028
Unbekannt,,,,1324,0
Michael E. Ragozzino,https://orcid.org/0000-0001-6964-7046,University of Illinois Chicago,US,1323,8307
Susanna Esposito,https://orcid.org/0000-0003-4103-2837,University of Parma,IT,1323,43736
M. Charles,https://orcid.org/0000-0003-4795-498X,Centre National de la Recherche Scientifique,FR,1323,49356
G. H. Rieke,https://orcid.org/0000-0003-2303-6519,Planetary Science Institute,US,1323,57275
Bruce S. McEwen,https://orcid.org/0000-0002-5288-7892,,,1323,213939
Theodore S. Lawrence,https://orcid.org/0000-0002-4186-8821,University of Michigan,US,1323,43579
F. Couderc,https://orcid.org/0000-0003-2040-4099,Commissariat à l'Énergie Atomique et aux Énergies Alternatives,FR,1323,47746
A. Beretvas,https://orcid.org/0000-0001-6627-0191,Fermi National Accelerator Laboratory,US,1323,73816
U. Blumenschein,https://orcid.org/0000-0002-6134-0303,Queen Mary University of London,GB,1323,94547
Adeline Su Yien Ting,https://orcid.org/0000-0002-8015-2690,Monash University Malaysia,MY,1323,4788
M. Dalchenko,https://orcid.org/0000-0002-0137-136X,,,1323,71804
Rohith Varikoti,,Pacific Northwest National Laboratory,US,1323,0
Yen Wei,https://orcid.org/0000-0001-5950-0163,Tsinghua University,CN,1322,71344
Κ. Polborn,,,,1322,10573
Marco Valgimigli,https://orcid.org/0000-0002-4353-7110,University of Bern,CH,1322,144213
Alison Abbott,https://orcid.org/0000-0002-2935-0296,Abbott (Germany),DE,1322,8002
José Rodríguez,https://orcid.org/0000-0002-1410-4121,Universidad Andrés Bello,CL,1322,83517
Geoffrey I. Webb,https://orcid.org/0000-0001-9963-5169,Monash University,AU,1322,30926
Wiepke Cahn,https://orcid.org/0000-0002-0482-8759,University Medical Center Groningen,NL,1322,39018
M. Shoaib,https://orcid.org/0000-0001-6791-8252,University of Balochistan,PK,1322,86263
Andrew McNaughton,https://orcid.org/0000-0002-4146-7921,Pacific Northwest National Laboratory,US,1322,0
O. Arnaez,https://orcid.org/0000-0002-6096-0893,Laboratoire d’Annecy de Physique des Particules,FR,1321,80117
A. H. MacDonald,https://orcid.org/0000-0003-3561-3379,The University of Texas at Austin,US,1321,88307
Hai Cheng,https://orcid.org/0000-0002-5305-9458,Yunnan Normal University,CN,1321,80310
Hans Clevers,https://orcid.org/0000-0002-3077-5582,Royal Netherlands Academy of Arts and Sciences,NL,1321,256033
S. Covino,https://orcid.org/0000-0001-9078-5507,University of Insubria,IT,1321,35765
N. Picqué,https://orcid.org/0000-0002-8540-7218,Humboldt-Universität zu Berlin,DE,1321,8713
Mark R. Litzow,https://orcid.org/0000-0002-9816-6302,Mayo Clinic,US,1321,48619
Jiang He,https://orcid.org/0000-0002-8286-9652,Southwestern Medical Center,US,1321,128472
Zhong Chen,https://orcid.org/0000-0002-1473-2224,Ministry of Education of the People's Republic of China,CN,1321,25919
G. Bencivenni,https://orcid.org/0000-0002-5107-0610,"Istituto Nazionale di Fisica Nucleare, Laboratori Nazionali di Frascati",IT,1321,45353
Pan‐Chyr Yang,https://orcid.org/0000-0001-6330-6048,,,1320,60457
Remo Panaccione,https://orcid.org/0000-0002-5247-940X,University of Calgary,CA,1320,63100
J. Hejbal,https://orcid.org/0000-0002-4600-3659,FZU ‒ Institute of Physics of the Academy of Sciences of the Czech Republic,CZ,1320,67384
Adnan Kastrati,https://orcid.org/0000-0003-4341-891X,Deutsches Herzzentrum der Charité,DE,1320,118247
Osamu Suzuki,https://orcid.org/0000-0002-3566-5681,Fukushima Medical University,JP,1320,20990
Hans‐Ulrich Kauczor,https://orcid.org/0000-0002-6730-9462,Heidelberg University,DE,1320,42172
Poom Kumam,https://orcid.org/0000-0002-5463-4581,King Mongkut's University of Technology Thonburi,TH,1320,25889
김성일,,The Ohio State University,US,1320,111
Joseph Roscioli,https://orcid.org/0000-0002-7166-3579,Aerodyne Research,US,1320,5226
Willem M. de Vos,https://orcid.org/0000-0002-0273-3166,University of Helsinki,FI,1320,163049
Richard M. Martin,https://orcid.org/0000-0002-7992-7719,University of Bristol,GB,1320,48867
박성수,,,,1320,141
Tingwen Huang,https://orcid.org/0000-0001-9610-846X,Shenzhen University,CN,1320,51399
Victor J. Hruby,https://orcid.org/0000-0001-9386-8412,University of Arizona,US,1320,40329
Martha L. Daviglus,https://orcid.org/0000-0002-6791-8727,Northwestern University,US,1320,37757
Gabriel de Carvalho Deprá,https://orcid.org/0000-0002-5520-9763,Centro de Genética Clínica,PT,1320,532
Peter Lee,https://orcid.org/0000-0002-3898-8881,CJ CheilJedang (South Korea),KR,1320,42687
Lin Ye,https://orcid.org/0000-0003-0062-6436,Beijing Institute of Technology,CN,1320,37503
M. Beretta,https://orcid.org/0000-0002-7026-8171,"Istituto Nazionale di Fisica Nucleare, Sezione di Milano Bicocca",IT,1320,63817
Eric J. Small,https://orcid.org/0000-0003-3191-6268,"University of California, San Francisco",US,1319,69383
Luigi Di Biase,https://orcid.org/0000-0001-6508-4047,Albert Einstein College of Medicine,US,1319,38830
Michael Roden,https://orcid.org/0000-0001-8200-6382,Düsseldorf University Hospital,DE,1319,74834
Christoph Nienaber,https://orcid.org/0000-0001-9671-8030,,,1319,51009
Robert G. Bergman,https://orcid.org/0000-0002-3105-8366,Lawrence Berkeley National Laboratory,US,1319,61265
Lorelei A. Mucci,https://orcid.org/0000-0002-2551-4927,American Cancer Society,US,1319,38762
Hirofumi Tanaka,https://orcid.org/0000-0002-1780-7471,Kyushu Institute of Technology,JP,1319,38092
陈敏,,,,1319,59
Sever S Dragomir,https://orcid.org/0000-0003-2902-6805,The University of Melbourne,AU,1319,18273
Carl Redshaw,https://orcid.org/0000-0002-2090-1688,University of East Anglia,GB,1319,19780
Lei Chen,https://orcid.org/0000-0002-8257-5806,Guangdong University of Technology,CN,1319,28253
Qiang Yu,https://orcid.org/0009-0009-8474-8510,Xiamen University,CN,1319,22604
Howard I. Maïbach,https://orcid.org/0000-0002-6762-4016,"University of California, San Francisco",US,1319,38454
M. Kovac,https://orcid.org/0000-0002-2391-4599,University of Split,HR,1319,70333
Сун,,,,1319,2488
Viorel Miron,,,,1319,0
Eric A. Hoffman,https://orcid.org/0000-0001-8456-9437,University of Iowa,US,1318,49880
J. Faltova,https://orcid.org/0000-0003-4278-7182,Charles University,CZ,1318,65043
Richard Shine,https://orcid.org/0000-0001-7529-5657,International Union for Conservation of Nature (Bangladesh),BD,1318,71166
Maarten de Rijke,https://orcid.org/0000-0002-1086-0202,German Research Centre for Artificial Intelligence,DE,1318,29130
Stephanie Pennington,https://orcid.org/0000-0003-2685-1092,Joint Global Change Research Institute,US,1318,598
Iain S. McGregor,https://orcid.org/0000-0002-9307-7159,The University of Sydney,AU,1318,22522
Xuedong Zhou,https://orcid.org/0000-0002-9319-7302,Shandong University,CN,1318,42790
Jürgen Kopitz,https://orcid.org/0000-0003-3640-8182,Heidelberg University,DE,1318,8482
Diether Lambrechts,https://orcid.org/0000-0002-3429-302X,VIB-KU Leuven Center for Cancer Biology,BE,1318,70865
Feng‐Ming Kong,https://orcid.org/0000-0003-2652-098X,Queen Mary Hospital,CN,1318,16525
N. Serra,https://orcid.org/0000-0002-5033-0580,University of Zurich,CH,1318,51377
K. Ogawa,https://orcid.org/0000-0002-7137-9447,University of Tsukuba,JP,1318,11703
D. Galli,https://orcid.org/0000-0003-2375-6030,"Istituto Nazionale di Fisica Nucleare, Sezione di Bologna",IT,1318,45291
Amy Zimmerman,https://orcid.org/0000-0001-6709-8274,Pacific Northwest National Laboratory,US,1318,0
M. Kado,https://orcid.org/0000-0002-1003-7638,SLAC National Accelerator Laboratory,US,1317,104002
Rajender S. Varma,https://orcid.org/0000-0001-9731-6228,Technical University of Liberec,CZ,1317,80152
Michael D. Ward,https://orcid.org/0000-0001-8175-8822,University of Warwick,GB,1317,31975
Gunther Reinhart,,Fraunhofer Institute for Machine Tools and Forming Technology,DE,1317,8479
F. Anulli,https://orcid.org/0000-0003-2734-130X,"Istituto Nazionale di Fisica Nucleare, Sezione di Roma I",IT,1317,78796
E. Conte,https://orcid.org/0000-0003-3154-3123,Centre National de la Recherche Scientifique,FR,1317,96106
Yu‐Chuan Li,https://orcid.org/0000-0001-6497-4232,Taipei Municipal YangMing Hospital,TW,1317,15520
José María,,,,1317,1117
Guoping Qiu,https://orcid.org/0000-0002-5877-5648,Ministry of Education,TH,1317,8420
W. L. Aldá Júnior,https://orcid.org/0000-0001-5855-9817,Universidade do Estado do Rio de Janeiro,BR,1316,79354
Joss Bland‐Hawthorn,https://orcid.org/0000-0001-7516-4016,The University of Sydney,AU,1316,74686
Thomas Kohnen,https://orcid.org/0000-0002-6933-9585,Goethe University Frankfurt,DE,1316,16500
A. Cardini,https://orcid.org/0000-0002-6649-0298,"Istituto Nazionale di Fisica Nucleare, Sezione di Cagliari",IT,1316,53708
Gaël Forget,https://orcid.org/0000-0002-4234-056X,Massachusetts Institute of Technology,US,1316,5880
P. Kokkas,https://orcid.org/0009-0009-3752-6253,University of Ioannina,GR,1316,83909
M. A,,,,1316,1845
Antonio Vivaldi,,,,1316,26
Japan. Ministry of Education,,,,1316,0
H. A. Krimm,https://orcid.org/0000-0003-4348-6058,U.S. National Science Foundation,US,1315,14746
Stefan Blankenberg,https://orcid.org/0000-0001-6488-2362,Universität Hamburg,DE,1315,60102
M. Fritsch,https://orcid.org/0000-0002-6463-8295,Ruhr University Bochum,DE,1315,31441
Peter Gibbs,https://orcid.org/0000-0003-1423-4484,The University of Melbourne,AU,1315,45454
Jörg Franke,https://orcid.org/0000-0003-0700-2028,University of Bern,CH,1315,11135
Brian J. Cole,https://orcid.org/0000-0002-4006-2113,Rush University Medical Center,US,1315,46420
Jean Woo,https://orcid.org/0000-0001-7593-3081,Chinese University of Hong Kong,HK,1315,102580
R. F. T. Stepto,,University of Manchester,GB,1315,6261
Jun Li,https://orcid.org/0000-0002-3637-1642,Chinese Academy of Sciences,CN,1315,39189
Frank L. Lewis,https://orcid.org/0000-0003-4074-1615,The University of Texas at Arlington,US,1314,88495
M. Queitsch-Maitland,https://orcid.org/0000-0003-4643-515X,University of Geneva,CH,1314,60803
Jason Stajich,https://orcid.org/0000-0002-7591-0020,"University of California, Riverside",US,1314,29941
J. Serrano,https://orcid.org/0000-0003-2489-7812,Twitter (United States),US,1314,54546
Takayuki Watanabe,https://orcid.org/0000-0002-0495-1108,Kyushu University,JP,1314,17446
Fangfang Wang,https://orcid.org/0000-0002-5441-4490,Hebei Agricultural University,CN,1314,26123
F. Hubaut,https://orcid.org/0000-0002-0113-2465,Aix-Marseille Université,FR,1314,107582
"Sánchez Rivera, Celestino, 1870-1948",,,,1314,0
Tim A. McAllister,https://orcid.org/0000-0002-8266-6513,Agriculture and Agri-Food Canada,CA,1313,52193
Michael A. Matthay,https://orcid.org/0000-0003-3039-8155,"University of California, San Francisco",US,1313,115359
Dario Braga,https://orcid.org/0000-0003-4162-4779,University of Bologna,IT,1313,23357
Stephen J. Nicholls,https://orcid.org/0000-0002-9668-4368,Australian Regenerative Medicine Institute,AU,1313,67151
Inventaire National Du Patrimoine Naturel,,,,1313,1
Ya Zhang,https://orcid.org/0000-0002-5390-9053,Shanghai Jiao Tong University,CN,1313,19552
Min Liu,https://orcid.org/0000-0002-5059-3743,Wannan Medical College,CN,1313,24457
Giorgio Gandaglia,https://orcid.org/0000-0002-5052-721X,Vita-Salute San Raffaele University,IT,1312,24620
Meagan Burnet,https://orcid.org/0000-0001-6747-468X,Pacific Northwest National Laboratory,US,1312,1315
김진석,,,,1312,109
Shimon Amir,https://orcid.org/0000-0003-1919-5023,Concordia University,CA,1312,8137
Jianguo Zhang,https://orcid.org/0000-0001-7057-2862,Hebei University of Engineering,CN,1312,15458
G. Casse,https://orcid.org/0000-0002-8516-237X,University of Liverpool,GB,1312,48382
E.V. Boldyreva,https://orcid.org/0000-0002-1401-2438,Novosibirsk State University,RU,1312,12030
Osamu Ito,https://orcid.org/0000-0001-7583-5270,Kurashiki Central Hospital,JP,1312,34618
J. D. Ruiz Alvarez,https://orcid.org/0000-0002-3306-0363,EIA University,CO,1311,59148
Klaus Wurst,https://orcid.org/0000-0002-8774-9051,Universität Innsbruck,AT,1311,13413
Mark A. Ratner,https://orcid.org/0000-0001-7983-3387,Theralogix (United States),US,1311,91258
David W. Bates,https://orcid.org/0000-0001-6268-1540,Brigham and Women's Hospital,US,1311,98720
Christopher J. Schofield,https://orcid.org/0000-0002-0290-6565,Mansfield University,US,1311,63550
V. Vercesi,https://orcid.org/0000-0001-7670-4563,"Istituto Nazionale di Fisica Nucleare, Sezione di Pavia",IT,1311,104329
Deren Yang,https://orcid.org/0000-0002-1745-2105,Institute of Scientific and Technical Information,CN,1311,36019
Mark C.M. van Loosdrecht,https://orcid.org/0000-0003-0658-4775,Delft University of Technology,NL,1311,111744
Alexandra Navrotsky,https://orcid.org/0000-0002-3260-0364,Department for Transport,GB,1311,52927
Jung Ho Kim,https://orcid.org/0000-0003-4931-3553,Argonne National Laboratory,US,1311,44162
Stephen (S.A.) Wurm,,,,1311,0
S. My,https://orcid.org/0000-0002-9938-2680,"Istituto Nazionale di Fisica Nucleare, Sezione di Bari",IT,1310,53001
Rogério Pereira Bastos,https://orcid.org/0000-0002-5978-3244,Universidade Federal de Goiás,BR,1310,3735
M. T. Zuber,https://orcid.org/0000-0003-2652-8017,,,1310,40097
Curtis Larimer,https://orcid.org/0000-0001-6634-5384,Battelle,US,1310,237
Gianni D. Angelini,https://orcid.org/0000-0002-1753-3730,Bristol Royal Infirmary,GB,1310,35157
김영선,,,,1310,280
S. Folgueras,https://orcid.org/0000-0001-7191-1125,Universidad de Oviedo,ES,1310,74610
J. M. de la Serna,,,,1310,0
Cynthia M. Bulik,https://orcid.org/0000-0001-7772-3264,University of North Carolina at Chapel Hill,US,1309,64709
S. Amoroso,https://orcid.org/0000-0001-5450-0447,Deutsches Elektronen-Synchrotron DESY,DE,1309,69016
Norbert De Kimpe,,Ghent University,BE,1309,21501
Michael Schmidt,https://orcid.org/0000-0002-8072-8768,University of Kassel,DE,1309,20329
Didier Samuel,https://orcid.org/0000-0001-9481-3616,Inserm,FR,1309,50102
S. Campana,https://orcid.org/0000-0001-6278-1576,Brera Astronomical Observatory,IT,1309,38502
Hillsborough County,,,,1309,0
Albert Albers,https://orcid.org/0000-0001-5432-704X,Karlsruhe Institute of Technology,DE,1308,6180
A. Dierlamm,https://orcid.org/0000-0001-7804-9902,Karlsruhe Institute of Technology,DE,1308,69563
Evan S. Dellon,https://orcid.org/0000-0003-1167-1101,University of North Carolina at Chapel Hill,US,1308,38868
Tomoyuki Kawada,https://orcid.org/0000-0002-4426-4644,Nippon Medical School Hospital,JP,1308,7918
Myung‐Ju Ahn,https://orcid.org/0000-0002-5740-9654,Samsung Medical Center,KR,1308,74126
Francisco Herrera,https://orcid.org/0000-0002-7283-312X,Universidad de Granada,ES,1308,139011
F. Ekkehardt Hahn,https://orcid.org/0000-0002-2807-7232,University of Münster,DE,1308,32164
Aggelos K. Katsaggelos,https://orcid.org/0000-0003-4554-0070,Northwestern University,US,1308,28456
F. Xavier Castellanos,https://orcid.org/0000-0001-9192-9437,Texas Tech University,US,1308,85891
Marco A. Marra,https://orcid.org/0000-0001-7146-7175,University of British Columbia,CA,1308,230023
Hiroshi Date,https://orcid.org/0000-0001-7262-6000,Duke University,US,1308,21580
M. Zavertyaev,https://orcid.org/0000-0002-4655-715X,Max Planck Institute for Nuclear Physics,DE,1308,47233
Irving L. Weissman,https://orcid.org/0000-0002-9077-7467,California Institute for Regenerative Medicine,US,1308,194187
Neal D. Shore,https://orcid.org/0000-0001-5767-0548,Star Technology and Research (United States),US,1308,46964
叶兴阳双语音标有声读物,,,,1308,0
Vojtěch Adam,https://orcid.org/0000-0002-8527-286X,Central European Institute of Technology,CZ,1307,30341
S. Bürke,https://orcid.org/0000-0002-1962-8493,Rutherford Appleton Laboratory,GB,1307,103405
Gèrard Socié,https://orcid.org/0000-0002-2114-7533,Inserm,FR,1307,61577
Claudia Spies,https://orcid.org/0000-0002-1062-0495,Apple (Israel),IL,1307,48129
Antonio Giordano,https://orcid.org/0000-0002-5959-016X,University of Siena,IT,1307,56703
李颖,,,,1307,30
Stuart L. Schreiber,https://orcid.org/0000-0003-1922-7558,Broad Institute,US,1307,134771
Jérôme Faist,https://orcid.org/0000-0003-4429-7988,ETH Zurich,CH,1307,39390
Sun We,https://orcid.org/0000-0001-6841-5497,Dalian University of Technology,CN,1307,4600
Paula Mouser,https://orcid.org/0000-0003-2316-0915,University of New Hampshire,US,1307,3778
김희진,,,,1307,200
Yuming Guo,https://orcid.org/0000-0002-1766-6592,National Health Research Institutes,TW,1307,171639
Mohammad Tariqul Islam,https://orcid.org/0000-0002-4929-3209,Ealing Hospital,GB,1307,27621
I. Belyaev,https://orcid.org/0000-0002-7458-7030,Centre National de la Recherche Scientifique,FR,1307,49116
Jan Mees,https://orcid.org/0000-0001-5709-3816,Flanders Marine Institute,BE,1306,6433
Martin J. Schalij,https://orcid.org/0000-0003-3767-5231,Leiden University Medical Center,NL,1306,60276
Robin Hanson,https://orcid.org/0000-0001-8026-5604,,,1306,4412
Thomas J. Vogl,https://orcid.org/0000-0001-5218-1075,Goethe University Frankfurt,DE,1305,34607
James D. Chalmers,https://orcid.org/0000-0001-5514-7868,University of Oxford,GB,1305,39872
Hidetoshi Eguchi,https://orcid.org/0000-0002-2318-1129,Osaka Gakuin University,JP,1305,24243
Michal Dušek,https://orcid.org/0000-0001-9797-2559,Czech Academy of Sciences,CZ,1305,15412
Roberto Ferrari,https://orcid.org/0000-0003-2046-9175,University of Parma,IT,1305,79561
David Adams,https://orcid.org/0000-0001-6776-0336,Mount Sinai Health System,US,1304,53268
Mitchel S. Berger,https://orcid.org/0000-0003-1983-4892,"University of California, San Francisco",US,1304,89852
Matthias Tamm,https://orcid.org/0000-0002-5364-0357,Technische Universität Braunschweig,DE,1304,13402
ELIZABETH MECHCATIE,,,,1304,119
J. Fay,https://orcid.org/0000-0001-5790-1780,Institute of Nuclear Physics of Lyon,FR,1304,72997
P. Bhattacharya,https://orcid.org/0000-0003-1493-9820,National Institute of Pharmaceutical Education and Research - Ahmedabad,IN,1304,27806
Karl Peltzer,https://orcid.org/0000-0002-5980-0876,Asia University,TW,1304,32430
Julie E. Buring,https://orcid.org/0000-0003-2648-8692,Massachusetts General Hospital,US,1304,131165
Ling Wang,https://orcid.org/0000-0001-8964-6454,Electric Power Research Institute,US,1304,33737
K. Hara,https://orcid.org/0000-0003-1629-0535,Japan Proton Accelerator Research Complex,JP,1304,84907
F. Giuli,https://orcid.org/0000-0002-8506-274X,University of Rome Tor Vergata,IT,1304,53496
S. Donato,https://orcid.org/0000-0001-7646-4977,University of Siena,IT,1304,56416
P. Van Mechelen,https://orcid.org/0000-0002-8731-9051,University of Antwerp,BE,1303,62896
S. Lanceros‐Méndez,https://orcid.org/0000-0001-6791-7620,Ikerbasque,ES,1303,46253
Akira Shibata,https://orcid.org/0000-0001-9458-813X,Muroran Institute of Technology,JP,1303,28679
Fábio Vieira,https://orcid.org/0000-0002-8004-9298,Secretaria de Planejamento e Gestão,BR,1303,260
S. Lacaprara,https://orcid.org/0000-0002-0551-7696,Twitter (United States),US,1303,95943
Anil Kumar Sharma,https://orcid.org/0000-0002-9768-1644,Indian Veterinary Research Institute,IN,1303,29042
A. Kupść,https://orcid.org/0000-0003-4937-2270,Uppsala University,SE,1302,18841
Colin Norman,https://orcid.org/0000-0002-5222-5717,,,1302,19418
Janet Treasure,https://orcid.org/0000-0003-0871-4596,King's College London,GB,1302,65407
Wolfgang Kaim,https://orcid.org/0000-0002-8404-4929,University of Stuttgart,DE,1302,29760
K. Itoh,https://orcid.org/0000-0003-3873-4766,Chubu University,JP,1302,18967
Dirk Van Raemdonck,https://orcid.org/0000-0003-1261-0992,Universitair Ziekenhuis Brussel,BE,1302,23482
Ming T. Tsuang,https://orcid.org/0000-0002-0076-5340,University of California San Diego,US,1302,104082
Sakae Tanaka,https://orcid.org/0000-0001-9210-9414,University of Tokyo Hospital,JP,1302,34718
Gregory J. Riely,https://orcid.org/0000-0001-5357-4313,Memorial Sloan Kettering Cancer Center,US,1302,96513
Andrea Necchi,https://orcid.org/0000-0002-3007-2756,,,1302,33727
Liu Yan Yan,,,,1302,85
Karel Allegaert,https://orcid.org/0000-0001-9921-5105,American Pharmacists Association,US,1302,20605
Tao Zhou,https://orcid.org/0000-0003-0561-2316,Shihezi University,CN,1302,32008
Lillian L. Siu,https://orcid.org/0000-0002-3500-0540,University Health Network,CA,1301,41695
Li D,https://orcid.org/0000-0002-4990-724X,Kunming Institute of Botany,CN,1301,32181
M. E. Sevior,https://orcid.org/0000-0002-4824-101X,Twitter (United States),US,1301,56790
Hans Gelderblom,https://orcid.org/0000-0001-9270-8636,Leiden University Medical Center,NL,1301,53895
Margaret Torn,https://orcid.org/0000-0002-8174-0099,Lawrence Berkeley National Laboratory,US,1301,38334
Chen‐Ho Tung,https://orcid.org/0000-0001-9999-9755,Shandong University,CN,1301,62516
Howard I. Maibach,,Memorial University of Newfoundland,CA,1301,38054
Sang Bae Lee,https://orcid.org/0000-0002-1107-0341,Yonsei University Dental Hospital,KR,1301,4249
James R. Cerhan,https://orcid.org/0000-0002-7482-178X,Mayo Clinic,US,1301,56144
Matti Haukka,https://orcid.org/0000-0002-6744-7208,,,1300,14666
Jon Rokne,https://orcid.org/0000-0002-3439-2917,University of Calgary,CA,1300,6764
B. Sciascia,https://orcid.org/0000-0003-0670-006X,"Istituto Nazionale di Fisica Nucleare, Laboratori Nazionali di Frascati",IT,1300,45635
M. Losada,https://orcid.org/0000-0001-8374-5806,New York University,US,1300,97640
Erasmo Carrera,https://orcid.org/0000-0002-6911-7763,Ningbo University,CN,1300,35708
G. Gaycken,https://orcid.org/0000-0002-2941-9257,University of British Columbia,CA,1300,63600
Timothy J Wilt,https://orcid.org/0000-0002-6019-7779,University of Minnesota,US,1300,45332
David J. Brooks,https://orcid.org/0000-0003-2602-2518,Aarhus University Hospital,DK,1300,105482
P. Koppenburg,https://orcid.org/0000-0001-8614-7203,Kharkiv Institute of Physics and Technology,UA,1300,54036
Lin Zhang,https://orcid.org/0000-0003-0018-3903,University of Southern California,US,1300,57855
A. Cortes-Gonzalez,https://orcid.org/0000-0002-3279-3370,The University of Tokyo,JP,1300,90868
Alex Tullo﻿,,,,1300,689
Gavin Giovannoni,https://orcid.org/0000-0001-9995-1700,Queen Mary University of London,GB,1299,43640
G. Groeseneken,https://orcid.org/0000-0003-3763-2098,IMEC,BE,1299,30995
Hiroshi Funakubo,https://orcid.org/0000-0002-1106-200X,Tokyo Institute of Technology,JP,1299,15892
Yang Wang,https://orcid.org/0000-0003-2540-2199,Green Chemistry,PL,1299,4738
Lutz H. Gade,https://orcid.org/0000-0002-7107-8169,Heidelberg University,DE,1299,15583
Pascal Delwit,https://orcid.org/0000-0002-0076-9376,Université Libre de Bruxelles,BE,1299,949
Klaus‐Peter Lesch,https://orcid.org/0000-0001-8348-153X,Universitätsklinikum Würzburg,DE,1299,69210
John F. Cryan,https://orcid.org/0000-0001-5887-2723,University College Cork,IE,1299,118375
William J. Gradishar,https://orcid.org/0000-0002-2772-3140,Northwestern University,US,1299,32201
S. Salur,https://orcid.org/0000-0002-4995-9285,"Rutgers, The State University of New Jersey",US,1299,74325
Xinping Guan,https://orcid.org/0000-0003-1858-8538,Ministry of Education of the People's Republic of China,CN,1299,27404
M. Veltri,https://orcid.org/0000-0001-7917-9661,University of Urbino,IT,1299,49356
William J. Kraemer,https://orcid.org/0000-0002-6907-0264,The Ohio State University,US,1298,66122
A. Policicchio,https://orcid.org/0000-0002-1290-220X,NTT (Italy),IT,1298,101552
A. Castaneda Hernandez,https://orcid.org/0000-0003-4766-1546,Universidad de Sonora,MX,1298,71551
Colin Berry,https://orcid.org/0000-0002-4547-8636,Golden Jubilee National Hospital,GB,1298,48717
M. Levchenko,https://orcid.org/0000-0002-5495-0656,University of Cambridge,GB,1298,61846
Sifeng Liu,https://orcid.org/0000-0002-5872-9457,Tongji University,CN,1298,16863
A Mortazavi,https://orcid.org/0000-0002-4259-6362,"University of California, Irvine",US,1298,64913
Charlotte E. Teunissen,https://orcid.org/0000-0002-4061-0837,Radboud University Nijmegen,NL,1298,60106
A. Zabi,https://orcid.org/0000-0002-7214-0673,Centre National de la Recherche Scientifique,FR,1298,69365
Cui Cui,,First Hospital of China Medical University,CN,1298,1814
Gilles LAVERNY,https://orcid.org/0000-0002-2666-6877,International Space University,FR,1298,2564
Zhi Yang,https://orcid.org/0000-0002-9641-4077,Sinopec (China),CN,1297,12040
Jean‐Yves Scoazec,https://orcid.org/0000-0003-1604-6823,Inserm,FR,1297,34177
Robert Howard,https://orcid.org/0000-0002-3071-2338,North East London NHS Foundation Trust,GB,1297,65032
Andrew T. Hattersley,https://orcid.org/0000-0001-5620-473X,University of Exeter,GB,1297,124238
S. Vecchi,https://orcid.org/0000-0002-4311-3166,"Istituto Nazionale di Fisica Nucleare, Sezione di Ferrara",IT,1297,46464
Zachary Lewis,,,,1297,0
Liang Li,https://orcid.org/0000-0003-0708-7762,Tianjin University of Technology,CN,1297,48099
Richard White,https://orcid.org/0000-0002-2370-4575,Environmental Molecular Sciences Laboratory,US,1297,4575
Martin S. Tallman,https://orcid.org/0000-0002-4367-6102,Midwestern University,US,1296,90202
P. Ilten,https://orcid.org/0000-0001-5534-1732,University of Cincinnati,US,1296,51396
김윤정,,,,1296,170
Bo B. Iversen,https://orcid.org/0000-0002-4632-1024,Aarhus University,DK,1296,27750
S. Pagan Griso,https://orcid.org/0000-0003-0999-5019,Lawrence Berkeley National Laboratory,US,1296,83309
Jordi Sunyer,https://orcid.org/0000-0002-2602-4110,Universitat Pompeu Fabra,ES,1296,87432
A. Sarti,https://orcid.org/0000-0001-5419-7951,Centre National de la Recherche Scientifique,FR,1296,48858
Michael W. Kattan,https://orcid.org/0000-0002-3840-4161,Cleveland Clinic,US,1296,77282
Dario Farina,https://orcid.org/0000-0002-7883-2697,Imperial Valley College,US,1296,52415
B. Żabiński,https://orcid.org/0000-0001-5626-0993,Shanghai Jiao Tong University,CN,1296,78092
Roel Baets,https://orcid.org/0000-0003-1266-1319,Ghent University,BE,1296,30121
James Kelvin,https://orcid.org/0000-0001-8030-6728,Georgia Institute of Technology,US,1296,85
Liang Gao,https://orcid.org/0000-0002-1485-0722,Beijing Jiaotong University,CN,1295,46603
Kenneth Kemner,https://orcid.org/0000-0002-1409-8542,Argonne National Laboratory,US,1295,10616
S. Braibant-Giacomelli,https://orcid.org/0000-0003-2419-7971,Institute of High Energy Physics,AT,1295,102781
Liang Chen,https://orcid.org/0000-0001-7371-3130,Qingdao Agricultural University,CN,1295,26156
Ahmed Alsaedi,https://orcid.org/0000-0003-3452-8922,King Abdulaziz University,SA,1295,59308
Frank Lehmann‐Horn,,Universität Ulm,DE,1295,11236
Weijun Qian,https://orcid.org/0000-0002-5393-2827,Pacific Northwest National Laboratory,US,1295,0
P. Sommer,https://orcid.org/0000-0003-1703-7304,NYU Langone Health,US,1294,61363
Marco Keiluweit,https://orcid.org/0000-0002-7061-8346,University of Lausanne,CH,1294,14368
Matt Wedel,https://orcid.org/0000-0001-6082-3103,,,1294,1685
Herschel Rabitz,https://orcid.org/0000-0002-4433-6142,Princeton University,US,1294,41407
Junhao Chu,https://orcid.org/0000-0003-1867-9296,Fudan University,CN,1294,34126
T. I. Gombosi,https://orcid.org/0000-0001-9360-4951,University of Michigan,US,1294,27863
Ahmed Al‐Harrasi,https://orcid.org/0000-0002-0815-5942,Universidade Estadual de Maringá,BR,1294,21537
J. Albrecht,https://orcid.org/0000-0001-8636-1621,University of Freiburg,DE,1294,46066
Jie Zhou,https://orcid.org/0000-0001-7701-234X,Xi'an University of Science and Technology,CN,1294,36385
Yue Hao,https://orcid.org/0000-0002-8081-2919,Xidian University,CN,1294,18186
I. Vai,https://orcid.org/0000-0003-0037-5032,University of Pavia,IT,1294,46585
D. Kirkby,https://orcid.org/0000-0002-8828-5463,"University of California, Irvine",US,1293,92219
César A. Moran,https://orcid.org/0000-0003-1158-5713,The University of Texas MD Anderson Cancer Center,US,1293,61560
Serge Gauthier,https://orcid.org/0000-0003-4272-3330,Montreal Neurological Institute and Hospital,CA,1293,86132
Peter N. Horton,https://orcid.org/0000-0001-8886-2016,University of Southampton,GB,1293,8171
P. E. Karchin,https://orcid.org/0000-0003-1284-3470,Wayne State College,US,1293,63763
J. Silvio Gutkind,https://orcid.org/0000-0002-5150-4482,University of California San Diego,US,1293,67526
He Tian,https://orcid.org/0000-0003-3547-7485,East China University of Science and Technology,CN,1293,83099
이상헌,,Korea University,KR,1293,117
J. Demaison,https://orcid.org/0000-0002-0228-6626,Université de Lille,FR,1293,9010
Alexander S. Novikov,https://orcid.org/0000-0001-9913-5324,St Petersburg University,RU,1293,9323
Giuseppe Argenziano,https://orcid.org/0000-0003-1413-8214,"University of Campania ""Luigi Vanvitelli""",IT,1293,34737
Robert L. Ferris,https://orcid.org/0000-0001-6605-2071,University of North Carolina at Chapel Hill,US,1293,57292
Jie Chen,https://orcid.org/0000-0003-2449-9793,Beijing Institute of Technology,CN,1293,21836
Sanjay Sharma,https://orcid.org/0000-0003-3951-7560,International Management Institute,IN,1293,37164
Special Collections,,,,1293,0
the able Antiquities of the Netherlands,,,,1293,0
Reiner Anwander,https://orcid.org/0000-0002-1543-3787,University of Tübingen,DE,1292,12066
Bill Cannon,,Pacific Northwest National Laboratory,US,1292,135
Hermenegildo Garcı́a,https://orcid.org/0000-0002-9664-493X,Universitat Jaume I,ES,1292,80811
Amir Lerman,https://orcid.org/0000-0002-9446-5313,Mayo Clinic,US,1292,76041
Ravi Misra,https://orcid.org/0000-0002-1352-4378,University of Rochester Medical Center,US,1292,3179
Trevor J. Pugh,https://orcid.org/0000-0002-8073-5888,Ontario Institute for Cancer Research,CA,1292,44558
Ian Pavord,https://orcid.org/0000-0002-4288-5973,Nuffield Orthopaedic Centre,GB,1292,70469
J. F. Schulte,https://orcid.org/0000-0003-4421-680X,Purdue University Northwest,US,1292,46839
B. Giacobbe,https://orcid.org/0000-0002-3789-7259,University of Arizona,US,1292,105115
L. Lanceri,https://orcid.org/0000-0001-8220-3095,Twitter (United States),US,1292,41287
Yoshiaki Nakano,https://orcid.org/0000-0002-2713-9542,Toyota Technological Institute,JP,1291,10488
Dick Tibboel,https://orcid.org/0000-0003-4331-5398,,,1291,48567
Katsuhiko Ariga,https://orcid.org/0000-0002-2445-2955,Tokyo University of Science,JP,1291,65128
Xavier Montalbán,https://orcid.org/0000-0002-0098-9918,Universitat de Vic - Universitat Central de Catalunya,ES,1291,90213
P. Giromini,https://orcid.org/0000-0003-0276-287X,,,1291,68628
Gilwoo Lee,,University of Washington,US,1291,330
K. A. Ulmer,https://orcid.org/0000-0001-6875-9177,University of Colorado Boulder,US,1291,61219
Iain B. McInnes,https://orcid.org/0000-0002-6462-4280,,,1291,104805
Michael R. Wasielewski,https://orcid.org/0000-0003-2920-5440,Northwestern University,US,1291,73139
Wang Man Ping,,University of Hong Kong,HK,1291,25
Alexandre N. Sobolev,https://orcid.org/0000-0003-3290-2044,The University of Western Australia,AU,1291,4546
Thomas J. Meyer,https://orcid.org/0000-0002-7006-2608,Lockheed Martin (United States),US,1291,79813
M. Mannelli,https://orcid.org/0000-0003-3748-8946,European Organization for Nuclear Research,CH,1291,63404
R. Kinnunen,,Helsinki Institute of Physics,FI,1291,93347
V. Croft,https://orcid.org/0000-0002-8731-4525,National Institute for Subatomic Physics,NL,1291,62998
Bruno Pastre Máximo,,,,1291,0
Tsutomu Suzuki,https://orcid.org/0000-0002-9731-1731,Osaka Women's and Children's Hospital,JP,1290,44757
Christoph Wanner,https://orcid.org/0000-0001-9507-5301,Universitätsklinikum Würzburg,DE,1290,104418
Antônio Lúcio Teixeira,https://orcid.org/0000-0002-9621-5422,The University of Texas at San Antonio Health Science Center,US,1290,34129
Clifton D. Fuller,https://orcid.org/0000-0002-5264-3994,The University of Texas MD Anderson Cancer Center,US,1290,20815
Yuji Naito,https://orcid.org/0000-0001-5443-788X,Kyoto Prefectural University of Medicine,JP,1290,32216
Yoshua Bengio,https://orcid.org/0000-0002-9322-3515,Centre Universitaire de Mila,DZ,1290,475372
Zheng Li,https://orcid.org/0000-0002-1518-5605,Xi'an University of Science and Technology,CN,1290,21563
Boxue Du,https://orcid.org/0000-0002-7500-1134,Griffith University,AU,1290,12902
F. Fiori,https://orcid.org/0000-0001-8770-9343,University of Pisa,IT,1290,99699
William Petersen,https://orcid.org/0009-0007-6946-9404,Environmental Molecular Sciences Laboratory,US,1290,968
Rebecca Abney,https://orcid.org/0000-0001-5504-6282,,,1290,0
LIU Li,,,,1289,82
Robert McSorley,,University of Florida,US,1289,6600
Daniele L. Pinti,https://orcid.org/0000-0001-7341-4448,Université du Québec à Montréal,CA,1289,10491
M. Sessa,https://orcid.org/0000-0002-1402-7525,University of Rome Tor Vergata,IT,1289,52143
Leticia Olvera,,,,1289,5
E. Khramov,https://orcid.org/0000-0001-7400-6454,Joint Institute for Nuclear Research,RU,1289,106948
Dimitrios Tzovaras,https://orcid.org/0000-0001-6915-6722,Information Technologies Institute,GR,1289,15794
Albert D. M. E. Osterhaus,https://orcid.org/0000-0002-6074-1172,"University of Veterinary Medicine Hannover, Foundation",DE,1288,113561
Liam Smeeth,https://orcid.org/0000-0002-9168-6022,London School of Hygiene & Tropical Medicine,GB,1288,103760
Şakire Pöğün,https://orcid.org/0000-0003-1758-2425,,,1288,2719
한천구,,,,1288,22
Daniel J. Weisdorf,https://orcid.org/0000-0001-8078-8579,University of Minnesota,US,1288,76945
Jian Zhang,https://orcid.org/0000-0001-6791-8949,Chinese Academy of Sciences,CN,1288,14220
Tao Li,https://orcid.org/0000-0003-3831-901X,Zhejiang Chinese Medical University,CN,1288,39932
T. K. Aarrestad,https://orcid.org/0000-0002-7671-243X,Board of the Swiss Federal Institutes of Technology,CH,1288,46561
A. Bocci,,European Organization for Nuclear Research,CH,1288,115547
Buxing Han,https://orcid.org/0000-0003-0440-809X,Chinese Academy of Sciences,CN,1288,67655
Alfredo Falcone,https://orcid.org/0000-0001-5840-2529,University of Pisa,IT,1287,42459
Frank Glorius,https://orcid.org/0000-0002-0648-956X,University of Münster,DE,1287,85967
Peter C. Austin,https://orcid.org/0000-0003-3337-233X,Sunnybrook Health Science Centre,CA,1287,110421
Ian Tomlinson,https://orcid.org/0000-0003-3037-1470,University of Oxford,GB,1287,62500
Samuel G. Siris,,Albert Einstein College of Medicine,US,1287,6828
C. David,https://orcid.org/0000-0002-1794-1443,Fermi National Accelerator Laboratory,US,1287,69628
Courtney Scott,https://orcid.org/0009-0006-0608-3945,,,1287,0
Juan Moisés de la Serna de la Serna,https://orcid.org/0000-0002-8401-8018,,,1287,0
R. Goldouzian,https://orcid.org/0000-0002-0295-249X,University of Notre Dame,US,1286,50470
L. Garrido,https://orcid.org/0000-0001-8883-6539,Universitat de Barcelona,ES,1286,46826
William H. Frishman,https://orcid.org/0000-0002-2458-4480,Westchester Medical Center,US,1286,29804
G. Busetto,https://orcid.org/0000-0002-2687-6380,University of Padua,IT,1286,62839
Robert W. Heath,https://orcid.org/0000-0002-4666-5628,University of California San Diego,US,1286,76247
이진희,,,,1286,187
Peter B. Reich,https://orcid.org/0000-0003-4424-662X,University of Minnesota,US,1286,185192
Zhang Xiao Ping,,,,1286,44
Ron D. Hays,https://orcid.org/0000-0001-6697-907X,RAND Corporation,US,1286,94803
D. Wright,https://orcid.org/0000-0002-3586-3354,,,1286,96175
A. J. Castro‐Tirado,https://orcid.org/0000-0003-2999-3563,Instituto de Astrofísica de Andalucía,ES,1286,19526
Adel K. El‐Naggar,https://orcid.org/0000-0002-7175-9466,,,1286,79406
D. K. Ferry,https://orcid.org/0000-0002-0942-8033,Arizona State University,US,1286,21296
O. Steinkamp,https://orcid.org/0000-0001-7055-6467,University of Zurich,CH,1286,46730
Ray L. Frost,,Queensland University of Technology,AU,1286,45384
Don Daniels,,,,1286,0
M. Krämer,https://orcid.org/0000-0002-7615-7499,RWTH Aachen University,DE,1285,66187
S. G. Djorgovski,https://orcid.org/0000-0002-0603-3087,California Institute of Technology,US,1285,29090
F. Pantaleo,https://orcid.org/0000-0003-3266-4357,European Organization for Nuclear Research,CH,1285,45674
Dimitrios Samonakis,https://orcid.org/0000-0003-0418-4620,University of Crete,GR,1285,2406
Carsten Denkert,https://orcid.org/0000-0002-2249-0982,Goethe University Frankfurt,DE,1285,71409
Darbi Griffith,,Wright State University,US,1285,97
Chang Ming Li,https://orcid.org/0000-0002-4041-2574,Hainan Normal University,CN,1285,68207
T. R. Holmes,https://orcid.org/0000-0002-3959-5174,University of Tennessee System,US,1285,65256
Leonid Dubrovinsky,https://orcid.org/0000-0002-3717-7585,Bayerisches Landesamt für Umwelt,DE,1285,23212
Sheng,,Peking University,CN,1285,2399
Heribert Schunkert,https://orcid.org/0000-0001-6428-3001,TUM Klinikum,DE,1284,106189
Nicole Edgar,,Queen Elizabeth University Hospital,GB,1284,2253
Po‐Ren Hsueh,https://orcid.org/0000-0002-7502-9225,Capital Medical University,CN,1284,60497
Gıancarlo Comı,https://orcid.org/0000-0002-6989-1054,Vita-Salute San Raffaele University,IT,1284,68535
E. Smith,https://orcid.org/0000-0002-9740-0574,University of Manchester,GB,1284,53845
Kenneth B. Storey,https://orcid.org/0000-0002-7363-1853,Carleton University,CA,1284,45856
Kenneth A. Jacobson,https://orcid.org/0000-0001-8104-1493,National Institutes of Health,US,1284,65840
Ho Kim,https://orcid.org/0000-0001-7472-3752,Ulsan College,KR,1284,45144
Li Li,https://orcid.org/0000-0002-7907-9414,Qingdao University,CN,1284,22968
A.G. Orpen,,,,1284,32673
Wu .,,,,1284,2397
Richard S. Houlston,https://orcid.org/0000-0002-5268-0242,Institute of Cancer Research,GB,1283,62596
Daoben Zhu,https://orcid.org/0000-0002-6354-940X,Chinese Academy of Sciences,CN,1283,95227
JinYeong Bak,https://orcid.org/0000-0002-3212-5241,Sungkyunkwan University,KR,1283,1115
Liu Jing Ping,,,,1283,94
Philippe Lambin,https://orcid.org/0000-0001-7961-0191,Maastricht University,NL,1283,71859
Yiu‐Wing Mai,https://orcid.org/0000-0002-9141-2793,Tongji University,CN,1283,61932
Z. M. Karpova,https://orcid.org/0000-0003-0254-4629,Laboratoire de Physique Nucléaire et de Hautes Énergies,FR,1283,60176
Tomek J Banasikowski,,Providence Health Care,CA,1282,1209
Ashok Pandey,https://orcid.org/0000-0003-1626-3529,Madan Mohan Malaviya University of Technology,IN,1282,76452
김정숙,,,,1282,197
Walter Thiel,https://orcid.org/0000-0001-6780-0350,Max-Planck-Institut für Kohlenforschung,DE,1282,57704
Bin Chen,https://orcid.org/0000-0002-8608-4131,Chinese Academy of Medical Sciences & Peking Union Medical College,CN,1282,3536
Dietmar Fuchs,https://orcid.org/0000-0003-1627-9563,Innsbruck Medical University,AT,1282,42062
J. J. Kempster,https://orcid.org/0000-0003-4168-3373,University of Sussex,GB,1282,61532
David E. Neal,https://orcid.org/0000-0002-6033-5086,,,1282,68179
Zev Rosenwaks,,Cornell University,US,1282,34155
Yoichi IKEGAMI,,,,1282,0
Moshe Talpaz,https://orcid.org/0000-0003-3361-3981,University of Michigan,US,1281,73743
M. Margoni,https://orcid.org/0000-0003-1797-4330,University of Padua,IT,1281,39931
Ruben A. Mesa,https://orcid.org/0000-0001-5880-7972,Atrium Health Wake Forest Baptist,US,1281,46232
Michael Bäder,https://orcid.org/0000-0003-4780-4164,Max Delbrück Center,DE,1281,49611
Frank W. Heinemann,https://orcid.org/0000-0002-9007-8404,Friedrich-Alexander-Universität Erlangen-Nürnberg,DE,1281,16935
Patricia LoRusso,https://orcid.org/0000-0001-7144-036X,Yale Cancer Center,US,1281,34990
Pedro Rosa‐Neto,https://orcid.org/0000-0001-9116-1376,Montreal Neurological Institute and Hospital,CA,1281,35410
K. Goulianos,https://orcid.org/0000-0002-6230-9535,,,1281,64144
Na Li,https://orcid.org/0000-0002-0404-6431,Kunming University of Science and Technology,CN,1281,24797
C. M. Delitzsch,https://orcid.org/0000-0001-7021-3333,TU Dortmund University,DE,1281,63515
Lionel Stange,,Florida State Collection of Arthropods,US,1280,768
Sean Parkin,https://orcid.org/0000-0001-5777-3918,University of Kentucky,US,1280,19904
John D. Potter,https://orcid.org/0000-0001-5439-1500,University of Washington,US,1280,84930
Aboul Ella Hassanien,https://orcid.org/0000-0002-9989-6681,Cairo University,EG,1280,35696
Min Wang,https://orcid.org/0000-0002-6495-5637,Twelfth Guangzhou City People's Hospital,CN,1280,24446
R. Schwienhorst,https://orcid.org/0000-0001-6348-5410,University of Michigan,US,1280,58169
Diana Carolina,,,,1280,172
Schahram Dustdar,https://orcid.org/0000-0001-6872-8821,Institució Catalana de Recerca i Estudis Avançats,ES,1279,38320
Wen Gao,https://orcid.org/0000-0002-8070-802X,Hangzhou Normal University,CN,1279,34935
Ju H. Park,https://orcid.org/0000-0002-0218-2333,Yeungnam University,KR,1279,49314
M. Eric Gershwin,https://orcid.org/0000-0001-5245-2680,University of California Davis Medical Center,US,1279,56547
Geoffrey A. Donnan,https://orcid.org/0000-0001-6324-3403,The Royal Melbourne Hospital,AU,1279,101107
Sabine Van Huffel,https://orcid.org/0000-0001-5939-0996,Fluvius (Belgium),BE,1279,34616
A. Rozanov,https://orcid.org/0000-0003-0504-1453,Universitat de València,ES,1279,61130
Mark P. Mattson,https://orcid.org/0000-0002-9816-4155,Johns Hopkins University,US,1279,174858
Liu Z,https://orcid.org/0000-0002-9199-6493,Dongseo University,KR,1279,1018
Yang Ren,https://orcid.org/0000-0001-9831-6035,City University of Hong Kong,HK,1279,60133
Akira Yoshikawa,https://orcid.org/0000-0002-8383-1656,Miyagi University of Education,JP,1279,20254
First World War Poetry Digital Archive Project Team,,,,1279,0
Saeid Nahavandi,https://orcid.org/0000-0002-0360-5270,Swinburne University of Technology,AU,1278,38467
Thorsten Bach,https://orcid.org/0000-0002-1342-0202,Institute of Catalysis and Petrochemistry,RU,1278,21299
Bradford J. Wood,https://orcid.org/0000-0002-4297-0051,National Institutes of Health,US,1278,41343
Otto Braun‐Falco,,,,1278,19051
Xavier Querol,https://orcid.org/0000-0002-6549-9899,Consejo Superior de Investigaciones Científicas,ES,1278,72764
S. R. Kulkarni,https://orcid.org/0000-0001-5390-8563,California Institute of Technology,US,1278,66175
Harry B. Gray,https://orcid.org/0000-0002-7937-7876,California Institute of Technology,US,1278,64518
Gerd Plewig,https://orcid.org/0000-0003-3338-4330,,,1278,20068
Jun Yao,https://orcid.org/0000-0003-2682-8650,Fudan University,CN,1278,21843
Quan Xue,https://orcid.org/0000-0002-4226-2127,Key Laboratory of Guangdong Province,CN,1278,25619
Editorial Board,,,,1278,221
Eleanor Ridge,,,,1278,0
Guy A. Rouleau,https://orcid.org/0000-0001-8403-1418,Montreal Neurological Institute and Hospital,CA,1277,96420
Verity J. Brown,https://orcid.org/0000-0001-5762-1797,Animal and Plant Health Inspection Service,US,1277,8886
Peter Ilich Tchaikovsky,,,,1277,60
Vincent W. V. Jaddoe,https://orcid.org/0000-0003-2939-0041,Erasmus MC,NL,1277,70349
P. Hamal,https://orcid.org/0000-0003-3139-7234,"Czech Academy of Sciences, Institute of Sociology",CZ,1277,90056
S.K. Burley,https://orcid.org/0000-0002-2487-9713,"Rutgers, The State University of New Jersey",US,1277,53734
Henning Tiemeier,https://orcid.org/0000-0002-4395-1397,Centers for Disease Control and Prevention,US,1277,90629
Robert Louis Stevenson,https://orcid.org/0000-0002-2701-8249,University of Notre Dame,US,1277,6950
Anne Greenough,https://orcid.org/0000-0002-8672-5349,King's College London,GB,1277,26231
Zhen Li,https://orcid.org/0000-0001-8037-4245,Hong Kong Baptist University,HK,1277,18743
Feng Chen,https://orcid.org/0000-0002-9054-943X,Nanjing Forestry University,CN,1277,55536
Bin He,https://orcid.org/0000-0003-2944-8602,Tongji University,CN,1277,29379
Jie Li,https://orcid.org/0000-0002-4366-7724,Harbin University of Science and Technology,CN,1277,15099
Y. Xie,https://orcid.org/0000-0001-5012-4069,Shandong University,CN,1277,58749
Sport Careers,,,,1276,2
Mohammad Reza Zali,https://orcid.org/0000-0002-9027-4560,Entrepreneurial Ecosystems,US,1276,21176
Takanori Fukushima,https://orcid.org/0000-0001-5586-9238,Integrated Oncology (United States),US,1276,26619
Douglas Kondziolka,https://orcid.org/0000-0001-8925-7344,NYU Langone Health,US,1276,55527
George A. Wells,https://orcid.org/0000-0002-2289-9139,University of Ottawa,CA,1276,165044
Stephen L. Buchwald,https://orcid.org/0000-0003-3875-4775,Massachusetts Institute of Technology,US,1276,108373
Ning Liu,https://orcid.org/0000-0002-4744-7286,Sinopec (China),CN,1276,6784
A. Amorim,https://orcid.org/0000-0003-0638-2321,University of Lisbon,PT,1276,107259
Peter Lönnecke,https://orcid.org/0000-0003-1335-0897,Leipzig University,DE,1276,4856
T. Don Tilley,https://orcid.org/0000-0002-6671-9099,"University of California, Berkeley",US,1276,29603
D. Calvet,https://orcid.org/0000-0002-9953-5333,Université Clermont Auvergne,FR,1276,79325
Nayoung Kim,https://orcid.org/0000-0002-9397-0406,Sogang University,KR,1276,28266
R. Cenci,https://orcid.org/0000-0002-6939-6846,,,1276,52361
A.J.P. White,,University of Wyoming,US,1276,603
Günter Weiß,https://orcid.org/0000-0003-0709-2158,Innsbruck Medical University,AT,1275,35994
Thomas E. Witzig,https://orcid.org/0000-0002-4215-6500,Mayo Clinic,US,1275,62787
Jae‐Joong Kim,https://orcid.org/0000-0002-2714-2282,Inje University,KR,1275,14010
M. Calvo Gomez,https://orcid.org/0000-0001-5588-1448,Institut polytechnique de Grenoble,FR,1275,45825
Xian‐He Bu,https://orcid.org/0000-0002-2646-7974,Nankai University,CN,1275,42896
Jeffrey Johnson,https://orcid.org/0000-0001-8290-2857,Dakota State University,US,1275,33079
P. Wurz,https://orcid.org/0000-0002-2603-1169,University of Bern,CH,1275,23697
M. Delcourt,https://orcid.org/0000-0001-8206-1787,Vrije Universiteit Brussel,BE,1275,38878
Lei Lei,https://orcid.org/0000-0002-9144-0559,Central South University,CN,1275,6789
S. Pospı́šil,https://orcid.org/0000-0001-5424-9096,Czech Technical University in Prague,CZ,1275,47582
F. M. Giorgi,https://orcid.org/0000-0003-1589-2163,"Istituto Nazionale di Fisica Nucleare, Sezione di Bologna",IT,1275,101654
Y. Zhang,https://orcid.org/0000-0002-4554-2554,Shandong University,CN,1275,46364
Victor R. Preedy,https://orcid.org/0000-0003-3272-5244,King's College London,GB,1275,14196
Thomas R. E. Barnes,https://orcid.org/0000-0002-2324-656X,,,1274,25075
Susumu Kitagawa,https://orcid.org/0000-0001-6956-9543,Kyoto University,JP,1274,99773
Andreas Herrmann,https://orcid.org/0000-0002-8886-0894,DWI – Leibniz Institute for Interactive Materials,DE,1274,39623
Martin A. Green,https://orcid.org/0000-0002-8860-396X,UNSW Sydney,AU,1274,102052
Lawrence O. Gostin,https://orcid.org/0000-0001-5286-4044,World Health Organization - Pakistan,PK,1274,31249
Hiroyuki Daida,https://orcid.org/0000-0002-3867-0961,Juntendo University,JP,1274,23483
이선희,,,,1274,257
Seiji Shinkai,,,,1274,57955
Hans Pritzkow,,,,1274,14210
Hiromi TAKAHASHI,,National Institute for Fusion Science,JP,1274,0
Lauren Vega,https://orcid.org/0009-0005-8814-191X,Environmental Molecular Sciences Laboratory,US,1274,0
Elaine Winston,https://orcid.org/0000-0001-9065-6633,Center for Astrophysics Harvard & Smithsonian,US,1273,1818
Marc A. Rosen,https://orcid.org/0000-0002-6559-0094,Ontario Tech University,CA,1273,59233
M. Maggiora,https://orcid.org/0000-0003-4143-9127,Twitter (United States),US,1273,23339
F. De Mori,https://orcid.org/0000-0002-3951-272X,Piedmont Reference Center for Epidemiology and Cancer Prevention,IT,1273,18222
Jason C Woodworth,https://orcid.org/0000-0001-7268-4278,Kansas State University,US,1273,5327
Masaharu Nishimura,https://orcid.org/0000-0002-6456-4361,Hokkaido Institute of Public Health,JP,1273,44764
Fritz Klocke,,RWTH Aachen University,DE,1273,22369
Alessandro Padovani,https://orcid.org/0000-0002-0119-3639,University of Padua,IT,1273,50549
Bahram Javidi,https://orcid.org/0000-0002-3612-2873,University of Connecticut,US,1273,35020
C. Caputo,https://orcid.org/0000-0001-7522-4808,UCLouvain,BE,1273,46420
Li Wang,https://orcid.org/0000-0002-9615-1879,Chongqing University of Posts and Telecommunications,CN,1273,45391
Kun Wang,https://orcid.org/0000-0003-2513-768X,Shandong Institute of Automation,CN,1273,33709
Liu W,,North Sichuan Medical University,CN,1273,1254
D. Petyt,https://orcid.org/0000-0002-2369-4469,Rutherford Appleton Laboratory,GB,1273,81508
D. Cline,,Auburn University,US,1273,47650
Zhang,,South China Agricultural University,CN,1273,2228
T. S. Patrick,,University of North Carolina at Chapel Hill,US,1273,787
Philip J. Cowen,https://orcid.org/0000-0001-5518-6138,Oxford Health NHS Foundation Trust,GB,1272,43292
‎Josip Pečarić,https://orcid.org/0000-0002-5510-2085,Croatian Academy of Sciences and Arts,HR,1272,12999
R. Pedro,https://orcid.org/0000-0002-7139-9587,LIP - Laboratory of Instrumentation and Experimental Particle Physics,PT,1272,64570
Sterling C. Johnson,https://orcid.org/0000-0002-8501-545X,University of Wisconsin System,US,1272,51579
James G. Scott,https://orcid.org/0000-0002-0744-0688,The University of Queensland,AU,1272,134817
Wen G. Jiang,https://orcid.org/0000-0002-3283-1111,Shandong Center for Disease Control and Prevention,CN,1272,34148
L. N. Smirnova,https://orcid.org/0000-0002-0447-2975,"University of California, Irvine",US,1272,74925
Sarah Fansler,https://orcid.org/0000-0003-4190-907X,Pacific Northwest National Laboratory,US,1272,0
Graeme J. Hankey,https://orcid.org/0000-0002-6044-7328,The University of Western Australia,AU,1271,309068
J. E. M. Robinson,https://orcid.org/0000-0002-2856-9413,North-West University,ZA,1271,95971
N. Van Remortel,https://orcid.org/0000-0003-4180-8199,University of Antwerp,BE,1271,87553
张 琪,,Harbin Medical University,CN,1271,59
A. Petrov,https://orcid.org/0009-0003-8899-1514,SurgOne Foregut Institute,US,1271,37967
C.P.G.M. de Groot,https://orcid.org/0000-0003-2778-2789,Queen's University Belfast,GB,1271,47932
N. Besson,https://orcid.org/0000-0001-9248-6252,,,1271,108771
Dieter Schollmeyer,,Johannes Gutenberg University Mainz,DE,1271,10531
Francisco Chinesta,,Arts et Métiers,FR,1271,10640
Suzanne H. Mitchell,https://orcid.org/0000-0002-0225-7200,Oregon Health & Science University,US,1271,8571
Karin Jurkat‐Rott,,Universität Ulm,DE,1271,7647
Xia Li,https://orcid.org/0000-0003-3050-8529,Nanyang Technological University,SG,1271,38310
Liang Wang,https://orcid.org/0000-0002-5247-6727,American Pharmacists Association,US,1271,25554
F. Özok,https://orcid.org/0000-0001-9630-7362,Mimar Sinan Güzel Sanatlar Üniversitesi,TR,1271,95127
E. Brost,https://orcid.org/0000-0002-6800-9808,Brookhaven National Laboratory,US,1271,67634
Huang,,,,1271,1976
"Fernández Diéguez, Eladio, 1865-1935",,,,1271,0
GBIF.org User,,,,1271,0
Nora D. Volkow,https://orcid.org/0000-0001-6668-0908,National Institutes of Health,US,1270,135762
Jun Ren,https://orcid.org/0000-0002-0275-0783,Sun Yat-sen University,CN,1270,65806
Arjun Sahgal,https://orcid.org/0000-0001-7991-8970,Sunnybrook Health Science Centre,CA,1270,36006
P. Branchini,https://orcid.org/0000-0002-2270-9673,Twitter (United States),US,1270,62135
L. Benato,https://orcid.org/0000-0001-5135-7489,Institute of High Energy Physics,AT,1270,43156
C. Gotti,https://orcid.org/0000-0003-2501-9608,"Istituto Nazionale di Fisica Nucleare, Sezione di Milano Bicocca",IT,1270,38015
Eric P. Hoffman,https://orcid.org/0000-0001-6470-5139,Binghamton University,US,1270,54934
Fernando J. Martínez,https://orcid.org/0000-0002-2412-3182,University of Massachusetts Chan Medical School,US,1270,140540
John Tobin,https://orcid.org/0000-0002-6195-0152,National Radio Astronomy Observatory,US,1269,9648
Klaus Scheffler,https://orcid.org/0000-0001-6316-8773,Max Planck Institute for Biological Cybernetics,DE,1269,22439
David A. Weitz,https://orcid.org/0000-0001-6678-5208,Harvard University,US,1269,130463
pTools,,,,1269,362
H. Kurashige,https://orcid.org/0000-0003-3932-016X,Kobe University,JP,1269,109533
B. Mohanty,https://orcid.org/0000-0001-9610-2914,National Federation of the Blind,US,1269,72460
Jacky W. Y. Lam,https://orcid.org/0000-0001-5754-1703,Hong Kong University of Science and Technology,HK,1269,115242
Marcus Foston,https://orcid.org/0000-0002-4227-0362,Washington University in St. Louis,US,1269,5525
Zhu Zhu,https://orcid.org/0009-0001-1182-7375,Fujian Normal University,CN,1269,2429
Jörg Neugebauer,https://orcid.org/0000-0002-7903-2472,Max-Planck-Institut für Nachhaltige Materialien,DE,1268,45958
박성진,,,,1268,259
Jeng‐Shyang Pan,https://orcid.org/0000-0002-3128-9025,Chaoyang University of Technology,TW,1268,20538
Tobias Conradt,https://orcid.org/0000-0001-5341-9794,University of Potsdam,DE,1268,844
Raymond J. Dolan,https://orcid.org/0000-0001-9356-761X,Wellcome Centre for Human Neuroimaging,GB,1268,163840
Richard A. Jones,https://orcid.org/0000-0003-3593-3102,Oklahoma State University,US,1268,29927
Edson Marchiori,https://orcid.org/0000-0001-8797-7380,Universidade Federal do Rio de Janeiro,BR,1268,13298
김동희,,,,1268,241
Robert L. Meagher,https://orcid.org/0000-0003-2769-1043,"Center for Medical, Agricultural and Veterinary Entomology",US,1268,8143
Giuseppe Viale,https://orcid.org/0000-0003-1882-7068,European School of Oncology,IT,1268,115043
Ning Li,https://orcid.org/0000-0002-6518-2541,Hebei University of Engineering,CN,1268,35001
Jing Liu,https://orcid.org/0000-0002-0844-5296,Ministry of Education of the People's Republic of China,CN,1268,35950
Zhang,,National University of Singapore,SG,1268,3896
R. Stroili,https://orcid.org/0000-0002-3453-142X,Twitter (United States),US,1268,47097
Yi Yang,https://orcid.org/0000-0002-0512-880X,Zhejiang University,CN,1267,83090
Andrzej Cichocki,https://orcid.org/0000-0002-8364-7226,Warsaw University of Technology,PL,1267,51862
Ralph R. Weichselbaum,https://orcid.org/0000-0002-5643-8939,University of Chicago,US,1267,67583
Ivan P. Parkin,https://orcid.org/0000-0002-4072-6610,University College London,GB,1267,58457
J. B. Ketterson,https://orcid.org/0000-0002-1864-1055,,,1267,24049
Yongqing Fu,https://orcid.org/0000-0001-9797-4036,Jinan University,CN,1267,35828
Jian Yang,https://orcid.org/0000-0002-3390-5127,Nanjing Tech University,CN,1267,24424
P. Markowitz,https://orcid.org/0000-0002-5661-586X,Florida International University,US,1267,94211
GANESH SHRIRANG SATARKAR,,Shivaji University,IN,1267,1
Henrik Larsson,https://orcid.org/0000-0002-6851-3297,Örebro University,SE,1266,43019
Nicola Bena,https://orcid.org/0000-0003-4909-9892,University of Milan,IT,1266,186
Claus Bachert,https://orcid.org/0000-0003-4742-1665,Seoul National University,KR,1266,84146
张红,,,,1266,28
Ramaswamy Govindan,https://orcid.org/0000-0002-6964-9612,University of Washington,US,1266,99415
Yi Xie,https://orcid.org/0000-0002-1416-5557,University of Science and Technology of China,CN,1266,115314
S. B. Cenko,https://orcid.org/0000-0003-1673-970X,Goddard Space Flight Center,US,1266,42102
Robert J. Desnick,https://orcid.org/0000-0001-5501-2971,Icahn School of Medicine at Mount Sinai,US,1266,46147
Satoshi Morita,https://orcid.org/0000-0002-4344-3317,Kyoto University,JP,1266,40954
David Robertson,https://orcid.org/0000-0002-5527-9825,Institute of Cancer Research,GB,1266,25103
John ,,,,1266,5549
学術資源リポジトリ協議会/科学実験機器プロジェクト,,,,1266,0
김상수,,,,1265,124
杨波,,,,1265,34
Lei Zhang,https://orcid.org/0000-0002-7722-565X,Beijing Institute of Technology,CN,1265,3061
H. Morkoç̌,https://orcid.org/0000-0003-4446-4918,Virginia Commonwealth University,US,1265,58213
Ju Li,https://orcid.org/0000-0002-7841-8058,Zhejiang Chinese Medical University,CN,1265,90087
Irwin Goldstein,https://orcid.org/0000-0002-4117-8361,Sexual Health Clinic,FI,1264,64196
Jiawei Han,https://orcid.org/0000-0002-3629-2696,Beijing Institute of Technology,CN,1264,124210
Walter Herzog,https://orcid.org/0000-0002-5341-0033,University of Calgary,CA,1264,31814
Xinbo Gao,https://orcid.org/0000-0002-7985-0037,Chongqing University of Posts and Telecommunications,CN,1264,31888
Z. Jiao,https://orcid.org/0000-0002-4774-5961,University of Science and Technology of China,CN,1264,16813
Pilar Junier,https://orcid.org/0000-0002-8618-3340,University of Neuchâtel,CH,1264,0
Buck Hanson,https://orcid.org/0000-0001-6947-7286,Los Alamos National Laboratory,US,1264,0
Leah Johnson,https://orcid.org/0000-0001-5896-0344,Los Alamos National Laboratory,US,1264,0
Satoshi Matsumoto,https://orcid.org/0000-0003-4836-7170,Yamaguchi University,JP,1263,19544
Ting Wang,https://orcid.org/0000-0003-1169-0089,Kunming University of Science and Technology,CN,1263,13405
H. C. Cheng,https://orcid.org/0000-0002-8912-4389,Chinese University of Hong Kong,HK,1263,63364
Mark D. Minden,https://orcid.org/0000-0002-9089-8816,University Health Network,CA,1263,45145
J. J. Velthuis,https://orcid.org/0000-0002-4649-3221,University of Bristol,GB,1263,44966
Kylee Tate,,Pacific Northwest National Laboratory,US,1263,73
Teiji Tominaga,https://orcid.org/0000-0003-3411-2900,Tohoku University,JP,1263,28507
Sheryl Bell,https://orcid.org/0000-0001-8445-1375,Pacific Northwest National Laboratory,US,1263,672
R. Salerno,https://orcid.org/0000-0003-3735-2707,Centre National de la Recherche Scientifique,FR,1263,70512
Guoan Bi,https://orcid.org/0000-0002-9011-9181,Kunming University of Science and Technology,CN,1263,7148
Arnold (1882-1965) Heim,,,,1263,0
이지혜,,,,1262,194
Héctor García Martín,https://orcid.org/0000-0002-4556-9685,,,1262,7290
F. Cindolo,https://orcid.org/0000-0002-4255-7347,"Istituto Nazionale di Fisica Nucleare, Sezione di Bologna",IT,1262,59760
Allan Cesar Silva Scalco,https://orcid.org/0000-0002-8218-1401,Secretaria Regional do Ambiente e Recursos Naturais,PT,1262,51
Shin‐Wook Kang,https://orcid.org/0000-0002-5677-4756,Yonsei University,KR,1262,17809
Feng Yan,https://orcid.org/0000-0001-7385-6334,Hong Kong Polytechnic University,HK,1262,56346
Guıdo Grassı,https://orcid.org/0000-0003-1922-6547,University of Milano-Bicocca,IT,1262,71321
Hilde Lavreysen,,Janssen (Belgium),BE,1262,2667
Christer Janson,https://orcid.org/0000-0001-5093-6980,Uppsala University,SE,1262,35962
V. Dubenskyy,,,,1262,431
Oliver Sartor,https://orcid.org/0000-0002-8777-7343,Mayo Clinic in Arizona,US,1262,45800
Xin Wang,https://orcid.org/0000-0003-2686-466X,City University of Hong Kong,HK,1262,86599
Zhang Li,https://orcid.org/0000-0001-7936-3864,Fujian Medical University,CN,1262,14339
T. Szumlak,https://orcid.org/0000-0002-2562-7163,Jagiellonian University,PL,1262,46761
M. S. Neubauer,https://orcid.org/0000-0001-8434-9274,University of Illinois System,US,1262,84125
George Em Karniadakis,https://orcid.org/0000-0002-9713-7120,John Brown University,US,1261,107001
Kazuhide Higuchi,https://orcid.org/0000-0002-4142-2272,Osaka University of Pharmaceutical Sciences,JP,1261,16464
Minos E. Tzanakakis,,,,1261,1174
Julien Taı̈eb,https://orcid.org/0000-0002-9955-4753,Assistance Publique – Hôpitaux de Paris,FR,1261,41407
Л. И. Дорман,https://orcid.org/0000-0002-6636-3942,Tel Aviv University,IL,1261,3568
T. Chivers,https://orcid.org/0000-0002-0659-1759,University of Calgary,CA,1261,11756
Abhijit Banerjee,https://orcid.org/0000-0001-9923-6088,King's College London,GB,1261,31602
T. Bose,https://orcid.org/0000-0001-8026-5380,University of Wisconsin System,US,1261,64720
Ross Arena,https://orcid.org/0000-0002-6675-1996,Health Net,US,1261,61126
John A. McGrath,https://orcid.org/0000-0002-3708-9964,Semiconductor Research Corporation,US,1261,33441
Tong Sun,https://orcid.org/0000-0003-3861-8933,Zhejiang A & F University,CN,1261,15894
Qian Chen,https://orcid.org/0000-0002-1487-5479,South China Agricultural University,CN,1261,54727
P. Rebello Teles,https://orcid.org/0000-0001-9029-8506,Centro Brasileiro de Pesquisas Físicas,BR,1261,52763
Anthony J. Dean,https://orcid.org/0000-0003-3400-3376,California Postsecondary Education Commission,US,1260,16034
Xiao‐Nian Li,https://orcid.org/0000-0001-8821-5249,State Key Laboratory of Chemical Engineering,CN,1260,32001
Mika Kähönen,https://orcid.org/0000-0002-4510-7341,Tampere University Hospital,FI,1260,104004
Yasushi Sakata,https://orcid.org/0000-0002-5618-4721,Osaka Gakuin University,JP,1260,23039
G. Zevi Della Porta,https://orcid.org/0000-0003-0495-6061,European Organization for Nuclear Research,CH,1260,91468
Wolfgang Schneider,https://orcid.org/0000-0002-1231-0597,University of Concepción,CL,1260,23344
R. Pezoa,https://orcid.org/0000-0003-3344-791X,Universidad Técnica Federico Santa María,EC,1260,100274
Ralf Gold,https://orcid.org/0000-0002-7223-3052,St. Josef-Hospital,DE,1260,48371
Aaron R. Folsom,https://orcid.org/0000-0003-2635-2699,University of Minnesota,US,1260,120283
David P. Farrington,https://orcid.org/0000-0003-1312-2325,Institute of Criminology,SI,1260,84425
Kai Zhang,https://orcid.org/0000-0002-5783-946X,Henan University,CN,1260,36628
Liming Wang,https://orcid.org/0000-0002-4178-3537,Weifang Medical University,CN,1260,14654
Na Zhang,https://orcid.org/0000-0002-5706-641X,NSF NCAR High Altitude Observatory,US,1260,17340
Beate Schumacher,,Springer Nature (Germany),DE,1260,183
A. Escalante Del Valle,https://orcid.org/0000-0002-9702-6359,Unidades Centrales Científico-Técnicas,ES,1259,55292
Frits R. Rosendaal,https://orcid.org/0000-0003-2558-7496,Leiden University,NL,1259,73201
Gregor Schnakenburg,https://orcid.org/0000-0001-6489-2106,University of Bonn,DE,1259,9216
S. Nishida,https://orcid.org/0000-0001-6373-2346,Twitter (United States),US,1259,43027
R. Santacesaria,https://orcid.org/0000-0003-3826-0329,"Istituto Nazionale di Fisica Nucleare, Sezione di Roma I",IT,1259,48657
Pier Mannuccio Mannucci,https://orcid.org/0000-0002-1915-3897,Fondazione IRCCS Ca' Granda Ospedale Maggiore Policlinico,IT,1259,66825
Mamoru Suzuki,https://orcid.org/0000-0001-7071-5093,,,1259,14041
이재성,,,,1259,138
R. Schöfbeck,https://orcid.org/0000-0002-2332-8784,TU Wien,AT,1259,72808
Jagat Narula,https://orcid.org/0000-0002-0280-3996,Mount Sinai Hospital,US,1258,83322
Michael Knödler,https://orcid.org/0000-0002-6517-4066,University of Massachusetts Amherst,US,1258,2269
M. C. De Sanctis,https://orcid.org/0000-0002-3463-4437,Institute for Space Astrophysics and Planetology,IT,1258,13953
Norma E. Sánchez,https://orcid.org/0000-0001-9887-2744,Sergio Arboleda University,CO,1258,484
A. Leflat,https://orcid.org/0000-0001-9619-6666,European Organization for Nuclear Research,CH,1258,44215
Richard D. Shih,https://orcid.org/0000-0003-4777-6343,Florida Atlantic University,US,1258,5009
C.E.M. Griffiths,https://orcid.org/0000-0001-5371-4427,King's College London,GB,1258,70077
International Monetary Fund,,,,1258,0
Pieter Sonneveld,https://orcid.org/0000-0002-0808-2237,Europeana Foundation,NL,1257,77986
J. G. Messchendorp,https://orcid.org/0000-0001-6649-0549,University of Groningen,NL,1257,20402
G. Corti,https://orcid.org/0000-0003-2857-4471,European Organization for Nuclear Research,CH,1257,48205
Areejit Samal,https://orcid.org/0000-0002-6796-9604,Chennai Mathematical Institute,IN,1257,3127
이경호,,,,1257,123
Miguel Yus,https://orcid.org/0000-0003-1088-6944,University of Alicante,ES,1257,36291
Elke Oberhofer,,Springer Nature (Germany),DE,1257,84
Petar Popovski,https://orcid.org/0000-0001-6195-4797,Aalborg University,DK,1257,28466
Adina Howe,https://orcid.org/0000-0002-7705-343X,University of Illinois Urbana-Champaign,US,1257,4640
Annemarie Unger,https://orcid.org/0000-0003-2723-8628,Medical University of Vienna,AT,1257,1972
S. Vlachos,https://orcid.org/0000-0002-1879-3745,University of Manchester,GB,1257,102598
Ann‐Lii Cheng,https://orcid.org/0000-0002-9152-6512,National Taiwan University,TW,1256,76111
Du Toit Loots,https://orcid.org/0000-0002-0339-6237,North-West University,ZA,1256,4013
Meir J. Stampfer,https://orcid.org/0000-0001-8865-935X,Brigham and Women's Hospital,US,1256,211288
Xun Zhang,https://orcid.org/0000-0003-3586-9921,Harbin University of Science and Technology,CN,1256,28034
Meinhard Schiller,,,,1256,2941
Zhou,,,,1256,2909
Венелин Терзиев,https://orcid.org/0000-0003-1115-8877,Delaware Division of Libraries,US,1255,2696
Graham Thornicroft,https://orcid.org/0000-0003-0662-0879,King's College London,GB,1255,89072
Larry C. Daugherty,,University of Tennessee at Knoxville,US,1255,687
J. P. Dubey,https://orcid.org/0000-0003-4455-2870,Beltsville Agricultural Research Center,US,1255,73472
Noam Chomsky,,Massachusetts Institute of Technology,US,1255,140742
Kazuo Suzuki,https://orcid.org/0000-0002-7186-5592,Suzuki (Japan),JP,1255,30573
Thomas Berger,https://orcid.org/0000-0002-2432-7791,"Czech Academy of Sciences, Institute of Psychology",CZ,1255,37353
Jian Wang,https://orcid.org/0000-0002-0579-3041,University of Science and Technology of China,CN,1255,30624
Zeshui Xu,https://orcid.org/0000-0003-3547-2908,Chinese Academy of Sciences,CN,1255,72958
Wei Xing Zheng,https://orcid.org/0000-0002-0572-5938,The University of Sydney,AU,1255,36808
Hiroshi Mizuta,,Japan Advanced Institute of Science and Technology,JP,1255,12088
Yun Seong Song,,Missouri University of Science and Technology,US,1254,780
Stephen Safe,https://orcid.org/0000-0002-2115-3060,Texas A&M University,US,1254,67315
Michael S. Engel,https://orcid.org/0000-0003-3067-077X,Centre National de la Recherche Scientifique,FR,1254,22287
William L. Griffin,https://orcid.org/0000-0002-0980-2566,ARC Centre of Excellence for Core to Crust Fluid Systems,AU,1254,84494
Stéphane Oudard,https://orcid.org/0000-0003-0893-285X,Inserm,FR,1254,66819
J. D. Thompson,https://orcid.org/0000-0001-8801-157X,,,1254,40051
Toshio Suzuki,https://orcid.org/0000-0002-5500-539X,Fujitsu (Japan),JP,1254,28772
Éric Bouffet,https://orcid.org/0000-0002-6832-6539,University of Toronto,CA,1254,47862
S. D. Bale,https://orcid.org/0000-0002-1989-3596,University of California System,US,1254,26296
Yung Hyun Choi,https://orcid.org/0000-0002-1454-3124,Dong-Eui University,KR,1254,30771
J. Rick Turner,,University of Alabama,US,1254,2575
Yu Yu,https://orcid.org/0000-0002-8421-6794,,,1254,8984
Jeong Min Lee,https://orcid.org/0000-0003-0561-8777,Seoul National University,KR,1254,38068
Jacques Epelbaum,,Délégation Paris 5,FR,1254,27715
Guido Adler,,Universität Ulm,DE,1254,18681
Elisabeth I. Heath,https://orcid.org/0000-0003-1381-2713,Mayo Clinic,US,1253,20696
Marc G. Jeschke,https://orcid.org/0000-0003-0870-1664,University of Toronto,CA,1253,35031
Ingrid Pabinger,https://orcid.org/0000-0002-7677-9896,Twitter (United States),US,1253,32725
Stephan Stilgenbauer,https://orcid.org/0000-0002-6830-9296,Universität Ulm,DE,1253,75424
Hiroshi Tanaka,https://orcid.org/0000-0001-7057-813X,Hachinohe Gakuin University,JP,1253,23966
H. Falcke,https://orcid.org/0000-0002-2526-6724,Radboud University Nijmegen,NL,1253,56959
Oliver G. Schmidt,https://orcid.org/0000-0001-9503-8367,Chemnitz University of Technology,DE,1253,59325
L. Asquith,https://orcid.org/0000-0001-8035-7162,,,1253,104265
Gareth J. Barker,https://orcid.org/0000-0002-5214-7421,Wellcome Centre for Human Neuroimaging,GB,1253,67200
Jean-Baptiste Colbert,,,,1253,1
Alberico L. Catapano,https://orcid.org/0000-0002-7593-2094,University of Milan,IT,1253,143252
Hideo Baba,https://orcid.org/0000-0002-3474-2550,Kumamoto University Hospital,JP,1253,35758
Wang,,Fu Jen Catholic University,TW,1253,1083
J. Rick Turner,,,,1253,1596
GBIF.org User,,,,1253,0
Wendy K. Chung,https://orcid.org/0000-0003-3438-5685,Boston Children's Hospital,US,1252,74942
Don Towsley,https://orcid.org/0000-0002-7808-7375,Amherst College,US,1252,57840
Akira Nishiyama,https://orcid.org/0000-0001-5971-820X,Kagawa University,JP,1252,30037
Axel Schulz,https://orcid.org/0000-0001-9060-7065,University of Rostock,DE,1252,9177
Paulo Hilário Nascimento Saldiva,https://orcid.org/0000-0003-2005-8253,Universidade de São Paulo,BR,1252,45674
Darrell G. Schlom,https://orcid.org/0000-0003-2493-6113,Cornell University,US,1252,62147
William A. Gahl,https://orcid.org/0000-0002-2494-6752,National Institutes of Health,US,1252,40615
Hailong Zhang,https://orcid.org/0000-0002-8951-7094,Harbin University of Science and Technology,CN,1252,1067
Qiang Fu,https://orcid.org/0000-0002-5191-3315,Hebei Medical University,CN,1252,46563
Anke Spannenberg,,Leibniz Institute for Catalysis,DE,1252,20606
O. Behnke,https://orcid.org/0000-0002-4238-0991,Deutsches Elektronen-Synchrotron DESY,DE,1252,44113
Akira Fujishima,,University of Shanghai for Science and Technology,CN,1252,124214
Hermann Haken,,University of Stuttgart,DE,1252,34933
M. Atkinson,https://orcid.org/0000-0002-1972-1006,University of Cape Town,ZA,1252,84399
United States. Court of Appeals (District of Columbia Circuit),,,,1252,0
Gustavo Turecki,https://orcid.org/0000-0003-4075-2736,Douglas Mental Health University Institute,CA,1251,74651
Hartmut Herrmann,https://orcid.org/0000-0001-7044-2101,Leibniz Institute for Tropospheric Research,DE,1251,45228
David C. Currow,https://orcid.org/0000-0003-1988-1250,Flinders University,AU,1251,39822
Volker Heinemann,https://orcid.org/0000-0002-1349-3321,LMU Klinikum,DE,1251,44908
Kohtaro Osakada,https://orcid.org/0000-0003-0538-9978,Tokyo Institute of Technology,JP,1251,15455
M. LeBlanc,https://orcid.org/0000-0001-5977-6418,Centre National de la Recherche Scientifique,FR,1251,50699
Brian M. Wolpin,https://orcid.org/0000-0002-0455-1032,Harvard University,US,1251,31306
Sylvia Stöckler‐Ipsiroglu,https://orcid.org/0000-0002-6542-423X,BC Children's Hospital,CA,1251,5753
Zhou Jian,https://orcid.org/0000-0002-3033-7785,Hohai University,CN,1251,8320
J. Dingfelder,https://orcid.org/0000-0001-5767-2121,Twitter (United States),US,1251,31986
연구원자료,,,,1251,387
O. Shcherban,,Lviv University,UA,1251,207
Elisabeth Mahase,,BMJ Group (United Kingdom),,1251,12801
Eric Gouaux,https://orcid.org/0000-0002-8549-2360,Howard Hughes Medical Institute,US,1251,31292
Bionomia,,,,1251,0
Wei Wang,https://orcid.org/0000-0002-1717-5785,Guizhou University of Finance and Economics,CN,1251,18823
Wei Xu,https://orcid.org/0000-0002-1960-0992,University of Auckland,NZ,1251,11005
S. Filippov,https://orcid.org/0000-0003-3900-3914,Novosibirsk State University,RU,1251,44951
Renildo Ribeiro de Oliveira,https://orcid.org/0000-0001-6611-0833,Instituto Nacional de Pesquisas da Amazônia,BR,1250,466
Prokar Dasgupta,https://orcid.org/0000-0001-8690-0445,Guy's Hospital,GB,1250,30278
P.W. Crous,https://orcid.org/0000-0001-9085-8825,Utrecht University,NL,1250,82444
PATRICE WENDLING,,,,1250,132
William Levason,https://orcid.org/0000-0003-3540-0971,University of Southampton,GB,1250,12747
Brian G. Feagan,https://orcid.org/0000-0002-6914-3822,Western University,CA,1250,91667
Michael R. Cohen,,Integrity Testing Laboratory (Canada),CA,1250,6346
Tuncer Hökelek,https://orcid.org/0000-0002-8602-4382,Hacettepe University,TR,1250,6901
David R. Jones,https://orcid.org/0000-0002-3318-0146,Memorial Sloan Kettering Cancer Center,US,1250,67263
양현석,,,,1250,26
Kenji Kangawa,https://orcid.org/0000-0003-4784-5599,National Cerebral and Cardiovascular Center,JP,1250,104965
Robert Peter Gale,https://orcid.org/0000-0002-9156-1676,,,1250,46147
Dieter Enders,https://orcid.org/0000-0001-6956-7222,RWTH Aachen University,DE,1250,44308
G. B. Mohanty,https://orcid.org/0000-0001-6850-7666,Twitter (United States),US,1250,52645
M. Jones,https://orcid.org/0000-0002-9951-4583,St Thomas' Hospital,GB,1250,69456
Mark Engelhard,https://orcid.org/0000-0002-5543-0812,Pacific Northwest National Laboratory,US,1250,69974
Cedarville University,,,,1250,0
Junji Cao,https://orcid.org/0000-0003-1000-7241,Chinese Academy of Sciences,CN,1249,69589
김유진,,Texas Tech University,US,1249,322
Jun Liang,https://orcid.org/0000-0001-7511-449X,Beijing Institute of Technology,CN,1249,19117
Martin R. Bryce,https://orcid.org/0000-0003-2097-7823,Durham University,GB,1249,34004
김병철,,,,1249,146
Marcel Dicke,https://orcid.org/0000-0001-8565-8896,Wageningen University & Research,NL,1249,54722
Aristotle ,,,,1249,31724
Olle Melander,https://orcid.org/0000-0002-2581-484X,Malmö University,SE,1249,121729
F. Siklér,https://orcid.org/0000-0001-9608-3901,Institute for Particle and Nuclear Physics,HU,1249,77546
Norihiro Tokitoh,https://orcid.org/0000-0003-1083-7245,Kyoto University,JP,1249,18607
Bing Li,https://orcid.org/0000-0002-5055-8921,University of Applied Sciences Technikum Wien,AT,1249,11251
B. Vormwald,https://orcid.org/0000-0003-2607-7287,University of Bonn,DE,1249,43620
R. Brenner,https://orcid.org/0000-0002-8204-4124,Uppsala University,SE,1249,72849
Françis C. Colpaert,,,,1249,11001
Georg Nickenig,,University of Bonn,DE,1248,54480
Paul W. Armstrong,https://orcid.org/0000-0002-0460-3445,Canadian VIGOUR Centre,CA,1248,82725
John C. Crabbe,https://orcid.org/0000-0001-7111-7204,Oregon Health & Science University,US,1248,28477
Reinhilde Jacobs,https://orcid.org/0000-0002-3461-0363,Rafael Advanced Defense Systems (Israel),IL,1248,38958
Nanning Zheng,https://orcid.org/0000-0003-1608-8257,Machine Intelligence Research Institute,US,1248,35624
이동원,,,,1248,212
Oluf Pedersen,https://orcid.org/0000-0002-3321-3972,University of Copenhagen,DK,1248,160386
Yuanwei Liu,https://orcid.org/0000-0002-6389-8941,City University of Hong Kong,HK,1248,39612
Surinder K. Batra,https://orcid.org/0000-0001-9470-9317,Nebraska Medical Center,US,1248,45116
Hong Wang,https://orcid.org/0000-0003-0477-2908,University of Pittsburgh,US,1248,31868
Li J,https://orcid.org/0000-0003-1338-8764,Wannan Medical College,CN,1248,314
Luc Mouthon,https://orcid.org/0000-0002-7021-9492,Délégation Paris 5,FR,1247,47147
Eric E. Smith,https://orcid.org/0000-0003-3956-1668,Allen Institute for Brain Science,US,1247,70078
William T. A. Harrison,https://orcid.org/0000-0003-2253-4866,University of Aberdeen,GB,1247,12093
Thomas Liehr,https://orcid.org/0000-0003-1672-3054,Jena University Hospital,DE,1247,19663
Jane Austen,,,,1247,1993
Fabián D. Menalled,https://orcid.org/0000-0002-3381-4815,Montana State University,US,1247,4526
Ming Chen,https://orcid.org/0000-0003-3953-2904,University of Macau,MO,1247,104
R.Z. Wang,https://orcid.org/0000-0003-3586-5728,Dalian Medical University,CN,1247,59897
Richard Kühn,https://orcid.org/0000-0003-4148-1026,Purdue University West Lafayette,US,1247,46516
John R. Falck,https://orcid.org/0000-0002-9219-7845,The University of Texas Southwestern Medical Center,US,1247,56542
Georg H. Merker,,Heinrich Heine University Düsseldorf,DE,1247,793
김희정,,,,1247,176
D. A. Gurnett,https://orcid.org/0000-0003-2403-0282,University of Iowa,US,1247,36501
Qian Li,https://orcid.org/0000-0001-5732-387X,Shaoxing University,CN,1247,30984
Dong Wang,https://orcid.org/0000-0002-8139-8502,Shihezi University,CN,1247,33777
Cheng Xu,https://orcid.org/0000-0001-8075-2867,Qingdao University of Technology,CN,1247,19237
Weitao Zheng,https://orcid.org/0000-0002-9028-278X,Changchun University of Science and Technology,CN,1247,49924
David Padua,,University of North Carolina at Chapel Hill,US,1247,16228
Maria Polinsky,https://orcid.org/0000-0003-1460-5089,Polessky State University,BY,1246,20954
Steven Joniau,https://orcid.org/0000-0003-3195-9890,Rega Institute for Medical Research,BE,1246,35818
C. Sandoval,https://orcid.org/0000-0003-1038-723X,Universidad Nacional de Colombia,CO,1246,88325
Mahendra Kumar Trivedi,https://orcid.org/0000-0002-2548-780X,Vance-Granville Community College,US,1246,6397
Pierre‐Edouard Fournier,https://orcid.org/0000-0001-8463-8885,Méditerranée Infection Foundation,FR,1246,49122
Peter Libby,https://orcid.org/0000-0002-1502-502X,Brigham and Women's Hospital,US,1246,223254
Frank J. Fabozzi,https://orcid.org/0000-0002-2827-1465,Johns Hopkins University,US,1246,17818
Rana R. McKay,https://orcid.org/0000-0002-0581-7963,University of San Diego,US,1246,16106
Enrico Bertini,https://orcid.org/0000-0001-9276-4590,Bambino Gesù Children's Hospital,IT,1246,56877
Se Hoon Kim,https://orcid.org/0000-0001-7516-7372,Seoul National University,KR,1246,27770
P. Bartos,https://orcid.org/0000-0003-1419-3213,Comenius University Bratislava,SK,1246,53029
Ibrahim Anwar,,Statkraft (Norway),NO,1246,0
Paul De Hert,https://orcid.org/0000-0003-4084-6898,TIAS School for Business and Society,NL,1245,6283
Célèste Lebbé,https://orcid.org/0000-0002-5854-7290,Centre National de la Recherche Scientifique,FR,1245,91077
Daniel Bruner,,American Society of Genealogists,US,1245,133
Paolo Maria Rossini,https://orcid.org/0000-0003-2665-534X,Vita-Salute San Raffaele University,IT,1245,72518
이상규,,,,1245,130
Willy Verstraete,https://orcid.org/0000-0002-3140-3713,,,1245,96369
Shuicheng Yan,https://orcid.org/0000-0001-8906-3777,South China Agricultural University,CN,1245,93668
M. D. M. Capeans Garrido,https://orcid.org/0000-0001-7727-9175,,,1245,105460
C. Petridou,https://orcid.org/0000-0001-5957-6133,Charles University,CZ,1245,59247
José María,,,,1245,685
GBIF.org User,,,,1245,0
Maxime A. Siegler,https://orcid.org/0000-0003-4165-7810,Johns Hopkins University,US,1244,12595
Livy,,,,1244,335
Joanne Shorter,https://orcid.org/0000-0002-4079-2191,Aerodyne Research,US,1244,3843
Yaonan Wang,https://orcid.org/0000-0002-0519-6458,Hunan University,CN,1244,22631
Xuesi Chen,https://orcid.org/0000-0003-3542-9256,University of Science and Technology of China,CN,1244,70142
Kamaruzzaman Sopian,https://orcid.org/0000-0002-4675-3927,Universiti Teknologi Petronas,MY,1244,51045
Rohit Loomba,https://orcid.org/0000-0002-4845-9991,University of San Diego,US,1244,106800
Abraham Weizman,https://orcid.org/0000-0002-9765-8938,Tel Aviv University,IL,1244,39165
Jianhua Zhang,https://orcid.org/0000-0003-2528-6132,Harbin University,CN,1244,14295
Brian W. Pogue,https://orcid.org/0000-0002-9887-670X,Dartmouth College,US,1244,31304
C. Biino,https://orcid.org/0000-0002-1397-7246,Università degli Studi del Piemonte Orientale “Amedeo Avogadro”,IT,1244,62666
H. Seo,https://orcid.org/0000-0002-3932-0605,Seoul National University,KR,1244,78533
L. Cremaldi,https://orcid.org/0000-0001-5550-7827,University of Nebraska–Lincoln,US,1244,60705
Chien‐Chung Lin,https://orcid.org/0000-0001-8656-1922,Pennsylvania State University,US,1244,8704
W. Wiślicki,https://orcid.org/0000-0001-5765-6308,National Centre for Nuclear Research,PL,1244,43267
Brenton Poirier,https://orcid.org/0000-0001-8819-9875,Pacific Northwest National Laboratory,US,1243,506
Olivier Bruyère,https://orcid.org/0000-0003-4269-9393,University of Liège,BE,1243,58496
Henrik Christensen,https://orcid.org/0000-0003-4238-4658,University of Copenhagen,DK,1243,16643
R. Le Gac,https://orcid.org/0000-0002-7551-6971,Aix-Marseille Université,FR,1243,45351
E. W. Meijer,https://orcid.org/0000-0003-4126-7492,Radboud University Nijmegen,NL,1243,99280
Yichun Liu,https://orcid.org/0000-0002-8628-6112,University of Science and Technology Liaoning,CN,1243,47098
최영준,,,,1242,260
Jinho Choi,https://orcid.org/0000-0002-4895-6680,Seoul National University,KR,1242,18709
김상철,,Hankyong National University,KR,1242,91
Joshua Rosnow,https://orcid.org/0000-0001-6365-8350,University of Idaho,US,1242,280
Marion Leboyer,https://orcid.org/0000-0001-5473-3697,Université Paris-Est Créteil,FR,1242,78821
Denis Flandre,https://orcid.org/0000-0001-5298-5196,UCLouvain,BE,1242,13287
Tomas Hökfelt,https://orcid.org/0000-0002-3587-0116,Karolinska Institutet,SE,1242,104744
R. Kirshner,https://orcid.org/0000-0002-1966-3942,Gordon and Betty Moore Foundation,US,1242,75212
Woojin Lee,https://orcid.org/0000-0002-7082-5687,Seoul National University,KR,1242,19527
P. Baringer,https://orcid.org/0000-0002-3691-8388,University of Kansas,US,1242,40961
Peng,,Western University,CA,1242,2130
Johannes A. Langendijk,https://orcid.org/0000-0003-1083-372X,University Medical Center Groningen,NL,1241,34475
J. V. Mead,https://orcid.org/0000-0003-0875-2533,University of Copenhagen,DK,1241,42434
Yaakov Stern,https://orcid.org/0000-0001-7542-3241,Columbia University Irving Medical Center,US,1241,118917
Kim Fromme,https://orcid.org/0000-0002-8530-2010,The University of Texas at Austin,US,1241,10244
Keiji Maruoka,https://orcid.org/0000-0002-0044-6411,Guangdong University of Technology,CN,1241,36140
Luca Bertello,https://orcid.org/0000-0002-1155-7141,National Solar Observatory,US,1241,2228
이정현,,,,1241,115
Ioannis K. Argyros,https://orcid.org/0000-0002-9189-9298,,,1241,7009
T. Sarkar,https://orcid.org/0000-0003-0582-4167,University of Siena,IT,1241,50638
M. Carpinelli,https://orcid.org/0000-0002-8205-930X,"Istituto Nazionale di Fisica Nucleare, Laboratori Nazionali del Sud",IT,1241,48361
Qian Zhang,https://orcid.org/0000-0001-9205-1881,Xidian University,CN,1241,25486
Kenichi Yoshikawa,https://orcid.org/0000-0002-2751-7136,Doshisha University,JP,1240,24718
Betty U. McNeely,,,,1240,10392
Markus Braun‐Falco,,,,1240,3377
Alejandro A. Rabinstein,https://orcid.org/0000-0001-8359-2838,Mayo Clinic,US,1240,58031
S. Stoyko,,Scientific Consulting Group,US,1240,5
Richard A. Bryant,https://orcid.org/0000-0002-9607-819X,Black Dog Institute,AU,1240,73521
김경훈,,,,1240,145
Maximiliano E. Korstanje,https://orcid.org/0000-0002-5149-1669,Sheffield Historical Society,US,1240,4748
Dieter Jannasch,,Universität Bayern,DE,1240,449
Ioannis Kompatsiaris,https://orcid.org/0000-0001-6447-9020,Information Technologies Institute,GR,1240,19881
A. Leisos,https://orcid.org/0000-0002-8126-3958,Aristotle University of Thessaloniki,GR,1240,53252
Jie Jin,https://orcid.org/0000-0002-8166-9915,Beijing Institute of Technology,CN,1239,19126
Satoshi Kuwabara,https://orcid.org/0000-0002-4716-8578,Chiba University,JP,1239,29701
Claudio Toniolo,https://orcid.org/0000-0002-2327-1423,University of Padua,IT,1239,23747
E. Carrera Jarrin,https://orcid.org/0000-0002-0857-8507,Universidad San Francisco de Quito,EC,1239,64064
Tomoaki Ohtsuki,https://orcid.org/0000-0003-3961-1426,Keio University,JP,1239,10905
Rolf Rossaint,https://orcid.org/0000-0001-7587-1693,Universitätsklinikum Aachen,DE,1239,42380
Mary E. Cain,https://orcid.org/0000-0002-2165-990X,Kansas State University,US,1239,1708
PierFranco Conte,https://orcid.org/0000-0002-5210-5344,University of Padua,IT,1239,43921
José Monleón,,,,1239,401
Meinrat O. Andreae,https://orcid.org/0000-0003-1968-7925,Max Planck Society,DE,1239,104485
Wolfgang Weber,https://orcid.org/0000-0002-7854-4345,German Cancer Research Center,DE,1239,49045
Yuan Yuan,https://orcid.org/0000-0001-7964-6514,Cedars-Sinai Medical Center,US,1239,27594
Xin Yang,https://orcid.org/0000-0003-3428-3806,Beijing Jiaotong University,CN,1239,25639
Yong Deng,https://orcid.org/0000-0001-9286-2123,University of Electronic Science and Technology of China,CN,1239,28475
S. J. McMahon,https://orcid.org/0000-0002-3599-9075,Rutherford Appleton Laboratory,GB,1239,72032
김재환,,,,1239,182
Marino S. Festa,https://orcid.org/0000-0001-6541-7841,The University of Sydney,AU,1238,1091
Jack A. Roth,https://orcid.org/0000-0002-8955-1313,,,1238,59386
Christos Davatzikos,https://orcid.org/0000-0002-1025-8561,University of East London,GB,1238,66315
Hiroshi Nakano,https://orcid.org/0000-0002-0564-2550,Yamagata University,JP,1238,15710
Bruno Reichart,https://orcid.org/0000-0003-2859-3664,Technical University of Munich,DE,1238,23112
Curtis C. Harris,https://orcid.org/0000-0001-5268-0181,National Institutes of Health,US,1238,90009
Eric B. Rimm,https://orcid.org/0000-0002-1402-7250,Brigham and Women's Hospital,US,1238,154589
Stephen R. Forrest,https://orcid.org/0000-0003-0131-1903,University of Michigan,US,1238,110834
Matthias Blüher,https://orcid.org/0000-0003-0208-2065,Helmholtz Centre for Environmental Research,DE,1238,82724
Michaël Baumann,https://orcid.org/0000-0002-9340-974X,National Institute on Drug Abuse,US,1238,26062
Ning Wang,https://orcid.org/0000-0002-4902-5589,Hebei University of Science and Technology,CN,1238,46063
Zhongwei Chen,https://orcid.org/0000-0003-3463-5509,Nanjing Tech University,CN,1238,86679
Vincent Wai‐Sun Wong,https://orcid.org/0000-0003-2215-9410,Chinese University of Hong Kong,HK,1238,101914
L. Eklund,https://orcid.org/0000-0002-2014-3864,Uppsala University,SE,1238,52760
S. Sagir,https://orcid.org/0000-0002-2614-5860,John Brown University,US,1238,46500
Måns Petter Davidson,,,,1238,0
Thilo Hackert,https://orcid.org/0000-0002-7012-1196,Universität Hamburg,DE,1237,35796
Edmund Burke,https://orcid.org/0000-0003-0712-4762,Bangor University,GB,1237,37445
Y. Onel,https://orcid.org/0000-0002-8141-7769,University of Iowa,US,1237,53198
M. Volpi,https://orcid.org/0000-0002-6608-7626,,,1237,89511
Akira Shimizu,https://orcid.org/0000-0002-4364-9251,Tokyo Electron (Japan),JP,1237,29802
Mario Maggi,https://orcid.org/0000-0003-3267-4221,European Society for Sexual Medicine,IT,1237,46008
E. Fullana Torregrosa,https://orcid.org/0000-0003-3082-621X,Universitat de València,ES,1237,96635
R. Hadjiiska,https://orcid.org/0000-0003-1824-1737,Bulgarian Academy of Sciences,BG,1237,62645
R. Radogna,https://orcid.org/0000-0002-1094-5038,"Istituto Nazionale di Fisica Nucleare, Sezione di Bari",IT,1237,55383
Dawn L. Hershman,https://orcid.org/0000-0001-8807-153X,Columbia University Irving Medical Center,US,1237,42971
M. Merola,https://orcid.org/0000-0002-7082-8108,Twitter (United States),US,1237,73536
Stephen G. Davies,,Oxford Research Group,GB,1236,19196
N. H. March,,The Abdus Salam International Centre for Theoretical Physics (ICTP),IT,1236,13840
Jianrong Qiu,https://orcid.org/0000-0003-3148-2500,Ningbo University,CN,1236,44540
Jill B. Becker,https://orcid.org/0000-0003-3880-6408,University of Michigan,US,1236,19593
Petter Gottschalk,https://orcid.org/0000-0002-8120-0308,BI Norwegian Business School,NO,1236,7082
R. Genzel,https://orcid.org/0000-0002-2767-9653,Max Planck Institute for Extraterrestrial Physics,DE,1236,62276
Bert M. Weckhuysen,https://orcid.org/0000-0001-5245-1426,Utrecht University,NL,1236,78977
E. Sánchez,https://orcid.org/0000-0002-9646-8198,Universidad Complutense de Madrid,ES,1236,51960
M. Sioli,https://orcid.org/0000-0002-0912-9121,Stockholm University,SE,1236,49370
Michael S. Okun,https://orcid.org/0000-0002-6247-9358,University of Florida Health,US,1236,58081
Adi F. Gazdar,https://orcid.org/0000-0002-5718-247X,Weatherford College,US,1236,115127
Renato D. Lópes,https://orcid.org/0000-0003-2999-4961,Alnylam Pharmaceuticals (United States),US,1236,66350
N. Govender,https://orcid.org/0000-0002-5068-5429,University of Salento,IT,1236,51873
Catherine Zucker,https://orcid.org/0000-0002-2250-730X,Space Telescope Science Institute,US,1236,1725
Jianhua Wang,https://orcid.org/0000-0003-2175-3610,College of Medical Sciences,NP,1236,40422
Wei Zhang,https://orcid.org/0000-0002-1059-3642,Shandong University,CN,1236,19777
Miguel Martín,https://orcid.org/0000-0001-9237-3231,Instituto de Salud Carlos III,ES,1236,48047
J.P. Martin,https://orcid.org/0000-0003-0068-8776,Consejo Nacional de Investigaciones Científicas y Técnicas,AR,1236,57140
C. Glidewell,,,,1236,2202
H. Wang,https://orcid.org/0000-0003-3952-8139,University of Science and Technology of China,CN,1236,66895
Albert Padwa,https://orcid.org/0000-0001-7323-8106,Emory University,US,1235,32075
Neil Fleshner,https://orcid.org/0000-0001-7407-7463,Princess Margaret Cancer Centre,CA,1235,39975
Nancy L. Pedersen,https://orcid.org/0000-0001-8057-3543,Karolinska Institutet,SE,1235,137988
Y. Maravin,https://orcid.org/0000-0002-9449-0666,Kansas State University,US,1235,56256
A. Apresyan,https://orcid.org/0000-0002-6186-0130,Fermi National Accelerator Laboratory,US,1235,60152
Vera Rich,,,,1235,3750
H. Abreu,https://orcid.org/0000-0002-1599-2896,Universidade Federal da Bahia,BR,1235,79043
Johannes Lehmann,https://orcid.org/0000-0002-4701-2936,Cornell University,US,1235,96259
Toshio Tanaka,https://orcid.org/0000-0002-0590-2893,Daikin (United States),US,1235,29783
Görkem Yararbaş,https://orcid.org/0000-0002-2993-5577,Ege University,TR,1235,876
Paras N. Prasad,https://orcid.org/0000-0002-0905-7084,Applied Photonics (United Kingdom),GB,1235,74548
James P. Allison,https://orcid.org/0000-0001-8980-5697,,,1235,121739
Mohammad S. Obaidat,https://orcid.org/0000-0002-1569-9657,University of Jordan,JO,1235,22343
Álvaro Pascual‐Leone,https://orcid.org/0000-0001-8975-0382,Harvard University,US,1235,124898
Nicola Luigi Bragazzi,https://orcid.org/0000-0001-8409-868X,University of Parma,IT,1235,52927
Ãngel Carracedo,https://orcid.org/0000-0003-1085-8986,Center for Research in Molecular Medicine and Chronic Diseases,ES,1235,62296
Cristina R. Antonescu,https://orcid.org/0000-0002-9717-8205,Memorial Sloan Kettering Cancer Center,US,1235,74573
N. Anjos,https://orcid.org/0000-0002-0018-0633,Universidade Estadual de Santa Cruz,BR,1235,115988
Suresh S. Ramalingam,https://orcid.org/0000-0002-0757-3106,Emory University,US,1235,107061
Steven A. Narod,https://orcid.org/0000-0001-5798-0626,Women's College Hospital,CA,1235,87085
Zhao Yang Dong,https://orcid.org/0000-0001-9659-0858,City University of Hong Kong,HK,1235,52113
Meng Zhang,https://orcid.org/0000-0003-4935-4005,Scripps Research Institute,US,1235,24848
Robert A. Good,,"Technology Information, Forecasting and Assessment Council",IN,1235,50014
Carsten Bolm,https://orcid.org/0000-0001-9415-9917,RWTH Aachen University,DE,1234,54788
김재호,,,,1234,105
Roberto Morandotti,https://orcid.org/0000-0001-7717-1519,Institut National de la Recherche Scientifique,CA,1234,52053
M. Kreps,https://orcid.org/0000-0002-6133-486X,University of Warwick,GB,1234,67362
P. M. Patel,https://orcid.org/0000-0002-7467-2470,Wayne State University,US,1234,36365
Nigel G. Laing,https://orcid.org/0000-0001-5111-3732,Harry Perkins Institute of Medical Research,AU,1234,29075
박성호,,Pusan National University,KR,1234,96
Redactie KITLV,,Royal Netherlands Institute of Southeast Asian and Caribbean Studies,NL,1234,75
Herta Flor,https://orcid.org/0000-0003-4809-5398,University of Mannheim,DE,1234,70375
Oliver Distler,https://orcid.org/0000-0002-0546-8310,University of Zurich,CH,1234,54298
Everett E. Vokes,https://orcid.org/0000-0002-8645-8068,University of Chicago,US,1234,80112
Adam S. Kibel,https://orcid.org/0000-0002-9446-7781,Brigham and Women's Hospital,US,1234,70689
Akira Yoshida,https://orcid.org/0000-0003-0280-9674,Prefectural University of Hiroshima,JP,1234,11891
Hiroyasu Iso,https://orcid.org/0000-0002-9241-7289,Japan International Cooperation Agency,JP,1234,119379
Ning Hu,https://orcid.org/0000-0002-6444-8467,Xihua University,CN,1234,30991
Mark J. Daly,https://orcid.org/0000-0002-0949-8752,Broad Institute,US,1234,406887
Kateryna LEN-TAYON,https://orcid.org/0000-0002-5397-391X,International Space University,FR,1234,18
Stefan H. E. Kaufmann,https://orcid.org/0000-0001-9866-8268,Max Planck Institute for Infection Biology,DE,1233,71579
Noboru Yamamoto,https://orcid.org/0000-0002-0787-2851,National Cancer Centre Japan,JP,1233,18405
Michael J. Wingfield,https://orcid.org/0000-0001-9346-2009,University of Pretoria,ZA,1233,59175
Claudio Pettinari,https://orcid.org/0000-0002-2547-7206,Università di Camerino,IT,1233,14868
Rudi van Eldik,https://orcid.org/0000-0003-4271-0118,Friedrich-Alexander-Universität Erlangen-Nürnberg,DE,1233,26857
Denis Michez,https://orcid.org/0000-0001-8880-1838,University of Mons,BE,1233,8654
Roger S. Blumenthal,https://orcid.org/0000-0003-1910-3168,Johns Hopkins University,US,1233,80578
Kazuwa Nakao,https://orcid.org/0000-0003-3483-4196,Kyoto University,JP,1233,65316
G. Ortona,https://orcid.org/0000-0001-8411-2971,"Istituto Nazionale di Fisica Nucleare, Sezione di Torino",IT,1233,64186
M. Tobin,https://orcid.org/0000-0002-2047-7020,European Organization for Nuclear Research,CH,1233,47515
Jincheng Zhang,https://orcid.org/0009-0005-1860-0009,Xidian University,CN,1233,659
Johan Wouters,https://orcid.org/0000-0002-4920-6857,University of Namur,BE,1232,12069
A. Haungs,https://orcid.org/0000-0002-9638-7574,Karlsruhe Institute of Technology,DE,1232,21482
Amy S. Paller,https://orcid.org/0000-0001-6187-6549,Northwestern University,US,1232,49876
Paulo Andreas Buckup,https://orcid.org/0000-0002-1156-3226,Universidade Federal do Rio de Janeiro,BR,1232,2064
Grzegorz Opolski,https://orcid.org/0000-0003-4744-2554,Medical University of Warsaw,PL,1232,18181
Justin S. Smith,https://orcid.org/0000-0003-0467-5534,Nvidia (United States),US,1232,36896
김수경,,,,1232,153
Rick Mullin﻿,,,,1232,927
Xiaoming Feng,https://orcid.org/0000-0003-4507-0478,Sichuan University,CN,1232,34619
Eckhard Bill,https://orcid.org/0000-0001-9138-3964,Max-Planck-Institut für Kohlenforschung,DE,1232,34164
K. Österberg,https://orcid.org/0000-0003-4807-0414,University of Helsinki,FI,1232,32104
Chandra Earl,https://orcid.org/0000-0001-9850-882X,,,1232,0
Yoshio Yamaoka,https://orcid.org/0000-0002-1222-5819,Oita University,JP,1231,51068
김철환,,,,1231,45
Gerald A. Doeksen,,,,1231,308
Umberto Capitanio,https://orcid.org/0000-0001-9225-1795,Vita-Salute San Raffaele University,IT,1231,23938
Marco Matucci‐Cerinic,https://orcid.org/0000-0002-9324-3161,Vita-Salute San Raffaele University,IT,1231,51948
Jean‐Claude Tardif,https://orcid.org/0000-0002-8200-8983,Montreal Heart Institute,CA,1231,62563
B. J. Anderson,https://orcid.org/0000-0003-2543-0149,Johns Hopkins University,US,1231,27034
Jack P. Lewis,,,,1231,260
Shaobin Wang,https://orcid.org/0000-0002-1751-9162,University of North Carolina at Chapel Hill,US,1231,121490
Fang Chen,https://orcid.org/0000-0003-4971-8729,Tianjin University of Commerce,CN,1231,24297
Wei Gao,https://orcid.org/0000-0002-5064-0917,Qingdao University,CN,1231,20203
David B. Bylund,,,,1231,5401
З. Маршалл,https://orcid.org/0000-0003-0786-2570,Lawrence Berkeley National Laboratory,US,1231,74330
W. Johns,https://orcid.org/0000-0001-5291-8903,Vanderbilt University,US,1231,65930
J.N. Low,,"National University Cancer Institute, Singapore",SG,1231,3986
Rachel Nordlinger,,,,1231,0
Japan. Ministry of Home Affairs. Bureau of Shrine Affairs,,,,1231,0
Yang Wang,https://orcid.org/0000-0001-5539-4623,Pacific Northwest National Laboratory,US,1231,0
Ç. Zorbilmez,https://orcid.org/0000-0002-5199-061X,Yıldız Technical University,TR,1230,55055
Jonathan R. Egan,https://orcid.org/0009-0006-7599-5059,Children's Hospital at Westmead,AU,1230,2424
Bernhard Meyer,https://orcid.org/0000-0001-6486-7955,TUM Klinikum,DE,1230,25003
G. Tarlé,https://orcid.org/0000-0003-1704-0781,California Institute of Technology,US,1230,49798
Roy M. Harrison,https://orcid.org/0000-0002-2684-5226,University of Birmingham,GB,1230,67502
Martin Beer,https://orcid.org/0000-0002-0598-5254,Friedrich-Loeffler-Institut,DE,1230,38179
H. Białkowska,https://orcid.org/0000-0002-5956-6258,,,1230,73705
V. Vorobyev,https://orcid.org/0000-0002-6660-868X,European Organization for Nuclear Research,CH,1230,61005
Aarno Palotie,https://orcid.org/0000-0002-2527-5874,Broad Institute,US,1230,163319
Nitish V. Thakor,https://orcid.org/0000-0002-9981-9395,Johns Hopkins University,US,1230,33842
Changhee Lee,https://orcid.org/0000-0003-2800-8250,Harvard University,US,1230,21527
K. W. West,,Princeton University,US,1230,41965
S. Playfer,,,,1230,59188
Seik Weng Ng,,,,1230,2304
Aik Choon Tan,https://orcid.org/0000-0003-2955-8369,University of Utah,US,1229,19096
Frédéric Amant,https://orcid.org/0000-0002-5452-4905,Universitair Ziekenhuis Leuven,BE,1229,43836
Stefan Beissert,https://orcid.org/0000-0002-8327-8475,University Hospital Carl Gustav Carus,DE,1229,11348
Laurence T. Yang,https://orcid.org/0000-0002-7986-4244,Hainan University,CN,1229,33316
Alessandro Serretti,https://orcid.org/0000-0003-4363-3759,Semmelweis University,HU,1229,50502
R. L. Bates,https://orcid.org/0000-0002-6923-5372,University of Glasgow,GB,1229,69400
Spencer G. Lucas,https://orcid.org/0000-0002-4594-3024,New Mexico Museum of Natural History and Science,US,1229,12705
Kurt Benirschke,,University of California San Diego,US,1229,24577
Shaul Mukamel,https://orcid.org/0000-0002-6015-3135,University of California System,US,1229,51072
Jianping Liu,https://orcid.org/0000-0002-0320-061X,Hebei Medical University,CN,1229,25278
Lu Wang,https://orcid.org/0000-0002-0073-0666,Wannan Medical College,CN,1229,27352
C. Bini,https://orcid.org/0000-0001-6674-7869,"Istituto Nazionale di Fisica Nucleare, Sezione di Roma I",IT,1229,82740
Jing Zhang,https://orcid.org/0009-0002-7812-1569,Qinghai University,CN,1229,27498
Alex Della Bruna,,Consorzio Interuniversitario Nazionale per l'Informatica,IT,1229,0
Thomas M. Scalea,https://orcid.org/0000-0001-8794-4108,"University of Maryland, Baltimore",US,1228,46296
Xiangyang Li,https://orcid.org/0009-0001-3360-7381,University of Science and Technology of China,CN,1228,6703
A. Udalski,https://orcid.org/0000-0001-5207-5619,University of Warsaw,PL,1228,24108
Michael L. Klein,https://orcid.org/0000-0002-0027-9262,Temple College,US,1228,118346
최진영,,,,1228,201
S. Spataro,https://orcid.org/0000-0001-9601-405X,Twitter (United States),US,1228,20776
Seung Up Kim,https://orcid.org/0000-0002-9658-8050,Yonsei University,KR,1228,51435
António Pellicer,https://orcid.org/0000-0002-8254-863X,Reproductive Medicine Associates of New Jersey,US,1228,46517
C. Diaconu,https://orcid.org/0000-0002-6193-5091,Centre National de la Recherche Scientifique,FR,1228,62667
M. Rovere,https://orcid.org/0000-0001-8048-1622,European Organization for Nuclear Research,CH,1228,72492
Maïa NESTOR-MARTIN,https://orcid.org/0009-0001-6422-2724,Centre National de la Recherche Scientifique,FR,1228,0
R. Hamish McAllister‐Williams,https://orcid.org/0000-0001-9966-1834,Cumbria Northumberland Tyne and Wear NHS Foundation Trust,GB,1227,10128
Charles Swanton,https://orcid.org/0000-0002-4299-3018,University College Hospital,GB,1227,110508
Donghoon Choi,https://orcid.org/0000-0002-2009-9760,Yonsei University,KR,1227,22187
Hassan Y. Aboul‐Enein,https://orcid.org/0000-0003-0249-7009,National Research Centre,EG,1227,24743
Michal Bauer,https://orcid.org/0000-0002-8414-5447,,,1227,2722
Quim Casas,,,,1227,36
Domenico Palli,https://orcid.org/0000-0002-5558-2437,Prevention Institute,US,1227,87175
Mary F. Mahon,https://orcid.org/0000-0002-8854-8040,University of Bath,GB,1227,20230
Qian Liu,https://orcid.org/0000-0001-8525-7961,Guiyang College of Traditional Chinese Medicine,CN,1227,39531
Tierney Becho,https://orcid.org/0009-0008-8063-2003,Environmental Molecular Sciences Laboratory,US,1227,0
Ernesto Damiani,https://orcid.org/0000-0002-9557-6496,,,1227,0
Claudio A. Ardagna,https://orcid.org/0000-0001-7426-4795,,,1227,0
H.C. Swart,https://orcid.org/0000-0001-5233-0130,University of the Free State,ZA,1226,29609
David Thompson,https://orcid.org/0000-0002-7964-5906,Betsi Cadwaladr University Health Board,GB,1226,26042
Diederick E. Grobbee,https://orcid.org/0000-0003-4472-4468,University Medical Center Utrecht,NL,1226,120460
A. Lath,https://orcid.org/0000-0003-0228-9760,"Rutgers, The State University of New Jersey",US,1226,61829
Anjan Biswas,https://orcid.org/0000-0002-8131-6044,Khazar University,AZ,1226,41022
Jianmin Wu,https://orcid.org/0000-0002-0999-9194,Wannan Medical College,CN,1226,4770
Daniel J. Scheeres,https://orcid.org/0000-0003-0558-3842,University of Colorado Boulder,US,1226,27730
Keith A.A. Fox,https://orcid.org/0000-0002-0140-2752,University of Edinburgh,GB,1226,115617
Richard Brinsley Sheridan,,,,1226,2623
Jill S. Barnholtz‐Sloan,https://orcid.org/0000-0001-6190-9304,Emory University,US,1226,138554
Jonathan M. Kalman,https://orcid.org/0000-0002-6618-7184,The Royal Melbourne Hospital,AU,1226,59193
M. Kucharczyk,https://orcid.org/0000-0003-4688-0050,"Institute of Nuclear Physics, Polish Academy of Sciences",PL,1226,47932
T. Venkatesan,https://orcid.org/0000-0001-9683-4584,NIST Center for Neutron Research,US,1226,44908
Eliezer Masliah,https://orcid.org/0000-0002-2117-5569,University of California San Diego,US,1226,181651
Youngkeun Ahn,https://orcid.org/0000-0003-2022-9366,Chonnam National University Hospital,KR,1226,17954
Melissa C. Southey,https://orcid.org/0000-0002-6313-9005,The University of Melbourne,AU,1226,68498
Yan Wang,https://orcid.org/0000-0003-2563-255X,Union Hospital,CN,1226,27216
S. Ozturk,https://orcid.org/0000-0001-6533-6144,Istinye University,TR,1226,76732
A. Andreazza,https://orcid.org/0000-0001-5161-5759,University of Milan,IT,1226,77145
Chao Wang,https://orcid.org/0000-0003-4887-923X,Changchun University of Science and Technology,CN,1226,12662
Eiichi Nakamura,https://orcid.org/0000-0002-4192-1741,,,1225,42589
Martin Bendszus,https://orcid.org/0000-0002-9094-6769,Heidelberg University,DE,1225,51379
V. Solovyev,https://orcid.org/0000-0002-9402-6329,European Organization for Nuclear Research,CH,1225,81869
Jörg Kleeff,https://orcid.org/0000-0003-3432-6669,Luther University,KR,1225,37158
Gérald Pierard,https://orcid.org/0000-0002-9774-2590,University of Liège,BE,1225,15163
James J. Duderstadt,,,,1225,5481
Katsuhiko Yanaga,https://orcid.org/0000-0001-8918-4720,Sanno Medical Center,JP,1225,16511
Tom van der Poll,https://orcid.org/0000-0002-9199-5079,Amsterdam Neuroscience,NL,1225,119412
Andrea Biondi,https://orcid.org/0000-0002-6757-6173,Istituti di Ricovero e Cura a Carattere Scientifico,IT,1225,60230
Ahip,,,,1225,16
Pedro Alexandrino Fernandes,https://orcid.org/0000-0003-2748-4722,Universidade do Porto,PT,1225,15463
이영석,,Tokyo Electron (Japan),JP,1225,111
Jiang Liu,https://orcid.org/0000-0001-6281-6505,Chinese Academy of Medical Sciences & Peking Union Medical College,CN,1225,21995
Yin Yin,https://orcid.org/0009-0004-0752-3039,Nanjing University of Aeronautics and Astronautics,CN,1225,1391
M. Rescigno,,Istituto Nazionale di Fisica Nucleare,IT,1225,68558
B. T. Winter,https://orcid.org/0000-0001-9606-7688,University of Freiburg,DE,1225,58897
Jerry L. Atwood,https://orcid.org/0000-0002-3350-9618,University of Missouri,US,1224,41126
Tatsuo Arai,https://orcid.org/0000-0001-7863-5696,Beijing Institute of Technology,CN,1224,13302
Mark Nieuwenhuijsen,https://orcid.org/0000-0001-9461-7981,Universitat Pompeu Fabra,ES,1224,87382
Pascal Demoly,https://orcid.org/0000-0001-7827-7964,Inserm,FR,1224,51559
A. Massafferri,https://orcid.org/0000-0002-3264-3401,Centro Brasileiro de Pesquisas Físicas,BR,1224,44367
Kabir Peay,https://orcid.org/0000-0002-7998-7412,Stanford University,US,1224,17893
Robert T. Sataloff,https://orcid.org/0000-0001-5146-6319,Drexel University,US,1224,15064
Chiu‐Wing Winnie Chu,https://orcid.org/0000-0003-4962-4132,Chinese University of Hong Kong,HK,1224,20702
L. Dade Lunsford,https://orcid.org/0000-0001-7447-459X,University of Pittsburgh,US,1224,51598
David A. Reardon,https://orcid.org/0000-0001-6674-0157,Harvard University,US,1224,64034
Dirk J. van Veldhuisen,https://orcid.org/0000-0003-1611-7935,University Medical Center Groningen,NL,1224,110182
Mrinal M. Patnaik,https://orcid.org/0000-0001-6998-662X,Mayo Clinic,US,1224,19894
Amit M. Oza,https://orcid.org/0000-0002-9510-8641,Ontario Institute for Cancer Research,CA,1224,58268
T. Sasaki,https://orcid.org/0000-0002-0767-5428,Tohoku University,JP,1224,30923
Vadapalli Chandrasekhar,https://orcid.org/0000-0003-1968-2980,Tata Institute of Fundamental Research,IN,1223,15515
Ari Jumpponen,https://orcid.org/0000-0002-6770-2563,Kansas State University,US,1223,19867
Yu. F. Ivanov,https://orcid.org/0000-0001-8022-7958,Institute of High Current Electronics,RU,1223,6678
Osamu Ishikawa,https://orcid.org/0000-0002-7655-0610,Gunma University,JP,1223,27458
Julie Chytilová,https://orcid.org/0000-0002-8474-8192,,,1223,2626
Angelo D’Alessandro,https://orcid.org/0000-0002-2258-6490,Touch of Life Technologies (United States),US,1223,31938
Joseph D. Tobias,https://orcid.org/0000-0003-0550-6951,Nationwide Children's Hospital,US,1223,21423
Thomas E. Albrecht‐Schmitt,https://orcid.org/0000-0002-2989-3311,Colorado School of Mines,US,1223,17780
Robert J Henry,https://orcid.org/0000-0002-4060-0292,The University of Queensland,AU,1223,34007
R. R. Alfano,https://orcid.org/0000-0002-3206-5736,"The Graduate Center, CUNY",US,1223,26414
Luís Ceze,https://orcid.org/0000-0002-1377-6217,University of Washington,US,1223,14611
Alberto Akama,https://orcid.org/0000-0003-0209-770X,Museu Paraense Emílio Goeldi,BR,1223,2503
Tao Chen,https://orcid.org/0000-0001-9704-9545,Sun Yat-sen University,CN,1223,45574
Hiroshi Inoue,https://orcid.org/0000-0002-0775-8936,Kanazawa University,JP,1223,14214
Daniel Wendling,https://orcid.org/0000-0002-4687-5780,Centre Hospitalier Universitaire de Besançon,FR,1222,18087
Charis Eng,https://orcid.org/0000-0002-3693-5145,Cleveland Clinic,US,1222,75275
Grant W. Montgomery,https://orcid.org/0000-0002-4140-8139,The University of Queensland,AU,1222,159063
Steven G. Louie,https://orcid.org/0000-0003-0622-0170,Lawrence Berkeley National Laboratory,US,1222,117170
Fabrizio Colosimo,https://orcid.org/0000-0002-3924-2352,New England Biolabs (United States),US,1222,306
E. Eşkut,https://orcid.org/0000-0001-8328-3314,Cukurova University,TR,1222,73558
Catherine Lord,https://orcid.org/0000-0001-5633-1253,University of Southern California,US,1222,108137
이미숙,,,,1222,398
Tadeusz Robak,https://orcid.org/0000-0002-3411-6357,Copernicus Memorial Hospital,PL,1222,37700
Lawrence E. Hurd,https://orcid.org/0000-0003-3998-9496,Washington and Lee University,US,1222,3088
Lei Zhang,https://orcid.org/0000-0001-7769-7377,Tianjin University of Commerce,CN,1222,23898
B. J. Gallop,https://orcid.org/0000-0001-7401-5043,Rutherford Appleton Laboratory,GB,1222,79151
M. Kocian,https://orcid.org/0000-0003-4559-6058,Laboratoire d’Annecy de Physique des Particules,FR,1222,63432
Jon Jacobs,https://orcid.org/0000-0003-0557-7338,Environmental Molecular Sciences Laboratory,US,1222,0
Weijun Qian,https://orcid.org/0000-0002-5393-2827,Pacific Northwest National Laboratory,US,1222,0
Yu Liu,https://orcid.org/0000-0002-9702-349X,Alfred-Wegener-Institut Helmholtz-Zentrum für Polar- und Meeresforschung,DE,1221,49444
Olivier Delattre,https://orcid.org/0000-0002-8730-2276,Inserm,FR,1221,54829
Matteo Fassan,https://orcid.org/0000-0001-6515-5482,University of Padua,IT,1221,44566
Sara Lonardi,https://orcid.org/0000-0002-7593-8138,Istituto Oncologico Veneto,IT,1221,36499
Holden D. Brown,,Neurological Surgery,US,1221,1109
Patricia M. Davidson,https://orcid.org/0000-0003-2050-1534,The University of Sydney,AU,1221,27986
M. Gouighri,https://orcid.org/0000-0002-9551-0251,Université Ibn-Tofail,MA,1221,68289
Kenji Suzuki,https://orcid.org/0000-0003-1736-5404,University of Tsukuba,JP,1221,10255
nehmii nehmii,,,,1221,0
Leandro Juen,https://orcid.org/0000-0002-6188-4386,Universidade da Amazônia,BR,1220,9106
Subhash C. Pandey,https://orcid.org/0000-0001-7139-8464,"Birla Institute of Technology, Mesra",IN,1220,9757
김동일,,,,1220,138
Joe W. Gray,https://orcid.org/0000-0001-9225-6756,Oregon Health & Science University,US,1220,109680
I. Cibulka,,"University of Chemistry and Technology, Prague",CZ,1220,1
D. A. H. Buckley,https://orcid.org/0000-0002-7004-9956,University of Cape Town,ZA,1220,13344
M. C. Chu,https://orcid.org/0000-0002-1971-0403,University of Science and Technology of China,CN,1220,41435
W. Rhode,https://orcid.org/0000-0003-2636-5000,TU Dortmund University,DE,1220,47322
Francesco Bertoni,https://orcid.org/0000-0001-5637-8983,Ente Ospedaliero Cantonale,CH,1220,30597
José M. Lorenzo,https://orcid.org/0000-0002-7725-9294,Centro Tecnológico de Automoción de Galicia,ES,1220,61939
S. Colafranceschi,https://orcid.org/0000-0002-7335-6417,James Madison University,US,1220,88212
Kazuhiko Yamamoto,https://orcid.org/0000-0001-9037-3625,"National Institute of Biomedical Innovation, Health and Nutrition",JP,1220,44955
David K. Stevenson,https://orcid.org/0000-0002-7127-0281,Boston Children's Hospital,US,1220,50193
R. Faccini,https://orcid.org/0000-0003-2613-5141,Istituto Nazionale di Fisica Nucleare,IT,1220,40339
M. Guthoff,https://orcid.org/0000-0002-3974-589X,Deutsches Elektronen-Synchrotron DESY,DE,1220,49874
GBIF.org User,,,,1220,0
Yuman Fong,https://orcid.org/0000-0002-8934-9959,City Of Hope National Medical Center,US,1219,78986
Jonathan I. Silverberg,https://orcid.org/0000-0003-3686-7805,George Washington University,US,1219,52403
Zhigang Zou,https://orcid.org/0000-0003-2092-8335,China Electric Equipment Group (China),CN,1219,75424
Jae Young Choi,https://orcid.org/0000-0001-9493-3458,Yonsei University,KR,1219,6080
Stephan Achenbach,https://orcid.org/0000-0002-7596-095X,Friedrich-Alexander-Universität Erlangen-Nürnberg,DE,1219,75184
Craig I Coleman,https://orcid.org/0000-0003-4868-7158,Hartford Hospital,US,1219,15822
Maurizio Fava,https://orcid.org/0000-0002-4635-0458,Harvard University,US,1219,89766
Kazuo Tsutsui,https://orcid.org/0000-0002-5472-5539,Innovative Research (United States),US,1219,4059
Hamid Reza Karimi,https://orcid.org/0000-0001-7629-3266,Fondazione Politecnico di Milano,IT,1219,40396
Chang‐Jiu Li,https://orcid.org/0000-0001-9814-064X,Xi'an Jiaotong University,CN,1219,32301
Tong Liu,https://orcid.org/0000-0003-0482-0738,Capital Medical University,CN,1219,24013
Chao Wang,https://orcid.org/0000-0002-6251-7908,Qingdao University,CN,1219,21209
O. Deschamps,https://orcid.org/0000-0002-7047-6042,Centre National de la Recherche Scientifique,FR,1219,49316
C. Bromberg,,,,1219,83868
D. Minniti,https://orcid.org/0000-0002-7064-099X,Universidad Andrés Bello,CL,1218,32371
Cornelia M. Ulrich,https://orcid.org/0000-0001-7641-059X,University of Utah,US,1218,35504
Junji Watanabe,https://orcid.org/0000-0002-6795-2554,Institute for Future Engineering,JP,1218,20217
K. Yamaoka,https://orcid.org/0000-0003-3841-0980,Nagoya University,JP,1218,10914
D. R. Blake,https://orcid.org/0000-0002-8283-5014,"University of California, Irvine",US,1218,68497
Branko Stanovnik,https://orcid.org/0000-0003-3693-8108,ACTA (United States),US,1218,7805
Mohammad Khaja Nazeeruddin,https://orcid.org/0000-0001-5955-4786,Institut de Chimie,FR,1218,167848
Aditya K. Gupta,https://orcid.org/0000-0002-8664-7723,Apple (Israel),IL,1218,37492
J. G. Saraiva,https://orcid.org/0000-0002-7006-0864,University of Lisbon,PT,1218,86627
M. A. Mahmoud,https://orcid.org/0000-0001-8692-5458,Fayoum University,EG,1218,74735
김소연,,,,1217,166
José́ G. Vargas-Hernández,https://orcid.org/0000-0003-0938-4197,Universidad La Salle Bajío,MX,1217,2271
Fumio Koyama,https://orcid.org/0000-0001-7422-9391,Tokyo Institute of Technology,JP,1217,11517
Kuldeep Dhama,https://orcid.org/0000-0001-7469-4752,Indian Veterinary Research Institute,IN,1217,73132
Bruno Vellas,https://orcid.org/0000-0002-7678-5065,Université Toulouse III - Paul Sabatier,FR,1217,107021
刘辉,,,,1217,79
U. Wiedner,https://orcid.org/0000-0002-9002-6583,Ruhr University Bochum,DE,1217,21753
L. Misery,https://orcid.org/0000-0001-8088-7059,Université de Bretagne Occidentale,FR,1217,22649
Karl M. Kadish,https://orcid.org/0000-0003-4586-6732,University of Houston,US,1217,25478
Xin Li,https://orcid.org/0000-0002-7414-5734,Guiyang College of Traditional Chinese Medicine,CN,1217,35114
James H. Woods,,,,1217,8880
Umesh K. Mishra,https://orcid.org/0000-0001-8084-9247,Indian Institute of Technology Guwahati,IN,1216,55775
Amit Agrawal,https://orcid.org/0000-0002-3287-5448,University of Cambridge,GB,1216,13749
André Victor Lucci Freitas,https://orcid.org/0000-0002-5763-4990,Universidade Estadual de Campinas (UNICAMP),BR,1216,9325
R. Bartoldus,https://orcid.org/0000-0001-5317-9794,SLAC National Accelerator Laboratory,US,1216,74691
Licheng Sun,https://orcid.org/0000-0002-4521-2870,University of Electronic Science and Technology of China,CN,1216,79164
G. Tagliaferri,https://orcid.org/0000-0003-0121-0723,Brera Astronomical Observatory,IT,1216,39448
Chika Ugwuodo,https://orcid.org/0000-0001-7184-8015,University of New Hampshire,US,1216,201
Richard J. Staples,https://orcid.org/0000-0003-2760-769X,Michigan State University,US,1216,10898
Christine Van Broeckhoven,https://orcid.org/0000-0003-0183-7665,VIB-UAntwerp Center for Molecular Neurology,BE,1216,95341
Min Hu,https://orcid.org/0000-0003-4816-9123,Xuzhou University of Technology,CN,1216,52664
David Castle,https://orcid.org/0000-0002-3075-1580,University of Tasmania,AU,1216,42875
Howard L. Weiner,https://orcid.org/0000-0003-0203-9681,Baylor College of Medicine,US,1216,108654
Hilkka Soininen,https://orcid.org/0000-0002-2785-9937,University of Eastern Finland,FI,1216,111734
Clare P. Grey,https://orcid.org/0000-0001-5572-192X,University of Cambridge,GB,1216,71814
Norio Nonomura,https://orcid.org/0000-0002-6522-6233,Osaka Gakuin University,JP,1216,16916
S Pirro,,,,1216,0
Chen Zhang,https://orcid.org/0000-0002-3579-6980,Jiangxi University of Traditional Chinese Medicine,CN,1216,54464
Bin Liu,https://orcid.org/0000-0003-2189-9476,Sinopec (China),CN,1216,30105
Zhong Chen,https://orcid.org/0000-0001-7518-1414,Nanyang Technological University,SG,1216,47798
J. Maeda,https://orcid.org/0000-0002-9084-3305,Université Clermont Auvergne,FR,1216,51355
"Barreiro, Lisardo R., 1862-1943",,,,1216,0
F. Marchetti,https://orcid.org/0000-0001-5981-930X,Università di Camerino,IT,1215,9105
Antoine Müller,https://orcid.org/0000-0002-8322-1292,ETH Zurich,CH,1215,9803
Gerhard Ehninger,https://orcid.org/0000-0003-0056-0422,University Hospital Carl Gustav Carus,DE,1215,49746
Omar K. Farha,https://orcid.org/0000-0002-9904-9845,Northwestern University,US,1215,118915
Qing Jiang,https://orcid.org/0000-0003-0660-596X,Nanjing Agricultural University,CN,1215,53734
Fernando Rogerio de Carvalho,,Universidade Federal de Mato Grosso do Sul,BR,1215,7
Ivan Bièche,https://orcid.org/0000-0002-2430-5429,Centre National de la Recherche Scientifique,FR,1215,34600
Arthur Cayley,,,,1215,3334
Claudio Borghi,https://orcid.org/0000-0001-8039-8781,GNA University,IN,1215,36406
Trisha Greenhalgh,https://orcid.org/0000-0003-2369-8088,University of Oxford,GB,1215,87594
Michiaki Unno,https://orcid.org/0000-0002-2145-6416,Tohoku University,JP,1215,24000
Bin Li,https://orcid.org/0000-0002-7088-8274,Jiaying University,CN,1215,11653
F. Di Lodovico,https://orcid.org/0000-0003-3952-2175,King's College London,GB,1215,46621
Xiao Xiao,https://orcid.org/0009-0009-9618-4302,East China University of Science and Technology,CN,1215,3345
Francesco Blasi,https://orcid.org/0000-0002-2285-9970,University of Parma,IT,1214,36951
H. Schindler,https://orcid.org/0000-0002-1468-0479,European Organization for Nuclear Research,CH,1214,45625
I Boncz,https://orcid.org/0000-0003-3699-6236,University of Pecs,HU,1214,2874
Alexander V. Neimark,https://orcid.org/0000-0002-3443-0389,"Rutgers, The State University of New Jersey",US,1214,42882
Tobias Banaschewski,https://orcid.org/0000-0003-4595-1144,University of Massachusetts Lowell,US,1214,60512
M. Nozaki,https://orcid.org/0000-0001-7834-9614,High Energy Accelerator Research Organization,JP,1214,96922
R. Oldeman,https://orcid.org/0000-0001-6902-0710,University of Cagliari,IT,1214,49426
Marcus Mall,https://orcid.org/0000-0002-4057-2199,Queen's University Belfast,GB,1214,27348
Niels Birbaumer,https://orcid.org/0000-0002-6786-5127,,,1214,93912
Michael O‘Donovan,https://orcid.org/0000-0001-7073-2379,Genomics (United Kingdom),GB,1214,170239
Lawrence Corey,https://orcid.org/0000-0002-2179-2436,Cape Town HVTN Immunology Laboratory / Hutchinson Centre Research Institute of South Africa,ZA,1214,101430
Lisette Hilton,,Spinal Cord Injury BC,CA,1214,784
Alexander A. C. Leung,https://orcid.org/0000-0002-7536-8497,University of Calgary,CA,1214,8705
S. Eisenhardt,https://orcid.org/0000-0002-4860-6779,University of Edinburgh,GB,1214,49694
Michel Billiard,,Hôpital Gui de Chauliac,FR,1214,8348
"Villar Ponte, Ramón, 1890-1953",,,,1214,0
René Kizek,https://orcid.org/0000-0002-0467-6169,Charles University,CZ,1213,24761
Atta‐ur Rahman,https://orcid.org/0000-0003-0709-6116,University of Karachi,PK,1213,21440
G. Haefeli,https://orcid.org/0000-0002-9257-839X,FZU ‒ Institute of Physics of the Academy of Sciences of the Czech Republic,CZ,1213,45512
Michael J. Owen,https://orcid.org/0000-0003-4798-0862,Cardiff University,GB,1213,124519
Tomonobu Senjyu,https://orcid.org/0000-0003-4494-6773,University of the Ryukyus,JP,1213,27091
H. Peter Soyer,https://orcid.org/0000-0002-4770-561X,Translational Research Institute,AU,1213,33152
David C. Devonis,https://orcid.org/0000-0001-6711-2371,,,1213,298
A. Kugel,https://orcid.org/0000-0002-8493-6660,Heidelberg University,DE,1213,102955
Richard S. Ellis,https://orcid.org/0000-0001-7782-7071,University College London,GB,1213,96827
William D. Figg,https://orcid.org/0000-0003-2428-5613,Office of the Director,US,1213,38417
Jaime A. Teixeira da Silva,https://orcid.org/0000-0003-3299-2772,Yahoo (United Kingdom),GB,1213,26875
A. Quirrenbach,https://orcid.org/0000-0002-3302-1962,Heidelberg University,DE,1213,40569
Wolff Schmiegel,https://orcid.org/0000-0002-1783-9764,Universitätsklinikum Knappschaftskrankenhaus Bochum,DE,1213,26327
Jing Wang,https://orcid.org/0000-0002-5398-0802,The University of Texas MD Anderson Cancer Center,US,1213,35717
Hiroshi Yamamoto,https://orcid.org/0000-0002-5686-5156,National Institutes of Natural Sciences,JP,1212,11453
Jin Zou,https://orcid.org/0000-0001-9435-8043,Xidian University,CN,1212,55270
J.-C. Fontaine,,Délégation Paris 7,FR,1212,1
Guido Gerken,https://orcid.org/0000-0001-6734-5001,,,1212,35014
Solomon H. Snyder,https://orcid.org/0000-0002-6818-7022,Johns Hopkins University,US,1212,179420
Victor Duruy,,,,1212,26
Lillian Barros,https://orcid.org/0000-0002-9050-5189,Polytechnic University of Puerto Rico,PR,1212,44268
Vinay Nadkarni,https://orcid.org/0000-0002-3794-5599,Children's Hospital of Philadelphia,US,1212,59372
Brian H. Rowe,https://orcid.org/0000-0003-3446-2097,Alberta Health Services,CA,1212,36582
Paul Klenerman,https://orcid.org/0000-0003-4307-9161,Nuffield Orthopaedic Centre,GB,1212,86779
E.E. Castellano,https://orcid.org/0000-0003-0499-8907,Mondragon Unibertsitatea,ES,1212,10914
Yasushi Yatabe,https://orcid.org/0000-0003-1788-559X,Juntendo University,JP,1212,72012
Manoel Jacobsen Teixeira,https://orcid.org/0000-0002-7974-6045,Universidade de São Paulo,BR,1212,17452
Hideo Takezoe,https://orcid.org/0000-0003-1106-4395,Tokyo Institute of Technology,JP,1212,26331
Paul J. Chirik,https://orcid.org/0000-0001-8473-2898,Princeton University,US,1212,28710
Yuxuan Wang,https://orcid.org/0000-0002-1649-6974,Shihezi University,CN,1212,15699
A. Ukleja,https://orcid.org/0000-0003-0480-4850,Jagiellonian University,PL,1212,45305
Min Min,https://orcid.org/0000-0002-5143-5309,Nanchang University,CN,1212,1879
Masatoshi Ishikawa,https://orcid.org/0000-0002-6096-830X,Tokyo University of Science,JP,1211,11430
Éric Deutsch,https://orcid.org/0000-0002-8223-3697,Inserm,FR,1211,34691
Egbert F. Smit,https://orcid.org/0000-0002-7329-6995,Leiden University Medical Center,NL,1211,61162
F. Ravera,https://orcid.org/0000-0003-3632-0287,Fermi National Accelerator Laboratory,US,1211,44088
Gert Van Assche,https://orcid.org/0000-0003-0401-4664,,,1211,61129
Wolfgang Kern,https://orcid.org/0000-0002-6452-2874,Munich Leukemia Laboratory (Germany),DE,1211,35578
Hiroshi Kitagawa,https://orcid.org/0000-0001-6955-3015,Kyoto University,JP,1211,29884
김용환,,Ulsan National Institute of Science and Technology,KR,1211,143
Hark Hoe Tan,https://orcid.org/0000-0002-7816-537X,Australian National University,AU,1211,23236
W.E. Wallace,https://orcid.org/0000-0001-8684-6530,National Health Service,GB,1211,25254
Nathaniel Rothman,https://orcid.org/0000-0001-6924-0895,,,1211,36948
Ning Zhang,https://orcid.org/0000-0002-8781-4925,Jingdezhen Ceramic Institute,CN,1211,35499
Ying Li,https://orcid.org/0000-0001-7554-0958,Affiliated Hospital of Southwest Medical University,CN,1211,19342
Susan O’Brien,https://orcid.org/0000-0003-3386-6540,"University of California, Irvine",US,1211,53271
Dennis Denney,,Job Performance Systems (United States),US,1211,2086
John Nichols,,,,1211,1057
J. Brodzicka,https://orcid.org/0000-0002-8556-0597,"Institute of Nuclear Physics, Polish Academy of Sciences",PL,1211,48235
Hermann Siegfried,,,,1211,0
이영철,,Gachon University,KR,1210,198
Matthew A. Brown,https://orcid.org/0000-0003-0538-8211,,,1210,86621
E. Asilar,https://orcid.org/0000-0001-5680-599X,Institute of Nuclear Physics of Lyon,FR,1210,41792
Salim S. Virani,https://orcid.org/0000-0001-9541-6954,Aga Khan University,PK,1210,161221
総一朗 田原,,,,1210,0
José C. Prı́ncipe,https://orcid.org/0000-0002-3449-3531,University of Florida,US,1210,34195
Henk Nijmeijer,https://orcid.org/0000-0001-5883-6191,Eindhoven University of Technology,NL,1210,31205
Martin Pumera,https://orcid.org/0000-0001-5846-2951,Central European Institute of Technology,CZ,1210,77264
Ludger Klimek,https://orcid.org/0000-0002-2455-0192,Johannes Gutenberg University Mainz,DE,1210,27082
Edward H. Sargent,https://orcid.org/0000-0003-0396-6495,Northwestern University,US,1210,182208
N. Nakamura,,Suita Municipal Hospital,JP,1210,5744
Zigang Dong,https://orcid.org/0000-0002-4174-4028,Zhengzhou University,CN,1210,37230
Rany M. Salem,https://orcid.org/0000-0001-8816-6862,University of California San Diego,US,1210,18449
Yulong Yin,https://orcid.org/0000-0001-6112-6975,Chinese Academy of Sciences,CN,1210,54575
Y. Zhou,https://orcid.org/0000-0002-7868-6706,University of Copenhagen,DK,1210,54830
Keith L. Ligon,https://orcid.org/0000-0002-7733-600X,Broad Institute,US,1209,52521
Azeem Majeed,https://orcid.org/0000-0002-2357-9858,Public Health England,GB,1209,229354
Clive Ballard,https://orcid.org/0000-0003-0022-5632,University of Exeter,GB,1209,105205
Paul Lichtenstein,https://orcid.org/0000-0003-3037-5287,Karolinska Institutet,SE,1209,91035
C. Frei,https://orcid.org/0000-0001-5501-5611,European Organization for Nuclear Research,CH,1209,45359
Andrés M. Lozano,https://orcid.org/0000-0001-8257-3694,University Health Network,CA,1209,85085
Makoto Takizawa,https://orcid.org/0000-0002-7155-0187,Hosei University,JP,1209,9720
P. Gandini,https://orcid.org/0000-0001-7267-6008,"Istituto Nazionale di Fisica Nucleare, Sezione di Milano",IT,1209,43100
Bin Hu,https://orcid.org/0000-0003-3514-5413,Beijing Institute of Technology,CN,1209,25591
V. S. Bobrovnikov,https://orcid.org/0000-0002-2003-0261,Queen Mary University of London,GB,1209,57554
C. Bernius,https://orcid.org/0000-0003-3433-1687,SLAC National Accelerator Laboratory,US,1209,78022
Dai‐Zheng Liao,,,,1209,19090
R.W. Harrington,,,,1209,1091
C. Satriano,https://orcid.org/0000-0002-4976-0460,University of Basilicata,IT,1209,47349
Topographisches Bureau der Eidgenossenschaft,,,,1209,0
Michael Bailey,https://orcid.org/0000-0002-5551-1401,Australian and New Zealand Intensive Care Society,AU,1208,58218
Hannu Kautiainen,https://orcid.org/0000-0003-0786-0858,Helsinki University Hospital,FI,1208,33388
Mitsuru Itoh,https://orcid.org/0000-0001-6457-9152,,,1208,25252
Michael L. Gross,https://orcid.org/0000-0003-1159-4636,Washington University in St. Louis,US,1208,32362
Hugh Montgomery,https://orcid.org/0000-0001-8797-5019,,,1208,69292
김기태,,,,1208,96
Phil Szuromi,,,,1208,896
Yu,,Capital Medical University,CN,1208,2303
GBIF.org User,,,,1208,0
Susumu Noda,https://orcid.org/0000-0003-4302-0549,Kyoto University,JP,1207,31375
G. Ghibaudo,https://orcid.org/0000-0001-9901-0679,Institut polytechnique de Grenoble,FR,1207,17129
Sean C. Solomon,https://orcid.org/0000-0001-8328-7251,Lamont-Doherty Earth Observatory,US,1207,42580
Dean P. Jones,https://orcid.org/0000-0002-2090-0677,Emory University,US,1207,72862
김성태,,,,1207,65
Francis E. Marchlinski,https://orcid.org/0000-0001-7962-9423,Hospital of the University of Pennsylvania,US,1207,72455
S. Selberherr,https://orcid.org/0000-0002-5583-6177,TU Wien,AT,1207,14937
Joseph C. Wu,https://orcid.org/0000-0002-6068-8041,Cardiovascular Institute of the South,US,1207,70566
О.К. Шарутина,,South Ural State University,RU,1207,2481
Stefano Fanti,https://orcid.org/0000-0003-1486-2624,Azienda USL di Bologna,IT,1207,38231
John Maltby,https://orcid.org/0000-0002-0621-9359,University of Leicester,GB,1207,16380
M. Flechl,https://orcid.org/0000-0003-4750-3548,"Czech Academy of Sciences, Oriental Institute",CZ,1207,98798
C. Böhm,https://orcid.org/0000-0003-3807-7831,Stockholm University,SE,1207,64612
Takeshi Morimoto,https://orcid.org/0000-0002-6844-739X,Hyogo Medical University,JP,1207,26753
Hartwig Huland,https://orcid.org/0000-0002-4237-9480,Universität Hamburg,DE,1207,64768
Weihua Li,https://orcid.org/0000-0002-6190-8421,University of Wollongong,AU,1207,35308
Markku Laakso,https://orcid.org/0000-0002-3394-7749,Cleveland Clinic,US,1207,162932
Li Li,https://orcid.org/0000-0001-5324-2271,Central South University,CN,1207,23475
Hua Hua,https://orcid.org/0000-0003-4979-924X,Electric Power Research Institute,US,1207,2490
L. Forthomme,https://orcid.org/0000-0002-3302-336X,Jagiellonian University,PL,1207,72981
Huanfeng Jiang,https://orcid.org/0000-0002-4355-0294,South China University of Technology,CN,1206,37804
Gordon Parker,https://orcid.org/0000-0003-3424-5519,UNSW Sydney,AU,1206,48330
Peter E. H. Schwarz,https://orcid.org/0000-0001-6317-7880,Deutsches Diabetes-Zentrum e.V.,DE,1206,20017
J. S. Bloom,https://orcid.org/0000-0002-7777-216X,Lawrence Berkeley National Laboratory,US,1206,37583
Alex Chow,https://orcid.org/0000-0001-7441-8934,Chinese University of Hong Kong,HK,1206,5470
Xuanhui Qu,https://orcid.org/0000-0002-2943-3008,Ningbo University of Technology,CN,1206,29588
Philip C. Calder,https://orcid.org/0000-0002-6038-710X,University Hospital Southampton NHS Foundation Trust,GB,1206,97473
王莹,,,,1206,21
Mario Piattini,https://orcid.org/0000-0002-7212-8279,University of Castilla-La Mancha,ES,1206,16335
Steven J.M. Jones,https://orcid.org/0000-0003-3394-2208,Canada's Michael Smith Genome Sciences Centre,CA,1206,207839
L. E. Piilonen,https://orcid.org/0000-0001-6836-0748,Twitter (United States),US,1206,46311
S. Donati,,University of Pisa,IT,1206,71687
Christopher M. O’Connor,https://orcid.org/0000-0002-1076-718X,Inova Health System,US,1206,80865
Alan Rumsey,,,,1206,0
Enrico Gratton,https://orcid.org/0000-0002-6450-7391,"University of California, Irvine",US,1205,54834
Jerome Ritz,https://orcid.org/0000-0001-5526-4669,Harvard University,US,1205,60278
A. Obłąkowska-Mucha,https://orcid.org/0000-0003-1328-0534,Jagiellonian University,PL,1205,45744
Peter Hoskin,https://orcid.org/0000-0001-8323-9567,Manchester Academic Health Science Centre,GB,1205,44508
D. Queloz,https://orcid.org/0000-0002-3012-0316,University of Cambridge,GB,1205,59266
Jianliang Zhang,https://orcid.org/0000-0003-2494-0040,State Key Laboratory of Oil and Gas Reservoir Geology and Exploitation,CN,1205,16741
D. J. Lange,https://orcid.org/0000-0002-9086-5184,The University of Queensland,AU,1205,28253
Thomas Efferth,https://orcid.org/0000-0002-2637-1681,Johannes Gutenberg University Mainz,DE,1205,56473
Masayuki Inaba,https://orcid.org/0000-0003-1273-1567,The University of Tokyo,JP,1205,13034
R. Poling,https://orcid.org/0000-0001-7305-4702,University of Science and Technology of China,CN,1205,39072
M. Dorigo,https://orcid.org/0000-0002-0681-6946,Twitter (United States),US,1205,49969
Francis K.L. Chan,https://orcid.org/0000-0001-7388-2436,Chinese University of Hong Kong,HK,1205,72277
J. Antoš,,Slovak Academy of Sciences,SK,1205,86096
Fernand Labrie,,Endocyte (United States),US,1205,59142
Debby Van Dam,https://orcid.org/0000-0003-4739-6076,University Medical Center Groningen,NL,1204,6947
Torben Jørgensen,https://orcid.org/0000-0001-9453-2830,University of Copenhagen,DK,1204,121901
Jin Jin,https://orcid.org/0000-0002-8671-317X,Chengdu University of Information Technology,CN,1204,3598
Chunhai Fan,https://orcid.org/0000-0002-7171-7338,Shanghai Jiao Tong University,CN,1204,94508
Simon B. Eickhoff,https://orcid.org/0000-0001-6363-2759,Forschungszentrum Jülich,DE,1204,94768
J. Hauser,https://orcid.org/0000-0002-9781-4873,University of California System,US,1204,62999
Martin G. Banwell,https://orcid.org/0000-0002-0582-475X,Jinan University,CN,1204,8983
David B. Richman,,,,1204,813
R. Sadykov,https://orcid.org/0000-0002-9157-6819,Joint Institute for Nuclear Research,RU,1204,84884
Maurício L. Barreto,https://orcid.org/0000-0002-0215-4930,Universidade Federal da Bahia,BR,1204,36591
Victor L. Villemagne,https://orcid.org/0000-0002-5832-9875,Edith Cowan University,AU,1204,49550
Kazuo Tanaka,https://orcid.org/0000-0001-6571-7086,Kyoto University,JP,1204,21674
Stanislav N. Gorb,https://orcid.org/0000-0001-9712-7953,Morpho (United States),US,1204,37974
Mark Zuckerberg,,,,1204,891
F. Glege,https://orcid.org/0000-0002-4526-2149,European Organization for Nuclear Research,CH,1204,63625
김혜정,,,,1204,141
Carol Brayne,https://orcid.org/0000-0001-5307-663X,University of Cambridge,GB,1204,216040
Tilman Grune,https://orcid.org/0000-0003-4775-9973,University of Vienna,AT,1204,44757
Keivan G. Stassun,https://orcid.org/0000-0002-3481-9052,Vanderbilt University,US,1204,41788
Eliot Marshall,https://orcid.org/0000-0002-5574-060X,,,1204,5925
Association for Computational Linguistics 2026,,,,1204,0
Vinothan Manoharan,https://orcid.org/0000-0003-0370-6095,Harvard University,US,1203,11446
Younan Xia,https://orcid.org/0000-0003-2431-7048,Georgia Institute of Technology,US,1203,205513
David A. Hensher,https://orcid.org/0000-0003-0058-2242,University of Technology Sydney,AU,1203,52617
이정수,,,,1203,86
John Wilson,https://orcid.org/0000-0003-2118-3646,Vanderbilt University,US,1203,37238
M. Saimpert,https://orcid.org/0000-0002-3765-1320,Tel Aviv University,IL,1203,50929
Mark R. Gilbert,https://orcid.org/0000-0003-2556-9722,BC Centre for Disease Control,CA,1203,50589
Andrew J. Pollard,https://orcid.org/0000-0001-7361-719X,Oxford Research Group,GB,1203,69838
Salvatore Cuzzocrea,https://orcid.org/0000-0001-6131-3690,University of Messina,IT,1203,54804
Hiroshi Sakamoto,https://orcid.org/0000-0002-8767-2111,Kyushu University,JP,1203,25525
Alison Goate,https://orcid.org/0000-0002-0576-2472,Icahn School of Medicine at Mount Sinai,US,1203,123631
V. Bunichev,https://orcid.org/0000-0003-4418-2072,European Organization for Nuclear Research,CH,1203,58152
Karl Peters,,,,1203,11903
Bart Staels,https://orcid.org/0000-0002-3784-1503,Université Claude Bernard Lyon 1,FR,1202,111443
박상준,,,,1202,93
M. Nikl,https://orcid.org/0000-0002-2378-208X,FZU ‒ Institute of Physics of the Academy of Sciences of the Czech Republic,CZ,1202,30770
Si Wu,https://orcid.org/0000-0002-6346-7359,Hebei Medical University,CN,1202,5244
Igor S. Zonn,,,,1202,1955
J. K. Anders,https://orcid.org/0000-0002-1846-0262,University of Liverpool,GB,1202,50620
Dirk Voorhoof,https://orcid.org/0000-0003-2330-3023,Ghent University,BE,1202,374
Feng Chen,https://orcid.org/0000-0003-3508-8834,Northwestern University,US,1202,59533
F Yin,https://orcid.org/0000-0002-2025-4740,Fujian Institute of Research on the Structure of Matter,CN,1202,23866
G. H. Stark,https://orcid.org/0000-0001-6616-3433,"University of California, Santa Cruz",US,1202,44114
M. Kazana,https://orcid.org/0000-0002-7821-3036,National Centre for Nuclear Research,PL,1202,61970
Ye,,,,1202,3030
Andrê S. H. Prévôt,https://orcid.org/0000-0002-9243-8194,Paul Scherrer Institute,CH,1201,71941
Anne Jackson,https://orcid.org/0000-0002-9672-2547,AstraZeneca (United Kingdom),GB,1201,74858
Chris Taylor,https://orcid.org/0000-0001-7867-9533,"St George's, University of London",GB,1201,46763
Wolfgang Stremmel,https://orcid.org/0000-0002-8545-1753,Klinikum Mittelbaden,DE,1201,36670
Helge Müller‐Bunz,,University College Dublin,IE,1201,9064
Dan Wang,https://orcid.org/0000-0002-4099-6004,University of Shanghai for Science and Technology,CN,1201,17230
P. Owen,https://orcid.org/0000-0002-4161-9147,Universitat de València,ES,1201,42946
Christopher Tipping,,University of Florida,US,1201,384
Franz X. Kärtner,,Universität Hamburg,DE,1201,27793
Don L. Gibbons,https://orcid.org/0000-0003-2362-3094,The University of Texas MD Anderson Cancer Center,US,1200,24739
F. Parodi,https://orcid.org/0000-0002-7160-4720,Max Planck Institute for Physics,DE,1200,46879
Stafford L. Lightman,https://orcid.org/0000-0002-8546-9646,,,1200,50425
R. Vilar Cortabitarte,https://orcid.org/0000-0003-2045-8054,Universidad de Cantabria,ES,1200,93217
Thomas Schleid,https://orcid.org/0000-0001-5808-0128,University of Stuttgart,DE,1200,8296
Werner Massa,https://orcid.org/0000-0001-8131-2222,Philipps University of Marburg,DE,1200,12712
Munetaka Akita,https://orcid.org/0000-0001-7007-9621,Tokyo Institute of Technology,JP,1200,18716
Owen J. Sansom,https://orcid.org/0000-0001-9540-3010,Cancer Research UK,GB,1200,52686
Yuxin Zhang,https://orcid.org/0000-0003-4698-5645,Xinyang Normal University,CN,1200,39904
Maochun Hong,https://orcid.org/0000-0002-1347-6046,Chinese Academy of Sciences,CN,1200,45261
Shouxin Zhang,https://orcid.org/0000-0003-0446-6791,Fujian Normal University,CN,1200,456
T. Chwalek,https://orcid.org/0000-0002-8009-3723,Karlsruhe Institute of Technology,DE,1200,56267
D. Dobur,https://orcid.org/0000-0003-0012-4866,Ghent University Hospital,BE,1200,68082
G. Varner,https://orcid.org/0000-0002-0302-8151,,,1200,51902
王宁,,,,1200,31
Wang,,,,1200,1121
R. J. Foley,https://orcid.org/0000-0002-2445-5275,"University of California, Santa Cruz",US,1199,53834
Andrew M. McIntosh,https://orcid.org/0000-0002-0198-4588,Sichuan University,CN,1199,96846
Godfrey D. Pearlson,https://orcid.org/0000-0002-7525-5185,Hartford Hospital,US,1199,85396
Yukihide Iwamoto,https://orcid.org/0000-0003-0453-1733,Kyushu University,JP,1199,33628
Souâd Benhalima,https://orcid.org/0000-0002-7240-0914,Mohammed V University,MA,1199,92
Carsten Müller‐Tidow,https://orcid.org/0000-0002-7166-5232,Heidelberg University,DE,1199,32243
Alain Fischer,https://orcid.org/0000-0003-4025-5983,,,1199,102582
Patrick Michel,https://orcid.org/0000-0002-0884-1993,Centre National de la Recherche Scientifique,FR,1199,20888
Shawn D. Taylor,https://orcid.org/0000-0002-6178-6903,University of Florida,US,1199,2160
Xavier Leleu,https://orcid.org/0000-0002-9822-4170,Inserm,FR,1199,43655
Yasuhiko Tabata,https://orcid.org/0000-0001-8974-277X,Kyoto University,JP,1199,46121
Edward G. Lakatta,https://orcid.org/0000-0002-4772-0035,National Institutes of Health,US,1199,98430
L. Favart,https://orcid.org/0000-0003-1645-7454,European Union of Medical Specialists,BE,1199,47062
Bengt Sundén,https://orcid.org/0000-0002-6068-0891,Lund University,SE,1199,25728
R. A. Aitken,https://orcid.org/0000-0001-6959-5311,University of St Andrews,GB,1199,2780
Ming–Hsuan Yang,https://orcid.org/0000-0003-4848-2304,,,1199,109301
Zhang Li,https://orcid.org/0000-0003-1659-0466,University of Science and Technology,YE,1199,4213
Hong Chen,https://orcid.org/0000-0001-7799-4961,University of Electronic Science and Technology of China,CN,1199,33893
Pengfei Zhang,https://orcid.org/0000-0003-3470-085X,Tobacco Research Institute,CN,1199,6854
Vários Autores,,,,1199,969
GLIS of the ITPGRFA,,,,1199,0
Association for Computational Linguistics 2026,,,,1199,0
John Tobin,,Heriot-Watt University,GB,1198,6487
Berenice B. Mendonça,https://orcid.org/0000-0003-1762-1084,Hospital Universitário da Universidade de São Paulo,BR,1198,26156
Zabih Ghassemlooy,https://orcid.org/0000-0002-5780-9703,Northumbria University,GB,1198,19120
D. Scott,https://orcid.org/0000-0002-6878-9840,University of British Columbia,CA,1198,172520
Karolina Heyduk,https://orcid.org/0000-0002-1429-6397,University of Connecticut,US,1198,1468
Mitul A. Mehta,https://orcid.org/0000-0003-1152-5323,Wellcome Centre for Human Neuroimaging,GB,1198,18240
K. Jon-And,https://orcid.org/0000-0001-8201-7700,Stockholm University,SE,1198,104128
David C. Whitcomb,https://orcid.org/0000-0002-4462-1410,University of Pittsburgh,US,1198,33031
Luc Van Meervelt,https://orcid.org/0000-0003-2186-5209,Vietnam National University Ho Chi Minh City,VN,1198,12756
Qing Huang,https://orcid.org/0000-0001-7083-9416,Chinese Academy of Sciences,CN,1198,47197
Mark A. Geyer,https://orcid.org/0000-0001-6137-9331,University of San Diego,US,1198,44765
김은수,,Soongsil University,KR,1198,136
Alessandro M. Vannucchi,https://orcid.org/0000-0001-5755-0730,Azienda Ospedaliero-Universitaria Careggi,IT,1198,54449
Yoon‐Seok Chang,https://orcid.org/0000-0002-0623-2932,Ulsan National Institute of Science and Technology,KR,1198,17465
J. N. Reddy,https://orcid.org/0000-0002-9739-1639,Central Tobacco Research Institute,IN,1198,79237
John Hammond,https://orcid.org/0000-0001-7593-747X,,,1198,3957
Nicholas Rescher,,,,1198,20161
Gianvincenzo Zuccotti,https://orcid.org/0000-0002-2795-9874,University of Milan,IT,1198,22502
Tianrui Li,https://orcid.org/0000-0001-7780-104X,Shanghai Normal University,CN,1198,25982
Ernst‐Detlef Schulze,https://orcid.org/0000-0001-6188-9219,Max Planck Institute for Biogeochemistry,DE,1198,91009
G. Mancini,https://orcid.org/0000-0001-6158-2751,Institute for High Energy Physics,ES,1198,51556
Milton Kramer,,,,1198,10490
E. Gabathuler,,University of Liverpool,GB,1198,51618
John C. Campbell,,Institute for Law and Justice,US,1198,30691
GBIF.org User,,,,1198,0
Sherene Loi,https://orcid.org/0000-0001-6137-9171,The University of Melbourne,AU,1197,81190
Guido Reifenberger,https://orcid.org/0000-0002-1419-9837,Düsseldorf University Hospital,DE,1197,110697
김은희,,,,1197,201
B. A. Arbuzov,https://orcid.org/0000-0003-4130-5532,Lomonosov Moscow State University,RU,1197,1187
Pamela S. Douglas,https://orcid.org/0000-0001-9876-4049,Duke University,US,1197,95971
Baltasar Mayo,https://orcid.org/0000-0001-5634-6543,Instituto de Productos Lácteos de Asturias,ES,1197,17462
R. Simoniello,https://orcid.org/0000-0003-2042-6394,Centre National de la Recherche Scientifique,FR,1197,64750
Jacek Namieśnik,https://orcid.org/0000-0001-9598-2198,Gdańsk University of Technology,PL,1197,46349
S. M. Mazza,https://orcid.org/0000-0003-3865-730X,"University of California, Santa Cruz",US,1197,52298
Zhong,,Tongji University,CN,1197,1828
São Paulo,,,,1197,721
Malcolm Edmunds,,,,1197,3224
J. B. Beacham,https://orcid.org/0000-0003-3623-3335,Max Planck Institute for Physics,DE,1197,56278
Arthur A.M. Wilde,https://orcid.org/0000-0002-0528-0852,Heart Rhythm Society,US,1196,78238
Michael Cantz,,,,1196,4798
Douglas R. MacFarlane,https://orcid.org/0000-0001-5963-9659,Australian Regenerative Medicine Institute,AU,1196,79177
Roger Williams,https://orcid.org/0000-0001-7754-4207,MRC Laboratory of Molecular Biology,GB,1196,67912
Kenji Kabashima,https://orcid.org/0000-0002-0773-0554,"Agency for Science, Technology and Research",SG,1196,37731
Naoto Ohtake,https://orcid.org/0000-0002-5710-7007,,,1196,1629
Donald Y.M. Leung,https://orcid.org/0000-0002-0177-3844,National Jewish Health,US,1196,71103
Robert A. Hegele,https://orcid.org/0000-0003-2861-5325,Western University,CA,1196,74610
D. Robinson,https://orcid.org/0000-0001-6169-4868,Northern Illinois University,US,1196,69674
John A. Sayer,https://orcid.org/0000-0003-1881-3782,Newcastle upon Tyne Hospitals NHS Foundation Trust,GB,1196,12433
F. Peter Guengerich,https://orcid.org/0000-0002-7458-3048,Vanderbilt University,US,1196,85711
Cora E. Lewis,https://orcid.org/0000-0002-2301-5796,Alabama Department of Public Health,US,1196,72597
Adrian C. Whitwood,https://orcid.org/0000-0002-5132-5468,University of York,GB,1196,10335
Síbel A. Özkan,https://orcid.org/0000-0001-7494-3077,Ankara University,TR,1196,23184
Andrew M. Scott,https://orcid.org/0000-0002-6656-295X,La Trobe University,AU,1196,37202
Zhiyong Zhang,https://orcid.org/0000-0001-9753-0873,University of Science and Technology Liaoning,CN,1196,18249
Eric A. Storch,https://orcid.org/0000-0002-7631-3703,Baylor College of Medicine,US,1196,39587
Qi Wang,https://orcid.org/0000-0002-1328-8571,Changchun University of Science and Technology,CN,1196,19272
Li Zhang,https://orcid.org/0000-0002-8565-6513,Shihezi University,CN,1196,2536
Gustaaf Van Tendeloo,https://orcid.org/0009-0001-9501-2228,University of Antwerp,BE,1196,46818
Lawrence G. Lenke,https://orcid.org/0000-0002-5595-4958,,,1195,57290
George F. Gao,https://orcid.org/0000-0002-3869-615X,Shanxi Agricultural University,CN,1195,158333
A. Pathak,https://orcid.org/0000-0001-9861-2942,Purdue University Northwest,US,1195,26038
Eckhard Wolf,https://orcid.org/0000-0002-0430-9510,LMU Klinikum,DE,1195,46611
Qiang Fu,https://orcid.org/0000-0001-5316-6758,Tianjin University of Technology and Education,CN,1195,28548
Massoud Pedram,https://orcid.org/0000-0002-2677-7307,University of Southern California,US,1195,28444
Michael I. Jordan,https://orcid.org/0000-0001-8935-817X,Institut national de recherche en sciences et technologies du numérique,FR,1195,181801
Jon Zubieta,https://orcid.org/0000-0003-2478-7867,Syracuse University,US,1195,32423
Laurent Salomon,https://orcid.org/0000-0003-0627-4347,Hôpital Necker-Enfants Malades,FR,1195,30172
Lars Edvinsson,https://orcid.org/0000-0002-1805-1346,Lund University,SE,1195,51911
D. V. Louzguine,https://orcid.org/0000-0001-5716-4987,Tohoku University,JP,1195,12089
Yoshizumi Miyoshi,https://orcid.org/0000-0001-7998-1240,Kyung Hee University,KR,1195,12626
Bikash Mandal,https://orcid.org/0000-0002-3314-9421,Indian Agricultural Research Institute,IN,1195,3415
Yasuhito Tanaka,https://orcid.org/0000-0002-2473-6966,Nagoya City University,JP,1194,32508
Christine Klein,https://orcid.org/0000-0003-2102-3431,University of Lübeck,DE,1194,52358
Elsayed Z. Soliman,https://orcid.org/0000-0001-5632-8150,Cornell University,US,1194,47136
김미숙,,,,1194,341
Hiroyuki Tsuchiya,https://orcid.org/0000-0003-0730-7921,Children's Medical Center,US,1194,21017
Michel Burnier,https://orcid.org/0000-0003-1283-8487,Gdańsk Medical University,PL,1194,55025
Hubert Bonin,,Sciences Po Bordeaux,FR,1194,664
Michael F. Läppert,,,,1194,39707
Tat‐Seng Chua,https://orcid.org/0000-0001-6097-7807,National University of Singapore,SG,1194,63276
Wei Wang,https://orcid.org/0000-0001-5493-3277,Ningbo University,CN,1194,22448
Xiaoming Li,https://orcid.org/0000-0002-5555-9034,Zhejiang Chinese Medical University,CN,1194,28893
B. Wysłouch,https://orcid.org/0000-0003-3681-0649,University of Minnesota System,US,1193,59869
P. Carniti,https://orcid.org/0000-0002-7820-2732,"Istituto Nazionale di Fisica Nucleare, Sezione di Milano Bicocca",IT,1193,31199
Seung Joon Rhee,https://orcid.org/0000-0002-6330-0532,Pusan National University Hospital,KR,1193,452
Camille Saint-Saëns,,,,1193,118
Jong‐Hwa Lee,https://orcid.org/0000-0002-5131-0514,University of North Carolina at Chapel Hill,US,1193,4224
Markku Leskelä,https://orcid.org/0000-0001-5830-2800,University of Helsinki,FI,1193,39319
Susumu Kobayashi,https://orcid.org/0000-0003-2262-4001,Beth Israel Deaconess Medical Center,US,1193,31940
Eiji Oki,https://orcid.org/0000-0002-9763-9366,Kyushu University,JP,1193,19341
Niklas Luhmann,https://orcid.org/0000-0003-1108-058X,World Health Organization - Pakistan,PK,1193,60933
R. C. Wiens,https://orcid.org/0000-0002-3409-7344,Purdue University West Lafayette,US,1193,25799
Team DFTB,,,,1193,161
Edward C. Holmes,https://orcid.org/0000-0001-9596-3552,The University of Sydney,AU,1193,136788
Johann Pratschke,https://orcid.org/0000-0001-9839-1369,Humboldt-Universität zu Berlin,DE,1193,22679
Bo Wang,https://orcid.org/0000-0001-9092-3252,Beijing Institute of Technology,CN,1193,63726
Guolan Gao,https://orcid.org/0009-0009-5789-5902,Sichuan University,CN,1193,2378
Ralf Steinmetz,https://orcid.org/0000-0002-6839-9359,Technische Universität Darmstadt,DE,1192,15211
Rossana Berardi,https://orcid.org/0000-0002-9529-2960,Marche Polytechnic University,IT,1192,16177
S. Bressler,https://orcid.org/0000-0003-4194-2734,Weizmann Institute of Science,IL,1192,68292
Glenn M. Chertow,https://orcid.org/0000-0002-7599-0534,FIND,CH,1192,109203
Todd H. Baron,https://orcid.org/0000-0003-4934-3090,University of North Carolina at Chapel Hill,US,1192,52007
E. Oset,https://orcid.org/0000-0002-4462-7919,Universitat de València,ES,1192,28478
Jeffrey Schlom,https://orcid.org/0000-0001-7932-4072,National Institutes of Health,US,1192,50230
陈晨,https://orcid.org/0000-0002-3400-5489,Tianjin University of Science and Technology,CN,1192,2318
Laifei Cheng,https://orcid.org/0000-0001-6485-2614,Northwestern Polytechnical University,CN,1192,45485
Cf. Hempel Et Al. Members Of The ISIMIP Project,,,,1192,1
L. Gray,https://orcid.org/0000-0002-6408-4288,Fermi National Accelerator Laboratory,US,1192,67009
Luis A. Oro,,Instituto de Síntesis Química y Catálisis Homogénea,ES,1192,21499
Ronald Fricke,https://orcid.org/0000-0003-4575-3324,Staatliches Museum für Naturkunde Stuttgart,DE,1191,1805
Fumiyuki Adachi,https://orcid.org/0000-0002-5416-0718,Tohoku University,JP,1191,16056
이동근,,,,1191,185
David Nutt,https://orcid.org/0000-0002-1286-1401,Imperial College London,GB,1191,51820
Ronald K. Hanson,https://orcid.org/0000-0002-8030-5327,Stanford University,US,1191,43961
L. Longo,https://orcid.org/0000-0002-2357-7043,"Istituto Nazionale di Fisica Nucleare, Sezione di Bari",IT,1191,53990
David B. Allison,https://orcid.org/0000-0003-3566-9399,Baylor College of Medicine,US,1191,87554
Svitlana V. Shishkina,https://orcid.org/0000-0002-3946-1061,National Academy of Sciences of Ukraine,UA,1191,4651
Jonathan A. Bernstein,https://orcid.org/0000-0002-3476-1196,Bernstein Clinical Research Center,US,1191,53283
Sheila Payne,https://orcid.org/0000-0001-6982-9181,Lancaster University,GB,1191,36454
Various Various,,,,1191,662
A. White,https://orcid.org/0000-0001-8315-9778,Unilever (United Kingdom),GB,1191,69559
A César González-García,,Consejo Superior de Investigaciones Científicas,ES,1191,0
Debora Meira,https://orcid.org/0000-0002-7529-2736,Argonne National Laboratory,US,1191,6858
GRAEME B. SMITH,https://orcid.org/0000-0003-1083-444X,Australian Museum,AU,1191,0
Stefano Zaffagnini,https://orcid.org/0000-0002-2941-1407,Istituto Ortopedico Rizzoli,IT,1190,22821
Graham J. Hutchings,https://orcid.org/0000-0001-8885-1560,Institute of Catalysis and Petrochemistry,RU,1190,65689
Jacob Rosenberg,https://orcid.org/0000-0002-0063-1086,University of Copenhagen,DK,1190,33249
Alexander Laskin,https://orcid.org/0000-0002-7836-8417,Planetary Science Institute,US,1190,28883
Giovanni B. Frisoni,https://orcid.org/0000-0002-6419-1753,University of Geneva,CH,1190,69618
M. Fiorini,https://orcid.org/0000-0001-6559-2084,University of Ferrara,IT,1190,33891
Bionomia,,,,1190,0
N. Trevisani,https://orcid.org/0000-0002-5223-9342,Karlsruhe Institute of Technology,DE,1190,40927
N. Giokaris,,National and Kapodistrian University of Athens,GR,1190,73247
Steven G. E. Marsh,https://orcid.org/0000-0003-2855-4120,Anthony Nolan,GB,1189,27273
Stephanie J. Lee,https://orcid.org/0000-0003-2600-6390,Cape Town HVTN Immunology Laboratory / Hutchinson Centre Research Institute of South Africa,ZA,1189,69388
Urs Baltensperger,https://orcid.org/0000-0003-0079-8713,Paul Scherrer Institute,CH,1189,83823
Gábor A. Somorjai,https://orcid.org/0000-0002-8478-2761,University of California System,US,1189,88543
Dieter Fenske,https://orcid.org/0000-0002-2812-7279,Karlsruhe Institute of Technology,DE,1189,21956
Eric A. J. Hoste,https://orcid.org/0000-0001-9301-8055,Ghent University Hospital,BE,1189,35075
Vincent M. Lynch,https://orcid.org/0000-0002-5260-9913,The University of Texas at Austin,US,1189,30211
F. U. Bernlochner,https://orcid.org/0000-0001-8153-2719,Twitter (United States),US,1189,33066
K. A. Johns,https://orcid.org/0000-0001-9147-6052,University of Arizona,US,1189,63761
G. Bauer,,Nanjing Normal University,CN,1189,65649
김재준,,,,1188,269
Benjamin Haibe‐Kains,https://orcid.org/0000-0002-7684-0079,University Health Network,CA,1188,39912
이상엽,,,,1188,150
José Barluenga,,Universidad de Oviedo,ES,1188,22579
Joshua Hansen,https://orcid.org/0000-0001-9237-2773,Pacific Northwest National Laboratory,US,1188,724
Chris M. Wood,https://orcid.org/0000-0002-9542-2219,University of British Columbia,CA,1188,55356
A. Di Canto,https://orcid.org/0000-0003-1233-3876,Twitter (United States),US,1188,41385
Patrizio Lancellotti,https://orcid.org/0000-0002-0804-8194,University of Liège,BE,1188,209943
I. Savysyuk,,Scientific Consulting Group,US,1188,5
Chaoguang Tian,,Intelligent Synthetic Biology Center,KR,1188,10155
M. Cooke,https://orcid.org/0000-0001-6662-0315,Fermi National Accelerator Laboratory,US,1188,100378
Robert W. McGee,https://orcid.org/0000-0001-6355-288X,Fayetteville State University,US,1188,18291
Chris Wolverton,https://orcid.org/0000-0003-2248-474X,Northwestern University,US,1188,50388
Zita Vale,https://orcid.org/0000-0002-4560-9544,Intelligent Systems Research (United States),US,1188,16340
J. Takahashi,https://orcid.org/0000-0002-4091-1779,Universidade Estadual de Campinas (UNICAMP),BR,1188,70114
R. McNulty,https://orcid.org/0000-0001-7144-0175,University College Dublin,IE,1188,45434
Fang,,Zhejiang Lab,CN,1188,1618
Cheng Cheng,https://orcid.org/0000-0001-8044-6739,Shandong University,CN,1188,2217
David Christie,,,,1188,4736
Xiao‐Feng Wu,https://orcid.org/0000-0001-6622-3328,Dalian Institute of Chemical Physics,CN,1187,32595
Fabian Walter,https://orcid.org/0000-0003-4793-7880,California Institute of Technology,US,1187,56302
A. John Rush,https://orcid.org/0000-0003-2004-2382,Texas Tech University,US,1187,127410
Rong Cao,https://orcid.org/0000-0002-2398-399X,Chinese Academy of Sciences,CN,1187,42423
Alexis Brice,https://orcid.org/0000-0002-0941-3990,Centre National de la Recherche Scientifique,FR,1187,118467
H. L. Russell,https://orcid.org/0000-0003-4181-0678,University of Geneva,CH,1187,51510
Steve B. Howell,https://orcid.org/0000-0002-2532-2853,Ames Research Center,US,1187,33260
S. Benetti,https://orcid.org/0000-0002-3256-0016,Osservatorio Astronomico di Padova,IT,1187,21969
P. Mal�,https://orcid.org/0000-0002-0870-8420,National Institute of Science Education and Research,IN,1187,48807
Kurunthachalam Kannan,https://orcid.org/0000-0002-1926-7456,New York State Department of Health,US,1187,96690
P. Laycock,https://orcid.org/0000-0002-8572-5339,University of Geneva,CH,1187,93294
P. Nugent,https://orcid.org/0000-0002-3389-0586,Lawrence Berkeley National Laboratory,US,1187,67533
Emilio Bouza,https://orcid.org/0000-0001-6967-9267,Universidad Complutense de Madrid,ES,1187,48698
H. Takai,https://orcid.org/0000-0001-9253-8307,Brookhaven National Laboratory,US,1187,96119
Harry Scott,,Oregon Health & Science University,US,1187,50
Pierre Laurent‐Puig,https://orcid.org/0000-0001-8475-5459,,,1187,70922
F. Dettori,https://orcid.org/0000-0003-0256-8663,University of Cagliari,IT,1187,42815
Shanshan Li,https://orcid.org/0000-0002-9021-8470,North Sichuan Medical University,CN,1187,136923
Man Chen,https://orcid.org/0009-0006-4599-7328,University of Kansas,US,1187,26632
D. Pinna,https://orcid.org/0000-0002-0947-1357,University of Wisconsin–Madison,US,1187,50503
C. Scharf,https://orcid.org/0000-0002-0294-1205,Commissariat à l'Énergie Atomique et aux Énergies Alternatives,FR,1187,40744
D. Tsybychev,https://orcid.org/0000-0001-8212-6894,Stony Brook University,US,1187,67903
Bernd Hamm,https://orcid.org/0000-0002-9141-027X,European Society of Radiology,AT,1186,30995
Claudia E. Rübe,https://orcid.org/0000-0003-3882-7903,Centre National de la Recherche Scientifique,FR,1186,5173
Francisco J. Blanco,https://orcid.org/0000-0001-9821-7635,Universidade da Coruña,ES,1186,31315
Paul A. Friedman,https://orcid.org/0000-0001-5052-2948,Mayo Clinic,US,1186,40656
Jason H. Moore,https://orcid.org/0000-0002-5015-1099,Cedars-Sinai Medical Center,US,1186,47787
A.H. White,,Clariant (Switzerland),CH,1186,575
Floriana Tuna,https://orcid.org/0000-0002-5541-1750,University of Manchester,GB,1186,20024
J. Incandela,https://orcid.org/0000-0001-9850-2030,"University of California, Santa Barbara",US,1186,47431
Harvey D. White,https://orcid.org/0000-0001-7712-6750,,,1186,122501
Davey L. Jones,https://orcid.org/0000-0002-1482-4209,Bangor University,GB,1186,71230
Andrea Baccarelli,https://orcid.org/0000-0002-3436-0640,Harvard University,US,1186,63258
Fang Li,https://orcid.org/0009-0001-0407-8943,,,1186,130
Shinji Tanaka,https://orcid.org/0000-0002-0480-3957,Fukuoka University,JP,1186,43899
W. H. Trzaska,https://orcid.org/0000-0003-0672-9137,Centre de physique des particules de Marseille,FR,1186,46202
Sang‐Woo Kim,https://orcid.org/0000-0002-0079-5806,Pohang University of Science and Technology,KR,1186,46904
L. Kumar,https://orcid.org/0000-0002-2746-9840,Panjab University,IN,1186,44907
Johannes Schwarz,https://orcid.org/0000-0003-2946-4987,,,1186,9996
Ian Hindmarch,,,,1186,3593
F. Siddiqi,,Research Institute for Fragrance Materials,US,1186,1716
Ravi Naidu,https://orcid.org/0000-0002-1520-2495,Deakin University,AU,1185,65270
Carlo Selmi,https://orcid.org/0000-0002-0323-0376,Humanitas University,IT,1185,25541
慎治 安藤,,,,1185,0
Alan C. Evans,https://orcid.org/0000-0003-3841-6098,Montreal Neurological Institute and Hospital,CA,1185,155024
Yasuhiro Kodera,https://orcid.org/0000-0002-6173-7474,Nagoya Medical Center,JP,1185,28951
LI Nan,,Shanxi Eye Hospital,CN,1185,24
F. Guescini,https://orcid.org/0000-0001-5351-2673,Max Planck Institute for Physics,DE,1185,67956
J. Th. M. De Hosson,https://orcid.org/0000-0002-2587-3233,,,1185,27084
B. L. Winer,https://orcid.org/0000-0001-9980-4698,State Library of Ohio,US,1185,45057
En–Hou Han,https://orcid.org/0000-0001-8567-6365,Chinese Academy of Sciences,CN,1185,38937
Ian M. Adcock,https://orcid.org/0000-0003-2101-8843,Shanghai Jiao Tong University,CN,1185,60753
Charles F. Reynolds,https://orcid.org/0000-0002-2605-7887,University of Pittsburgh,US,1185,109781
Ali Guermazi,https://orcid.org/0000-0002-9374-8266,Boston University,US,1185,46914
Jessica Di Salvatore,https://orcid.org/0000-0001-7654-9794,University of Florence,IT,1185,983
Richard R. Schrock,https://orcid.org/0000-0001-5827-3552,"University of California, Riverside",US,1185,57799
Johannes Oldenburg,https://orcid.org/0000-0002-1585-4100,University of Bonn,DE,1185,26993
Guang‐Zhong Yang,https://orcid.org/0000-0003-4060-4020,Shanghai Jiao Tong University,CN,1185,42078
Dmitri Golberg,https://orcid.org/0000-0003-2298-6539,Queensland University of Technology,AU,1185,72643
Jun Chen,https://orcid.org/0000-0001-8604-9689,Nankai University,CN,1185,118666
Hu,,University Medical Center Groningen,NL,1185,1768
Barbara J. Mason,,Scripps Research Institute,US,1185,9522
Nicolás Roche,https://orcid.org/0000-0002-3162-5033,Université Paris Cité,FR,1184,42033
Stefan D. Anker,https://orcid.org/0000-0002-0805-8683,Brigham and Women's Hospital,US,1184,146630
Vinod H. Thourani,https://orcid.org/0000-0002-9309-2623,Valve (United States),US,1184,77649
Ruth J. F. Loos,https://orcid.org/0000-0002-8532-5087,Chinese Academy of Medical Sciences & Peking Union Medical College,CN,1184,156141
Eyal Sheiner,https://orcid.org/0000-0002-0454-6874,Ben-Gurion University of the Negev,IL,1184,22500
Gerard C. Blobe,https://orcid.org/0000-0002-4274-8901,Duke University,US,1184,14902
최영진,,,,1184,195
이상윤,,,,1184,140
Bernhard Ø. Palsson,https://orcid.org/0000-0003-2357-6785,Novo Nordisk Foundation,DK,1184,112505
Makoto Ogawa,https://orcid.org/0000-0002-3781-2016,Osaka City General Hospital,JP,1184,25930
Photographer Arthur Llewellyn Basham,,,,1184,0
Christian Brecher,https://orcid.org/0000-0002-8049-3364,RWTH Aachen University,DE,1184,11949
이수영,,Samsung (South Korea),KR,1184,168
Zhihua Wang,https://orcid.org/0000-0001-6567-0759,Jiujiang Vocational University,CN,1184,9825
Meilin Liu,https://orcid.org/0000-0002-6188-2372,Hunan Institute of Science and Technology,CN,1184,86925
Yong Yang,https://orcid.org/0000-0002-9928-7165,Xi'an University of Science and Technology,CN,1184,47953
Yonghui Li,https://orcid.org/0000-0001-7702-1123,The University of Sydney,AU,1184,31206
Chi Zhang,https://orcid.org/0000-0002-5237-8916,Tongji University,CN,1184,27371
Hong,,Yan'an University,CN,1184,1521
D. Iliadis,https://orcid.org/0000-0001-6303-2761,Stockholm University,SE,1184,94891
C. Lazzeroni,https://orcid.org/0000-0003-4074-4787,Aix-Marseille Université,FR,1184,52185
Pla Uni,,,,1183,723
Christopher G. Maher,https://orcid.org/0000-0002-1628-7857,The University of Sydney,AU,1183,75196
Ibón Alkorta,https://orcid.org/0000-0001-6876-6211,Instituto de Química Médica,ES,1183,33337
Mario Boccadoro,https://orcid.org/0000-0001-8130-5209,European Heart Network,BE,1183,48741
Hirohisa Saito,https://orcid.org/0000-0002-6630-8337,National Center For Child Health and Development,JP,1183,34044
Khalil Amine,https://orcid.org/0000-0001-9206-3719,Argonne National Laboratory,US,1183,113286
Xin‐Yuan Guan,https://orcid.org/0000-0002-4485-6017,Sun Yat-sen University,CN,1183,40974
Fei Wang,https://orcid.org/0000-0002-1614-7184,Hubei University of Technology,CN,1183,504
Mark Andrews,https://orcid.org/0000-0002-9269-610X,Vassar College,US,1183,1145
E. Won,https://orcid.org/0000-0002-4245-7442,Twitter (United States),US,1183,45226
Francis J. Giles,https://orcid.org/0000-0002-6919-0231,,,1183,57691
K. Ntekas,https://orcid.org/0000-0001-9252-6509,European Organization for Nuclear Research,CH,1183,66478
Murray F. Brennan,https://orcid.org/0000-0003-2358-4371,Memorial Sloan Kettering Cancer Center,US,1183,110857
Wolfram Trudo Knoefel,https://orcid.org/0000-0003-2472-8314,Düsseldorf University Hospital,DE,1183,16447
Jia Liu,https://orcid.org/0000-0003-0383-0934,Shaoxing University,CN,1183,31163
A. Nayak,https://orcid.org/0000-0002-7716-4981,National Institute of Science Education and Research,IN,1183,71500
B. S. Zou,https://orcid.org/0000-0002-3000-7540,University of Science and Technology of China,CN,1183,33883
K. Harder,https://orcid.org/0000-0002-2965-6973,Rutherford Appleton Laboratory,GB,1183,63472
Z. Zhao,https://orcid.org/0000-0001-6758-3974,Jiangsu University,CN,1183,60141
A. Bhasin,https://orcid.org/0000-0002-3687-8179,University of Jammu,IN,1182,66124
J. C. Raymond,https://orcid.org/0000-0002-7868-1622,Smithsonian Astrophysical Observatory,US,1182,25850
S. W. Koch,https://orcid.org/0000-0001-5473-0170,,,1182,31981
Makoto Konagai,https://orcid.org/0000-0002-3115-0058,Tokyo City University,JP,1182,11569
Kizashi Yamaguchi,https://orcid.org/0000-0002-4411-7425,Panasonic (Japan),JP,1182,23364
Aaron Phillips,,Coe College,US,1182,130
Sabina Signoretti,https://orcid.org/0000-0002-5000-9105,,,1182,100316
Анна В. Вологжанина,https://orcid.org/0000-0002-6228-303X,A. N. Nesmeyanov Institute of Organoelement Compounds,RU,1182,4923
Mitsuo Shimada,https://orcid.org/0000-0003-1255-4783,Tokushima University Hospital,JP,1182,30374
Anil K. Jain,https://orcid.org/0000-0002-6369-6995,Federal Reserve,US,1182,158796
H. Tsunemi,,Osaka Health Science University,JP,1182,11271
José Antonio,,Harvard University Press,US,1182,555
Scott Rozelle,https://orcid.org/0000-0001-5053-0243,Hoover Institution,US,1182,39198
D. Berge,https://orcid.org/0000-0002-2918-1824,Deutsches Elektronen-Synchrotron DESY,DE,1181,89586
Dirk Einecke,,Springer Nature (Germany),DE,1181,39
Chih‐Ping Chen,https://orcid.org/0000-0002-0281-7554,Ming Chi University of Technology,TW,1181,18823
Erik R. Ivins,https://orcid.org/0000-0003-0148-357X,Jet Propulsion Laboratory,US,1181,9162
Pi‐Tai Chou,https://orcid.org/0000-0002-8925-7747,National Taiwan University of Science and Technology,TW,1181,44904
Manuel De la Sen,https://orcid.org/0000-0001-9320-9433,University of the Basque Country,ES,1181,9548
Jiebo Luo,https://orcid.org/0000-0002-4516-9729,University of Rochester,US,1181,45338
P. Levchenko,https://orcid.org/0000-0003-4913-0538,,,1181,80814
Irina Yu. Bagryanskaya,https://orcid.org/0000-0001-7760-5540,Novosibirsk Institute of Organic Chemistry,RU,1181,4498
K. Hono,https://orcid.org/0000-0001-7367-0193,National Institute for Materials Science,JP,1181,50537
William S. Sheldrick,,Ruhr University Bochum,DE,1181,16625
Dan Li,https://orcid.org/0000-0003-3461-5751,Nanjing Agricultural University,CN,1181,66431
Jun Chen,https://orcid.org/0000-0002-2362-5359,Tianjin Medical University General Hospital,CN,1181,32107
Yan Li,https://orcid.org/0000-0003-0096-0813,Kunming University of Science and Technology,CN,1181,25810
George B. Kauffman,,"California State University, Fresno",US,1181,6097
Manfred V. Singer,,SRH Hochschule für Gesundheit Gera,DE,1181,7314
Florida Historical Society,,,,1181,0
Jan H.M. Schellens,https://orcid.org/0000-0001-6832-1976,University of Applied Sciences Utrecht,NL,1180,60056
Aaron Burrell,,,,1180,20
Ching‐Hon Pui,https://orcid.org/0000-0003-0303-5658,St. Jude Children's Research Hospital,US,1180,93854
张萍,,,,1180,34
D. Fassouliotis,https://orcid.org/0000-0003-1289-2141,National and Kapodistrian University of Athens,GR,1180,64325
A. Contu,https://orcid.org/0000-0002-3545-2969,"Istituto Nazionale di Fisica Nucleare, Sezione di Cagliari",IT,1180,42735
Guido Marcucci,https://orcid.org/0000-0002-3983-5908,City Of Hope National Medical Center,US,1180,54704
Christian Dewey,https://orcid.org/0000-0003-1954-8298,University of Minnesota,US,1180,264
Rudolf Groß,https://orcid.org/0000-0003-4524-7552,Bavarian Academy of Sciences and Humanities,DE,1180,6337
K. C. Freeman,https://orcid.org/0000-0001-6280-1207,Australian National University,AU,1180,47888
김효진,,Korea Institute of Science and Technology,KR,1180,181
R. Konoplich,https://orcid.org/0000-0002-6223-7017,Manhattan University,US,1180,100884
Alexandre Dumas,,Université du Québec à Trois-Rivières,CA,1180,476
Patrick Neven,https://orcid.org/0000-0002-1434-9460,KU Leuven,BE,1179,39756
Stephen M. Hewitt,https://orcid.org/0000-0001-8283-1788,National Institutes of Health,US,1179,40944
Daniel R. Weinberger,https://orcid.org/0000-0003-2409-2969,Johns Hopkins University,US,1179,131609
M. Sannino,https://orcid.org/0000-0001-7700-8383,University of Rome Tor Vergata,IT,1179,56973
В. Ф. Тарасенко,https://orcid.org/0000-0001-5706-3211,Institute of High Current Electronics,RU,1179,9043
Albert Beckers,https://orcid.org/0000-0001-6351-1367,Centre Hospitalier Universitaire de Liège,BE,1179,20030
Günther Deuschl,https://orcid.org/0000-0002-4176-9196,Radboud University Nijmegen,NL,1179,87343
Ichizo Nishino,https://orcid.org/0000-0001-9452-112X,National Center of Neurology and Psychiatry,JP,1179,43916
Takashi Nakamura,https://orcid.org/0000-0003-0326-1903,Jikei University School of Medicine,JP,1179,45028
Kibale Chimpanzee Project,,Harvard University Press,US,1179,0
F. Lacroix,https://orcid.org/0000-0002-4304-8843,"University of California, Riverside",US,1179,92332
Linda Dykstra,,University of North Carolina at Chapel Hill,US,1179,2872
Yan,,,,1179,3653
Ralph Schröder,,University of Cape Town,ZA,1179,0
Paul Workman,https://orcid.org/0000-0003-1659-3034,Institute of Cancer Research,GB,1178,46490
Sanjiv J. Shah,https://orcid.org/0000-0002-5655-8201,Northwestern University,US,1178,65691
Michele Zorzi,https://orcid.org/0000-0003-2870-4678,University of Padua,IT,1178,41119
Terence J. O’Brien,https://orcid.org/0000-0002-7198-8621,The Royal Melbourne Hospital,AU,1178,40466
C. Betancourt,https://orcid.org/0000-0001-9886-7427,University of Zurich,CH,1178,53273
David T. Felson,https://orcid.org/0000-0002-2668-2447,Manchester University NHS Foundation Trust,GB,1178,164727
Jérôme Marrot,https://orcid.org/0000-0002-5351-4908,Centre National de la Recherche Scientifique,FR,1178,15486
João F. Mano,https://orcid.org/0000-0002-2342-3765,University of Aveiro,PT,1178,53935
K. Abe,https://orcid.org/0000-0002-0876-8319,High Energy Accelerator Research Organization,JP,1178,43334
R. Miller,https://orcid.org/0000-0001-8943-7521,Technische Universität Darmstadt,DE,1178,33326
Eileen M. O’Reilly,https://orcid.org/0000-0002-8076-9199,Memorial Sloan Kettering Cancer Center,US,1178,45041
Richard Horton,https://orcid.org/0000-0003-1792-5408,,,1178,20555
Anders M. Dale,https://orcid.org/0000-0002-6126-2966,Oslo University Hospital,NO,1178,186221
Hiroyuki Tsutsui,https://orcid.org/0000-0002-5291-2875,Kyushu University,JP,1178,47604
Eduardo Marchesi,,Universidad de la República de Uruguay,UY,1178,2
Yoshinobu Kanda,https://orcid.org/0000-0002-4866-9307,Jichi Medical University,JP,1177,36291
Gail Williams,https://orcid.org/0000-0002-4822-5263,Queensland Health,AU,1177,54472
F. Aharonian,https://orcid.org/0000-0003-1157-3915,University of Science and Technology of China,CN,1177,45151
Richard B. Freeman,https://orcid.org/0000-0001-9471-8117,Harvard University Press,US,1177,41881
Ruedi Aebersold,https://orcid.org/0000-0002-9576-3267,University of Zurich,CH,1177,174637
Toshiyoshi Fujiwara,https://orcid.org/0000-0002-5377-6051,Okayama University,JP,1177,18401
K. T. V. Grattan,https://orcid.org/0000-0003-2250-3832,"St George's, University of London",GB,1177,19082
Izabel Stohel,,Environmental Molecular Sciences Laboratory,US,1177,0
M. M. Obertino,https://orcid.org/0000-0002-8781-8192,Università degli Studi del Piemonte Orientale “Amedeo Avogadro”,IT,1177,67399
Chen,,,,1177,1958
Zhi‐Xun Shen,https://orcid.org/0000-0002-1454-0281,SLAC National Accelerator Laboratory,US,1176,62698
Diane A. Dickie,https://orcid.org/0000-0003-0939-3309,University of Virginia,US,1176,5274
E. M. Baldin,https://orcid.org/0000-0002-9854-975X,Commissariat à l'Énergie Atomique et aux Énergies Alternatives,FR,1176,47643
Elizabeth A. Mittendorf,https://orcid.org/0000-0002-9762-8536,Brigham and Women's Hospital,US,1176,30669
Lars G. Svensson,https://orcid.org/0000-0002-5749-4588,Cleveland Clinic,US,1176,78507
James L. Januzzi,https://orcid.org/0000-0002-8338-1798,Harvard University,US,1176,102169
Sarah Burton,https://orcid.org/0000-0003-3077-6304,Pacific Northwest National Laboratory,US,1176,9565
Claudio Franceschi,https://orcid.org/0000-0001-9841-6386,N. I. Lobachevsky State University of Nizhny Novgorod,RU,1176,96255
Philip Rosenthal,https://orcid.org/0000-0001-7840-5401,"University of California, San Francisco",US,1176,16496
李 俊,,,,1176,102
Jinfeng Wang,https://orcid.org/0000-0002-6687-9420,Jiaozuo University,CN,1176,26918
M. Vander Donckt,https://orcid.org/0000-0002-9253-8611,Institute of Nuclear Physics of Lyon,FR,1176,65394
Jing Jing,https://orcid.org/0000-0002-5517-402X,Beijing Institute of Technology,CN,1176,2056
Vincent Soriano,https://orcid.org/0000-0002-4624-5199,Fundación Instituto Valenciano de Oncología,ES,1175,36355
M. Shopova,https://orcid.org/0000-0001-6664-2493,Bulgarian Academy of Sciences,BG,1175,29466
A. Gozzelino,https://orcid.org/0000-0002-6284-1126,"Istituto Nazionale di Fisica Nucleare, Sezione di Padova",IT,1175,84462
Christine B. Ambrosone,https://orcid.org/0000-0003-1717-9943,Roswell Park Comprehensive Cancer Center,US,1175,32875
Se‐Kwon Kim,https://orcid.org/0000-0001-6507-9539,Yonsei University,KR,1175,56770
Janusz Pawliszyn,https://orcid.org/0000-0002-9975-5811,University of Waterloo,CA,1175,64873
F. Dordei,https://orcid.org/0000-0002-2571-5067,"Istituto Nazionale di Fisica Nucleare, Sezione di Cagliari",IT,1175,43995
Kim R. Dunbar,https://orcid.org/0000-0001-5728-7805,Texas A&M University,US,1175,25939
Saige Smith,,Environmental Molecular Sciences Laboratory,US,1175,0
Thomas M. Antonsen,https://orcid.org/0000-0002-2362-2430,Leidos (United States),US,1175,18144
Alexandre Mebazaa,https://orcid.org/0000-0001-8715-7753,Délégation Paris 5,FR,1175,96947
Yimei Zhu,https://orcid.org/0000-0002-1638-7217,Anhui University of Science and Technology,CN,1175,41236
F. C. Porter,https://orcid.org/0000-0003-1948-8889,California Institute of Technology,US,1175,46229
M. Owen,https://orcid.org/0000-0001-6820-0488,University of Glasgow,GB,1175,63796
Zhang,,,,1175,1462
"Leal Insua, Francisco, 1910-1997",,,,1175,0
Peter W.F. Wilson,https://orcid.org/0000-0002-5653-7056,Emory University,US,1174,160214
D. G. Hitlin,https://orcid.org/0000-0003-4028-6982,California Institute of Technology,US,1174,40708
이상용,,,,1174,111
Gerasimos Filippatos,https://orcid.org/0000-0002-5640-0332,Brigham and Women's Hospital,US,1174,207633
Klaus F. Rabe,https://orcid.org/0000-0002-7020-1401,Christian-Albrechts-Universität zu Kiel,DE,1174,70600
Josep María Haro,https://orcid.org/0000-0002-3984-277X,Instituto de Salud Carlos III,ES,1174,246451
P. T. O’Brien,https://orcid.org/0000-0002-5128-1899,University of Leicester,GB,1174,58256
Luigi Cavallo,https://orcid.org/0000-0002-1398-338X,Ghent University,BE,1174,50781
Oliver Cromwell,,,,1174,8142
Maria Forsyth,https://orcid.org/0000-0002-4273-8105,Ikerbasque,ES,1174,50784
Yan Wang,https://orcid.org/0000-0001-9324-4191,Huanggang Normal University,CN,1174,18834
Ji‐Hyun Lee,https://orcid.org/0000-0001-6420-5150,Gachon University,KR,1174,25053
Shinichi Sato,https://orcid.org/0000-0001-5519-172X,University of Tokyo Hospital,JP,1174,39067
N. Bruscino,https://orcid.org/0000-0002-6168-689X,"Istituto Nazionale di Fisica Nucleare, Sezione di Roma I",IT,1174,47000
C. S. Pollard,https://orcid.org/0000-0002-3690-3960,University of Warwick,GB,1174,66219
Deirdre Ward,https://orcid.org/0000-0002-3583-4641,Tallaght University Hospital,IE,1173,7599
Michael A. Borger,https://orcid.org/0000-0003-1046-1364,Deutsches Herzzentrum der Charité,DE,1173,110800
Tin Aung,https://orcid.org/0000-0002-7916-0589,SingHealth,SG,1173,62785
Bruce Bower,,,,1173,1344
Yoshinobu Onuma,https://orcid.org/0000-0001-7702-0649,Ollscoil na Gaillimhe – University of Galway,IE,1173,37055
Andrew Berchuck,https://orcid.org/0000-0002-1940-1467,Duke Medical Center,US,1173,87811
Geert Molenberghs,https://orcid.org/0000-0002-6453-5448,University of Antwerp,BE,1173,35940
Joel Gelernter,https://orcid.org/0000-0002-4067-1859,Yale University,US,1173,56791
John P. Hughes,https://orcid.org/0000-0002-8816-6800,"Rutgers, The State University of New Jersey",US,1173,39999
김혜경,,,,1173,256
Lyndon Jones,https://orcid.org/0000-0002-7409-7349,Hong Kong Polytechnic University,HK,1173,34926
Márcio Uehara‐Prado,https://orcid.org/0000-0001-9290-4610,Instituto Chico Mendes de Conservação da Biodiversidade,BR,1173,1390
C. M. Pieters,https://orcid.org/0000-0003-1671-8415,Brown University,US,1173,28391
Benson M. Kariuki,https://orcid.org/0000-0002-8658-3897,Cardiff University,GB,1173,10821
Brittney Gorman,https://orcid.org/0000-0002-5087-3606,Pacific Northwest National Laboratory,US,1173,373
S. Hou,https://orcid.org/0000-0001-9861-151X,"Institute of Physics, Academia Sinica",TW,1173,57418
Xin Chen,https://orcid.org/0000-0003-1990-2058,Zhejiang Sci-Tech University,CN,1173,20244
Gang Wang,https://orcid.org/0000-0002-5842-8080,Wuhan University,CN,1173,23124
Chunhui Wang,https://orcid.org/0000-0001-6081-1487,Management and Science University,MY,1173,33283
Dong Li,https://orcid.org/0000-0002-2692-9091,Jinan University,CN,1173,20605
Lin,,,,1173,2434
F. Fiedler,https://orcid.org/0000-0002-4610-5612,Johannes Gutenberg University Mainz,DE,1173,39324
Karla Muller,https://orcid.org/0000-0002-0408-5705,University of Amsterdam,NL,1173,0
Paul Glasziou,https://orcid.org/0000-0001-7564-073X,Bond University,AU,1172,119020
Hywel C Williams,https://orcid.org/0000-0002-5646-3093,University of Nottingham,GB,1172,125955
Paulo A. Lotufo,https://orcid.org/0000-0002-4856-8450,Universidade de São Paulo,BR,1172,234715
Charles A. Dinarello,https://orcid.org/0000-0002-5073-8316,University of Colorado Anschutz Medical Campus,US,1172,146833
Volker Budach,https://orcid.org/0000-0002-2191-9871,Humboldt-Universität zu Berlin,DE,1172,21861
Mario Scartozzi,https://orcid.org/0000-0001-5977-5546,University of Cagliari,IT,1172,13195
S. Jiggins,https://orcid.org/0000-0003-2906-1977,Deutsches Elektronen-Synchrotron DESY,DE,1172,50891
Riccardo Autorino,https://orcid.org/0000-0001-7045-7725,Rush University Medical Center,US,1172,26564
Joachim Maier,https://orcid.org/0000-0003-2274-6068,Max Planck Institute for Solid State Research,DE,1172,89297
久松 中野,,,,1172,0
Xinghuo Yu,https://orcid.org/0000-0001-8093-9787,The Royal Melbourne Hospital,AU,1172,54428
Gianluca Pontone,https://orcid.org/0000-0002-1339-6679,University of Milan,IT,1172,33097
이영준,,,,1172,193
Jianyong Yu,https://orcid.org/0000-0002-9350-7817,Donghua University,CN,1172,64027
Rolf Müller,https://orcid.org/0000-0002-1042-5665,German Center for Infection Research,DE,1172,52797
Amand Faessler,,University of Tübingen,DE,1172,29639
Yun Wang,https://orcid.org/0000-0001-8619-0455,Liaoning University,CN,1172,36560
Huan Pang,https://orcid.org/0000-0002-5319-0480,Advanced Energy Materials (United States),US,1172,79320
Zhenyang Lin,https://orcid.org/0000-0003-4104-8767,Xi'an University of Science and Technology,CN,1172,27824
Gao,https://orcid.org/0000-0002-7988-2055,,,1172,2351
"Cal y Fernández, Alfonso, 1876-1937",,,,1172,0
Imprenta de El Correo Gallego (Ferrol),,,,1172,0
Srijita Sen‐Chowdhry,,University College London,GB,1171,5735
Wendy J. Brown,https://orcid.org/0000-0001-9093-4509,Bond University,AU,1171,45352
Paul C. Boutros,https://orcid.org/0000-0003-0553-7520,"University of California, Los Angeles",US,1171,57043
김도현,,Hyundai Motors (South Korea),KR,1171,85
В. Ф. Миронов,https://orcid.org/0000-0002-4198-3774,A.E. Arbuzov Institute of Organic and Physical Chemistry,RU,1171,3636
Jakob R. Izbicki,https://orcid.org/0000-0001-6807-8224,Universität Hamburg,DE,1171,49889
M. Lavelle,,Research Institute for Fragrance Materials,US,1171,1903
A. J. Weinstein,https://orcid.org/0000-0002-2126-2419,California Institute of Technology,US,1171,82629
Peter D. Siersema,https://orcid.org/0000-0002-6940-8499,,,1171,43143
Laurence Zitvogel,https://orcid.org/0000-0003-1596-0998,Inserm,FR,1171,155507
Robert Young,https://orcid.org/0000-0002-2686-9594,New Jersey Department of Environmental Protection,US,1171,929
Patricia Melín,https://orcid.org/0000-0001-5798-1426,Tecnológico Nacional de México,MX,1171,22609
W. Luo,https://orcid.org/0000-0003-0137-1797,Northern Illinois University,US,1171,85564
V. Vagnoni,https://orcid.org/0000-0003-2206-311X,"Istituto Nazionale di Fisica Nucleare, Sezione di Bologna",IT,1171,44757
Volkmar Müller,https://orcid.org/0000-0003-4231-7906,Universität Hamburg,DE,1171,28329
Declan Butler,,Veeco (United States),US,1171,8617
James V. Leonard,,,,1171,11671
Adnan H. Siddiqui,https://orcid.org/0000-0002-9519-0059,Jacobs (United States),US,1170,40396
W. Robert Lee,https://orcid.org/0000-0002-3545-0170,Duke Medical Center,US,1170,35078
Yang‐Kook Sun,https://orcid.org/0000-0002-0117-0170,Shenyang University of Technology,CN,1170,96067
김준호,,,,1170,179
F. Archilli,https://orcid.org/0000-0002-1779-6813,University of Rome Tor Vergata,IT,1170,40338
Rosa M. M. de Almeida,https://orcid.org/0000-0002-2450-2238,Universidade Federal do Rio Grande do Sul,BR,1170,3840
Raul G. Nogueira,https://orcid.org/0000-0003-4532-153X,UPMC Health System,US,1170,48170
S. J. Bolton,https://orcid.org/0000-0002-9115-0789,Southwest Research Institute,US,1170,15597
Stefano Passerini,https://orcid.org/0000-0002-6606-5304,Karlsruhe Institute of Technology,DE,1170,72118
Osamu Ogawa,https://orcid.org/0000-0003-3651-5455,Kyoto University,JP,1170,25572
Jaehwan Kim,https://orcid.org/0000-0002-6152-2924,University of Science and Technology,YE,1170,20027
Xiaoyan Li,https://orcid.org/0000-0002-7454-7821,Beijing Normal University,CN,1170,28348
"Comellas Coimbra, Manuel, 1853-1925",,,,1170,0
United States. Court of Appeals (District of Columbia Circuit),,,,1170,0
Tex.) WBAP-TV (Television station : Fort Worth,,,,1170,0
Philippe Froguel,https://orcid.org/0000-0003-2972-0784,Centre National de la Recherche Scientifique,FR,1169,132717
S. J. de Jong,https://orcid.org/0000-0002-3120-3367,Radboud University Nijmegen,NL,1169,52629
Edward T. Bullmore,https://orcid.org/0000-0002-8955-8283,Institute of Physics,GB,1169,159123
J. R. Durig,https://orcid.org/0009-0001-0093-7528,University Hospital of Zurich,CH,1169,17645
Luiz Paulo Kowalski,https://orcid.org/0000-0002-0481-156X,Universidade de São Paulo,BR,1169,33602
Robert Brown,https://orcid.org/0000-0001-7960-5755,La Trobe University,AU,1169,30963
Muthiah Vaduganathan,https://orcid.org/0000-0003-0885-1953,Brigham and Women's Hospital,US,1169,90738
Juhani Knuuti,https://orcid.org/0000-0003-3156-9593,University of Turku,FI,1169,219579
Hiroshi Watanabe,https://orcid.org/0000-0001-9268-4144,Yamagata University,JP,1169,17642
Tao Li,https://orcid.org/0000-0002-4913-4486,Argonne National Laboratory,US,1169,33786
M. M. Kasliwal,https://orcid.org/0000-0002-5619-4938,California Institute of Technology,US,1169,34822
P. Merkel,https://orcid.org/0000-0003-4727-5442,Fermi National Accelerator Laboratory,US,1169,46733
A. T. Robertson,,,,1169,521
J. Roberts,,,,1169,89768
John Baker,https://orcid.org/0000-0003-3379-4751,University of Auckland,NZ,1168,32251
Marion Koopmans,https://orcid.org/0000-0002-5204-2312,Erasmus MC,NL,1168,86749
Lars Lind,https://orcid.org/0000-0003-2335-8542,Uppsala University,SE,1168,92470
刘丽,,,,1168,20
이종현,,,,1168,133
Chin‐Teng Lin,https://orcid.org/0000-0001-8371-8197,University of Technology Sydney,AU,1168,33998
Judd E. Hollander,https://orcid.org/0000-0002-1318-2785,Thomas Jefferson University,US,1168,39834
B. Donnadieu,https://orcid.org/0000-0002-0655-0578,Mississippi State University,US,1168,24191
Oğuz Akın,https://orcid.org/0000-0002-2041-6199,Memorial Sloan Kettering Cancer Center,US,1168,10315
Yang Liu,https://orcid.org/0000-0002-9442-700X,"University of Maryland, Baltimore",US,1168,35460
Jianhua Zhang,https://orcid.org/0000-0001-5412-9860,Mongolian University of Science and Technology,MN,1168,47572
Xia Li,https://orcid.org/0000-0002-9794-2648,Harbin Medical University,CN,1168,35312
Jialiang Zhang,https://orcid.org/0000-0002-7421-8024,Washington University in St. Louis,US,1168,378
Susan M. Smith,https://orcid.org/0000-0001-6027-2727,Emory and Henry College,US,1168,40220
W. De Boer,,Karlsruhe Institute of Technology,DE,1168,71679
"Pola, Miguel Ramón, 1903-1975",,,,1168,0
"Abizanda, José Mariano, -1901",,,,1168,0
Orrin Devinsky,https://orcid.org/0000-0003-0044-4632,NYU Langone Health,US,1167,67826
Haitao Wang,https://orcid.org/0000-0003-3704-9214,Sinopec (China),CN,1167,5808
B. Couturier,https://orcid.org/0000-0001-6749-1033,European Organization for Nuclear Research,CH,1167,39668
Science Service,,,,1167,13
Piet Herdewijn,https://orcid.org/0000-0003-3589-8503,PLA Information Engineering University,CN,1167,24175
Elizabeth Parang,https://orcid.org/0000-0003-0445-5339,,,1167,73
김기홍,,,,1167,92
Luı́s de Lecea,https://orcid.org/0000-0002-8921-5942,Neurosciences Institute,US,1167,33111
Lanjuan Li,https://orcid.org/0000-0001-6945-0593,First People's Hospital of Yuhang District,CN,1167,105484
P. Salvini,https://orcid.org/0000-0001-9207-7256,University of Pavia,IT,1167,32268
Paolo Dario,https://orcid.org/0000-0001-9489-0056,Scuola Superiore Sant'Anna,IT,1167,38400
Jörg M. Fegert,https://orcid.org/0000-0001-6070-4323,Universität Ulm,DE,1167,17171
Mark A. Jenkins,https://orcid.org/0000-0002-8964-6160,The University of Melbourne,AU,1167,37969
Zhengtao Wang,https://orcid.org/0000-0003-2797-4625,Guiyang Medical University,CN,1167,27797
A. De Santo,https://orcid.org/0000-0002-9158-6646,University of Sussex,GB,1167,71807
Liang Wang,https://orcid.org/0000-0001-5224-8647,State Administration of Cultural Heritage,CN,1167,45131
D. Timmerman,https://orcid.org/0000-0002-3707-6645,Rega Institute for Medical Research,BE,1166,38578
Ravi Salgia,https://orcid.org/0000-0001-9643-7626,City Of Hope National Medical Center,US,1166,49531
John Blangero,https://orcid.org/0000-0001-6250-5723,The University of Texas at San Antonio Health Science Center,US,1166,74740
Sang Hoon Ahn,https://orcid.org/0000-0002-3629-4624,Yonsei University,KR,1166,28654
Philip P. Power,https://orcid.org/0000-0002-6262-3209,"University of California, Davis",US,1166,44118
Daniel Pauly,https://orcid.org/0000-0003-3756-4793,University of British Columbia,CA,1166,90119
Olivier Devuyst,https://orcid.org/0000-0003-3744-4767,Cliniques Universitaires Saint-Luc,BE,1166,36580
Oscar H. Franco,https://orcid.org/0000-0002-4606-4929,University Medical Center Utrecht,NL,1166,127216
jbabadie utilisateurs,,,,1166,62
Petr Baldrian,,Institute of Microbiology,BY,1166,28
Vincenzo Barone,https://orcid.org/0000-0001-6420-4107,Ospedale San Giuseppe,IT,1166,104029
Richard Klemke,https://orcid.org/0000-0001-8230-2915,Moores Cancer Center,,1166,11368
L. L. Kurchaninov,https://orcid.org/0000-0001-9392-3936,TRIUMF,CA,1166,46377
R. Cardinale,https://orcid.org/0000-0002-7835-7638,"Istituto Nazionale di Fisica Nucleare, Sezione di Genova",IT,1166,42649
X. Cid Vidal,https://orcid.org/0000-0002-0468-541X,Universidade de Santiago de Compostela,ES,1166,44724
이윤정,,,,1166,190
Isidró Ferrer,https://orcid.org/0000-0001-9888-8754,Bellvitge University Hospital,ES,1165,59731
J. J. Back,https://orcid.org/0000-0001-7791-4490,University of Warwick,GB,1165,37894
José Cernicharo Quintanilla,,,,1165,8017
Bert Brunekreef,https://orcid.org/0000-0001-9908-0060,Utrecht University,NL,1165,112617
Erik Christiansen,https://orcid.org/0000-0003-3562-9506,Odense Municipality,DK,1165,11034
Robert Z. Orlowski,https://orcid.org/0000-0002-5723-4129,The University of Texas MD Anderson Cancer Center,US,1165,54241
George I. Papakostas,https://orcid.org/0000-0002-8886-1416,Harvard University,US,1165,16277
Seth R. Marder,https://orcid.org/0000-0001-6921-2536,University of Colorado Boulder,US,1165,70662
Mário Gerla,,,,1165,54518
John Allen Chalk,,Harding University Main Campus,US,1165,119
Christopher R. Flowers,https://orcid.org/0000-0002-9524-3990,The University of Texas MD Anderson Cancer Center,US,1165,38041
David G. Huntsman,https://orcid.org/0000-0003-4934-3322,University of British Columbia Hospital,CA,1165,105283
Jun Li,https://orcid.org/0000-0003-1613-9448,China University of Geosciences,CN,1165,28089
C. Blocker,https://orcid.org/0000-0001-6898-5633,,,1165,95069
Herbert Spencer,,Pontificia Universidad Católica de Valparaíso,CL,1165,5536
D. Toback,https://orcid.org/0000-0003-3457-4144,Mitchell Institute,US,1165,77802
Val J. Lowe,https://orcid.org/0000-0002-5612-1667,Mayo Clinic,US,1164,42221
Suzanne Oparil,https://orcid.org/0000-0002-7505-2599,,,1164,68264
Jacques Robert,https://orcid.org/0000-0003-4380-1476,Centre National de la Recherche Scientifique,FR,1164,19948
Shu Tao,https://orcid.org/0000-0002-7374-7063,Peking University,CN,1164,53034
F. E. Maas,https://orcid.org/0000-0002-9271-1883,Johannes Gutenberg University Mainz,DE,1164,18626
Ajay J. Kirtane,https://orcid.org/0000-0003-0061-1058,Columbia University Irving Medical Center,US,1164,53919
Margaret R. Karagas,https://orcid.org/0000-0002-6398-7362,Dartmouth College,US,1164,37659
Takao Suzuki,https://orcid.org/0000-0001-5489-0983,Juntendo University,JP,1164,36570
Sharon Billings,https://orcid.org/0000-0003-1611-526X,University of Kansas,US,1164,5773
Michael Forsting,https://orcid.org/0000-0002-5584-9824,Society of Interventional Radiology,US,1164,28712
Elaine S. Jaffe,https://orcid.org/0000-0003-4632-0301,National Institutes of Health,US,1164,128827
A. Sciubba,https://orcid.org/0000-0002-3301-9176,Istituto Nazionale di Fisica Nucleare,IT,1164,46163
V. Egorychev,https://orcid.org/0000-0002-2539-673X,Kurchatov Institute,RU,1164,44291
V. M. M. Cairo,https://orcid.org/0000-0002-0758-7575,European Organization for Nuclear Research,CH,1164,52637
Reisa A. Sperling,https://orcid.org/0000-0003-1535-6133,Brigham and Women's Hospital,US,1163,117337
Christoph J. Brabec,https://orcid.org/0000-0002-9440-0253,Forschungszentrum Jülich,DE,1163,99550
Оleg G. Sinyashin,https://orcid.org/0000-0002-2241-9764,A.E. Arbuzov Institute of Organic and Physical Chemistry,RU,1163,9697
二三夫 小山,,,,1163,3
William D. Foulkes,https://orcid.org/0000-0001-7427-4651,McGill University Health Centre,CA,1163,62592
Ran Kornowski,https://orcid.org/0000-0002-7708-8253,Tel Aviv University,IL,1163,46478
Q. Buat,https://orcid.org/0000-0001-7318-5251,University of Washington,US,1163,74085
Christopher Asaro,https://orcid.org/0000-0001-9427-3015,US Forest Service,US,1163,984
Andreas Mandelis,https://orcid.org/0000-0003-0625-8611,Canadian Institute for Advanced Research,CA,1163,13914
R. Blinc,,Jožef Stefan Institute,SI,1163,30975
Wolfgang Voelter,https://orcid.org/0000-0002-4178-5727,,,1163,17689
John B. Wainewright,,,,1163,26
Yao Zhao,https://orcid.org/0000-0002-8581-9554,The University of Texas MD Anderson Cancer Center,US,1163,20666
Li Chen,https://orcid.org/0000-0001-5345-1620,Kunming University of Science and Technology,CN,1163,31284
Vincent A. Miller,https://orcid.org/0000-0003-1667-3771,Universidad San Carlos,PY,1163,90961
Ali Chamas,https://orcid.org/0000-0001-8739-8880,National Laboratory of the Rockies,US,1162,3761
Keller Scholl,https://orcid.org/0000-0003-3649-6071,,,1162,104
Weiping Jia,https://orcid.org/0000-0002-6244-2168,Singapore National Eye Center,SG,1162,55069
Patrick Wheeler,https://orcid.org/0000-0003-0307-581X,University of Nottingham,GB,1162,26285
Siqin Ye,https://orcid.org/0000-0002-5229-9775,Changsha University of Science and Technology,CN,1162,4808
E. Santovetti,https://orcid.org/0000-0002-5605-1662,"Istituto Nazionale di Fisica Nucleare, Roma Tor Vergata",IT,1162,43189
Mei‐Chuan Ko,https://orcid.org/0000-0003-2436-4506,Wake Forest University,US,1162,5802
J. B. W. Carlyle,https://orcid.org/0000-0003-4981-4438,,,1162,601
Michael Schulz,https://orcid.org/0000-0002-6336-5491,Missouri University of Science and Technology,US,1162,18975
Maria A. Rocca,https://orcid.org/0000-0003-2358-4320,Vita-Salute San Raffaele University,IT,1162,43221
Yu Li,https://orcid.org/0000-0002-1282-5312,Harbin University of Science and Technology,CN,1162,31884
A. Baden,https://orcid.org/0000-0002-6159-3861,"University of Maryland, College Park",US,1162,71881
M. Lipinski,https://orcid.org/0000-0002-6839-0063,RWTH Aachen University,DE,1162,38509
Jeremy Bentham,,,,1162,367
Alexandra Worden,https://orcid.org/0000-0002-9888-9324,Monterey Bay Aquarium Research Institute,US,1162,0
Shinji Watanabe,https://orcid.org/0000-0002-5970-8631,Carnegie Mellon University,US,1161,26443
C. Grefe,https://orcid.org/0000-0001-7050-5301,University of Bonn,DE,1161,45343
Masaru Hori,https://orcid.org/0000-0002-1442-0749,Nagoya University,JP,1161,18212
Vincenzo Di Marzo,https://orcid.org/0000-0002-1490-3070,Natural Sciences and Engineering Research Council of Canada,CA,1161,97394
B. R. Ko,https://orcid.org/0000-0002-4591-5269,,,1161,108639
Xu Li,https://orcid.org/0000-0003-0684-6923,Changchun University of Science and Technology,CN,1161,11526
M. G. Alviggi,https://orcid.org/0000-0003-0026-982X,"Istituto Nazionale di Fisica Nucleare, Sezione di Napoli",IT,1161,65722
Martín Reincke,https://orcid.org/0000-0002-9817-9875,LMU Klinikum,DE,1161,38627
William Wijns,https://orcid.org/0000-0002-7267-4376,Ollscoil na Gaillimhe – University of Galway,IE,1161,143552
Ziad A. Memish,https://orcid.org/0000-0002-5099-0714,Alfaisal University,SA,1161,223497
Roberto M. Lang,https://orcid.org/0000-0003-3723-1577,Semmelweis University,HU,1161,88450
Roya Kelishadi,https://orcid.org/0000-0001-7455-1495,Isfahan University of Medical Sciences,IR,1161,57077
Lars Wallentin,https://orcid.org/0000-0003-0378-6531,Uppsala University,SE,1161,119501
Donald Küfe,https://orcid.org/0000-0001-5743-8888,Harvard University,US,1161,51281
E. S. Kuwertz,https://orcid.org/0000-0002-1921-6173,University of Bristol,GB,1161,87697
Juan M. Corchado,https://orcid.org/0000-0002-2829-1829,Instituto de Investigación Biomédica de Salamanca,ES,1161,23147
Holger J. Schünemann,https://orcid.org/0000-0003-3211-8479,Humanitas University,IT,1161,209592
Susan G. Hilsenbeck,https://orcid.org/0000-0002-7962-673X,Baylor College of Medicine,US,1161,35322
H. Hayashii,https://orcid.org/0000-0002-5138-5903,Twitter (United States),US,1161,41099
Bill Bill,,,,1161,124
Irene J Higginson,https://orcid.org/0000-0002-3687-1313,King's College London,GB,1161,61334
Christophe Massard,https://orcid.org/0000-0001-5505-0564,Institut Gustave Roussy,FR,1161,25350
Woods Poole,,,,1161,0
Ken‐ichi Shimizu,https://orcid.org/0000-0003-0501-0294,Hokkaido University,JP,1161,35864
J. H. Hamilton,https://orcid.org/0000-0002-0770-0945,Vanderbilt University,US,1161,19042
Siegfried Hoyer,,,,1161,6289
W. T. Meyer,https://orcid.org/0000-0003-0020-5535,,,1161,49339
Debu Tripathy,https://orcid.org/0000-0002-5711-2404,The University of Texas MD Anderson Cancer Center,US,1161,26204
David Slaney,,University of South Australia,AU,1161,1078
Carlos Rubio‐Terres,https://orcid.org/0000-0001-5106-2912,Madrid Health Service,ES,1160,21159
Johnny L. Matson,https://orcid.org/0000-0001-6785-7023,Louisiana State University,US,1160,35634
Enno Lork,https://orcid.org/0000-0002-0582-9913,University of Bremen,DE,1160,6359
Paul O’Brien,https://orcid.org/0000-0001-8744-9174,SV Health Investors (United States),US,1160,31684
Akira Kobayashi,https://orcid.org/0000-0001-9727-1218,Kyoto University,JP,1160,27037
Nazario Martı́n,https://orcid.org/0000-0002-5355-1477,Madrid Institute for Advanced Studies,ES,1160,36902
Talha Burki,,,,1160,9522
Tanios Bekaii‐Saab,https://orcid.org/0000-0001-7721-1699,WinnMed,US,1160,27683
Rafael Luque,https://orcid.org/0000-0003-4190-1916,Peoples' Friendship University of Russia,RU,1160,60394
Young‐Hoon Kim,https://orcid.org/0000-0002-4254-647X,California Institute of Technology,US,1160,41694
Rod J. Rohrich,,Baylor College of Medicine,US,1160,37302
Holger Boche,https://orcid.org/0000-0002-8375-8946,Munich Center for Quantum Science and Technology,DE,1159,13758
Hans De Witte,https://orcid.org/0000-0002-6691-517X,Vaal University of Technology,ZA,1159,30847
Yoshito Itoh,https://orcid.org/0000-0001-9890-3635,Kyoto Prefectural University of Medicine,JP,1159,22524
T. Suzuki,https://orcid.org/0000-0001-9458-6863,National Institute for Materials Science,JP,1159,23681
Jens Overgaard,https://orcid.org/0000-0002-0814-8179,Aarhus University,DK,1159,53490
Wolfgang Bensch,https://orcid.org/0000-0002-3111-580X,Christian-Albrechts-Universität zu Kiel,DE,1159,12979
Peter J. Stang,https://orcid.org/0000-0002-2307-0576,University of Utah,US,1159,58976
Jun Nishimura,https://orcid.org/0000-0003-3232-538X,Japan Aerospace Exploration Agency,JP,1159,16981
O. Davignon,https://orcid.org/0000-0001-8710-992X,Centre National de la Recherche Scientifique,FR,1159,56145
Li Shen,https://orcid.org/0000-0002-5443-0503,Sun Yat-sen University,CN,1159,33464
Peter T. Scardino,https://orcid.org/0000-0002-1601-8411,Memorial Sloan Kettering Cancer Center,US,1158,81903
E. Ben-Haim,https://orcid.org/0000-0002-9510-8414,Centre National de la Recherche Scientifique,FR,1158,38454
Patrick Schöffski,https://orcid.org/0000-0001-5980-030X,Heidelberg University,DE,1158,44606
Peter Roy‐Byrne,,University of Washington,US,1158,29012
C. Fitzpatrick,https://orcid.org/0000-0003-3674-0812,University of Manchester,GB,1158,42597
Peter Verhaert,https://orcid.org/0000-0002-6921-087X,Morpho (United States),US,1158,5630
S. Perazzini,https://orcid.org/0000-0002-1862-7122,"Istituto Nazionale di Fisica Nucleare, Sezione di Bologna",IT,1158,42022
Bankole A. Johnson,https://orcid.org/0000-0002-8901-6177,Bristol-Myers Squibb (United States),US,1158,12260
Kenneth J. O’Byrne,https://orcid.org/0000-0002-6754-5633,Princess Alexandra Hospital,AU,1158,47976
Nathan Efron,https://orcid.org/0000-0002-7037-779X,Queensland University of Technology,AU,1158,13585
Christopher C. Thompson,https://orcid.org/0000-0002-6105-5270,Brigham and Women's Hospital,US,1158,17181
Patrick M. Bossuyt,https://orcid.org/0000-0003-4427-0128,Amsterdam UMC Location University of Amsterdam,NL,1158,259293
Timothy R. Billiar,https://orcid.org/0000-0002-2949-0811,,,1158,79236
R. Nakamura,https://orcid.org/0000-0002-2620-9211,Austrian Academy of Sciences,AT,1158,27339
W. Baumjohann,https://orcid.org/0000-0001-6271-0110,Space Research Institute,AT,1158,39972
Richard Harding,https://orcid.org/0000-0001-9653-8689,King's College London,GB,1158,35578
Qian Wang,https://orcid.org/0000-0002-8967-8525,Mahasarakham University,TH,1158,31615
Zhu -,,,,1158,1386
Lei Wang,https://orcid.org/0000-0003-0734-7026,Shaanxi University of Technology,CN,1158,35149
B.F. Morrey,https://orcid.org/0000-0003-0234-0212,Mayo Clinic,US,1157,50793
A. Milov,https://orcid.org/0000-0003-3863-3607,SLAC National Accelerator Laboratory,US,1157,59213
Patrick Judge,https://orcid.org/0000-0002-1745-5920,Washington University in St. Louis,US,1157,326
O. L. Landen,https://orcid.org/0000-0002-1499-8217,Lawrence Livermore National Laboratory,US,1157,30416
Steve Kohut,,National Institute on Drug Abuse,US,1157,402
Takanori Suzuki,https://orcid.org/0000-0002-1230-2044,Hokkaido University,JP,1157,10361
M. Hohlmann,https://orcid.org/0000-0003-4578-9319,Florida Institute of Technology,US,1157,59127
O. Pavlyuk,,Scientific Consulting Group,US,1157,5
김승호,,,,1157,159
Raffaele De Caterina,https://orcid.org/0000-0003-1637-574X,University of Pisa,IT,1157,93359
Anthony D. Ho,https://orcid.org/0000-0002-1656-0833,Heidelberg University,DE,1157,43364
Colin C. Williams,https://orcid.org/0000-0002-3610-1933,Long Beach City College,US,1157,21442
R. Stanley Williams,https://orcid.org/0000-0003-0213-4259,University of Southern California,US,1157,74533
Bin Wang,https://orcid.org/0000-0002-6242-7726,Kunming University of Science and Technology,CN,1157,36152
Xin Lin,https://orcid.org/0000-0002-7491-8928,Fujian Normal University,CN,1157,30623
Chen,,,,1157,2642
GBIF.org User,,,,1157,0
Jennifer R. Brown,https://orcid.org/0000-0003-2040-4961,Harvard University,US,1156,51715
R. Maiolino,https://orcid.org/0000-0002-4985-3819,University of Cambridge,GB,1156,57017
David S. Celermajer,https://orcid.org/0000-0001-7640-0439,The University of Sydney,AU,1156,67379
Carlo Caltagirone,https://orcid.org/0000-0002-0189-4515,Fondazione Santa Lucia,IT,1156,50192
Michael M. Morgan,https://orcid.org/0000-0002-3386-8557,Washington State University Vancouver,US,1156,6183
Charles G. Drake,https://orcid.org/0000-0001-9610-3677,Johnson & Johnson (United States),US,1156,91770
Rahim Tafazolli,https://orcid.org/0000-0002-6062-8639,University of Surrey,GB,1156,20430
Osamu Tanaka,https://orcid.org/0000-0002-7189-8407,Asahi University,JP,1156,18103
Uwe H. F. Bunz,https://orcid.org/0000-0002-9369-5387,Heidelberg University,DE,1156,31346
Russell P. Tracy,https://orcid.org/0000-0002-0080-2420,University of Vermont,US,1156,139877
Hans‐Dieter Volk,https://orcid.org/0000-0002-7743-6668,Humboldt-Universität zu Berlin,DE,1156,59225
Ruben C. Gur,https://orcid.org/0000-0002-9657-1996,Children's Hospital of Philadelphia,US,1156,88474
Giuseppe Tonini,https://orcid.org/0000-0003-4442-8677,Università Campus Bio-Medico,IT,1156,33590
Yuan Chen,https://orcid.org/0000-0001-9059-3839,Wuhan University of Technology,CN,1156,46294
Jinlong Yang,https://orcid.org/0000-0002-5651-5340,University of Science and Technology of China,CN,1156,61339
N. Gehrels,https://orcid.org/0000-0002-8465-3353,Goddard Space Flight Center,US,1156,2059
Сонг,,,,1156,2473
Azzedine Boukerche,https://orcid.org/0000-0002-3851-9938,University of Ottawa,CA,1155,24796
M. Schiller,https://orcid.org/0000-0001-8750-863X,Heidelberg University,DE,1155,44452
Erin D. Michos,https://orcid.org/0000-0002-5547-5084,Johns Hopkins University,US,1155,60771
Jos W. R. Twisk,https://orcid.org/0000-0001-9617-1020,Amsterdam University Medical Centers,NL,1155,56083
Masayuki Yoshikawa,https://orcid.org/0000-0003-3106-3277,University of Tsukuba,JP,1155,28783
Jack Delano,,Citadel,US,1155,3
Hisashi Yamanaka,https://orcid.org/0000-0001-8453-6731,Tokyo Women's Medical University,JP,1155,28545
Ralph N. Martins,https://orcid.org/0000-0002-4828-9363,Edith Cowan University,AU,1155,57243
Howard A. Burris,https://orcid.org/0000-0002-1501-2931,Sarah Cannon,US,1155,72874
Miguel‐Angel Perales,https://orcid.org/0000-0002-5910-4571,Memorial Sloan Kettering Cancer Center,US,1155,34719
Sean Najmi,https://orcid.org/0000-0002-8243-9249,Honeywell (United States),US,1155,497
F. C. Birkbeck Terry,,,,1155,109
U. Dosselli,https://orcid.org/0000-0001-8086-2863,,,1155,87261
David C. Montefiori,https://orcid.org/0000-0003-0856-6319,Duke University,US,1154,87574
Ralf Paschke,https://orcid.org/0000-0003-1470-268X,University of Calgary,CA,1154,22984
Norihiro Kokudo,https://orcid.org/0000-0002-9003-8613,National Center for Global Health and Medicine,JP,1154,47407
Quan‐Hoang Vuong,https://orcid.org/0000-0003-0790-1576,Korea University,KR,1154,17500
Dick Harrison,,Instituto de Historia,ES,1154,412
Richard Kearney,https://orcid.org/0000-0002-8426-0568,,,1154,2959
N. Xu,https://orcid.org/0000-0001-8853-0409,Kent State University,US,1154,83134
Andreas Fritsche,https://orcid.org/0000-0002-4987-1961,Universitätsklinikum Tübingen,DE,1154,38976
Adriaan A. Lammertsma,https://orcid.org/0000-0003-1237-2891,University Medical Center Groningen,NL,1154,49908
Ryosuke Kuroda,https://orcid.org/0000-0001-5097-7264,Kobe University,JP,1154,21100
Hiroaki Nakamura,https://orcid.org/0000-0002-5380-5000,ConocoPhillips (United States),US,1154,16016
V. Coco,https://orcid.org/0000-0002-5310-6808,European Organization for Nuclear Research,CH,1154,44188
Jong Seung Kim,https://orcid.org/0000-0003-3477-1172,University of Seoul,KR,1154,78981
Henry T. Lynch,,Creighton University,US,1154,79957
J. C. Lange,https://orcid.org/0000-0003-1307-1441,Universität Hamburg,DE,1154,94995
Anupriya Agarwal,,Oregon Health & Science University,US,1154,0
Adam Freeman,https://orcid.org/0000-0002-2989-148X,,,1153,917
최진호,,,,1153,150
Xiaodong,,,,1153,1798
M. D’Alfonso,https://orcid.org/0000-0002-7409-7904,Massachusetts Institute of Technology,US,1153,56154
Javed Khan,https://orcid.org/0000-0002-5858-0488,Kent State University,US,1153,24995
Efstathios Kastritis,https://orcid.org/0000-0001-8191-5832,National and Kapodistrian University of Athens,GR,1153,40426
Bhaskar Somani,https://orcid.org/0000-0002-6248-6478,Università Campus Bio-Medico,IT,1153,22503
Walid Saad,https://orcid.org/0000-0003-2247-2458,Virginia Wesleyan University,US,1153,49987
김민지,,Ewha Womans University,KR,1153,127
Douglas F. Easton,https://orcid.org/0000-0003-2444-3247,University of Cambridge,GB,1153,139106
Hiroshi Kato,https://orcid.org/0000-0003-0807-1375,The University of Osaka,JP,1153,16457
Jorma Viikari,https://orcid.org/0000-0001-6452-010X,University of Turku,FI,1153,70834
B. Bhuyan,https://orcid.org/0000-0001-6254-3594,Twitter (United States),US,1153,37120
E. Cheremushkina,https://orcid.org/0000-0002-8772-0961,Deutsches Elektronen-Synchrotron DESY,DE,1153,53336
Seiichi Moriya,,National Agriculture and Food Research Organization,JP,1153,1578
Matthias Wettstein,,,,1153,2367
L. Köpke,https://orcid.org/0000-0001-8530-6348,Johannes Gutenberg University Mainz,DE,1152,69281
Bart Barlogie,https://orcid.org/0000-0001-6116-1017,University of Arkansas for Medical Sciences,US,1152,76622
Christopher J. Logothetis,https://orcid.org/0000-0002-6365-1711,The University of Texas MD Anderson Cancer Center,US,1152,87783
Mihaela van der Schaar,https://orcid.org/0000-0003-3933-6049,University of Cambridge,GB,1152,23309
Takashi Yamada,https://orcid.org/0000-0003-1797-3880,Hiroshima University,JP,1152,14590
陈军,,,,1152,65
Anthony Rossi,https://orcid.org/0000-0003-2295-1934,Memorial Sloan Kettering Cancer Center,US,1152,4516
Rıfat Bircan,https://orcid.org/0000-0001-5291-8620,Tekirdağ Namık Kemal University,TR,1152,1362
Neil Pearce,https://orcid.org/0000-0002-9938-7852,University of London,GB,1152,148839
André Franke,https://orcid.org/0000-0003-1530-5811,Christian-Albrechts-Universität zu Kiel,DE,1152,106902
Peter Neuenschwander,https://orcid.org/0000-0003-0580-0376,Bern University of Applied Sciences,CH,1152,7378
K. Werner,https://orcid.org/0000-0002-6428-2276,Centre National de la Recherche Scientifique,FR,1152,8315
Robert F. LaPrade,https://orcid.org/0000-0002-9823-2306,New York Academy of Medicine,US,1152,48829
Inventaire National Du Patrimoine Naturel,,,,1152,0
Yong Zhang,https://orcid.org/0000-0002-6355-9923,Liaoning Technical University,CN,1152,57245
Zhuang Liu,https://orcid.org/0000-0002-1629-1039,Qingdao University,CN,1152,141165
D. Bogavac,https://orcid.org/0000-0003-2138-9062,Université Paris Cité,FR,1152,47054
Ye Wang,https://orcid.org/0000-0003-0764-2279,Harbin Medical University,CN,1152,62657
R. K. Dewanjee,https://orcid.org/0000-0001-6645-6244,,,1152,58027
L. La Rotonda,https://orcid.org/0000-0002-6780-5829,"Istituto Nazionale di Fisica Nucleare, Laboratori Nazionali di Frascati",IT,1152,103154
Ken Shirabe,https://orcid.org/0000-0002-7173-7945,Gunma University,JP,1151,30037
Eleni Christofa,https://orcid.org/0000-0002-8740-5558,Amherst College,US,1151,1197
Salvatore Siena,https://orcid.org/0000-0002-2681-2846,University of Milan,IT,1151,81531
Csusb,,,,1151,240
Leonard F. Lindoy,https://orcid.org/0000-0003-2409-6935,The University of Sydney,AU,1151,12399
Margaret Fisher,,,,1151,212
Article Editorial,,,,1151,1908
Hans‐Christoph Pape,https://orcid.org/0000-0002-2059-4980,University Hospital of Zurich,CH,1151,28927
Albert J. R. Heck,https://orcid.org/0000-0002-2405-4404,Netherlands Institute for Neuroscience,NL,1151,72790
Yoshinori Haga,https://orcid.org/0000-0002-4605-5117,Japan Atomic Energy Agency,JP,1151,17148
Felix W. Landerer,https://orcid.org/0000-0003-2678-095X,Jet Propulsion Laboratory,US,1151,16215
Alan L. Balch,https://orcid.org/0000-0002-8813-6281,"University of California, Davis",US,1151,29569
Helmut E. Meyer,https://orcid.org/0000-0002-3262-8260,Norwegian Institute of Public Health,NO,1151,64053
Philip J. Withers,https://orcid.org/0000-0002-1946-5647,University of Manchester,GB,1151,47198
Mototsugu Oya,https://orcid.org/0000-0002-2048-4263,Hiroshima University,JP,1151,17399
R. López-Fernández,https://orcid.org/0000-0002-2389-4831,Instituto de Estudios Avanzados,VE,1151,57719
Wang,,Xi'an University of Science and Technology,CN,1151,1441
C. Roland,https://orcid.org/0000-0002-7312-5854,University of Minnesota System,US,1150,66583
Wendell L. Morrill,,Montana State University,US,1150,1884
Miguel Srougi,https://orcid.org/0000-0002-4545-0596,D’Or Institute for Research and Education,BR,1150,16387
Charles E. McCulloch,https://orcid.org/0000-0002-1279-6179,Portland State University,US,1150,71211
Michael Minzenberg,https://orcid.org/0000-0002-9167-9738,University of California San Diego,US,1150,9478
H. A. Weaver,https://orcid.org/0000-0003-0951-7762,Johns Hopkins University Applied Physics Laboratory,US,1150,17909
J. X. Prochaska,https://orcid.org/0000-0002-7738-6875,Kavli Institute for the Physics and Mathematics of the Universe,JP,1150,46832
Faith E. Davies,https://orcid.org/0000-0002-3971-2393,NYU Langone Health,US,1150,40712
Enhong Chen,https://orcid.org/0000-0002-4835-4102,University of Science and Technology of China,CN,1150,29971
Charles G. Mullighan,https://orcid.org/0000-0002-1871-1850,St. Jude Children's Research Hospital,US,1150,65402
Hiroshi Iwasaki,https://orcid.org/0000-0002-0153-6873,Wakayama Medical University,JP,1150,21968
Amos B. Smith,https://orcid.org/0000-0002-1712-8567,University of Pennsylvania,US,1150,40642
Takao Mori,https://orcid.org/0000-0003-2682-1846,University of Tsukuba,JP,1150,19003
김동원,,,,1150,163
Ian Chi Kei Wong,https://orcid.org/0000-0001-8242-0014,Macau University of Science and Technology,MO,1150,31367
G Yeo,,University of California San Diego,US,1150,50631
Julian Parkhill,https://orcid.org/0000-0002-7069-5958,University of Cambridge,GB,1150,151177
Achim Marx,https://orcid.org/0000-0002-5886-6742,Bavarian Academy of Sciences and Humanities,DE,1150,7738
Ko Okumura,https://orcid.org/0000-0003-3238-6422,Westchester Medical Center,US,1150,59976
Li Wang,https://orcid.org/0000-0001-7692-5067,Hebei University of Engineering,CN,1150,30896
A. V. Akimov,https://orcid.org/0000-0002-2846-2958,Stony Brook University,US,1150,61928
H. J. Eysenck,,,,1150,69190
이종태,,,,1149,212
Igor E. Shparlinski,https://orcid.org/0000-0002-5246-9391,UNSW Sydney,AU,1149,9427
A. Pizzi,https://orcid.org/0000-0002-9749-7185,King Abdulaziz University,SA,1149,36948
S. Somalwar,https://orcid.org/0000-0002-8856-7401,"Rutgers, The State University of New Jersey",US,1149,47833
Aleš Růžička,https://orcid.org/0000-0001-8191-0273,University of Pardubice,CZ,1149,7980
Glade Dlott,,Stanford University,US,1149,235
M. De Cian,https://orcid.org/0000-0002-1268-9621,Heidelberg University,DE,1149,42207
Geoffrey N. Hendy,https://orcid.org/0000-0002-8050-1192,McGill University Health Centre,CA,1149,15668
Masafumi Fukagawa,https://orcid.org/0000-0002-7832-2339,FIND,CH,1149,21751
Jun Lin,https://orcid.org/0000-0001-9572-2134,University of Science and Technology of China,CN,1149,87504
Nikolaos G. Papadopoulos,https://orcid.org/0000-0002-4448-3468,National and Kapodistrian University of Athens,GR,1149,53115
Jun Zhou,https://orcid.org/0000-0001-5822-8233,Griffith University,AU,1149,20195
A. Nowack,https://orcid.org/0000-0002-3522-5926,RWTH Aachen University,DE,1149,60449
Cui ,,,,1149,1479
Walter Scott,,,,1149,1667
M.A. Cancellieri,,Research Institute for Fragrance Materials,US,1149,829
Royal Botanic Garden Edinburgh,,,,1149,0
Teja Kattenborn,https://orcid.org/0000-0001-7381-3828,University of Freiburg,DE,1148,7872
Moncef Gabbouj,https://orcid.org/0000-0002-9788-2323,Tampere University of Applied Sciences,FI,1148,30365
Priscila M. Lalli,https://orcid.org/0000-0002-5126-1759,Pacific Northwest National Laboratory,US,1148,1294
V. Bertolasi,https://orcid.org/0000-0002-7572-3532,University of Ferrara,IT,1148,13032
John C. Gore,https://orcid.org/0000-0002-9480-0900,Vanderbilt University,US,1148,76352
Kāri Stefánsson,https://orcid.org/0000-0003-1676-864X,deCODE Genetics (Iceland),IS,1148,212550
N. Noda,https://orcid.org/0000-0002-6044-6974,Kyushu Institute of Technology,JP,1148,9297
F. Halzen,https://orcid.org/0000-0001-6224-2417,University of Wisconsin–Madison,US,1148,34648
Makoto Shimizu,https://orcid.org/0000-0003-0467-9594,Nanjing Tech University,CN,1148,23213
Jan Marco Leimeister,https://orcid.org/0000-0002-1990-2894,University of St.Gallen,CH,1148,15089
Samuel R. Chamberlain,https://orcid.org/0000-0001-7014-8121,University of Southampton,GB,1148,29126
Ronald J. A. Wanders,https://orcid.org/0000-0001-7818-1452,Emma Kinderziekenhuis,NL,1148,59378
C. Touramanis,https://orcid.org/0000-0001-5191-2171,University of Liverpool,GB,1148,45238
René Dussaud,,Département d'Informatique,FR,1148,2067
Yang Xiao,https://orcid.org/0000-0001-8549-6794,Jiangsu University,CN,1148,24052
Christopher E. Brightling,https://orcid.org/0000-0002-9345-4903,University of Leicester,GB,1148,78969
Osamu Hashimoto,https://orcid.org/0000-0001-8481-3655,Aoyama Gakuin University,JP,1148,10342
Andrew J. Lees,https://orcid.org/0000-0002-2476-4385,Centre for Movement Disorders,CA,1148,130791
Seock‐Ah Im,https://orcid.org/0000-0002-5396-6533,Seoul National University,KR,1148,71450
Leslie Shor,https://orcid.org/0000-0003-3077-427X,University of Connecticut,US,1148,1747
Ernesto Damiani,https://orcid.org/0000-0002-9557-6496,University of Milan,IT,1148,20516
Y. C. Zhu,https://orcid.org/0000-0002-7306-1053,University of Science and Technology of China,CN,1148,28787
A. W. Thomas,https://orcid.org/0000-0003-0026-499X,Établissement Français du Sang,FR,1148,26093
R. Sahoo,https://orcid.org/0000-0003-3334-0661,Indian Institute of Technology Indore,IN,1148,58054
Sang‐Wook Cheong,https://orcid.org/0000-0001-9905-6175,Rutgers Sexual and Reproductive Health and Rights,NL,1148,33714
Peng Zhang,https://orcid.org/0000-0001-9505-3858,South China Agricultural University,CN,1148,52079
Xiangyu Wang,https://orcid.org/0000-0001-8718-6941,Hong Kong Polytechnic University,HK,1148,36673
Timothy C. Wang,https://orcid.org/0000-0001-5730-3019,Columbia University Irving Medical Center,US,1148,93552
Shuang Li,https://orcid.org/0000-0001-9142-5036,Changchun University of Science and Technology,CN,1148,14631
M. Dührssen,,European Organization for Nuclear Research,CH,1148,95648
P. Raics,https://orcid.org/0000-0002-3803-8923,Mizoram University,IN,1148,69900
Chris Meniw,https://orcid.org/0009-0003-4417-1944,CHDI Foundation,US,1148,2
Wanderley de Souza,https://orcid.org/0000-0002-1895-1299,Universidade Federal do Rio de Janeiro,BR,1147,36843
Christopher Glidewell,https://orcid.org/0000-0001-7621-7538,University of St Andrews,GB,1147,6780
Cheng‐Li Lin,https://orcid.org/0000-0001-9926-3668,China Medical University,TW,1147,20482
J. E. Grindlay,https://orcid.org/0000-0002-1323-5314,Center for Astrophysics Harvard & Smithsonian,US,1147,19089
Roshan Bhurtha,,University of Cape Town,ZA,1147,36
Émile Poulat,,,,1147,566
M.I. Sayyed,https://orcid.org/0000-0003-3040-8878,Princess Nourah bint Abdulrahman University,SA,1147,42168
Shuxiang Guo,https://orcid.org/0000-0002-0607-9798,Beijing Institute of Technology,CN,1147,14852
Xinquan Zhao,https://orcid.org/0000-0002-8151-4948,Shihezi University,CN,1147,12258
A. La Rosa,https://orcid.org/0000-0001-6291-2142,European Organization for Nuclear Research,CH,1147,92118
Etienne Cavalier,,University of Liège,BE,1147,17601
Deepak Kamat,,Pravara Institute of Medical Sciences,IN,1147,2974
Raquel E. Gur,https://orcid.org/0000-0002-4082-8502,Children's Hospital of Philadelphia,US,1146,84654
David Lloyd,https://orcid.org/0000-0002-5656-0571,The University of Queensland,AU,1146,39250
张洁,,,,1146,158
Zander Human,,,,1146,0
Norbert W. Mitzel,https://orcid.org/0000-0002-3271-5217,Bielefeld University,DE,1146,6917
Jeffrey R. Long,https://orcid.org/0000-0002-5324-1321,Lawrence Berkeley National Laboratory,US,1146,104859
Heiner Boeing,https://orcid.org/0000-0002-3358-1775,German Institute of Human Nutrition,DE,1146,94152
Manos M. Tentzeris,https://orcid.org/0000-0003-0476-3577,Georgia Institute of Technology,US,1146,26365
Se‐Hoon Lee,https://orcid.org/0000-0002-9219-3350,Yong In University,KR,1146,33296
T. Takabatake,https://orcid.org/0000-0002-3293-8592,Hiroshima University,JP,1146,17332
Min Wang,https://orcid.org/0000-0002-3420-4031,Central South University,CN,1146,42031
Jian Wang,https://orcid.org/0000-0001-5184-7023,Ningxia University,CN,1146,43335
Qin Li,https://orcid.org/0000-0002-3934-6004,North Sichuan Medical University,CN,1146,30535
Philip G. Conaghan,https://orcid.org/0000-0002-3478-5665,NIHR Leeds Musculoskeletal Biomedical Research Unit,GB,1146,54851
Kexin Chen,https://orcid.org/0000-0003-4248-7681,South China Agricultural University,CN,1146,21553
David J. Cohen,https://orcid.org/0000-0001-9163-724X,Columbia University Irving Medical Center,US,1146,79159
Rebecca Voelker,,,,1146,3722
Japan. Ministry of Agriculture and Commerce,,,,1146,0
Gail Winger,,"University of Maryland, Baltimore",US,1145,6486
Hisashi Matsuda,https://orcid.org/0000-0003-4217-065X,Kyoto Prefectural University,JP,1145,33873
Alimuddin Zumla,https://orcid.org/0000-0002-5111-5735,University College London Hospitals NHS Foundation Trust,GB,1145,97018
Maciej Lewenstein,https://orcid.org/0000-0002-0210-7800,Institució Catalana de Recerca i Estudis Avançats,ES,1145,61484
D. M. Asner,https://orcid.org/0000-0002-1586-5790,Twitter (United States),US,1145,71761
Masashi Sugiyama,https://orcid.org/0000-0001-6658-6743,Tokyo University of Science,JP,1145,22735
Joost P.H. Drenth,https://orcid.org/0000-0001-8027-3073,Amsterdam Neuroscience,NL,1145,38798
Jianping Li,https://orcid.org/0000-0003-0625-1575,Nissan (United Kingdom),GB,1145,29571
T. Sculac,https://orcid.org/0000-0002-9578-4105,University of Split,HR,1145,34492
A. Saha,https://orcid.org/0000-0001-7769-2736,Centre National de la Recherche Scientifique,FR,1145,86640
Benjamín Britten,,,,1145,205
W. Van Doninck,,Vrije Universiteit Brussel,BE,1145,92542
Elizabeth Eder,https://orcid.org/0000-0002-1486-7591,Environmental Molecular Sciences Laboratory,US,1145,0
Darell D. Bigner,https://orcid.org/0000-0001-5548-4899,,,1144,149468
Tomas Vetrovsky,,Institute of Microbiology,CN,1144,0
Chang Li,https://orcid.org/0000-0002-3267-1859,Wannan Medical College,CN,1144,12533
Xiang Liu,https://orcid.org/0000-0001-7481-4662,Liaoning Normal University,CN,1144,23692
Kohei Shitara,https://orcid.org/0000-0001-5196-3630,National Cancer Center Hospital East,JP,1144,37129
Matthias Gückenberger,https://orcid.org/0000-0002-7146-9071,University of Zurich,CH,1144,31568
Ruben Lopez Mondejar,,Institute of Microbiology,CN,1144,0
Maurizio Cutolo,https://orcid.org/0000-0002-5396-0932,Ospedale Policlinico San Martino,IT,1144,56135
Aditya Bardia,https://orcid.org/0000-0003-4885-1157,"University of California, Los Angeles",US,1144,39921
James R. Hébert,https://orcid.org/0000-0002-0677-2672,University of South Carolina,US,1144,49250
Heinz Wiendl,https://orcid.org/0000-0003-4310-3432,University of Freiburg,DE,1144,40699
Gordon A. Ferns,https://orcid.org/0000-0002-0957-8349,Brighton and Sussex Medical School,GB,1144,28839
Mark Gerstein,https://orcid.org/0000-0002-9746-3719,Yale University,US,1144,263330
E. Schöpf,https://orcid.org/0000-0002-9340-2214,University of Siegen,DE,1144,48866
Fernando Cendes,https://orcid.org/0000-0001-9336-9568,Universidade Estadual de Campinas (UNICAMP),BR,1144,32888
Barry J. Maron,https://orcid.org/0000-0002-1710-8670,Lahey Hospital and Medical Center,US,1144,119711
Andrew J.S. Coats,https://orcid.org/0000-0002-2771-4260,The University of Sydney,AU,1144,172568
A. Yoshida,https://orcid.org/0000-0003-4049-137X,Aoyama Gakuin University,JP,1144,10482
Kwok‐Fai So,https://orcid.org/0000-0003-4039-4246,Jinan University,CN,1144,28841
Paul Hofman,https://orcid.org/0000-0003-0431-9353,Centre Hospitalier Universitaire de Nice,FR,1144,41187
H. Nanjo,https://orcid.org/0000-0003-0703-103X,Heidelberg University,DE,1144,27297
John C. Reed,https://orcid.org/0009-0001-5364-3566,University of North Carolina at Chapel Hill,US,1144,134490
P. Garcı́a-Abia,https://orcid.org/0000-0001-8809-8927,"Centro de Investigaciones Energéticas, Medioambientales y Tecnológicas",ES,1144,89779
Joachim Kusz,https://orcid.org/0000-0001-8156-936X,University of Kaiserslautern,DE,1143,4854
Peter Vajkoczy,https://orcid.org/0000-0003-4350-392X,Humboldt-Universität zu Berlin,DE,1143,41964
Yuk L. Yung,https://orcid.org/0000-0002-4263-2562,California Institute of Technology,US,1143,32509
Marco Sgarbi,https://orcid.org/0000-0002-6346-8167,Ca' Foscari University of Venice,IT,1143,2390
J. Godlewski,https://orcid.org/0000-0002-5666-2965,TerraMetrics (United States),US,1143,97347
Guanhua Du,https://orcid.org/0000-0002-6896-0847,Hunan University of Science and Technology,CN,1143,30384
宏 田中,,,,1143,14
P. R. Christensen,https://orcid.org/0000-0001-9625-4723,Arizona State University,US,1143,37107
Р. З. Валиев,https://orcid.org/0000-0003-4340-4067,University of Science and Technology,YE,1143,68637
Freddie H. Fu,https://orcid.org/0000-0001-7821-4269,Southern University of Science and Technology,CN,1143,63808
Giampaolo Tortora,https://orcid.org/0000-0002-1378-4962,Università Cattolica del Sacro Cuore,IT,1143,61706
Rainer Waser,https://orcid.org/0000-0002-9080-8980,X-Fab (Germany),DE,1143,59670
LAURA E. ALDRETE,,ClimateWorks Foundation,US,1143,34
H. Oroz Zabaleta,,,,1143,2
U. Gembruch,https://orcid.org/0000-0001-8284-4669,University Hospital Bonn,DE,1143,16845
Manolis Kellis,https://orcid.org/0000-0001-7113-9630,Broad Institute,US,1143,127418
Li Ding,https://orcid.org/0000-0003-1517-2975,Ministry of Education of the People's Republic of China,CN,1143,128366
Fei Wang,https://orcid.org/0000-0001-8432-0009,Jiangsu University,CN,1143,23128
Tao Wang,https://orcid.org/0000-0002-4765-9377,Hong Kong Polytechnic University,HK,1143,39107
Y. X. Song,https://orcid.org/0000-0003-0256-4320,Peking University,CN,1143,12621
G. Gustavino,https://orcid.org/0000-0002-5938-4921,"Istituto Nazionale di Fisica Nucleare, Sezione di Roma I",IT,1143,46916
M. Calderon De La Barca Sanchez,https://orcid.org/0000-0001-9835-4349,"University of California, Davis",US,1143,88533
K. Carvalho Akiba,https://orcid.org/0000-0002-6736-471X,National Institute for Subatomic Physics,NL,1143,44491
I. Nakano,,,,1143,68621
Eugene J. Mark,,Nanyang Technological University,SG,1143,29308
Akira Hara,https://orcid.org/0000-0002-5554-8060,Gifu University,JP,1142,22123
Zsuzsanna Fábián,https://orcid.org/0000-0003-3597-8773,,,1142,9
M. Albrecht,https://orcid.org/0000-0002-0795-8487,University of Augsburg,DE,1142,8813
Lester Andrews,https://orcid.org/0000-0001-6306-0340,University of Virginia,US,1142,32924
Lieven Verschaffel,https://orcid.org/0000-0002-5283-6470,KU Leuven,BE,1142,17822
R. Piegaia,https://orcid.org/0000-0001-7850-8005,Centre National de la Recherche Scientifique,FR,1142,50841
Henrik Hargitai,https://orcid.org/0000-0001-6563-6921,Konkoly Observatory,HU,1142,762
Déborah Carvalho Malta,https://orcid.org/0000-0002-8214-5734,Universidade Federal de Minas Gerais,BR,1142,186897
Amee B. Patel,https://orcid.org/0000-0001-8502-392X,Northwestern University,US,1142,2422
Sara Seager,https://orcid.org/0000-0002-6892-6948,American Institute of Aeronautics and Astronautics,US,1142,48850
Mallikarjuna Nallegowda,,Michigan Medicine,US,1142,1047
C. Henderson,https://orcid.org/0000-0002-6986-9404,University of Cincinnati,US,1142,57894
Daniela Rus,https://orcid.org/0000-0001-5473-3566,Dominica State College,DM,1142,65389
Scott M. Lippman,https://orcid.org/0000-0002-1643-4124,University of San Diego,US,1142,64431
Shigeo Yoshida,https://orcid.org/0000-0003-1049-8909,Kurume University,JP,1142,41658
K. Mima,https://orcid.org/0000-0003-0714-8238,Extreme Light Infrastructure Beamlines,CZ,1142,19853
Laure Gossec,https://orcid.org/0000-0002-4528-310X,Inserm,FR,1142,45860
Jun Chen,https://orcid.org/0000-0001-7397-2714,East China Jiaotong University,CN,1142,19089
X. Liu,https://orcid.org/0000-0003-1366-5530,University of Science and Technology of China,CN,1142,30720
J. Monk,https://orcid.org/0000-0001-8471-9247,University of Copenhagen,DK,1142,96928
Eckard Macherauch,,Karlsruhe University of Education,DE,1141,3456
Adolfo García‐Sastre,https://orcid.org/0000-0002-6551-1827,Institut Pasteur,FR,1141,105709
Roberto William Invernizzi,https://orcid.org/0000-0002-6017-9781,Mario Negri Institute for Pharmacological Research,IT,1141,6110
Stefan Schouten,https://orcid.org/0000-0001-9200-8269,Utrecht University,NL,1141,63927
E. Ladygin,https://orcid.org/0000-0001-6206-8148,Laboratoire de Physique Nucléaire et de Hautes Énergies,FR,1141,56792
Rick Danheiser,https://orcid.org/0000-0002-9812-206X,Massachusetts Institute of Technology,US,1141,7216
David Baltimore,https://orcid.org/0000-0001-8723-8190,California Institute of Technology,US,1141,173544
Jeffrey D. Sachs,https://orcid.org/0000-0002-6451-2502,,,1141,83685
Asbjørn Mohr Drewes,https://orcid.org/0000-0001-7465-964X,PRIST University,IN,1141,26298
Nicholas C. Turner,https://orcid.org/0000-0001-8937-0873,Royal Marsden NHS Foundation Trust,GB,1141,45894
Mariano Lambea,,,,1141,18
R. F. Mushotzky,https://orcid.org/0000-0002-7962-5446,"University of Maryland, College Park",US,1141,38127
Christian Koeberl,https://orcid.org/0000-0001-5155-7405,University of Vienna,AT,1141,22117
Christian P. Robert,https://orcid.org/0000-0001-6635-3261,Centre de Recherche en Mathématiques de la Décision,FR,1141,40514
Jan Sundquist,https://orcid.org/0000-0001-7228-5015,Lund University,SE,1141,40700
Jacqueline Rohrer,https://orcid.org/0000-0002-6436-161X,"University of California, Santa Barbara",US,1141,24
J. M. Lawhorn,https://orcid.org/0000-0002-8597-9259,Karlsruhe Institute of Technology,DE,1141,34609
Dong‐Sheng Li,https://orcid.org/0000-0003-1283-6334,China Three Gorges University,CN,1141,33498
K. Tackmann,https://orcid.org/0000-0003-3917-3761,Universität Hamburg,DE,1141,46227
Andrew Townsend,,Pacific Northwest National Laboratory,US,1141,1
Allen D. Seftel,,Cooper Medical School of Rowan University,US,1141,10605
V. Raghavan,,McGill University,CA,1141,6127
:unav,,,,1141,0
Hebert Alberto Vargas,https://orcid.org/0000-0003-1169-133X,NYU Langone Health,US,1140,13486
Jun Wada,https://orcid.org/0000-0003-1468-5170,Okayama University,JP,1140,29638
J. R. Dahn,https://orcid.org/0000-0002-6997-2436,Dalhousie University,CA,1140,92036
Daniel J. Skiest,,Baystate Medical Center,US,1140,7753
T. Krojer,https://orcid.org/0000-0003-0661-0814,Lund University,SE,1140,6966
D. F. Zhang,https://orcid.org/0000-0001-7335-4983,Chinese Academy of Sciences,CN,1140,46727
Peter M. Rothwell,https://orcid.org/0000-0001-9739-9211,UK Dementia Research Institute,GB,1140,86814
Suizheng Qiu,https://orcid.org/0000-0002-5018-2354,Xi'an Jiaotong University,CN,1140,16788
Qin Wei,https://orcid.org/0000-0002-3034-8046,Shandong University,CN,1140,44225
J. S. Halekas,https://orcid.org/0000-0001-5258-6128,University of Iowa,US,1140,19537
David Gozal,https://orcid.org/0000-0001-8195-6036,Marshall University,US,1140,55693
Bernard Escudier,https://orcid.org/0000-0002-4626-0479,Institut Gustave Roussy,FR,1140,90337
Wolfgang Knoll,https://orcid.org/0000-0003-1543-4090,Danube Private University,AT,1140,47913
Tebello Nyokong,https://orcid.org/0000-0002-4590-9926,University of South Africa,ZA,1140,30767
William T. Abraham,https://orcid.org/0000-0003-4805-1037,The Ohio State University Wexner Medical Center,US,1140,95144
김진욱,,,,1140,201
Michael J. Kuhar,,Emory University,US,1140,38196
Álvaro Alonso,https://orcid.org/0000-0002-2225-8323,Emory University,US,1139,80766
M. Vidal Marono,https://orcid.org/0000-0002-2590-5987,UCLouvain,BE,1139,83556
James F. Leckman,https://orcid.org/0000-0002-3902-4478,Yale University,US,1139,67068
L.M. Bouter,https://orcid.org/0000-0002-2659-5482,Amsterdam University Medical Centers,NL,1139,124887
Philippe Amouyel,https://orcid.org/0000-0001-9088-234X,Inserm,FR,1139,132167
Pedro Marques‐Vidal,https://orcid.org/0000-0002-4548-8500,University Hospital of Lausanne,CH,1139,87969
Valentin N. Parmon,https://orcid.org/0000-0002-8877-7388,Boreskov Institute of Catalysis,RU,1139,15612
James M. Tour,https://orcid.org/0000-0002-8479-9328,GeoEngineers (United States),US,1139,125192
M. Destefanis,https://orcid.org/0000-0003-1997-6751,Twitter (United States),US,1139,19371
Philip J. Mease,https://orcid.org/0000-0002-6620-0457,University of Washington,US,1139,78191
Hung T. Nguyen,https://orcid.org/0000-0003-3373-8178,Buffalo State University,US,1139,21301
Wei Chen,https://orcid.org/0000-0003-3348-4710,Jiangnan University,CN,1139,40746
Xue,,South China University of Technology,CN,1139,2135
I. Nasteva,https://orcid.org/0000-0001-7115-7214,Universidade Federal do Rio de Janeiro,BR,1139,56947
Nubia Nieto-Pereira,,Environmental Molecular Sciences Laboratory,US,1139,0
D. Martínez Santos,https://orcid.org/0000-0002-6438-4483,Universidade da Coruña,ES,1138,43984
Valérie Cormier‐Daire,https://orcid.org/0000-0002-2839-9856,Hôpital Necker-Enfants Malades,FR,1138,34975
David M. Goldenberg,https://orcid.org/0000-0001-5539-421X,,,1138,40420
J. Philip Miller,https://orcid.org/0000-0003-4568-6846,University of Minnesota,US,1138,57590
Chia‐Hung Kao,https://orcid.org/0000-0002-6368-3676,Institute of Aviation Medicine,CZ,1138,22641
Lixin Guo,https://orcid.org/0000-0003-3854-206X,Anhui University,CN,1138,10866
Dennis S. Bernstein,https://orcid.org/0000-0003-0399-3039,University of Michigan,US,1138,32383
M. Thomson,https://orcid.org/0000-0002-2654-9005,University of Regina,CA,1138,86885
Jonathan Herring,https://orcid.org/0000-0001-7740-3850,University of Oxford,GB,1138,2521
Y. Berdnikov,https://orcid.org/0000-0003-0309-5917,European Organization for Nuclear Research,CH,1138,60700
Yvan Vandenplas,https://orcid.org/0000-0002-1862-8651,Vrije Universiteit Brussel,BE,1138,31836
G. Zamorani,https://orcid.org/0000-0002-2318-301X,Osservatorio di Astrofisica e Scienza dello Spazio,,1138,59495
Y. Tokura,https://orcid.org/0000-0001-6656-4237,University of Tsukuba,JP,1138,85399
Michael R. Hayden,https://orcid.org/0000-0001-5159-1419,University of British Columbia,CA,1138,86626
Dale E. Chimenti,,Iowa State University,US,1138,9971
G. D. Reeves,https://orcid.org/0000-0002-7985-8098,Los Alamos National Laboratory,US,1138,34593
N A N A,,South Ural State Humanitarian Pedagogical University,RU,1138,111
Paulo de Marco Júnior,https://orcid.org/0000-0002-3628-6405,Universidade Federal de Goiás,BR,1138,11182
Martha Q. Lacy,https://orcid.org/0000-0003-1193-1559,Mayo Clinic,US,1138,50453
Larry H. Hollier,https://orcid.org/0000-0002-9810-9578,Michael E. DeBakey VA Medical Center,US,1138,23158
Peter V. Giannoudis,https://orcid.org/0000-0002-5205-7696,University of Leeds,GB,1138,49078
Jian Li,https://orcid.org/0000-0001-7953-8230,Capital Medical University,CN,1138,44280
Mehmet Akkurt,https://orcid.org/0000-0003-2421-0929,Erciyes University,TR,1138,3059
Young Moo Lee,https://orcid.org/0000-0002-5047-3143,Nanjing Tech University,CN,1138,54892
Shuichi Matsuda,https://orcid.org/0000-0003-0802-1255,Kyoto University,JP,1138,21842
Wang,,,,1138,2867
Mathias O. Senge,https://orcid.org/0000-0002-7467-1654,University College Dublin,IE,1137,16621
Shinichiro Fujimori,https://orcid.org/0000-0001-7897-1796,International Institute for Applied Systems Analysis,AT,1137,33452
G. A. Mullier,https://orcid.org/0000-0001-6771-0937,Uppsala University,SE,1137,47022
Tatsumi Ishihara,https://orcid.org/0000-0002-7434-3773,Kyushu University,JP,1137,27928
Antonio M. Echavarren,https://orcid.org/0000-0001-6808-3007,Institut Català d'Investigació Química,ES,1137,33048
Zongping Shao,https://orcid.org/0000-0002-4538-4218,,,1137,91694
Hiroshi Sugiyama,https://orcid.org/0000-0001-8923-5946,High Energy Accelerator Research Organization,JP,1137,28284
Christopher J. Conselice,https://orcid.org/0000-0003-1949-7638,University of Manchester,GB,1137,58227
Robert G. Uzzo,https://orcid.org/0000-0003-2398-6530,Fox Chase Cancer Center,US,1137,36733
Samuel F. Berkovic,https://orcid.org/0000-0003-4580-841X,The University of Melbourne,AU,1137,80625
S. Leontsinis,https://orcid.org/0000-0002-7561-6091,University of Zurich,CH,1137,53644
Hiroshi Wada,https://orcid.org/0000-0001-9538-1624,Jichi Medical University,JP,1137,17200
김상범,,,,1137,114
Mathias Fink,https://orcid.org/0000-0002-8494-7562,Johannes Kepler University of Linz,AT,1137,61497
Johan Neyts,https://orcid.org/0000-0002-0033-7514,Rega Institute for Medical Research,BE,1137,44976
William J. Evans,https://orcid.org/0000-0002-0651-418X,University of British Columbia,CA,1137,35873
Yao Wang,https://orcid.org/0000-0003-4814-8285,Purdue University West Lafayette,US,1137,20473
Jianhua Zhang,https://orcid.org/0000-0002-3819-2437,Hong Kong Baptist University,HK,1137,70068
Andrew D. Bond,https://orcid.org/0000-0002-1744-0489,University of North Carolina at Chapel Hill,US,1137,10057
Paula Dalcin Martins,https://orcid.org/0000-0003-1242-0267,University of Amsterdam,NL,1137,0
Joana Falcao Salles,https://orcid.org/0000-0003-4317-7263,University of Groningen,NL,1137,0
Mikael Knip,https://orcid.org/0000-0003-0474-0033,Åbo Akademi University,FI,1136,56229
Rutger A. van Santen,https://orcid.org/0000-0003-1835-4520,Moderna Therapeutics (United States),US,1136,43810
F. Bouchy,https://orcid.org/0000-0002-7613-393X,University of Geneva,CH,1136,41447
Dick F. Swaab,https://orcid.org/0000-0002-9665-7845,Netherlands Institute for Neuroscience,NL,1136,52727
Janet Rossant,https://orcid.org/0000-0002-3731-5466,,,1136,82015
Akihiko Kondo,https://orcid.org/0000-0003-1527-5288,RIKEN,JP,1136,42603
Stephen T. Higgins,https://orcid.org/0000-0003-0910-8096,University of Vermont,US,1136,21659
G. Costa,https://orcid.org/0000-0002-7297-0204,,,1136,91255
Peter M. Nilsson,https://orcid.org/0000-0002-5652-8459,Malmö University,SE,1136,122380
K. F. Read,https://orcid.org/0000-0002-3358-7667,Oak Ridge National Laboratory,US,1136,67810
Paul B. Fisher,https://orcid.org/0000-0002-0085-4546,Virginia Commonwealth University,US,1136,52639
Eli Ruckenstein,https://orcid.org/0000-0001-5192-4922,Buffalo State University,US,1136,35634
Lambertus A. Kiemeney,https://orcid.org/0000-0002-2368-1326,Radboud University Nijmegen,NL,1136,93694
William J. Weber,https://orcid.org/0000-0002-9017-7365,Queen's University,CA,1136,51489
Michael McDermott,https://orcid.org/0000-0002-1015-0745,,,1136,63337
G. Krintiras,https://orcid.org/0000-0002-0380-7577,University of Kansas,US,1136,33239
Friday Bulletin,,,,1136,0
U. Rajendra Acharya,https://orcid.org/0000-0003-2689-8552,University of Southern Queensland,AU,1136,90683
Min Wu,https://orcid.org/0000-0002-0668-8315,Ministry of Education of the People's Republic of China,CN,1136,30065
Peter Fischer,https://orcid.org/0000-0002-2992-5037,Eli Lilly (United States),US,1136,26267
Glenda M. Yenni,https://orcid.org/0000-0001-6969-1848,University of Florida,US,1136,577
Heikki Joensuu,https://orcid.org/0000-0003-0281-2507,Orion Corporation (Finland),FI,1136,75344
Shuang Zhang,https://orcid.org/0000-0003-4556-2333,Heilongjiang University of Science and Technology,CN,1136,55250
M. Wayne,https://orcid.org/0000-0001-8204-6157,University of Notre Dame,US,1136,34209
Y. Haddad,https://orcid.org/0000-0003-4916-7752,University of Bern,CH,1136,36764
Di,,Yunnan University,CN,1136,2248
Albert van den Berg,https://orcid.org/0000-0001-9019-933X,Max Planck University of Twente Center for Complex Fluid Dynamics,NL,1135,32757
Stefaan Poedts,https://orcid.org/0000-0002-1743-0651,John Paul II Catholic University of Lublin,PL,1135,11590
Peter Wriggers,https://orcid.org/0000-0002-2676-1145,Leibniz University Hannover,DE,1135,27929
U. Sarica,https://orcid.org/0000-0002-1557-4424,"University of California, Santa Barbara",US,1135,42529
Walter J. Curran,https://orcid.org/0000-0002-7552-4453,Piedmont Atlanta Hospital,US,1135,59017
Daniel Birnbaum,https://orcid.org/0000-0001-7920-9883,Centre National de la Recherche Scientifique,FR,1135,50561
David Horton,https://orcid.org/0000-0002-1766-5290,Waseda University,JP,1135,4444
Berend Denkena,https://orcid.org/0000-0001-9763-6248,Leibniz University Hannover,DE,1135,13621
Jin Chen,https://orcid.org/0000-0002-6497-4141,Kunming University of Science and Technology,CN,1135,36568
Bin Li,https://orcid.org/0000-0001-8516-9953,Soochow University,CN,1135,28166
Zhong‐Qun Tian,https://orcid.org/0000-0002-9775-8189,Xiamen University,CN,1135,69421
Ying Li,https://orcid.org/0000-0002-1487-3350,Shenyang Ligong University,CN,1135,24073
Jie Zhang,https://orcid.org/0000-0002-3354-0690,Guizhou Electric Power Design and Research Institute,CN,1135,17720
Sarah Williams,https://orcid.org/0000-0001-5659-6470,Pacific Northwest National Laboratory,US,1135,3472
C. Zeitnitz,https://orcid.org/0000-0003-2280-8636,University of Wuppertal,DE,1135,46861
F. R. Cavallo,https://orcid.org/0000-0002-0326-7515,"Istituto Nazionale di Fisica Nucleare, Sezione di Bologna",IT,1135,54766
T. Aziz,,China University of Geosciences,CN,1135,71084
A. M. Wharton,https://orcid.org/0000-0002-9507-1869,University of Bonn,DE,1135,50234
Michael Kneppler,,Kenyon College,US,1134,0
Yohann Loriot,https://orcid.org/0000-0002-8338-1739,Université Paris-Sud,FR,1134,55423
Dehong Hu,https://orcid.org/0000-0002-3974-2963,Fujian Normal University,CN,1134,19271
Galen D. Stucky,https://orcid.org/0000-0002-0837-5961,"University of California, Santa Barbara",US,1134,114966
Sajid Ali,https://orcid.org/0000-0002-0696-3057,Bahauddin Zakariya University,PK,1134,17365
G. Cerminara,https://orcid.org/0000-0002-2897-5753,European Organization for Nuclear Research,CH,1134,60289
Roberto Manfredi,https://orcid.org/0000-0001-9022-9893,Marche Polytechnic University,IT,1134,7853
Bruno Di Muzio,https://orcid.org/0000-0002-0352-4112,The Alfred Hospital,AU,1134,449
R. Jeffrey Karnes,https://orcid.org/0000-0003-2339-5925,Mayo Clinic,US,1134,25017
Masakazu Toi,https://orcid.org/0000-0003-1488-9958,Mukogawa Women's University,JP,1134,46227
Jing Li,https://orcid.org/0000-0002-2256-9818,Changchun University of Science and Technology,CN,1134,17146
Michael Wang,https://orcid.org/0000-0001-9748-5486,Creighton University,US,1134,45575
Wei Zhang,https://orcid.org/0000-0002-6414-7015,Jilin University,CN,1134,38127
A. Polatöz,https://orcid.org/0000-0001-9516-0821,Adıyaman University,TR,1134,72716
Piet Rietveld,,University of Amsterdam,NL,1134,23159
Xin,,,,1134,1764
Yi,,,,1134,1596
Khalid Hussain,https://orcid.org/0000-0002-3714-8696,University of Sindh,PK,1133,19291
Robert A. Bonomo,https://orcid.org/0000-0002-3299-894X,Louis Stokes Cleveland VA Medical Center,US,1133,62462
A. Bertolin,https://orcid.org/0000-0003-1393-4315,"Istituto Nazionale di Fisica Nucleare, Sezione di Padova",IT,1133,37738
Hideki Ohdan,https://orcid.org/0000-0002-9066-1288,Hiroshima University,JP,1133,30569
Jae‐Weon Kim,https://orcid.org/0000-0003-1835-9436,Seoul National University,KR,1133,25392
David I. Stuart,https://orcid.org/0000-0002-3426-4210,,,1133,69022
Mathias Uhlén,https://orcid.org/0000-0002-4858-8056,Science for Life Laboratory,SE,1133,106869
João P. S. Catalào,https://orcid.org/0000-0002-2105-3051,Universidade do Porto,PT,1133,38368
Joaquim Bellmunt,https://orcid.org/0000-0003-2328-3421,Beth Israel Deaconess Medical Center,US,1133,67521
Edward Walter Hamilton,,,,1133,9
H. T. Diehl,https://orcid.org/0000-0002-8357-7467,Fermi National Accelerator Laboratory,US,1133,57214
N. Prakongkep,,,,1133,3524
Di Li,https://orcid.org/0000-0003-3010-7661,Beijing Tongren Hospital,CN,1133,18955
Norihiro Suzuki,https://orcid.org/0000-0002-0399-6590,Showa University,JP,1133,25661
S. Ali,https://orcid.org/0000-0001-5216-3133,California State University System,US,1133,34928
Jianlin Shi,https://orcid.org/0000-0001-8790-195X,Tongji University,CN,1133,101312
Fujun Yu,https://orcid.org/0000-0001-5321-7228,Shihezi University,CN,1133,5278
Sarah Leichty,https://orcid.org/0000-0002-9609-9126,Environmental Molecular Sciences Laboratory,US,1133,0
Bertram Wiedenmann,https://orcid.org/0000-0002-7890-2552,Charité - Universitätsmedizin Berlin,DE,1132,45081
S. Chenarani,https://orcid.org/0000-0002-1425-076X,Mazandaran University of Science and Technology,IR,1132,36453
Jianfeng Ma,https://orcid.org/0000-0003-4251-1143,Xidian University,CN,1132,21973
Steven M. Larson,https://orcid.org/0000-0002-6111-7507,Memorial Sloan Kettering Cancer Center,US,1132,60252
Nadia Magnenat‐Thalmann,https://orcid.org/0000-0002-1459-5960,University of Geneva,CH,1132,22081
Deborah Bartholdi,,University Hospital of Bern,CH,1132,9455
NMNH Division of Mammals,,,,1132,0
P. Giommi,https://orcid.org/0000-0002-2265-5003,,,1132,60900
Fernando César Paiva Dagosta,https://orcid.org/0000-0001-7163-296X,Universidade Federal da Grande Dourados,BR,1132,1435
Ton J. Cleophas,,Université Claude Bernard Lyon 1,FR,1132,3510
Yong Sik Ok,https://orcid.org/0000-0003-3401-0912,Korea University,KR,1132,123375
Gary Enos,,,,1132,194
H. Moustakas,https://orcid.org/0000-0003-2895-1695,Research Institute for Fragrance Materials,US,1132,549
Michael Hanfland,https://orcid.org/0000-0002-8904-5461,European Synchrotron Radiation Facility,FR,1132,23448
Shufen Zhang,https://orcid.org/0000-0003-3390-4199,South China Agricultural University,CN,1132,23263
Partow Kebriaei,https://orcid.org/0000-0002-8607-9404,The University of Texas MD Anderson Cancer Center,US,1132,27549
Ronald R. Yager,https://orcid.org/0000-0003-2938-1858,Iona College,US,1132,82326
Alice Dohnálková,,Pacific Northwest National Laboratory,US,1132,12568
Curtis E. Moore,https://orcid.org/0000-0002-3311-7155,The Ohio State University,US,1132,9386
Ding Ding,https://orcid.org/0000-0001-9850-9224,Singapore University of Social Sciences,SG,1132,26792
Jong Eun Lee,https://orcid.org/0000-0001-6203-7413,Ulsan College,KR,1132,19959
Félix Mendelssohn-Bartholdy,,,,1132,105
GLIS of the ITPGRFA,,,,1132,0
Gabriel Fauré,,Télécom Paris,FR,1131,60
V. Khachatryan,https://orcid.org/0000-0003-2567-2930,Indiana University,US,1131,75679
Robin Foà,https://orcid.org/0000-0002-5021-3026,Policlinico Umberto I,IT,1131,41829
Giuseppe Verdi,,,,1131,343
Kunio Matsumoto,https://orcid.org/0000-0002-6532-4482,,,1131,38610
Johs. Nørregaard Frandsen,https://orcid.org/0000-0001-9056-8123,Beijing Language and Culture University,CN,1131,46
Takayoshi Nakano,https://orcid.org/0000-0001-8052-1698,Osaka University of Economics,JP,1131,26035
Britta Weigelt,https://orcid.org/0000-0001-9927-1270,Memorial Sloan Kettering Cancer Center,US,1131,36706
Wilfried Vandervorst,https://orcid.org/0000-0001-6218-6291,Imec the Netherlands,NL,1131,13515
M. Henini,https://orcid.org/0000-0001-9414-8492,University of Nottingham,GB,1131,19806
John Attia,https://orcid.org/0000-0001-9800-1308,John Hunter Hospital,AU,1131,51733
Luis C. Ho,https://orcid.org/0000-0001-6947-5846,King University,US,1131,62176
Cor Claeys,https://orcid.org/0000-0002-6634-4709,,,1131,8000
A. Dziurda,https://orcid.org/0000-0003-4338-7156,"Institute of Nuclear Physics, Polish Academy of Sciences",PL,1131,40153
Demetrios�� Spandidos,https://orcid.org/0000-0002-1146-931X,,,1131,36164
Eco J. C. de Geus,https://orcid.org/0000-0001-6022-2666,Public Health Service of Amsterdam,NL,1131,106101
J. Linnemann,https://orcid.org/0000-0003-2696-947X,Michigan State University,US,1131,59990
David H. Sharp,,Los Alamos National Laboratory,US,1131,13583
Murray S. Blum,,Temple College,US,1131,11153
Fu,,Xi'an University of Architecture and Technology,CN,1131,3000
Augusto D. Pichard,,Georgetown University,US,1131,66443
James H. Clark,https://orcid.org/0000-0002-5860-2480,Henan University,CN,1130,49590
Shrikanth Narayanan,https://orcid.org/0000-0002-1052-6204,University of Southern California,US,1130,31762
S. Henrot–Versillé,https://orcid.org/0000-0003-1218-2991,Centre National de la Recherche Scientifique,FR,1130,149656
Reinhard W. Holl,https://orcid.org/0000-0003-1395-4842,Zimmer Biomet (Netherlands),NL,1130,32046
H. Garschägen,,Analytisches Laboratorium,DE,1130,206
Joris C. Verster,https://orcid.org/0000-0002-6455-2096,Utrecht University,NL,1130,9981
Defensoría Pública del Ecuador,,,,1130,32
Stephen A. Moggach,https://orcid.org/0000-0001-5339-7070,The University of Western Australia,AU,1130,8638
Erica M. Christensen,https://orcid.org/0000-0002-5635-2502,United States Geological Survey,US,1130,367
Margitta Worm,https://orcid.org/0000-0002-3449-1245,Freie Universität Berlin,DE,1130,43413
Jian Wang,https://orcid.org/0000-0002-2815-4170,Washington University in St. Louis,US,1130,16077
Joseph E. Schwartz,https://orcid.org/0000-0002-8944-3566,State University of New York,US,1130,63829
T. Sumiyoshi,https://orcid.org/0000-0002-0486-3896,Kyoto University,JP,1130,61369
Andrew Gelman,https://orcid.org/0000-0002-6975-2601,Columbia University,US,1130,130256
Diana Giannarelli,https://orcid.org/0000-0002-6085-1195,Agostino Gemelli University Polyclinic,IT,1130,25515
Yong Wang,https://orcid.org/0000-0003-3366-3137,University of Electronic Science and Technology of China,CN,1130,13186
Guihai Chen,https://orcid.org/0000-0002-6934-1685,Shanghai Jiao Tong University,CN,1130,18603
GBIF.org User,,,,1130,0
Richard J. Johnson,https://orcid.org/0000-0003-3312-8193,Martha's Vineyard Hospital,US,1129,92503
J. Narayan,https://orcid.org/0000-0002-0724-7044,North Carolina State University,US,1129,30235
I. Caprini,https://orcid.org/0000-0003-3343-3200,,,1129,96938
박영진,,,,1129,134
이유진,,Konkuk University,KR,1129,254
Francesco Maisano,https://orcid.org/0000-0002-3691-1709,Valve (United States),US,1129,43338
S. Boutle,https://orcid.org/0000-0002-8732-2963,University of Glasgow,GB,1129,94507
Koji Sasaki,https://orcid.org/0000-0002-9140-0610,The University of Texas MD Anderson Cancer Center,US,1129,15413
Marc N. Branch,https://orcid.org/0000-0002-5769-2859,University of Florida,US,1129,2609
Gary Cutter,https://orcid.org/0000-0002-8455-980X,Alabama Department of Public Health,US,1129,58558
David E. Wazer,https://orcid.org/0000-0003-0355-0932,Brown University,US,1129,11736
A. Dzyuba,https://orcid.org/0000-0003-3612-3195,European Organization for Nuclear Research,CH,1129,38392
Peter C. Burns,https://orcid.org/0000-0002-2319-9628,University of Notre Dame,US,1129,25138
김미선,,,,1129,168
Hong Chen,https://orcid.org/0000-0002-1724-8649,Tongji University,CN,1129,21371
John J.P. Kastelein,https://orcid.org/0000-0003-2018-4532,Korea Pharma (South Korea),KR,1129,142451
Takashi Yamamoto,https://orcid.org/0000-0002-6516-2903,Hiroshima University,JP,1129,30668
Jun Li,https://orcid.org/0000-0001-7218-429X,Guiyang College of Traditional Chinese Medicine,CN,1129,46263
A. Romero Vidal,https://orcid.org/0000-0002-8830-1486,Universidade de Santiago de Compostela,ES,1129,36869
Vitali B. Prakapenka,https://orcid.org/0000-0001-9270-2330,University of Chicago,US,1128,30085
M. Keil,https://orcid.org/0009-0003-1055-0356,European Organization for Nuclear Research,CH,1128,78901
Chris Jones,https://orcid.org/0000-0001-8118-2296,North Carolina State University,US,1128,37869
Anne Vincent‐Salomon,https://orcid.org/0000-0001-5754-5771,Institut Curie,FR,1128,62593
Bin Tean Teh,https://orcid.org/0000-0003-1514-1124,"Agency for Science, Technology and Research",SG,1128,54388
Ian Bickle,https://orcid.org/0000-0002-3532-8415,,,1128,876
Dag Aarsland,https://orcid.org/0000-0001-6314-216X,King's College London,GB,1128,93919
Hiroyuki Arai,https://orcid.org/0000-0002-1057-3641,Fukushima Prefectural Culture Center,JP,1128,5169
Mario Vaccaro,https://orcid.org/0000-0003-3787-5145,University of Messina,IT,1128,5537
Robert J. Soiffer,https://orcid.org/0000-0002-5810-1192,Harvard University,US,1128,44929
Tetsuya Kawanishi,https://orcid.org/0000-0001-9724-8878,Waseda University,JP,1128,9408
Giovanni De Micheli,https://orcid.org/0000-0002-7827-3215,École Polytechnique Fédérale de Lausanne,CH,1128,35173
Pei Pei,https://orcid.org/0009-0008-1893-0712,,,1128,2013
Wolfgang Frey,https://orcid.org/0000-0002-6522-4190,University of Stuttgart,DE,1128,12825
Martin Wosnik,https://orcid.org/0000-0001-9290-3327,University of New Hampshire,US,1128,1660
Haiyan Li,https://orcid.org/0000-0002-7423-2715,Kunming University of Science and Technology,CN,1128,27677
Naixue Xiong,https://orcid.org/0000-0002-0394-4635,Hunan University of Science and Technology,CN,1128,30978
L. Brigliadori,,"Istituto Nazionale di Fisica Nucleare, Sezione di Bologna",IT,1128,74340
Kazunari Yoshizawa,https://orcid.org/0000-0002-6279-9722,Kyoto University,JP,1127,23955
Samuel B. Hutton,,University of Sussex,GB,1127,3457
Elizabeth A. Platz,https://orcid.org/0000-0003-3676-8954,Bloomberg (United States),US,1127,34988
최윤정,,,,1127,213
V. Kudryavtsev,https://orcid.org/0009-0000-2192-995X,,,1127,39519
Tooru Shimosegawa,https://orcid.org/0000-0003-1255-5444,Japan Pancreatic Disease Research Foundation,JP,1127,45222
B. J. Shappee,https://orcid.org/0000-0003-4631-1149,University of Hawaii System,US,1127,14711
Andreas Kjær,https://orcid.org/0000-0002-2706-5547,University of Copenhagen,DK,1127,24944
Yutaka Saito,https://orcid.org/0000-0003-2296-8373,Keio University,JP,1127,33851
김지수,,Seoul National University,KR,1127,185
G. Ricker,https://orcid.org/0000-0003-2058-6662,Massachusetts Institute of Technology,US,1127,26303
Peter Kopp,https://orcid.org/0000-0001-5980-0529,University of Lausanne,CH,1127,13076
修 橋本,,Nihon University,JP,1127,1
Eric A.P. Steegers,https://orcid.org/0000-0001-6658-9274,Erasmus MC,NL,1127,47169
Masoud Salavati‐Niasari,https://orcid.org/0000-0002-7356-7249,University of Kashan,IR,1127,60578
Karl Zilles,https://orcid.org/0000-0002-4705-4175,,,1127,95319
Shuai Wang,https://orcid.org/0000-0002-1678-0211,Central South University,CN,1127,26970
Rui Wang,https://orcid.org/0000-0001-9048-2979,Beijing Institute of Fashion Technology,CN,1127,14070
Jun Lü,https://orcid.org/0000-0003-0858-8577,Hunan University of Traditional Chinese Medicine,CN,1127,102544
E. Paoloni,https://orcid.org/0000-0001-5969-8712,"Istituto Nazionale di Fisica Nucleare, Laboratori Nazionali del Sud",IT,1127,37608
Josép Brugada,https://orcid.org/0000-0002-5662-8302,Hospital Clínic de Barcelona,ES,1126,77322
Baha M. Sibai,https://orcid.org/0000-0001-9982-7873,Christiana Care Health System,US,1126,56905
Christoph Wölper,,University of Duisburg-Essen,DE,1126,4929
Eugenio Mercuri,https://orcid.org/0000-0002-9851-5365,Università Cattolica del Sacro Cuore,IT,1126,49117
Masayoshi Esashi,https://orcid.org/0000-0001-8779-4306,,,1126,15071
Matthias Preusser,https://orcid.org/0000-0003-3541-2315,Medical University of Vienna,AT,1126,45598
Marvin L. Cohen,https://orcid.org/0000-0002-1489-9227,Lawrence Berkeley National Laboratory,US,1126,109029
Yong Li,https://orcid.org/0000-0003-4038-0493,BGI Group (China),CN,1126,8112
Tobias J. Kippenberg,https://orcid.org/0000-0002-3408-886X,Applied Photonics (United Kingdom),GB,1126,63758
K. Burkett,https://orcid.org/0000-0002-2284-4744,Fermi National Accelerator Laboratory,US,1126,55464
Loso Judijanto,https://orcid.org/0009-0007-7766-0647,University of Indonesia,ID,1126,1234
Y. S. Lai,https://orcid.org/0000-0002-5610-2327,Stomatology Hospital,CN,1126,62504
P. Álvarez Cartelle,https://orcid.org/0000-0003-1652-2834,Universidade de Santiago de Compostela,ES,1126,41878
Mitch Leslie,,,,1126,1983
Rong Rong,https://orcid.org/0009-0005-5681-266X,Zhaotong University,CN,1126,1580
Eduardo Marchesi,,Universidad de la República de Uruguay,UY,1126,0
Tennessee Ornithological Society.,,,,1126,0
Ryan J. Sullivan,https://orcid.org/0000-0001-5344-6645,Harvard University,US,1125,46354
Jack Cuzick,https://orcid.org/0000-0001-7420-7512,Queen Mary University of London,GB,1125,79538
Irene M. Ghobrial,https://orcid.org/0000-0001-7361-3092,Broad Institute,US,1125,46677
Thomas Carlyle,,,,1125,3389
Tobias Rüffer,https://orcid.org/0000-0001-8948-1477,Chemnitz University of Technology,DE,1125,5187
Paul Greengard,https://orcid.org/0000-0002-4437-0893,Rockefeller University,US,1125,138941
Barbara Resnick,https://orcid.org/0000-0002-2839-5783,"University of Maryland, Baltimore",US,1125,17593
Nicholas J. Vogelzang,https://orcid.org/0000-0002-7665-6079,Comprehensive Cancer Centers of Nevada,US,1125,69824
Marcus Tullius Cıcero,,,,1125,5918
Katherine L. Nathanson,https://orcid.org/0000-0002-6740-0901,California University of Pennsylvania,US,1125,50312
Éric Vicaut,https://orcid.org/0000-0001-6303-8557,Université Paris Cité,FR,1125,57618
Dan Wang,https://orcid.org/0000-0002-0921-2726,Shanghai University of Engineering Science,CN,1125,15030
Yi Li,https://orcid.org/0000-0002-9976-518X,Baylor College of Medicine,US,1125,28641
Lixin Zhang,https://orcid.org/0000-0003-0894-9520,University of Science and Technology Liaoning,CN,1125,42462
D. M. Strom,https://orcid.org/0000-0002-8302-386X,Stockholm University,SE,1125,51249
K. Trabelsi,https://orcid.org/0000-0001-6567-3036,Twitter (United States),US,1125,59332
YoValdemort,,,,1125,0
Richard S.J. Tol,https://orcid.org/0000-0002-8012-3988,Ifo Institute for Economic Research,DE,1124,41083
Immanuel Kant,,Hebei Agricultural University,CN,1124,56470
M. Date,https://orcid.org/0000-0003-0264-4419,Diamond Light Source,GB,1124,2353
Keith M. Godfrey,https://orcid.org/0000-0002-4643-0618,University Hospital Southampton NHS Foundation Trust,GB,1124,56806
Wang Lin Jun,,,,1124,49
Nagara Tamaki,https://orcid.org/0000-0001-6193-8594,Kyoto University,JP,1124,21255
A. Rýd,https://orcid.org/0000-0001-5849-1912,Cornell University,US,1124,31728
B. Adeva,https://orcid.org/0000-0001-9756-3712,Universidade de Santiago de Compostela,ES,1124,42497
Koenraad Devriendt,https://orcid.org/0000-0002-3651-2548,Universitair Ziekenhuis Leuven,BE,1124,31276
I. López Paz,https://orcid.org/0000-0002-4300-7064,Centro Nacional de Microelectrónica,ES,1124,61814
L. Dobrzyński,https://orcid.org/0000-0002-4508-1305,Centre National de la Recherche Scientifique,FR,1124,72360
R. de Sangro,https://orcid.org/0000-0002-3808-5455,Twitter (United States),US,1124,36510
F. M. Stober,https://orcid.org/0000-0003-2620-3159,Universität Hamburg,DE,1124,90982
Gerard J. Criner,https://orcid.org/0000-0003-1267-3483,Temple University,US,1123,55545
Jon E. Grant,https://orcid.org/0000-0001-7784-7021,University of Chicago,US,1123,32559
Freddie C. Hamdy,https://orcid.org/0000-0003-2627-2154,University of Oxford,GB,1123,55590
Richard W. Foltin,https://orcid.org/0000-0002-7847-7744,Columbia University Irving Medical Center,US,1123,15752
Shlomo Shamai,https://orcid.org/0000-0002-6594-3371,Technion – Israel Institute of Technology,IL,1123,41681
Leonard A. Jason,https://orcid.org/0000-0002-9972-4425,DePaul University,US,1123,23475
J. E. P. Connerney,https://orcid.org/0000-0001-7478-6462,Goddard Space Flight Center,US,1123,29319
Alessandra Baumer,https://orcid.org/0000-0001-5124-4740,University of Zurich,CH,1123,5586
Tamar Mitts,https://orcid.org/0000-0002-3348-8490,Columbia University,US,1123,1346
Оttó Merkl,https://orcid.org/0000-0003-3301-273X,,,1123,738
R. Miquel,https://orcid.org/0000-0002-6610-4836,Institució Catalana de Recerca i Estudis Avançats,ES,1123,73613
Telton Pedro Anselmo Ramos,https://orcid.org/0000-0002-3808-8701,Universidade Federal da Paraíba,BR,1123,797
Gema Ariceta,https://orcid.org/0000-0003-1763-1098,Hebron University,PS,1122,10824
F. Muheim,https://orcid.org/0000-0002-1131-8909,UK Astronomy Technology Centre,GB,1122,40847
A. Grecu,https://orcid.org/0000-0002-7770-1839,Horia Hulubei National Institute for R and D in Physics and Nuclear Engineering,RO,1122,41576
Judith G. Hall,https://orcid.org/0000-0001-5062-491X,University of British Columbia,CA,1122,29761
E. Auffray,https://orcid.org/0000-0001-8540-1097,European Organization for Nuclear Research,CH,1122,51438
Gerbrand Ceder,https://orcid.org/0000-0001-9275-3605,Lawrence Berkeley National Laboratory,US,1122,128059
Ian Macdonald,https://orcid.org/0000-0002-7540-9850,University of Nottingham,GB,1122,29552
Wolff‐Michael Roth,https://orcid.org/0000-0001-9344-496X,University of Victoria,CA,1122,25382
Steven Galetta,https://orcid.org/0000-0003-3781-7324,New York University,US,1122,30564
David Weisburd,https://orcid.org/0000-0003-3778-5190,George Mason University,US,1122,30243
Siu‐Kui Au,https://orcid.org/0000-0002-0228-1796,Nanyang Technological University,SG,1122,14232
Jonathan M. White,https://orcid.org/0000-0002-0707-6257,The University of Melbourne,AU,1122,11673
R. Paul Ross,https://orcid.org/0000-0003-4876-8839,Jiangnan University,CN,1122,101605
Guru Sonpavde,https://orcid.org/0000-0002-1010-9611,Harvard University,US,1122,27891
Chong Gao,https://orcid.org/0000-0001-7639-0808,Hebei Medical University,CN,1122,22302
Christer B. Aakeröy,https://orcid.org/0000-0002-8947-2068,Kansas State University,US,1122,15002
Fabian Ewald Fassnacht,https://orcid.org/0000-0003-1284-9573,Gregor Mendel Institute of Molecular Plant Biology,AT,1122,6212
Rodrigo Martins,https://orcid.org/0000-0002-1997-7669,University of Lisbon,PT,1122,36879
Miguel A. Esteruelas,https://orcid.org/0000-0002-4829-7590,Universidad de Zaragoza,ES,1122,18736
Andrés Cervantes,https://orcid.org/0000-0003-3806-3691,INCLIVA Health Research Institute,ES,1122,62710
F. Fabozzi,https://orcid.org/0000-0001-9821-4151,University of Basilicata,IT,1122,55337
Jing‐Feng Li,https://orcid.org/0000-0002-0185-0512,Nanjing University of Chinese Medicine,CN,1122,51255
ROBERT FINN,https://orcid.org/0000-0001-8626-2148,Centre National de la Recherche Scientifique,FR,1122,92424
 Sun,,Yangzhou University,CN,1122,2470
Antonín Dvořák,,,,1121,40
J. C. Scaiano,https://orcid.org/0000-0002-4838-7123,University of Ottawa,CA,1121,32926
Fausto J. Pinto,https://orcid.org/0000-0002-8034-4529,University of Lisbon,PT,1121,32291
Gilles Montalescot,https://orcid.org/0000-0003-0824-6809,Maastricht University Medical Centre,NL,1121,84924
Kazuo Kimura,https://orcid.org/0000-0002-6767-7265,Yokohama City University Medical Center,JP,1121,21288
Leslie Bernstein,https://orcid.org/0000-0002-7692-6518,,,1121,73965
秀雄 細野,,,,1121,30
Diego José Santana,https://orcid.org/0000-0002-8789-3061,Universidade Federal de Mato Grosso do Sul,BR,1121,2222
Maurice Ravel,,,,1121,117
Shu‐Hong Yu,https://orcid.org/0000-0003-3732-1011,Southern University of Science and Technology,CN,1121,123677
Khaled B. Letaief,https://orcid.org/0000-0003-2519-6401,Hong Kong University of Science and Technology,HK,1121,47116
Joseph D. Tucker,https://orcid.org/0000-0003-2804-1181,University of North Carolina at Chapel Hill,US,1121,18832
Gang Feng,https://orcid.org/0000-0001-8508-8416,Beijing Foreign Studies University,CN,1121,41928
Wei Li,https://orcid.org/0000-0003-4143-8597,Toho University,JP,1121,21255
Hui Liu,https://orcid.org/0000-0003-2693-2546,Central South University,CN,1121,29942
Hui Wang,https://orcid.org/0000-0002-2454-3814,Weifang Medical University,CN,1121,24553
A. Hrynevich,https://orcid.org/0000-0002-5411-114X,Deutsches Elektronen-Synchrotron DESY,DE,1121,53324
Oleh Ivchenko,,Odesа Polytechnic National University,UA,1121,0
Heleen B. M. Boos,,Heidelberg University,DE,1121,2848
Caroline Simonsen,https://orcid.org/0009-0009-4004-0916,Environmental Molecular Sciences Laboratory,US,1121,0
Kiyoshi Takahashi,https://orcid.org/0000-0002-0163-545X,National Institute for Environmental Studies,JP,1120,20965
Seong-Won Kim,https://orcid.org/0000-0003-2822-7365,Busan National University of Education,KR,1120,1478
Wen‐Cai Ye,https://orcid.org/0000-0002-2810-1001,Jinan University,CN,1120,21084
César G. Victora,https://orcid.org/0000-0002-2465-2180,Johns Hopkins University,US,1120,129653
Lady Mary Wortley Montagu,,,,1120,147
D. B. Fox,https://orcid.org/0000-0002-3714-672X,Pennsylvania State University,US,1120,28501
J. J. Lane,https://orcid.org/0000-0002-5816-9488,Australian Regenerative Medicine Institute,AU,1120,13398
Jens Lundgren,https://orcid.org/0000-0001-8901-7850,University of Copenhagen,DK,1120,62106
Wing‐Tak Wong,https://orcid.org/0000-0002-3453-1825,Hong Kong Polytechnic University,HK,1120,20710
김동준,,,,1120,164
John W. Eikelboom,https://orcid.org/0000-0003-4126-1285,Population Health Research Institute,CA,1120,96833
Li‐Qun Chen,https://orcid.org/0000-0002-3694-0833,Shanghai University,CN,1120,24553
R. Contri,,"Istituto Nazionale di Fisica Nucleare, Sezione di Genova",IT,1120,41338
박종철,,,,1120,146
Roger J. R. Levesque,,Indiana University Bloomington,US,1120,9103
M. Pałka,https://orcid.org/0000-0002-7185-3540,Jagiellonian University,PL,1120,64115
Fei Liu,https://orcid.org/0009-0005-0576-440X,Shenzhen Sixth People's Hospital,CN,1120,24335
Ying Wang,https://orcid.org/0000-0001-6638-8026,American Cancer Society,US,1120,37492
Hans-Wolfram Lerner,https://orcid.org/0000-0003-1803-7947,Goethe University Frankfurt,DE,1120,8757
Yutaka Imai,https://orcid.org/0000-0003-3925-8837,Fuji University,JP,1119,43633
Thomas F. George,https://orcid.org/0000-0003-1225-6778,University of Missouri–St. Louis,US,1119,12129
A. Salvucci,https://orcid.org/0000-0003-4876-2613,Chinese University of Hong Kong,HK,1119,92008
Lori Wright,,,,1119,38
Christian Gluud,https://orcid.org/0000-0002-8861-0799,University of Southern Denmark,DK,1119,63779
Giuseppe Giaccone,https://orcid.org/0000-0002-5023-7562,Cornell University,US,1119,74354
Claudio Cobelli,https://orcid.org/0000-0002-0169-6682,University of Padua,IT,1119,54088
Ingo Nindl,,German Cancer Research Center,DE,1119,5822
刘佳,,Chinese Academy of Sciences,CN,1119,28
Sergey V. Krivovichev,https://orcid.org/0000-0001-8352-1394,Russian Academy of Sciences,RU,1119,13220
Alan J. Thompson,https://orcid.org/0000-0002-4333-8496,Queen Mary University of London,GB,1119,105011
Joseph Biederman,https://orcid.org/0000-0001-8233-663X,Massachusetts General Hospital,US,1119,122925
Daniel K. Unruh,https://orcid.org/0000-0002-2594-5786,Texas Tech University,US,1119,3269
Zhen Zhao,https://orcid.org/0000-0003-0044-5512,East China University of Science and Technology,CN,1119,32345
Ming Zhang,https://orcid.org/0000-0002-6027-4594,Shihezi University,CN,1119,21822
Yang‐Chang Wu,https://orcid.org/0000-0001-7815-2686,Kaohsiung Medical University,TW,1119,25084
Bo Liu,https://orcid.org/0009-0005-6182-8172,Hebei North University,CN,1119,30139
Едуард Б. Русанов,https://orcid.org/0000-0002-7678-0985,National Academy of Sciences of Ukraine,UA,1118,4928
Wei Zhou,https://orcid.org/0000-0001-8748-7840,China Academy of Engineering Physics,CN,1118,8191
Anupriya Agarwal,,Oregon Health & Science University,US,1118,74
Stephen S. Hecht,https://orcid.org/0000-0001-7228-1356,University of Minnesota,US,1118,53664
Haiyan Liu,https://orcid.org/0000-0002-4652-469X,Xinjiang Medical University,CN,1118,12590
Lutz Ackermann,https://orcid.org/0000-0001-7034-8772,Institute of Organic Chemistry,PL,1118,76599
Y. Abulaiti,https://orcid.org/0000-0003-0403-3697,New York University,US,1118,51737
Friedemann Paul,https://orcid.org/0000-0002-6378-0070,Helmholtz Association of German Research Centres,DE,1118,50347
Daniël Berckmans,https://orcid.org/0000-0002-2974-6055,University of Tennessee at Knoxville,US,1118,14180
O. Penc,https://orcid.org/0000-0002-5433-3981,FZU ‒ Institute of Physics of the Academy of Sciences of the Czech Republic,CZ,1118,46165
Dan Naylor,https://orcid.org/0000-0002-6873-8349,Lancaster University,GB,1118,3430
Ulka N. Vaishampayan,https://orcid.org/0000-0001-5800-4571,Wayne State University,US,1118,25815
Frances A. Shepherd,https://orcid.org/0000-0002-3610-3533,University Health Network,CA,1118,82251
Alan Yuille,https://orcid.org/0000-0001-5207-9249,Johns Hopkins University,US,1118,100922
Ling Liu,https://orcid.org/0000-0002-4138-3082,Tianjin University of Traditional Chinese Medicine,CN,1118,21835
Feng Zhang,https://orcid.org/0000-0003-4556-8276,Guiyang Medical University,CN,1118,38742
Liming Zhang,https://orcid.org/0000-0003-1497-1556,North China University of Technology,CN,1118,35626
L. Viliani,https://orcid.org/0000-0002-1909-6343,"Istituto Nazionale di Fisica Nucleare, Sezione di Firenze",IT,1118,38537
J. Roskes,https://orcid.org/0000-0001-8761-0490,Johns Hopkins University,US,1118,42785
A. Bożek,https://orcid.org/0000-0002-5915-1319,Twitter (United States),US,1118,39888
Hongbing Shen,https://orcid.org/0000-0002-2581-5906,Wuhan Prevention and Treatment Center for Occupational Diseases,CN,1117,41477
S. Vallecorsa,https://orcid.org/0000-0002-7003-5765,European Organization for Nuclear Research,CH,1117,87844
Elio Amicarelli,,,,1117,164
S. Maci,https://orcid.org/0000-0003-3145-0074,University of Siena,IT,1117,17642
Daisuke Hashizume,https://orcid.org/0000-0001-7152-4408,RIKEN,JP,1117,16036
Nam‐Trung Nguyen,https://orcid.org/0000-0003-3626-5361,Griffith University,AU,1117,41933
Kazunori Kataoka,https://orcid.org/0000-0002-8591-413X,Innovation Center of NanoMedicine,JP,1117,90892
Byung-Ho Lee,https://orcid.org/0000-0001-6168-0554,Ajou University,KR,1117,270
Bonaventura Clotet,https://orcid.org/0000-0003-3232-4598,Institut d'Investigació en Ciències de la Salut Germans Trias i Pujol,ES,1117,50935
Gabriele Fischer,https://orcid.org/0000-0002-5480-9548,Munich University of Applied Sciences,DE,1117,1171
W. Wegscheider,https://orcid.org/0000-0002-2138-5558,Solid State Physics Laboratory,IN,1117,25173
Peter Elsner,https://orcid.org/0000-0001-7696-3274,St Thomas' Hospital,GB,1117,24882
박종호,,,,1117,106
Nancy Washton,https://orcid.org/0000-0002-9643-6794,Pacific Northwest National Laboratory,US,1117,5143
김한수,,,,1117,107
V. Zhulanov,https://orcid.org/0000-0002-0306-9199,Novosibirsk State University,RU,1117,38750
Heidi Ledford,,Institute of Nature Management,BY,1117,14679
Michael M. Morgan,https://orcid.org/0000-0003-0837-4181,Savannah River National Laboratory,US,1117,757
이동현,,,,1117,181
Paul Fockens,https://orcid.org/0000-0002-2382-0672,Waikato Hospital,NZ,1117,44526
C. Gaspar,https://orcid.org/0000-0002-8009-1509,"Istituto Nazionale di Fisica Nucleare, Sezione di Padova",IT,1117,37065
Joseph T. Hupp,https://orcid.org/0000-0003-3982-9812,Northwestern University,US,1117,117076
Javier Escaned,https://orcid.org/0000-0003-4932-0112,Hospital Clínico San Carlos,ES,1117,53405
A. Santra,https://orcid.org/0000-0003-4644-2579,Weizmann Institute of Science,IL,1117,38607
M. Sławińska,https://orcid.org/0000-0002-9386-9092,"Institute of Nuclear Physics, Polish Academy of Sciences",PL,1117,50554
J. Erö,,Institute of High Energy Physics,AT,1117,94148
GBIF.org User,,,,1117,0
Nicholas J. Shaheen,https://orcid.org/0000-0001-6602-5647,,,1116,42840
李翔,,University of Illinois Urbana-Champaign,US,1116,394
Stijn Blot,https://orcid.org/0000-0003-2145-0345,The University of Queensland,AU,1116,23641
C. Kouveliotou,https://orcid.org/0000-0003-1443-593X,George Washington University,US,1116,43998
N. E. Pettersson,https://orcid.org/0000-0001-7451-3544,Charles University,CZ,1116,62569
Andreas Hirsch,https://orcid.org/0000-0003-1458-8872,Friedrich-Alexander-Universität Erlangen-Nürnberg,DE,1116,45186
Patrizia Burra,https://orcid.org/0000-0002-8791-191X,University of Padua,IT,1116,24767
Minggui Wang,https://orcid.org/0000-0001-7682-5859,Fudan University,CN,1116,11201
E. Torrence,https://orcid.org/0000-0003-2911-8910,Laboratoire des 2 Infinis Toulouse,FR,1116,44633
Owen Dyer,,,,1116,5212
Wolf O. Bechstein,https://orcid.org/0000-0002-3267-8145,Goethe University Frankfurt,DE,1116,36937
Hugh P. Possingham,https://orcid.org/0000-0001-7755-996X,The University of Queensland,AU,1116,89929
Christian Duffin,,Loughborough University,GB,1116,675
Corrado Tamburino,https://orcid.org/0000-0002-4940-9742,EMO GVM Centro Cuore Columbus,IT,1116,35818
Khalil A. Abboud,https://orcid.org/0000-0003-3413-9118,University of Florida,US,1116,23964
Zdeněk Sofer,https://orcid.org/0000-0002-1391-4448,Division of Chemistry,US,1116,38691
Kazutaka Aonuma,https://orcid.org/0000-0002-2332-111X,Mito Saiseikai General Hospital,JP,1116,18341
Edmund Chada Baracat,https://orcid.org/0000-0003-0111-9030,Universidade de São Paulo,BR,1116,15300
A. Fujimori,https://orcid.org/0000-0003-4876-0634,National Tsing Hua University,TW,1116,41344
Peng Wang,https://orcid.org/0000-0003-0788-6687,University of Science and Technology of China,CN,1116,39678
Kwang S. Kim,https://orcid.org/0000-0002-6929-5359,,,1116,92445
H. Chihara,,Japan Association for International Chemical Information,JP,1116,3174
M. Vázquez Acosta,https://orcid.org/0000-0002-2409-9792,Universidad de La Laguna,ES,1116,93976
V. Kouskoura,https://orcid.org/0000-0002-8987-3208,Brookhaven National Laboratory,US,1116,92790
Satoshi Nakamura,https://orcid.org/0000-0001-6956-3803,"Chinese University of Hong Kong, Shenzhen",CN,1115,11260
E. Brücken,https://orcid.org/0000-0001-6066-8756,University of Helsinki,FI,1115,29909
F. Steglich,https://orcid.org/0000-0001-9774-7036,Max Planck Institute for Chemical Physics of Solids,DE,1115,34120
Yuichi Sugiyama,https://orcid.org/0000-0002-8452-8835,Yokohama City University Medical Center,JP,1115,51122
Yanning Zhang,https://orcid.org/0000-0002-2977-8057,Northwestern Polytechnical University,CN,1115,22853
Holger Lerche,https://orcid.org/0000-0002-1783-8710,University Children's Hospital Tübingen,DE,1115,28783
Takeo Nakayama,https://orcid.org/0000-0002-7918-6252,Kyoto University,JP,1115,20422
A. C. Mignerey,https://orcid.org/0000-0001-5164-6969,"University of Maryland, College Park",US,1115,57858
F. H. Heinsius,https://orcid.org/0000-0002-9545-5117,Johannes Gutenberg University Mainz,DE,1115,20782
A. Ezhilov,https://orcid.org/0000-0002-7520-293X,,,1115,61226
Angela D. Friederici,https://orcid.org/0000-0002-6328-865X,,,1115,63019
Lynette C. Daws,https://orcid.org/0000-0002-6793-791X,The University of Texas at San Antonio Health Science Center,US,1115,6475
S. Kandybei,https://orcid.org/0000-0003-3598-0427,Kharkiv Institute of Physics and Technology,UA,1115,40646
Richard Mayeux,https://orcid.org/0000-0001-6519-9696,Allen Institute for Brain Science,US,1115,107150
Alicja Wolk,https://orcid.org/0000-0001-7387-6845,Karolinska Institutet,SE,1115,84254
John F. Hartwig,https://orcid.org/0000-0002-4157-468X,Lawrence Berkeley National Laboratory,US,1115,95929
Yang Li,https://orcid.org/0000-0003-4022-7341,Army Medical University,CN,1115,31516
Liming Li,https://orcid.org/0000-0001-5873-7089,National Institutes of Health,US,1115,39931
R. E. Arvidson,https://orcid.org/0000-0002-2854-0362,Washington University in St. Louis,US,1115,42810
et al.,,Hôpital Mère-Enfant,FR,1115,1584
David Bergqvist,https://orcid.org/0000-0002-7290-5218,Uppsala University Hospital,SE,1115,38607
Cheng‐Yong Su,https://orcid.org/0000-0003-3604-7858,Ministry of Education of the People's Republic of China,CN,1114,51856
Till Bärnighausen,https://orcid.org/0000-0002-4182-4212,Harvard University,US,1114,184462
Timothy C. Beers,https://orcid.org/0000-0003-4573-6233,University of Notre Dame,US,1114,74742
Richard D. Adams,https://orcid.org/0000-0003-2596-5100,Cardiff University,GB,1114,15857
Israel Agranat,https://orcid.org/0000-0001-5247-1523,Hebrew University of Jerusalem,IL,1114,5333
Johan Wagemans,https://orcid.org/0000-0002-7970-1541,Rega Institute for Medical Research,BE,1114,19314
Juan J López-Ibor,,Universidad de Salamanca,ES,1114,5801
Jeffrey S. Miller,https://orcid.org/0000-0002-0339-4944,Science Museum of Minnesota,US,1114,46751
Hashem B. El‐Serag,https://orcid.org/0000-0001-5964-7579,Michael E. DeBakey VA Medical Center,US,1114,98825
Sundar Jagannath,https://orcid.org/0000-0003-2934-6518,Mount Sinai Hospital,US,1114,63339
Anthony J. Gill,https://orcid.org/0000-0002-9447-1967,The University of Sydney,AU,1114,57541
Robert S. Hoffman,https://orcid.org/0000-0002-0091-9573,New York City Department of Health and Mental Hygiene,US,1114,29058
Naoki Egami,https://orcid.org/0000-0002-5491-2174,Columbia University,US,1114,896
Esther M. John,https://orcid.org/0000-0003-3259-8003,Stanford Health Care,US,1114,51419
A. Alonso,https://orcid.org/0000-0003-1259-0573,Universidad Politécnica de Madrid,ES,1114,93303
J. Maneira,https://orcid.org/0000-0002-3222-2738,Tufts University,US,1114,105132
Chao Yang,https://orcid.org/0000-0003-1902-1461,China University of Geosciences,CN,1114,12081
Holger Moch,https://orcid.org/0000-0002-7986-2839,University of Zurich,CH,1114,71217
Pla Information,,National Defense University,US,1114,410
Paul Muntner,https://orcid.org/0000-0002-4711-5492,University of North Carolina at Chapel Hill,US,1114,173672
Beth Y. Karlan,https://orcid.org/0000-0002-9451-2933,"University of California, Los Angeles",US,1114,94708
Georg F. Hoffmann,https://orcid.org/0000-0002-6593-896X,Heidelberg University,DE,1114,39045
Yue Hao,https://orcid.org/0000-0001-7876-8878,Xidian University,CN,1114,21518
Lei Li,https://orcid.org/0000-0001-8723-3461,BGI Group (China),CN,1114,10010
Andreas Öchsner,,Esslingen University of Applied Sciences,DE,1114,9934
Kazuto Nishio,https://orcid.org/0000-0002-8275-0846,Kindai University Sakai Hospital,JP,1113,22324
Dallas R. English,https://orcid.org/0000-0001-7828-8188,The University of Melbourne,AU,1113,44239
Loet Leydesdorff,https://orcid.org/0000-0002-7835-3098,Amsterdam University College,NL,1113,48681
V. Bocci,https://orcid.org/0000-0002-7448-2837,"Istituto Nazionale di Fisica Nucleare, Sezione di Roma I",IT,1113,46775
J. P. U. Fynbo,https://orcid.org/0000-0002-8149-8298,Damien Foundation,BD,1113,35978
이영진,,,,1113,123
N. J. Fisch,https://orcid.org/0000-0002-0301-7380,Princeton University,US,1113,16572
Andrew Adamatzky,https://orcid.org/0000-0003-1073-2662,University of the West of England,GB,1113,12722
Chi‐Huey Wong,https://orcid.org/0000-0002-9961-7865,Scripps Research Institute,US,1113,59786
Alessandro Antonelli,https://orcid.org/0000-0002-7455-8803,Azienda Ospedaliera Universitaria Integrata Verona,IT,1113,11982
Donald O. Thompson,,Ames National Laboratory,US,1113,8570
Yong Chen,https://orcid.org/0000-0002-8377-5914,Jiangnan University,CN,1113,26792
Shuang Qiu,https://orcid.org/0000-0002-9651-1061,City University of Hong Kong,HK,1113,1019
R. P. Lin,https://orcid.org/0009-0000-1468-6734,Tongji University,CN,1113,36052
Margaret Bowman,,Environmental Molecular Sciences Laboratory,US,1113,0
Lei Lei,https://orcid.org/0000-0001-5891-5236,Xuzhou University of Technology,CN,1113,1713
Rui Curi,https://orcid.org/0000-0001-5095-9154,Instituto Butantan,BR,1112,36824
Shigehisa Arai,https://orcid.org/0000-0002-8649-0367,Tokyo Institute of Technology,JP,1112,5661
Rosalind A. Eeles,https://orcid.org/0000-0002-3698-6241,Royal Marsden NHS Foundation Trust,GB,1112,89415
Ming Liu,https://orcid.org/0000-0001-5598-1166,Fujian Medical University,CN,1112,1869
S. Ha,https://orcid.org/0000-0003-2538-1551,Yonsei University,KR,1112,33991
Robert Z. Selden,https://orcid.org/0000-0002-1789-8449,Stephen F. Austin State University,US,1112,435
N. R. Tanvir,https://orcid.org/0000-0003-3274-6336,University of Leicester,GB,1112,42532
James L. Kennedy,https://orcid.org/0000-0002-8733-3806,Centre for Addiction and Mental Health,CA,1112,56971
이종훈,,,,1112,126
Wei Liu,https://orcid.org/0000-0003-2968-2888,Hong Kong Polytechnic University,HK,1112,12575
Da‐Wen Sun,https://orcid.org/0000-0002-3634-9963,University College Dublin,IE,1112,82754
Hae‐Sim Park,https://orcid.org/0000-0003-2614-0303,Korea Research Institute of Standards and Science,KR,1112,34018
D. Cinca,https://orcid.org/0000-0003-0944-8998,TU Dortmund University,DE,1112,95438
Shi,,,,1112,1373
Wei Zhao,https://orcid.org/0000-0003-2296-9050,First People's Hospital of Yuhang District,CN,1111,3349
Frank R. Fronczek,,Louisiana State University,US,1111,376
Kristie Oxford,https://orcid.org/0000-0002-8125-1391,Pacific Northwest National Laboratory,US,1111,477
David R. Gandara,https://orcid.org/0000-0003-1784-048X,Comprehensive Blood & Cancer Center,US,1111,55244
Arthur J. Ragauskas,https://orcid.org/0000-0002-3536-554X,Oak Ridge National Laboratory,US,1111,73545
David A. Muller,https://orcid.org/0000-0003-4129-0473,Cornell University,US,1111,72419
Xiao‐Ying Huang,https://orcid.org/0000-0002-3514-216X,Chinese Academy of Sciences,CN,1111,19632
Kenneth J. Auberry,https://orcid.org/0000-0002-7066-0704,Environmental Molecular Sciences Laboratory,US,1111,2474
Yoshiki Chujo,https://orcid.org/0000-0001-8681-1928,Kyoto University,JP,1111,30357
Zbigniew Kalarus,https://orcid.org/0000-0003-3921-7234,Medical University of Silesia,PL,1111,11837
Dan M. Frangopol,https://orcid.org/0000-0002-9213-0683,Lehigh University,US,1111,32476
H. Phillip Koeffler,https://orcid.org/0000-0001-5839-9913,Cedars-Sinai Medical Center,US,1111,65447
Dean Karlan,https://orcid.org/0000-0003-0164-1398,,,1111,31117
Naoki Ishiguro,https://orcid.org/0000-0003-2041-4035,Aichi Developmental Disability Center,JP,1111,28317
Ichiro Katayama,,Osaka Metropolitan University,JP,1111,19661
Maia Kapur,https://orcid.org/0000-0002-1781-169X,NOAA National Marine Fisheries Service,US,1111,526
Jonathon Leipsic,https://orcid.org/0000-0002-6133-8334,University of British Columbia,CA,1110,65654
Shigeki Mori,https://orcid.org/0000-0001-6731-2357,Ehime University,JP,1110,18806
Michael P. Diamond,https://orcid.org/0000-0001-6353-4489,Augusta University,US,1110,35232
Michaël Pollak,https://orcid.org/0000-0003-3047-0604,McGill University,CA,1110,65860
Rodney J. Scott,,New South Wales Department of Health,AU,1110,76458
Ralph S. Baric,https://orcid.org/0000-0001-6827-8701,University of North Carolina at Chapel Hill,US,1110,106521
Biagio Ricciuti,https://orcid.org/0000-0002-0651-2678,Dana-Farber Cancer Institute,US,1110,11093
Guoyin Wang,https://orcid.org/0000-0002-8521-5232,Chongqing Normal University,CN,1110,18604
Wolfgang Schuhmann,https://orcid.org/0000-0003-2916-5223,Ruhr University Bochum,DE,1110,48479
S. Sekmen,https://orcid.org/0000-0003-1726-5681,Kyungpook National University,KR,1110,56984
Adrian Covaci,https://orcid.org/0000-0003-0527-1136,University of Antwerp,BE,1110,57689
B. Roland,https://orcid.org/0000-0003-3397-6475,Karlsruhe Institute of Technology,DE,1110,79988
Sylvie Chevret,https://orcid.org/0000-0001-6449-4730,Inserm,FR,1110,61203
Douglas A. Lauffenburger,https://orcid.org/0000-0002-0050-989X,"Ragon Institute of MGH, MIT and Harvard",US,1110,62122
Jean‐François Carpentier,https://orcid.org/0000-0002-9160-7662,Université de Rennes,FR,1110,19944
Ulf-G. Meißner,https://orcid.org/0000-0003-1254-442X,University of Bonn,DE,1110,64868
Bradley T. Hyman,https://orcid.org/0000-0002-7959-9401,Goethe University Frankfurt,DE,1110,184721
Rajesh G. Gonnade,https://orcid.org/0000-0002-2841-0197,National Chemical Laboratory,IN,1110,8809
Gerrit A. Meijer,https://orcid.org/0000-0003-0330-3130,Dutch Cancer Society,NL,1110,34737
Joachim Eberhardt,,,,1110,32
George C. Rable,,University of Alabama,US,1110,549
Liwei Lin,https://orcid.org/0000-0001-7083-624X,Sun Yat-sen University,CN,1110,43501
Ajay Goel,https://orcid.org/0000-0003-1396-6341,City of Hope,US,1110,41215
A. Santocchia,https://orcid.org/0000-0002-9770-2249,University of Perugia,IT,1110,75779
D. Sammel,https://orcid.org/0000-0003-4484-1410,Universitat de València,ES,1110,46038
article Editorial,,,,1110,1042
Don Daniels,,,,1110,0
A. J. Coates,https://orcid.org/0000-0002-6185-3125,Department of Space,IN,1109,25018
Bertrand Kiefer,,Hôpital Albert-Chenevier,FR,1109,169
M. Y. Dong,https://orcid.org/0000-0002-4359-3091,Chinese Academy of Sciences,CN,1109,17791
Bert Voorhoeve,,,,1109,0
Qian Zhang,https://orcid.org/0000-0001-6274-1494,Shanghai University,CN,1109,1464
Joel S. Schuman,https://orcid.org/0000-0002-8885-3766,Thomas Jefferson University,US,1109,52542
Masahiro Goto,https://orcid.org/0000-0002-2008-9351,Kyushu University,JP,1109,25304
J.S. Elborn,https://orcid.org/0000-0002-2323-442X,Queen's University Belfast,GB,1109,35402
W. C. Wester,https://orcid.org/0000-0003-0072-6736,Oak Ridge National Laboratory,US,1109,54499
A. De Angelis,https://orcid.org/0000-0002-3288-2517,University of Padua,IT,1109,65858
Hao Zhang,https://orcid.org/0000-0002-7239-4761,Weifang Medical University,CN,1109,3932
Toshitaka Nabeshima,https://orcid.org/0000-0001-5386-242X,Fujita Health University,JP,1109,29825
Élie Azoulay,https://orcid.org/0000-0002-8162-1508,Inserm,FR,1109,74638
E. Shulga,https://orcid.org/0000-0001-5099-7644,,,1109,83837
Lynette M. Sholl,https://orcid.org/0000-0002-9532-9735,Brigham and Women's Hospital,US,1109,40092
Eun‐Cheol Park,https://orcid.org/0000-0002-2306-5398,Yonsei University,KR,1109,48591
K. Černý,https://orcid.org/0000-0003-0683-2177,"Instituto de Óptica ""Daza de Valdés""",ES,1109,47475
I. Mandić,https://orcid.org/0000-0002-0131-7523,University of Ljubljana,SI,1109,45247
J. R. Batley,,University of Cambridge,GB,1109,85480
Royal Botanic Garden Edinburgh,,,,1109,0
Jennifer Kyle,https://orcid.org/0000-0002-9282-9005,Pacific Northwest National Laboratory,US,1109,0
Piero Marchetti,https://orcid.org/0000-0003-4907-0635,University of Pisa,IT,1108,39149
Hiroyuki Aburatani,https://orcid.org/0000-0003-0438-1544,Tokyo University of Science,JP,1108,79636
Genda Gu,https://orcid.org/0000-0002-9886-3255,Brookhaven National Laboratory,US,1108,25880
D. Wood,https://orcid.org/0000-0002-6477-801X,Universidad del Noreste,MX,1108,45247
A. Belyaev,https://orcid.org/0000-0003-1692-1173,Petersburg State Transport University,RU,1108,47299
李岩,,,,1108,41
Changhu Xue,https://orcid.org/0000-0002-6976-2906,Ocean University of China,CN,1108,29669
Douglas R. Worsnop,https://orcid.org/0000-0002-8928-8017,University of Helsinki,FI,1108,116231
Goodarz Ahmadi,https://orcid.org/0000-0001-5277-7960,Clarkson University,US,1108,26491
Anıl Zenginoğlu,https://orcid.org/0000-0001-7896-6268,"University of Maryland, College Park",US,1108,2149
Marinus H. van IJzendoorn,https://orcid.org/0000-0003-1144-454X,Australian Regenerative Medicine Institute,AU,1108,87736
Tomoyuki Akutagawa,https://orcid.org/0000-0003-3040-1078,Tohoku University,JP,1108,10536
P. Senthil Kumar,https://orcid.org/0000-0001-9389-5541,Pondicherry University,IN,1108,58013
P. John Clarkson,https://orcid.org/0000-0001-8018-7706,University of Cambridge,GB,1108,23292
John Locke,https://orcid.org/0000-0003-4998-3127,,,1108,31061
이은희,,,,1108,183
김현경,,,,1108,216
Yoshifumi Naka,https://orcid.org/0000-0003-1808-7063,NewYork–Presbyterian Hospital,US,1108,35500
David F. Kallmes,https://orcid.org/0000-0002-8495-0040,Mayo Clinic,US,1108,47356
Jun Li,https://orcid.org/0000-0001-8243-5267,Thomas Jefferson University Hospital,US,1108,21352
Hui Zhang,https://orcid.org/0000-0002-2508-4912,Dalian University of Technology,CN,1108,31351
Jianxing He,https://orcid.org/0000-0003-1737-8192,First Affiliated Hospital of Guangzhou Medical University,CN,1108,73187
Yunqi Liu,https://orcid.org/0000-0001-5521-2316,Beijing Institute of Technology,CN,1108,70415
Anne M. Molloy,https://orcid.org/0000-0002-1688-9049,Trinity College Dublin,IE,1107,21120
Ellen K. Bledsoe,https://orcid.org/0000-0002-3629-7235,University of Florida,US,1107,328
Donald P. Schneider,https://orcid.org/0000-0001-7240-7449,Russian State University for the Humanities,RU,1107,136413
Nir Uriel,https://orcid.org/0000-0003-2301-3587,NewYork–Presbyterian Hospital,US,1107,32358
Sulaiman Wadi Harun,https://orcid.org/0000-0003-4879-5853,University of Malaya,MY,1107,13735
Jordi Salas‐Salvadó,https://orcid.org/0000-0003-2700-7459,Instituto de Salud Carlos III,ES,1107,69415
Andreas D. Wieck,https://orcid.org/0000-0001-9776-2922,University of Duisburg-Essen,DE,1107,18495
Georgios Tsivgoulis,https://orcid.org/0000-0002-0640-3797,University of Tennessee Health Science Center,US,1107,35027
Hideo Tanaka,https://orcid.org/0000-0001-9033-0035,Kyoto Prefectural University of Medicine,JP,1107,27362
E. Costa,https://orcid.org/0000-0003-4925-8523,Institute for Space Astrophysics and Planetology,IT,1107,23365
Edmund Husserl,,,,1107,32792
Alois Fürstner,https://orcid.org/0000-0003-0098-3417,Max-Planck-Institut für Kohlenforschung,DE,1107,59643
Hans‐Peter Hartung,https://orcid.org/0000-0002-0614-6989,The University of Sydney,AU,1107,66848
Édouard Louis,https://orcid.org/0000-0002-1287-7075,Centre Hospitalier Universitaire de Liège,BE,1107,37969
K. De Bruyn,https://orcid.org/0000-0002-0615-4399,University of Groningen,NL,1107,38404
Bentham Science Publisher Bentham Science Publisher,,,,1107,559
Z. Tang,https://orcid.org/0000-0002-4247-0081,University of Science and Technology of China,CN,1107,50790
Ketevan Batsatsashvili,,Ilia State University,GE,1107,8427
Isamu Akasaki,,Nagoya University,JP,1107,28522
Lars Hernquist,https://orcid.org/0000-0001-6950-1629,Center for Astrophysics Harvard & Smithsonian,US,1107,109952
Alan J. Heeger,,,,1107,162172
Takashi Goto,https://orcid.org/0000-0001-9632-0540,Yokohama National University,JP,1107,16012
K. Köneke,https://orcid.org/0000-0002-6901-9717,University of Göttingen,DE,1107,53815
CHERYL HOGUE,,,,1107,733
Upinderpal Singh,,,,1107,1081
M. Kenzie,https://orcid.org/0000-0001-7910-4109,University of Cambridge,GB,1107,78906
Lisa Bramer,https://orcid.org/0000-0002-8384-1926,Pacific Northwest National Laboratory,US,1107,0
Giovanni Pellacani,https://orcid.org/0000-0002-7222-2951,Policlinico Umberto I,IT,1106,26332
Michael D. Menger,https://orcid.org/0000-0002-9670-7961,Saarland University,DE,1106,30760
P. Villars,,,,1106,5
Yi Shi,https://orcid.org/0000-0002-1082-0315,Hebei Medical University,CN,1106,40541
Masashi Hayakawa,https://orcid.org/0000-0001-7252-0425,Institute of Electrodynamics,UA,1106,22428
Barry M. Popkin,https://orcid.org/0000-0001-9495-9324,The George Institute for Global Health,GB,1106,110762
Dieter Suess,https://orcid.org/0000-0001-5453-9974,University of Vienna,AT,1106,6987
Michael Wagner,https://orcid.org/0000-0003-2589-6440,University Hospital Bonn,DE,1106,44674
O. Shcherban,,Scientific Consulting Group,US,1106,5
Chao‐Guo Yan,https://orcid.org/0000-0002-2777-9582,Yangzhou University,CN,1106,9565
Moses Elisaf,https://orcid.org/0000-0003-0505-078X,Aristotle University of Thessaloniki,GR,1106,32411
A. Amoroso,https://orcid.org/0000-0002-3095-8610,University of Turin,IT,1106,18524
Emiel F.�M. Wouters,https://orcid.org/0000-0002-9186-575X,Maastricht University,NL,1106,74043
J. A. Simpson,https://orcid.org/0000-0002-2660-2013,The University of Melbourne,AU,1106,36989
Yi‐Syuan Guo,https://orcid.org/0000-0003-4014-2225,Oak Ridge National Laboratory,US,1106,195
Michel Ducreux,https://orcid.org/0000-0001-8649-7449,Inserm,FR,1106,71556
Ryōsuke Takahashi,https://orcid.org/0000-0002-1407-9640,Yamagata University,JP,1106,33707
Huan Chen,https://orcid.org/0000-0001-8648-1631,Harbin Medical University,CN,1106,21916
K. Subramanya Sastry,,University of Peradeniya,LK,1106,829
The Condor,,,,1106,0
Peter Johnson,https://orcid.org/0000-0003-2306-4974,Cancer Research UK,GB,1105,39532
Jeeyun Lee,https://orcid.org/0000-0002-4911-6165,Samsung Medical Center,KR,1105,35039
Vinayak P. Dravid,https://orcid.org/0000-0002-6007-3063,Northwestern University,US,1105,68267
Zongwei Cai,https://orcid.org/0000-0002-8724-7684,Hong Kong Baptist University,HK,1105,37877
김철,,Pusan National University,KR,1105,138
R. Gladyshevskii,,Lviv University,UA,1105,5
Paulus Kirchhof,https://orcid.org/0000-0002-1881-0197,Universität Hamburg,DE,1105,204688
D. Warren Spence,https://orcid.org/0000-0002-1664-6960,,,1105,8451
Nigam P. Rath,https://orcid.org/0000-0002-3109-9440,University of Missouri–St. Louis,US,1105,13327
Daining Fang,https://orcid.org/0000-0001-7122-8780,Beijing Institute of Technology,CN,1105,44978
Denis G. Samsonenko⧫,https://orcid.org/0000-0003-2688-4521,Siberian Branch of the Russian Academy of Sciences,RU,1105,6524
Adriaan A. Voors,https://orcid.org/0000-0002-5417-4415,University Medical Center Groningen,NL,1105,105879
U. Nauenberg,,University of Colorado Boulder,US,1105,60919
V. Dubenskyy,,Scientific Consulting Group,US,1104,5
Ashwini Nangia,https://orcid.org/0000-0003-2442-7255,University of Petroleum and Energy Studies,IN,1104,18956
Guirui Yu,https://orcid.org/0000-0002-1859-8966,Chinese Academy of Sciences,CN,1104,44631
Douglas G. Adler,https://orcid.org/0000-0003-3214-6285,University of Geneva,CH,1104,20398
Chao Zhang,https://orcid.org/0000-0002-9891-0605,Hubei University of Medicine,CN,1104,13014
Huangbao Li,https://orcid.org/0000-0003-1537-6951,Zhejiang Chinese Medical University,CN,1104,223
E. L. Gkougkousis,https://orcid.org/0000-0002-2132-2071,Imperial College London,GB,1104,55583
Abolghasem Jouyban,https://orcid.org/0000-0002-4670-2783,Tabriz University of Medical Sciences,IR,1104,24663
Christos Sotiriou,https://orcid.org/0000-0002-5745-9977,Université Libre de Bruxelles,BE,1104,80875
Liu Jian Hua,,Huaian First People’s Hospital,CN,1104,24
Kristina Sundquist,https://orcid.org/0000-0001-8031-279X,Malmö University,SE,1104,36323
Jing Zhang,https://orcid.org/0000-0001-8299-2573,Chengdu University of Technology,CN,1104,27961
Zhenan Bao,https://orcid.org/0000-0002-0972-1715,Stanford University,US,1104,183646
Shuo Wang,https://orcid.org/0009-0005-6393-4163,China Three Gorges University,CN,1104,32284
Yaping Li,https://orcid.org/0000-0002-0574-6966,Fujian Medical University,CN,1104,40058
P. Vázquez Regueiro,https://orcid.org/0000-0002-0767-9736,Universidade de Santiago de Compostela,ES,1104,43552
Peter J. Papadakos,,Mercer University,US,1104,4264
L. Pontecorvo,https://orcid.org/0000-0003-2284-3765,European Organization for Nuclear Research,CH,1104,44588
C. Ferretti,,University of Pisa,IT,1104,97356
Jann N. Sarkaria,https://orcid.org/0000-0001-7489-4885,Mayo Clinic,US,1103,32643
Walter Klepetko,https://orcid.org/0000-0003-4174-6071,Vienna General Hospital,AT,1103,47464
Michael Gnant,https://orcid.org/0000-0003-1002-2118,Comprehensive Cancer Center Vienna,AT,1103,79246
Hiroshi Satoh,https://orcid.org/0000-0003-4618-8873,Shizuoka University,JP,1103,24936
Ulrich Thalheimer,https://orcid.org/0000-0003-3366-3719,Royal Shrewsbury Hospital,GB,1103,2623
王 暁燕,,,,1103,37
Toshio Goto,https://orcid.org/0009-0009-2081-5614,Massachusetts General Hospital,US,1103,25073
Olufunmilayo I. Olopade,https://orcid.org/0000-0002-9936-1599,Chicago Department of Public Health,US,1103,47559
Jagbir Singh Kirti,https://orcid.org/0000-0002-9670-5931,Zoological Survey of India,IN,1103,310
M. Mooney,https://orcid.org/0000-0001-8348-4167,Fermi National Accelerator Laboratory,US,1103,79796
Silvio Garattini,https://orcid.org/0000-0003-0647-9297,Ospedale Santa Maria della Misericordia di Udine,IT,1103,26409
P. Picozza,https://orcid.org/0000-0002-7986-3321,University of Rome Tor Vergata,IT,1103,23000
M. A. B. do Vale,https://orcid.org/0000-0002-0836-6483,Federal University of São João del-Rei,BR,1103,100154
Ying Dai,https://orcid.org/0000-0002-8587-6874,Shandong University,CN,1103,62029
L. Anderlini,https://orcid.org/0000-0001-6808-2418,Istituto Nazionale di Fisica Nucleare,IT,1103,36417
Liangpei Zhang,https://orcid.org/0000-0001-6890-3650,Wuhan University,CN,1103,65222
Shuichiro Hirai,,Tokyo Institute of Technology,JP,1103,4403
unknown,,,,1103,0
Peter G. Passias,https://orcid.org/0000-0002-1479-4070,Duke University,US,1102,11809
Kazuhíko Ishihara,https://orcid.org/0000-0002-4196-5488,Fujita Health University,JP,1102,32309
A. Rose,https://orcid.org/0000-0002-9773-550X,Imperial Valley College,US,1102,42402
김승현,,,,1102,109
A. S. McEwen,https://orcid.org/0000-0001-8638-2553,,,1102,35749
A. Terkulov,https://orcid.org/0000-0003-4985-3226,European Organization for Nuclear Research,CH,1102,48929
Alain Saraux,https://orcid.org/0000-0002-8454-7067,Inserm,FR,1102,21096
L.P. Shulman,https://orcid.org/0000-0002-4781-0866,Northwestern University,US,1102,8713
James Chih‐Hsin Yang,https://orcid.org/0000-0002-5586-5138,National Taiwan University Hospital,TW,1102,91917
Eun Ha Choi,https://orcid.org/0000-0001-5385-1878,Kwangwoon University,KR,1102,22422
Mietek Jaroniec,https://orcid.org/0000-0002-1178-5611,Kent State University,US,1102,139087
İvan Gutman,https://orcid.org/0000-0001-9681-1550,University of Kragujevac,RS,1102,35997
Angelo M. De Marzo,https://orcid.org/0000-0003-4847-5307,Johns Hopkins University,US,1102,51784
김태원,,,,1102,61
Kannam Sai Lakshmi Prasanth,https://orcid.org/0000-0002-5204-9821,Universidade de Santiago de Compostela,ES,1102,38679
Nadine Bailey,,United World College of South East Asia,SG,1102,57
Mathias Noltemeyer,,,,1102,16127
Simon Wessely,https://orcid.org/0000-0002-6743-9929,King's College London,GB,1102,90827
J. E. Brau,https://orcid.org/0000-0003-1292-9725,University of Oregon,US,1102,115057
José de la Fuente,https://orcid.org/0000-0001-7383-9649,Oklahoma State University,US,1102,44944
A. Seiden,https://orcid.org/0000-0003-2052-2386,Northern Illinois University,US,1102,44857
Christian Mueller,,Universität Hamburg,DE,1102,130053
Karsten Meyer,https://orcid.org/0000-0002-7844-2998,Friedrich-Alexander-Universität Erlangen-Nürnberg,DE,1101,18747
Dave Levitan,,,,1101,243
Peter Cameron,https://orcid.org/0000-0002-1443-557X,The Alfred Hospital,AU,1101,41374
Govind P. Agrawal,https://orcid.org/0000-0003-4486-8533,,,1101,51757
Richard R. Schmidt,https://orcid.org/0000-0001-6398-9053,University of Konstanz,DE,1101,30044
Lucien Fëbvre,,Universidade do Porto,PT,1101,3198
Shelby Freedman Harris,,Albert Einstein College of Medicine,US,1101,1028
Yen‐Wei Chen,https://orcid.org/0000-0002-5952-0188,Ningbo University,CN,1101,13225
Ikhlas A. Khan,https://orcid.org/0000-0001-5464-4643,University of Mississippi,US,1101,30954
Hugh Mitchell,https://orcid.org/0000-0003-0143-8461,,,1101,5093
S. A. Fuselier,https://orcid.org/0000-0003-4101-7901,Southwest Research Institute,US,1101,28489
Ramesh K. Agarwal,https://orcid.org/0000-0002-9642-1023,Washington University in St. Louis,US,1100,13878
Richard E. P. Winpenny,https://orcid.org/0000-0002-7101-3963,University of Manchester,GB,1100,30777
Andreas Lendlein,https://orcid.org/0000-0003-4126-4670,,,1100,29678
Thomas Ruzicka,https://orcid.org/0000-0002-9596-1749,University of Zurich,CH,1100,39585
Fabrizia Grepioni,https://orcid.org/0000-0003-3895-0979,Ospedale San Giacomo Apostolo,IT,1100,19826
Vivian Wing‐Wah Yam,https://orcid.org/0000-0001-8349-4429,,,1100,43429
Glyn Lewis,https://orcid.org/0000-0001-5205-8245,The London College,GB,1100,74283
Anthony R Isles,https://orcid.org/0000-0002-7587-5712,Cardiff University,GB,1100,5782
Tejraj M. Aminabhavi,https://orcid.org/0000-0002-5613-3916,Chandigarh University,IN,1100,67310
S. Esen,https://orcid.org/0000-0003-2437-8078,Heidelberg University,DE,1100,42456
Fabian J. Theis,https://orcid.org/0000-0002-2419-1943,Munich School of Philosophy,DE,1100,86139
P. A. Evans,https://orcid.org/0000-0002-8465-3353,University of Leicester,GB,1100,17580
A. Kumar,https://orcid.org/0000-0002-8477-9079,Bhabha Atomic Research Centre,IN,1100,84948
Xiang Gao,https://orcid.org/0000-0003-2617-6509,Hebei Medical University,CN,1100,41870
Fei Chen,https://orcid.org/0000-0001-9643-7191,China Three Gorges University,CN,1100,12474
F. Margaroli,https://orcid.org/0000-0002-3869-0153,"Istituto Nazionale di Fisica Nucleare, Sezione di Roma I",IT,1100,62985
A. Ustyuzhanin,https://orcid.org/0000-0001-7865-2357,National University of Singapore,SG,1100,34019
James T. Willerson,,,,1100,73109
Array,,National Research University Higher School of Economics,RU,1100,146
Bhisma Murti,https://orcid.org/0000-0001-9405-3872,Sebelas Maret University,ID,1099,2159
David Dingli,https://orcid.org/0000-0001-7477-3004,Mayo Clinic,US,1099,31547
Alex Zunger,https://orcid.org/0000-0001-5525-3003,University of Colorado Boulder,US,1099,105364
Xxyyzz,,,,1099,5111
Nicola M. Pugno,https://orcid.org/0000-0003-2136-2396,Queen Mary University of London,GB,1099,28982
R. Coelho Lopes De,https://orcid.org/0000-0001-5200-9195,,,1099,45004
Robert E. Mulvey,https://orcid.org/0000-0002-1015-2564,,,1099,15424
Edwin K. Silverman,https://orcid.org/0000-0002-3641-3822,Boston University,US,1099,70085
Gen Sobue,https://orcid.org/0000-0003-4769-5922,Aichi Medical University,JP,1099,44027
Tetsuya Ishikawa,https://orcid.org/0000-0002-6906-9909,Naruto University of Education,JP,1099,28959
Kenneth M. Yamada,https://orcid.org/0000-0003-1512-6805,National Institutes of Health,US,1099,88593
Daniel Potter,https://orcid.org/0000-0003-1610-2493,University of Kentucky,US,1099,8098
Roderick T. Bronson,https://orcid.org/0000-0003-3725-2511,Tufts University,US,1099,110604
Pierre Jaı̈s,https://orcid.org/0000-0002-4700-7811,Université de Bordeaux,FR,1099,78886
Ursula A. Matulonis,https://orcid.org/0000-0002-3103-6992,,,1099,44369
Antonia Trichopoulou,https://orcid.org/0000-0002-7204-6396,National and Kapodistrian University of Athens,GR,1099,91655
Hermann Reichenspurner,,Universität Hamburg,DE,1099,22917
A. Kisiel,https://orcid.org/0000-0001-8322-9510,Warsaw University of Technology,PL,1099,71659
Anna Sureda,https://orcid.org/0000-0002-1238-6970,Institut d'Investigació Biomédica de Bellvitge,ES,1099,34541
Rafal E. Dunin‐Borkowski,https://orcid.org/0000-0001-8082-0647,Forschungszentrum Jülich,DE,1099,25658
Hiroshi Yamazaki,https://orcid.org/0000-0002-1068-4261,Toyo University,JP,1099,27479
Pierre George,,,,1099,422
Yan Wang,https://orcid.org/0000-0002-1743-6383,Tianjin People's Hospital,CN,1099,19974
Kelly Hatter,,Environmental Molecular Sciences Laboratory,US,1099,0
F. Gianotti,https://orcid.org/0000-0003-4666-119X,Osservatorio di Astrofisica e Scienza dello Spazio,,1098,59059
Hom‐Lay Wang,,,,1098,51367
Hans Jürgen Maier,https://orcid.org/0000-0003-2119-824X,Leibniz University Hannover,DE,1098,24433
César Fernández‐de‐las‐Peñas,https://orcid.org/0000-0003-3772-9690,Universidad Rey Juan Carlos,ES,1098,35101
Sergiu Shova,https://orcid.org/0000-0002-1222-4373,Institute of Macromolecular Chemistry,UA,1098,7507
D. Fehling,https://orcid.org/0000-0003-4520-7219,Johns Hopkins University,US,1098,86614
Fritz Vögtle,,,,1098,33158
L. Nellen,https://orcid.org/0000-0003-1059-8731,Universidad Nacional Autónoma de México,MX,1098,38291
김용수,,,,1098,110
Itamar Willner,https://orcid.org/0000-0001-9710-9077,Hebrew University of Jerusalem,IL,1098,95084
Laura Rodriguez‐Murillo,,Child Health and Development Institute,US,1098,2406
Manu L. N. G. Malbrain,https://orcid.org/0000-0002-1816-5255,Medical University of Lublin,PL,1098,28033
Shaoping Nie,https://orcid.org/0000-0002-2412-4679,"Beijing Chao-Yang Hospital, Capital Medical University",CN,1098,41855
Matthias Drieß,https://orcid.org/0000-0002-9873-4103,"Czech Academy of Sciences, Institute of Inorganic Chemistry",CZ,1098,36177
Anthony Howell,https://orcid.org/0000-0002-6233-719X,Arizona State University,US,1098,61268
Patrick F. Sullivan,https://orcid.org/0000-0002-6619-873X,University of North Carolina at Chapel Hill,US,1098,145630
Kari E. North,https://orcid.org/0000-0002-8903-0366,University of North Carolina at Chapel Hill,US,1098,60862
Marios Loukas,https://orcid.org/0000-0003-2811-6657,Mayo Clinic,US,1098,24649
F. J. Wickens,https://orcid.org/0000-0003-4937-6319,Rutherford Appleton Laboratory,GB,1098,89364
Jan Treur,https://orcid.org/0000-0003-2466-9158,Twitter (United States),US,1098,12832
R. V. Morris,https://orcid.org/0000-0003-1413-4002,National Aeronautics and Space Administration,US,1098,43019
Luı́s Felipe Toledo,https://orcid.org/0000-0002-4929-9598,Instituto Biológico,BR,1098,10396
D. Lynn,https://orcid.org/0009-0009-4926-0413,Brookhaven National Laboratory,US,1098,108812
G. Bolla,,,,1098,75132
Li,,,,1098,1739
Robert F. Spetzler,,Barrow Neurological Institute,US,1098,46286
Stefan A. Maier,https://orcid.org/0000-0001-9704-7902,Australian Regenerative Medicine Institute,AU,1097,79460
김연수,,,,1097,99
U. Husemann,https://orcid.org/0000-0002-6198-8388,Karlsruhe Institute of Technology,DE,1097,41617
Robert A. Rosenheck,https://orcid.org/0000-0003-4314-4592,Yale University,US,1097,61837
Richard Burton,https://orcid.org/0000-0001-9639-0020,Derbyshire Community Health Services NHS Foundation Trust,GB,1097,4731
A. Bizzeti,https://orcid.org/0000-0001-5729-5530,University of Modena and Reggio Emilia,IT,1097,37498
Andrew D. Cherniack,https://orcid.org/0000-0003-0470-0111,Broad Institute,US,1097,125377
Fred Halliday,,Université du Québec en Outaouais,CA,1097,6652
Deepak Chopra,https://orcid.org/0000-0002-0018-6007,"Indian Institute of Science Education and Research, Bhopal",IN,1097,6994
Stephen J. Pennycook,https://orcid.org/0000-0002-3210-6323,Physical Sciences (United States),US,1097,65079
U. Heber,https://orcid.org/0000-0001-7798-6769,,,1097,26487
R. Graham Barr,https://orcid.org/0000-0001-8021-0072,Northeast Ohio Medical University,US,1097,56517
Wei Li,https://orcid.org/0000-0001-7015-7335,Jiangnan University,CN,1097,29009
Sheng Chen,https://orcid.org/0000-0001-6882-600X,Guizhou Electric Power Design and Research Institute,CN,1097,36985
Koichi Akashi,https://orcid.org/0000-0001-7763-5723,Kyushu University,JP,1097,42007
G. Chelkov,https://orcid.org/0000-0002-3468-9761,Moscow Institute of Physics and Technology,RU,1097,30443
B. Klima,https://orcid.org/0000-0002-3691-7625,Fermi National Accelerator Laboratory,US,1097,58612
Piero Pavone,https://orcid.org/0000-0002-5600-9560,University of Catania,IT,1097,11794
Junzo Tanaka,,,,1097,16069
J. Brimacombe,,Mount Stromlo Observatory,AU,1097,13494
M. E. Zolensky,https://orcid.org/0000-0002-3181-1303,Johnson Space Center,US,1096,22412
L. Chytka,https://orcid.org/0000-0001-5741-259X,Palacký University Olomouc,CZ,1096,61049
Roland E. Schmieder,https://orcid.org/0000-0003-2356-5883,Universitätsklinikum Erlangen,DE,1096,84258
Willy Susilo,https://orcid.org/0000-0002-1562-5105,University of Wollongong,AU,1096,25049
박정수,,,,1096,202
A. Santangelo,https://orcid.org/0000-0003-4187-9560,University of Tübingen,DE,1096,30208
Nan Liu,https://orcid.org/0000-0003-3610-4883,University of Electronic Science and Technology of China,CN,1096,16600
Xu Chen,https://orcid.org/0000-0002-7754-9814,Tianjin University of Technology,CN,1096,20428
Yu Zhang,https://orcid.org/0000-0003-3474-422X,Wannan Medical College,CN,1096,14596
R. Vazquez Gomez,https://orcid.org/0000-0001-5319-1128,Universitat de Barcelona,ES,1096,41942
Xiaohong Wang,https://orcid.org/0000-0001-8465-9782,Northeast Normal University,CN,1096,23132
Lina Badimón,https://orcid.org/0000-0002-9162-2459,Universitat de Vic - Universitat Central de Catalunya,ES,1095,84178
Nobuo Yaegashi,https://orcid.org/0000-0003-2521-039X,Fukushima Medical University,JP,1095,23898
Rebecca W. Baldwin,https://orcid.org/0009-0008-7606-0540,University of Florida,US,1095,440
Christian Récher,https://orcid.org/0000-0002-3332-4525,Institut universitaire du cancer de Toulouse Oncopole,FR,1095,26391
Hugh A. Sampson,https://orcid.org/0000-0003-1613-8875,ENT and Allergy,US,1095,92524
Sarina A. Piha‐Paul,https://orcid.org/0000-0001-9455-1660,The University of Texas MD Anderson Cancer Center,US,1095,32662
Osamu Yamaguchi,https://orcid.org/0000-0002-7461-369X,Ehime University,JP,1095,32774
Shaojun Dong,https://orcid.org/0000-0002-0263-6577,University of Science and Technology of China,CN,1095,67940
S. Thakur,https://orcid.org/0000-0002-1647-0360,University of Wisconsin–Madison,US,1095,38021
W. K. Chow,https://orcid.org/0000-0001-8398-3126,CatoSenteret,NO,1095,14387
Liang Zhang,https://orcid.org/0000-0001-9442-9825,"China University of Petroleum, East China",CN,1095,3021
Tony Mok,https://orcid.org/0000-0002-8251-0551,Chinese University of Hong Kong,HK,1095,108048
Huanchun Chen,https://orcid.org/0000-0003-0680-5953,Huazhong Agricultural University,CN,1095,25731
S. Pigazzini,https://orcid.org/0000-0002-8046-4344,ETH Zurich,CH,1095,37450
Byoungho Lee,https://orcid.org/0000-0002-0477-9539,SK Group (South Korea),KR,1095,22484
이민호,,The Catholic University of Korea Uijeongbu St. Mary's Hospital,KR,1095,112
C. H. Shepherd-Themistocleous,https://orcid.org/0000-0003-0551-6949,Rutherford Appleton Laboratory,GB,1095,53502
Michel Haı̈ssaguerre,https://orcid.org/0000-0001-7644-6146,Université de Bordeaux,FR,1095,63521
Bo Li,https://orcid.org/0000-0002-5802-7519,Harbin University of Science and Technology,CN,1095,11394
Raimund Erbel,,"Institut für Medizinische Informatik, Biometrie und Epidemiologie",DE,1095,68958
A. A. Grillo,https://orcid.org/0000-0003-2950-1872,California State University System,US,1095,58921
PAN Pan,https://orcid.org/0000-0002-8128-1590,Chongqing Normal University,CN,1095,3131
Lothar Kanz,,,,1095,37271
R.E. Marsh,,Cardiff University,GB,1095,11226
Michael Degan,https://orcid.org/0000-0002-0682-9595,Environmental Molecular Sciences Laboratory,US,1095,23
Takashi Akasaka,https://orcid.org/0000-0003-3020-9369,Wakayama Medical University,JP,1094,35332
이용희,,,,1094,114
Yan Xu,https://orcid.org/0000-0002-0503-183X,Tianjin University,CN,1094,36739
Biprajit Sarkar,https://orcid.org/0000-0003-4887-7277,University of Stuttgart,DE,1094,13738
Rodney C. Ewing,https://orcid.org/0000-0001-9472-4031,Stanford University,US,1094,46082
William R. Jarnagin,https://orcid.org/0000-0002-1635-5768,Memorial Sloan Kettering Cancer Center,US,1094,73980
Sandilya Bhamidipati,,Environmental Molecular Sciences Laboratory,US,1094,166
Ashley Grossman,https://orcid.org/0000-0003-1176-6186,Queen Mary University of London,GB,1094,55690
Peter Ellis,https://orcid.org/0000-0003-1590-2130,Oldham Council,GB,1094,41804
M. Chrząszcz,https://orcid.org/0000-0001-7901-8710,"Institute of Nuclear Physics, Polish Academy of Sciences",PL,1094,35197
John A. Gladysz,https://orcid.org/0000-0002-7012-4872,Mitchell Institute,US,1094,21345
Sander Nieuwenhuis,https://orcid.org/0000-0003-2418-3879,Leiden University,NL,1094,24732
Pradeep Lall,https://orcid.org/0000-0002-4074-937X,Auburn University,US,1094,10010
Thomas Reiberger,https://orcid.org/0000-0002-4590-3583,Austrian Academy of Sciences,AT,1094,23417
Nicholas J. Short,https://orcid.org/0000-0002-2983-2738,The University of Texas MD Anderson Cancer Center,US,1094,17698
Youmin Zhang,https://orcid.org/0000-0002-9731-5943,Jiangsu University,CN,1094,33047
A. A. Elliot,https://orcid.org/0000-0003-0921-0314,Rutherford Appleton Laboratory,GB,1094,52975
Susanne Schnittger,,Goethe University Frankfurt,DE,1094,35501
Jacqui Wise,,Transnational Press London,,1094,5141
Michel Lagarde,https://orcid.org/0000-0003-0175-9062,Université Claude Bernard Lyon 1,FR,1093,14283
Hiroshi Yamamoto,https://orcid.org/0000-0002-1739-1226,Komatsu University,JP,1093,31116
Dario Neri,https://orcid.org/0000-0001-5234-7370,University of Siena,IT,1093,32209
P. Buchholz,https://orcid.org/0000-0002-4049-0134,University of Siegen,DE,1093,76079
Alı́rio E. Rodrigues,https://orcid.org/0000-0002-0715-4761,Universidade do Porto,PT,1093,43928
Massimo Imazio,https://orcid.org/0000-0002-5722-0245,University of Udine,IT,1093,30330
Lili Wang,https://orcid.org/0000-0002-0422-4277,Southwest Petroleum University,CN,1093,34257
Valerie W. Rusch,https://orcid.org/0000-0003-2345-6900,Memorial Sloan Kettering Cancer Center,US,1093,106504
Vasilis Ntziachristos,https://orcid.org/0000-0002-9988-0233,Helmholtz Zentrum München,DE,1093,50168
Pnc Ump,,,,1093,4
Gordon J. Freeman,https://orcid.org/0000-0002-7210-5616,Harvard University,US,1093,132686
Vincent M. Rotello,https://orcid.org/0000-0002-5184-5439,University of Massachusetts Amherst,US,1093,73937
Cristina Basso,https://orcid.org/0000-0002-0195-9753,University of Padua,IT,1093,70934
Toshi A. Furukawa,https://orcid.org/0000-0003-2159-3776,Kyoto University,JP,1093,54744
Anthony Harries,https://orcid.org/0000-0001-6113-9741,University of London,GB,1093,22934
Wenhua Li,https://orcid.org/0000-0002-9457-6662,South China Agricultural University,CN,1093,10826
Shujun Zhang,https://orcid.org/0000-0001-6139-6887,City University of Hong Kong,HK,1093,63988
Markus M. Lerch,https://orcid.org/0000-0002-9643-8263,Universitätsmedizin Greifswald,DE,1093,47850
Zheng,,Northern Jiangsu People's Hospital,CN,1093,2086
GBIF.org User,,,,1093,0
Tammie L.S. Benzinger,https://orcid.org/0000-0002-8114-0552,Washington University in St. Louis,US,1092,44916
M. Bartók,https://orcid.org/0000-0002-4440-2701,,,1092,45651
F. Ferreira Rodrigues,https://orcid.org/0000-0002-4274-5583,Universidade Federal do Rio de Janeiro,BR,1092,43639
Tao Yang,https://orcid.org/0000-0001-6695-1421,,,1092,281
Martin Bornhäuser,https://orcid.org/0000-0002-5916-3029,German Cancer Research Center,DE,1092,39693
Leclerc Gerard,,,,1092,274
Amit Sheth,,University of South Carolina,US,1092,37777
William Petersen,,Environmental Molecular Sciences Laboratory,US,1092,777
F. Simon,https://orcid.org/0000-0002-5978-0289,Karlsruhe Institute of Technology,DE,1092,54371
John F. Fraser,https://orcid.org/0000-0002-7012-2519,The University of Queensland,AU,1092,23795
J. A. Slavin,https://orcid.org/0000-0002-9206-724X,University of Michigan,US,1092,28522
Koji Yamada,https://orcid.org/0000-0002-8355-7060,Kagoshima University,JP,1092,15475
P. Iengo,https://orcid.org/0000-0002-5035-1242,"Istituto Nazionale di Fisica Nucleare, Sezione di Napoli",IT,1092,54962
Li Feng Li Feng,,Tsinghua University,CN,1092,71
Jan D’hooge,https://orcid.org/0000-0002-2346-142X,KU Leuven,BE,1092,23380
Jacques Pirenne,https://orcid.org/0000-0002-8147-8801,Universitair Ziekenhuis Leuven,BE,1092,21805
Peter W. Kalivas,https://orcid.org/0000-0001-9487-0119,Medical University of South Carolina,US,1092,60779
Varinder K. Aggarwal,https://orcid.org/0000-0003-0344-6430,At Bristol,GB,1092,33570
Frank Würthner,https://orcid.org/0000-0001-7245-0471,University of Würzburg,DE,1092,64068
Shunri Oda,https://orcid.org/0000-0002-8009-2077,The University of Tokyo,JP,1092,6795
Jianjun Yu,https://orcid.org/0000-0002-2101-7018,Fudan University,CN,1092,17502
Jeffrey Braithwaite,https://orcid.org/0000-0003-0296-4957,The University of Sydney,AU,1092,30364
Fabio Mosca,https://orcid.org/0000-0001-6477-0299,University of Milan,IT,1092,22949
Fu‐Shan Xue,https://orcid.org/0000-0002-1028-6036,Capital Medical University,CN,1092,4988
J. D. Richman,,A. Alikhanyan National Laboratory,AM,1092,67202
Masato Fujisawa,,Kobe University,JP,1092,15197
Terri Gullickson,,,,1091,6796
Cheng Peng,https://orcid.org/0000-0003-3303-906X,Pennsylvania State University,US,1091,31712
Charles J. Heyser,https://orcid.org/0000-0001-5978-6229,,,1091,7471
勝義 畠山,,,,1091,1
Walther Holtzmann,,,,1091,412
Allen G. Oliver,https://orcid.org/0000-0002-0511-1127,University of Notre Dame,US,1091,8931
P. Wagner,https://orcid.org/0000-0001-7481-2480,,,1091,59323
Hein Putter,https://orcid.org/0000-0001-5395-1422,Leiden University,NL,1091,61602
Matthew R. Cooperberg,https://orcid.org/0000-0003-4339-6685,San Francisco VA Medical Center,US,1091,34268
Tsuyoshi Kawai,https://orcid.org/0000-0002-9566-3573,Nara Institute of Science and Technology,JP,1091,24574
Adrián Baranchuk,https://orcid.org/0000-0002-3042-6569,Universidad Abierta Interamericana,AR,1091,15321
Bin Zhang,https://orcid.org/0000-0002-6286-6227,Guangzhou University of Chinese Medicine,CN,1091,20294
D. M. Newbold,https://orcid.org/0000-0002-9015-9634,Rutherford Appleton Laboratory,GB,1091,57463
Liu,,,,1091,977
G. Carlino,https://orcid.org/0000-0003-1718-307X,University of Pittsburgh,US,1090,61645
Brendan Twamley,,University College Dublin,IE,1090,13588
Navneet Singh,https://orcid.org/0000-0002-6657-7983,Zoological Survey of India,IN,1090,399
Pak C. Sham,https://orcid.org/0000-0002-2533-7270,Chinese University of Hong Kong,HK,1090,123711
Δημήτριος Δημητριάδης,https://orcid.org/0000-0002-6437-3581,University of Southern California,US,1090,36718
Jeremy Grimshaw,https://orcid.org/0000-0001-8015-8243,University of Ottawa,CA,1090,270350
Tae Hoon Lee,https://orcid.org/0000-0002-3545-9183,Korea University,KR,1090,5393
Paolo Brambilla,https://orcid.org/0000-0002-4021-8456,University of Milan,IT,1090,40456
Dmitry Yu. Murzin,https://orcid.org/0000-0003-0788-2643,Åbo Akademi University,FI,1090,29145
Mario Campone,https://orcid.org/0000-0002-5196-5908,Institut de Cancérologie de l'Ouest,FR,1090,53853
Thierry André,https://orcid.org/0000-0002-5103-7095,Centre National de la Recherche Scientifique,FR,1090,59087
WirtualneMuzeaMalopolski,,,,1090,11
Kibale Chimpanzee Project,,Harvard University Press,US,1090,0
Lingling Wang,https://orcid.org/0000-0003-0272-2974,Shandong University of Technology,CN,1090,19668
S. Caron,https://orcid.org/0000-0003-2941-2829,Radboud University Nijmegen,NL,1090,75052
A. Lanev,https://orcid.org/0000-0001-8244-7321,European Organization for Nuclear Research,CH,1090,77913
L. Soffi,https://orcid.org/0000-0003-2532-9876,"Istituto Nazionale di Fisica Nucleare, Sezione di Torino",IT,1090,58272
E. Gushchin,https://orcid.org/0000-0001-8857-1665,European Organization for Nuclear Research,CH,1090,39249
André Raymond,,,,1090,1039
Andrei S. Batsanov,https://orcid.org/0000-0002-4912-0981,Durham University,GB,1089,22339
Andrea Antinori,https://orcid.org/0000-0003-2121-4684,Istituto Nazionale per le Malattie Infettive Lazzaro Spallanzani,IT,1089,37397
Anne B. Chang,https://orcid.org/0000-0002-1331-3706,Queensland University of Technology,AU,1089,33666
G. Patriarche,https://orcid.org/0000-0002-3917-2470,Centre National de la Recherche Scientifique,FR,1089,19931
Ka‐Fai To,https://orcid.org/0000-0003-4919-3707,,,1089,50768
Jun Liu,https://orcid.org/0000-0001-6297-583X,Southwest University of Science and Technology,CN,1089,4840
Mamas A. Mamas,https://orcid.org/0000-0001-9241-8890,University Hospitals of North Midlands NHS Trust,GB,1089,43273
Mohammad Shahidehpour,https://orcid.org/0000-0002-8994-1688,Illinois Institute of Technology,US,1089,65863
Hervé Avet‐Loiseau,https://orcid.org/0000-0002-3050-0140,Centre Hospitalier Universitaire de Toulouse,FR,1089,55430
William C. Hahn,https://orcid.org/0000-0003-2840-9791,Broad Institute,US,1089,103759
J. Masik,https://orcid.org/0000-0002-6813-8423,University of Manchester,GB,1089,49816
Edoardo Ballico,https://orcid.org/0000-0002-1432-7413,University of Trento,IT,1089,2829
Ángeles Vázquez,,Universidad Complutense de Madrid,ES,1089,295
Y. Yamamoto,https://orcid.org/0000-0003-0928-4356,,,1089,7934
Xiaoling Zhang,https://orcid.org/0000-0002-6369-9424,Hong Kong Polytechnic University,HK,1089,34226
Yang Yang,https://orcid.org/0000-0003-0608-9408,Chongqing University of Posts and Telecommunications,CN,1089,17362
Li Liu,https://orcid.org/0000-0003-2314-8756,,,1089,34920
Keith M. Channon,https://orcid.org/0000-0002-1043-4342,John Radcliffe Hospital,GB,1088,38221
Fereidoon Shahidi,https://orcid.org/0000-0002-9912-0330,Memorial University of Newfoundland,CA,1088,82933
Xinhe Bao,https://orcid.org/0000-0001-9404-6429,University of Science and Technology of China,CN,1088,87287
Brent A. Coull,https://orcid.org/0000-0002-1808-4156,Harvard University,US,1088,45626
John P. Neoptolemos,https://orcid.org/0000-0002-6201-7399,Heidelberg University,DE,1088,78785
Koen Binnemans,https://orcid.org/0000-0003-4768-3606,KU Leuven,BE,1088,49476
Kenneth A. Ellenbogen,https://orcid.org/0000-0002-8527-569X,Virginia Commonwealth University,US,1088,73922
Josef Michl,https://orcid.org/0000-0002-4707-8230,University of Colorado Boulder,US,1088,35003
Parvin Mirmiran,https://orcid.org/0000-0003-2391-4924,Research Institute for Endocrine Sciences,IR,1088,28755
이영수,,,,1088,135
Xun Xu,https://orcid.org/0000-0002-5338-5173,BGI Group (China),CN,1088,136204
P. Das,https://orcid.org/0000-0002-9770-1377,Jadavpur University,IN,1088,30970
N. Tosi,https://orcid.org/0000-0002-0474-0247,"University of California, Santa Barbara",US,1088,65348
F. Ricci-Tam,https://orcid.org/0000-0001-9750-7702,,,1088,77467
Zhou Zhou,https://orcid.org/0009-0003-0274-3895,,,1088,1218
Herbert W. Marsh,https://orcid.org/0000-0002-1078-9717,University of Oxford,GB,1087,127128
Arumugam Nallanathan,https://orcid.org/0000-0001-8337-5884,Queen Mary University of London,GB,1087,32962
Neville A. Stanton,https://orcid.org/0000-0002-8562-3279,Central and North West London NHS Foundation Trust,GB,1087,29974
James B. Young,https://orcid.org/0000-0003-2785-1617,Houston Methodist,US,1087,67178
Teuvo L.J. Tammela,https://orcid.org/0000-0002-3529-4649,Tampere University,FI,1087,50006
James H. Brown,https://orcid.org/0000-0002-5034-7585,University of New Mexico,US,1087,88704
P.M. Dominiak,https://orcid.org/0000-0002-1466-1243,University of Warsaw,PL,1087,3226
Shuai Wang,https://orcid.org/0000-0003-1595-9858,Inner Mongolia Agricultural University,CN,1087,22146
S. Özkorucuklu,https://orcid.org/0000-0001-5153-9266,Istanbul University,TR,1087,58823
Katharina Landfester,https://orcid.org/0000-0001-9591-4638,Johannes Gutenberg University Mainz,DE,1087,55619
Nancy J. Cox,https://orcid.org/0000-0001-9315-0830,Vanderbilt University Medical Center,US,1087,132387
Ulrich Heininger,https://orcid.org/0000-0001-8901-6778,University Children’s Hospital Basel,CH,1087,17990
William Jackson Hooker,,Cornell University,US,1087,2094
David Mandrus,https://orcid.org/0000-0003-3616-7104,Oak Ridge National Laboratory,US,1087,49524
Joseph Heitman,https://orcid.org/0000-0001-6369-5995,Duke University,US,1087,61420
Hiroyuki Ohno,https://orcid.org/0000-0001-9716-3495,National Agriculture and Food Research Organization,JP,1087,38088
Giuseppe Caire,https://orcid.org/0000-0002-7749-1333,Technische Universität Berlin,DE,1087,29982
Pei‐Jer Chen,https://orcid.org/0000-0001-8316-3785,National Taiwan University,TW,1087,57425
Brian C. Wilson,https://orcid.org/0000-0001-5543-666X,University of Chicago,US,1087,46809
David A. Brent,https://orcid.org/0000-0002-5756-2157,University of Pittsburgh Medical Center,US,1087,77417
Bing Wang,https://orcid.org/0000-0003-4945-7725,Harbin University of Science and Technology,CN,1087,19587
J. Kim,https://orcid.org/0000-0001-9676-3309,Inha University,KR,1087,54698
Jiaguo Yu,https://orcid.org/0000-0002-0612-8633,China University of Geosciences,CN,1087,203884
Wei Yang,https://orcid.org/0000-0003-0198-1632,Nanjing Forestry University,CN,1087,39380
C. D. Burgard,https://orcid.org/0000-0002-6900-825X,TU Dortmund University,DE,1087,40697
Hideo Nakamura,https://orcid.org/0000-0003-2944-234X,Kurume University,JP,1087,18997
Ravi Ravichandran,,Environmental Molecular Sciences Laboratory,US,1087,0
Yasuchika Takeishi,https://orcid.org/0000-0002-1188-4708,Fukushima Medical University,JP,1086,14596
Jens Wiltfang,https://orcid.org/0000-0003-1492-5330,German Center for Neurodegenerative Diseases,DE,1086,47675
Abdul Mroué,,,,1086,2938
김태희,,,,1086,140
