external_id,title,abstract,authors,categories,publication_date,source,citation_count
W2981731882,"Explainable Artificial Intelligence (XAI): Concepts, taxonomies, opportunities and challenges toward responsible AI",,Alejandro Barredo Arrieta; Natalia Díaz-Rodríguez; Javier Del Ser; Adrien Bennetot; Siham Tabik; Alberto Barbado; Salvador García; Sergio Gil-López; Daniel Molina; Richard Benjamins; Raja Chatila; Francisco Herrera,Computer science;Artificial intelligence;Taxonomy (biology);Field (mathematics);Software deployment;Data science;Deep learning;Machine learning;Management science;Software engineering;Engineering;Botany;Pure mathematics;Biology;Mathematics,2019,OpenAlex,9132
W3017131514,Artificial Intelligence in Education: A Review,"The purpose of this study was to assess the impact of Artificial Intelligence (AI) on education. Premised on a narrative and framework for assessing AI identified from a preliminary analysis, the scope of the study was limited to the application and effects of AI in administration, instruction, and learning. A qualitative research approach, leveraging the use of literature review as a research design and approach was used and effectively facilitated the realization of the study purpose. Artificial intelligence is a field of study and the resulting innovations and developments that have culminated in computers, machines, and other artifacts having human-like intelligence characterized by cognitive abilities, learning, adaptability, and decision-making capabilities. The study ascertained that AI has extensively been adopted and used in education, particularly by education institutions, in different forms. AI initially took the form of computer and computer related technologies, transitioning to web-based and online intelligent education systems, and ultimately with the use of embedded computer systems, together with other technologies, the use of humanoid robots and web-based chatbots to perform instructors' duties and functions independently or with instructors. Using these platforms, instructors have been able to perform different administrative functions, such as reviewing and grading students' assignments more effectively and efficiently, and achieve higher quality in their teaching activities. On the other hand, because the systems leverage machine learning and adaptability, curriculum and content has been customized and personalized in line with students' needs, which has fostered uptake and retention, thereby improving learners experience and overall quality of learning.",Lijia Chen; Pingping Chen; Zhijian Lin,Computer science;Adaptability;Personalized learning;Artificial intelligence;Curriculum;Knowledge management;Multimedia;Teaching method;Open learning;Cooperative learning;Mathematics education;Psychology;Biology;Ecology;Pedagogy,2020,OpenAlex,3525
W2969625533,"Artificial Intelligence (AI): Multidisciplinary perspectives on emerging challenges, opportunities, and agenda for research, practice and policy","As far back as the industrial revolution, significant development in technical innovation has succeeded in transforming numerous manual tasks and processes that had been in existence for decades where humans had reached the limits of physical capacity. Artificial Intelligence (AI) offers this same transformative potential for the augmentation and potential replacement of human tasks and activities within a wide range of industrial, intellectual and social applications. The pace of change for this new AI technological age is staggering, with new breakthroughs in algorithmic machine learning and autonomous decision-making, engendering new opportunities for continued innovation. The impact of AI could be significant, with industries ranging from: finance, healthcare, manufacturing, retail, supply chain, logistics and utilities, all potentially disrupted by the onset of AI technologies. The study brings together the collective insight from a number of leading expert contributors to highlight the significant opportunities, realistic assessment of impact, challenges and potential research agenda posed by the rapid emergence of AI within a number of domains: business and management, government, public sector, and science and technology. This research offers significant and timely insight to AI technology and its impact on the future of industry and society in general, whilst recognising the societal and industrial influence on pace and direction of AI development.",Yogesh K. Dwivedi; Laurie Hughes; Elvira Ismagilova; Gert Aarts; Crispin Coombs; Tom Crick; Yanqing Duan; Rohita Dwivedi; John S. Edwards; Aled Eirug; Vassilis Galanos; P. Vigneswara Ilavarasan; Marijn Janssen; Paul Jones; Arpan Kumar Kar; Hatice Kizgin; Bianca Kronemann; Banita Lal; Biagio Lucini; Rony Medaglia; Kenneth Le Meunier‐FitzHugh; Leslie Caroline Le Meunier-FitzHugh; Santosh K. Misra; Emmanuel Mogaji; Sujeet Kumar Sharma; Jang Bahadur Singh; Vishnupriya Raghavan; Ramakrishnan Raman; Nripendra P. Rana; Spyridon Samothrakis; Jak Spencer; Kuttimani Tamilmani; Annie Tubadji; Paul Walton; Michael D. Williams,Pace;Transformative learning;Government (linguistics);Multidisciplinary approach;Supply chain;Knowledge management;Business;Engineering;Marketing;Computer science;Sociology;Social science;Philosophy;Geography;Linguistics;Pedagogy;Geodesy,2019,OpenAlex,4093
W2950865323,Edge Intelligence: Paving the Last Mile of Artificial Intelligence With Edge Computing,"With the breakthroughs in deep learning, the recent years have witnessed a booming of artificial intelligence (AI) applications and services, spanning from personal assistant to recommendation systems to video/audio surveillance. More recently, with the proliferation of mobile computing and Internet of Things (IoT), billions of mobile and IoT devices are connected to the Internet, generating zillions bytes of data at the network edge. Driving by this trend, there is an urgent need to push the AI frontiers to the network edge so as to fully unleash the potential of the edge big data. To meet this demand, edge computing, an emerging paradigm that pushes computing tasks and services from the network core to the network edge, has been widely recognized as a promising solution. The resulted new interdiscipline, edge AI or edge intelligence (EI), is beginning to receive a tremendous amount of interest. However, research on EI is still in its infancy stage, and a dedicated venue for exchanging the recent advances of EI is highly desired by both the computer system and AI communities. To this end, we conduct a comprehensive survey of the recent research efforts on EI. Specifically, we first review the background and motivation for AI running at the network edge. We then provide an overview of the overarching architectures, frameworks, and emerging key technologies for deep learning model toward training/inference at the network edge. Finally, we discuss future research opportunities on EI. We believe that this survey will elicit escalating attentions, stimulate fruitful discussions, and inspire further research ideas on EI.",Zhi Zhou; Xu Chen; En Li; Liekang Zeng; Ke Luo; Junshan Zhang,Edge computing;Edge device;Computer science;Enhanced Data Rates for GSM Evolution;Data science;Deep learning;Applications of artificial intelligence;Big data;The Internet;Artificial intelligence;Mobile edge computing;Multimedia;Cloud computing;World Wide Web;Data mining;Operating system,2019,OpenAlex,2188
W4247155454,Artificial Intelligence and Management: The Automation–Augmentation Paradox,"Taking three recent business books on artificial intelligence (AI) as a starting point, we explore the automation and augmentation concepts in the management domain. Whereas automation implies that machines take over a human task, augmentation means that humans collaborate closely with machines to perform a task. Taking a normative stance, the three books advise organizations to prioritize augmentation, which they relate to superior performance. Using a more comprehensive paradox theory perspective, we argue that, in the management domain, augmentation cannot be neatly separated from automation. These dual AI applications are interdependent across time and space, creating a paradoxical tension. Overemphasizing either augmentation or automation fuels reinforcing cycles with negative organizational and societal outcomes. However, if organizations adopt a broader perspective comprising both automation and augmentation, they could deal with the tension and achieve complementarities that benefit business and society. Drawing on our insights, we conclude that management scholars need to be involved in research on the use of AI in organizations. We also argue that a substantial change is required in how AI research is currently conducted in order to develop meaningful theory and to provide practice with sound advice.",Sebastian Raisch; Sebastian Krakowski,Automation;Task (project management);Interdependence;Normative;Knowledge management;Perspective (graphical);Computer science;Order (exchange);Domain (mathematical analysis);Sociology;Management science;Management;Epistemology;Artificial intelligence;Business;Economics;Engineering;Social science;Mathematics;Philosophy;Mechanical engineering;Finance;Mathematical analysis,2021,OpenAlex,1934
W3109650690,Explainability for artificial intelligence in healthcare: a multidisciplinary perspective,"BACKGROUND: Explainability is one of the most heavily debated topics when it comes to the application of artificial intelligence (AI) in healthcare. Even though AI-driven systems have been shown to outperform humans in certain analytical tasks, the lack of explainability continues to spark criticism. Yet, explainability is not a purely technological issue, instead it invokes a host of medical, legal, ethical, and societal questions that require thorough exploration. This paper provides a comprehensive assessment of the role of explainability in medical AI and makes an ethical evaluation of what explainability means for the adoption of AI-driven tools into clinical practice. METHODS: Taking AI-based clinical decision support systems as a case in point, we adopted a multidisciplinary approach to analyze the relevance of explainability for medical AI from the technological, legal, medical, and patient perspectives. Drawing on the findings of this conceptual analysis, we then conducted an ethical assessment using the ""Principles of Biomedical Ethics"" by Beauchamp and Childress (autonomy, beneficence, nonmaleficence, and justice) as an analytical framework to determine the need for explainability in medical AI. RESULTS: Each of the domains highlights a different set of core considerations and values that are relevant for understanding the role of explainability in clinical practice. From the technological point of view, explainability has to be considered both in terms how it can be achieved and what is beneficial from a development perspective. When looking at the legal perspective we identified informed consent, certification and approval as medical devices, and liability as core touchpoints for explainability. Both the medical and patient perspectives emphasize the importance of considering the interplay between human actors and medical AI. We conclude that omitting explainability in clinical decision support systems poses a threat to core ethical values in medicine and may have detrimental consequences for individual and public health. CONCLUSIONS: To ensure that medical AI lives up to its promises, there is a need to sensitize developers, healthcare professionals, and legislators to the challenges and limitations of opaque algorithms in medical AI and to foster multidisciplinary collaboration moving forward.",Julia Amann; Alessandro Blasimme; Effy Vayena; Dietmar Frey; Vince I. Madai,Autonomy;Beneficence;Engineering ethics;Economic Justice;Multidisciplinary approach;Perspective (graphical);Bioethics;Health care;Health informatics;Psychology;Knowledge management;Computer science;Artificial intelligence;Political science;Engineering;Law,2020,OpenAlex,1888
W4304943299,Ethical principles for artificial intelligence in education,"The advancement of artificial intelligence in education (AIED) has the potential to transform the educational landscape and influence the role of all involved stakeholders. In recent years, the applications of AIED have been gradually adopted to progress our understanding of students' learning and enhance learning performance and experience. However, the adoption of AIED has led to increasing ethical risks and concerns regarding several aspects such as personal data and learner autonomy. Despite the recent announcement of guidelines for ethical and trustworthy AIED, the debate revolves around the key principles underpinning ethical AIED. This paper aims to explore whether there is a global consensus on ethical AIED by mapping and analyzing international organizations' current policies and guidelines. In this paper, we first introduce the opportunities offered by AI in education and potential ethical issues. Then, thematic analysis was conducted to conceptualize and establish a set of ethical principles by examining and synthesizing relevant ethical policies and guidelines for AIED. We discuss each principle and associated implications for relevant educational stakeholders, including students, teachers, technology developers, policymakers, and institutional decision-makers. The proposed set of ethical principles is expected to serve as a framework to inform and guide educational stakeholders in the development and deployment of ethical and trustworthy AIED as well as catalyze future development of related impact studies in the field.",Andy Nguyen; Ha Ngan Ngo; Yvonne Hong; Belle Dang; Bich‐Phuong Thi Nguyen,Autonomy;Engineering ethics;Underpinning;Trustworthiness;Set (abstract data type);Thematic analysis;Psychology;Knowledge management;Public relations;Political science;Sociology;Computer science;Qualitative research;Engineering;Social psychology;Social science;Law;Civil engineering;Programming language,2022,OpenAlex,1018
W3156614709,A Review of Artificial Intelligence (AI) in Education from 2010 to 2020,"This study provided a content analysis of studies aiming to disclose how artificial intelligence (AI) has been applied to the education sector and explore the potential research trends and challenges of AI in education. A total of 100 papers including 63 empirical papers (74 studies) and 37 analytic papers were selected from the education and educational research category of Social Sciences Citation Index database from 2010 to 2020. The content analysis showed that the research questions could be classified into development layer (classification, matching, recommendation, and deep learning), application layer (feedback, reasoning, and adaptive learning), and integration layer (affection computing, role‐playing, immersive learning, and gamification). Moreover, four research trends, including Internet of Things, swarm intelligence, deep learning, and neuroscience, as well as an assessment of AI in education, were suggested for further investigation. However, we also proposed the challenges in education may be caused by AI with regard to inappropriate use of AI techniques, changing roles of teachers and students, as well as social and ethical issues. The results provide insights into an overview of the AI used for education domain, which helps to strengthen the theoretical foundation of AI in education and provides a promising channel for educators and AI engineers to carry out further collaborative research.",Xuesong Zhai; Xiaoyan Chu; Ching Sing Chai; Morris Siu–Yung Jong; Andreja Istenič Starčič; Michael Spector; Jia‐Bao Liu; Yuan Jing; Yan Li,Artificial intelligence;Computer science;Applications of artificial intelligence;Machine learning,2021,OpenAlex,1150
W3025948831,Artificial intelligence–enabled rapid diagnosis of patients with COVID-19,,Xueyan Mei; Hao-Chih Lee; Kaiyue Diao; Mingqian Huang; Bin Lin; Chenyu Liu; Zongyu Xie; Yixuan Ma; Philip M. Robson; Michael Chung; Adam Bernheim; Venkatesh Mani; Claudia Calcagno; Kunwei Li; Shaolin Li; Hong Shan; Jian Lv; Tongtong Zhao; Junli Xia; Qihua Long; Sharon Steinberger; Adam Jacobi; Timothy Deyer; Marta Łuksza; Fang Liu; Brent P. Little; Zahi A. Fayad; Yang Yang,Coronavirus disease 2019 (COVID-19);Severe acute respiratory syndrome coronavirus 2 (SARS-CoV-2);2019-20 coronavirus outbreak;Virology;Betacoronavirus;Medicine;Pathology;Outbreak;Infectious disease (medical specialty);Disease,2020,OpenAlex,1095
W4223898970,How Artificial Intelligence Technology Affects Productivity and Employment: Firm-level Evidence from Taiwan,,Chih‐Hai Yang,Productivity;Workforce;Robustness (evolution);Matching (statistics);Industrial organization;Business;Labour economics;Economics;Economic growth;Gene;Chemistry;Mathematics;Statistics;Biochemistry,2022,OpenAlex,494
W3044960932,Artificial intelligence in the creative industries: a review,"Abstract This paper reviews the current state of the art in artificial intelligence (AI) technologies and applications in the context of the creative industries. A brief background of AI, and specifically machine learning (ML) algorithms, is provided including convolutional neural networks (CNNs), generative adversarial networks (GANs), recurrent neural networks (RNNs) and deep Reinforcement Learning (DRL). We categorize creative applications into five groups, related to how AI technologies are used: (i) content creation, (ii) information analysis, (iii) content enhancement and post production workflows, (iv) information extraction and enhancement, and (v) data compression. We critically examine the successes and limitations of this rapidly advancing technology in each of these areas. We further differentiate between the use of AI as a creative tool and its potential as a creator in its own right. We foresee that, in the near future, ML-based AI will be adopted widely as a tool or collaborative assistant for creativity. In contrast, we observe that the successes of ML in domains with fewer constraints, where AI is the ‘creator’, remain modest. The potential of AI (or its developers) to win awards for its original creations in competition with human creatives is also limited, based on contemporary technologies. We therefore conclude that, in the context of creative industries, maximum benefit from AI will be derived where its focus is human-centric—where it is designed to augment, rather than replace, human creativity.",Nantheera Anantrasirichai; David Bull,Computer science;Artificial intelligence;Context (archaeology);Categorization;Generative grammar;Applications of artificial intelligence;Creativity;Deep learning;Focus (optics);Reinforcement learning;Convolutional neural network;Artificial neural network;Computational creativity;Ideation;Human intelligence;Big data;Data science;Adversarial system;Machine learning;Cognitive science;Production (economics);Brainstorming,2021,OpenAlex,665
W4304014045,Artificial intelligence for multimodal data integration in oncology,,Jana Lipková; Richard J. Chen; Bowen Chen; Ming Y. Lu; Matteo Barbieri; Daniel Shao; Anurag Vaidya; Chengkuan Chen; Luoting Zhuang; Drew F. K. Williamson; Muhammad Shaban; Tiffany Chen; Faisal Mahmood,Computer science;Data integration;Medicine;Computational biology;Oncology;Cancer research;Biology;Data mining,2022,OpenAlex,684
W2924260403,Toward understanding the impact of artificial intelligence on labor,"Rapid advances in artificial intelligence (AI) and automation technologies have the potential to significantly disrupt labor markets. While AI and automation can augment the productivity of some workers, they can replace the work done by others and will likely transform almost all occupations at least to some degree. Rising automation is happening in a period of growing economic inequality, raising fears of mass technological unemployment and a renewed call for policy efforts to address the consequences of technological change. In this paper we discuss the barriers that inhibit scientists from measuring the effects of AI and automation on the future of work. These barriers include the lack of high-quality data about the nature of work (e.g., the dynamic requirements of occupations), lack of empirically informed models of key microlevel processes (e.g., skill substitution and human-machine complementarity), and insufficient understanding of how cognitive technologies interact with broader economic dynamics and institutional mechanisms (e.g., urban migration and international trade policy). Overcoming these barriers requires improvements in the longitudinal and spatial resolution of data, as well as refinements to data on workplace skills. These improvements will enable multidisciplinary research to quantitatively monitor and predict the complex evolution of work in tandem with technological progress. Finally, given the fundamental uncertainty in predicting technological change, we recommend developing a decision framework that focuses on resilience to unexpected scenarios in addition to general equilibrium behavior.",Morgan R. Frank; David Autor; James Bessen; Erik Brynjolfsson; Manuel Cebrián; David Deming; Maryann P. Feldman; Matthew Groh; José Lobo; Esteban Moro; Dashun Wang; Hyejin Youn; Iyad Rahwan,Technological change;Automation;Productivity;Unemployment;Emerging technologies;Complementarity (molecular biology);Work (physics);Multidisciplinary approach;Computer science;Economics;Risk analysis (engineering);Business;Artificial intelligence;Engineering;Sociology;Economic growth;Mechanical engineering;Social science;Biology;Genetics,2019,OpenAlex,669
W3212941463,"Edge Artificial Intelligence for 6G: Vision, Enabling Technologies, and Applications","The thriving of artificial intelligence (AI) applications is driving the further evolution of wireless networks. It has been envisioned that 6G will be transformative and will revolutionize the evolution of wireless from “connected things” to “connected intelligence”. However, state-of-the-art deep learning and big data analytics based AI systems require tremendous computation and communication resources, causing significant latency, energy consumption, network congestion, and privacy leakage in both of the training and inference processes. By embedding model training and inference capabilities into the network edge, edge AI stands out as a disruptive technology for 6G to seamlessly integrate sensing, communication, computation, and intelligence, thereby improving the efficiency, effectiveness, privacy, and security of 6G networks. In this paper, we shall provide our vision for scalable and trustworthy edge AI systems with integrated design of wireless communication strategies and decentralized machine learning models. New design principles of wireless networks, service-driven resource allocation optimization methods, as well as a holistic end-to-end system architecture to support edge AI will be described. Standardization, software and hardware platforms, and application scenarios are also discussed to facilitate the industrialization and commercialization of edge AI systems.",Khaled B. Letaief; Yuanming Shi; Jianmin Lu; Jianhua Lu,Computer science;Artificial intelligence;Enhanced Data Rates for GSM Evolution;Edge computing;Human–computer interaction;Computer vision;Computer architecture;Multimedia;Telecommunications,2021,OpenAlex,733
W3036911563,Data governance: Organizing data for trustworthy Artificial Intelligence,,Marijn Janssen; Paul Brous; Elsa Estévez; Lu­ís Soares Barbosa; Tomasz Janowski,Data governance;Big data;Computer science;Corporate governance;Scrutiny;Data science;Data sharing;Artificial intelligence;Knowledge management;Data mining;Data quality;Business;Law;Political science;Marketing;Metric (unit);Alternative medicine;Pathology;Medicine;Finance,2020,OpenAlex,675
W4293229829,Unlocking the value of artificial intelligence in human resource management through AI capability framework,,Soumyadeb Chowdhury; Prasanta Kumar Dey; Sian Joel-Edgar; Sudeshna Bhattacharya; Oscar Rodríguez-Espíndola; Amélie Abadie; Linh Truong,Human resource management;Value (mathematics);Knowledge management;Artificial intelligence;Computer science;Business;Process management;Operations management;Engineering;Machine learning,2022,OpenAlex,820
W3027201985,Change Detection Based on Artificial Intelligence: State-of-the-Art and Challenges,"Change detection based on remote sensing (RS) data is an important method of detecting changes on the Earth’s surface and has a wide range of applications in urban planning, environmental monitoring, agriculture investigation, disaster assessment, and map revision. In recent years, integrated artificial intelligence (AI) technology has become a research focus in developing new change detection methods. Although some researchers claim that AI-based change detection approaches outperform traditional change detection approaches, it is not immediately obvious how and to what extent AI can improve the performance of change detection. This review focuses on the state-of-the-art methods, applications, and challenges of AI for change detection. Specifically, the implementation process of AI-based change detection is first introduced. Then, the data from different sensors used for change detection, including optical RS data, synthetic aperture radar (SAR) data, street view images, and combined heterogeneous data, are presented, and the available open datasets are also listed. The general frameworks of AI-based change detection methods are reviewed and analyzed systematically, and the unsupervised schemes used in AI-based change detection are further analyzed. Subsequently, the commonly used networks in AI for change detection are described. From a practical point of view, the application domains of AI-based change detection methods are classified based on their applicability. Finally, the major challenges and prospects of AI for change detection are discussed and delineated, including (a) heterogeneous big data processing, (b) unsupervised AI, and (c) the reliability of AI. This review will be beneficial for researchers in understanding this field.",Wenzhong Shi; Min Zhang; Rui Zhang; Shanxiong Chen; Zhao Zhan,Change detection;Computer science;Artificial intelligence;Machine learning,2020,OpenAlex,573
W4284898480,Is artificial intelligence improving the audit process?,"Abstract How does artificial intelligence (AI) impact audit quality and efficiency? We explore this question by leveraging a unique dataset of more than 310,000 detailed individual resumes for the 36 largest audit firms to identify audit firms’ employment of AI workers. We provide a first look into the AI workforce within the auditing sector. AI workers tend to be male and relatively young and hold mostly but not exclusively technical degrees. Importantly, AI is a centralized function within the firm, with workers concentrating in a handful of teams and geographic locations. Our results show that investing in AI helps improve audit quality, reduces fees, and ultimately displaces human auditors, although the effect on labor takes several years to materialize. Specifically, a one-standard-deviation change in recent AI investments is associated with a 5.0% reduction in the likelihood of an audit restatement, a 0.9% drop in audit fees, and a reduction in the number of accounting employees that reaches 3.6% after three years and 7.1% after four years. Our empirical analyses are supported by in-depth interviews with 17 audit partners representing the eight largest U.S. public accounting firms, which show that (1) AI is developed centrally; (2) AI is widely used in audit; and (3) the primary goal for using AI in audit is improved quality, followed by efficiency.",Anastassia Fedyk; James Hodson; Natalya V. Khimich; Tatiana Fedyk,Audit;Accounting;Workforce;Public finance;Joint audit;Quality audit;Business;Public sector;Audit plan;Internal audit;Economics;Economic growth;Macroeconomics;Economy,2022,OpenAlex,387
W3034560014,Artificial Intelligence and COVID-19: Deep Learning Approaches for Diagnosis and Treatment,"COVID-19 outbreak has put the whole world in an unprecedented difficult situation bringing life around the world to a frightening halt and claiming thousands of lives. Due to COVID-19's spread in 212 countries and territories and increasing numbers of infected cases and death tolls mounting to 5,212,172 and 334,915 (as of May 22 2020), it remains a real threat to the public health system. This paper renders a response to combat the virus through Artificial Intelligence (AI). Some Deep Learning (DL) methods have been illustrated to reach this goal, including Generative Adversarial Networks (GANs), Extreme Learning Machine (ELM), and Long/Short Term Memory (LSTM). It delineates an integrated bioinformatics approach in which different aspects of information from a continuum of structured and unstructured data sources are put together to form the user-friendly platforms for physicians and researchers. The main advantage of these AI-based platforms is to accelerate the process of diagnosis and treatment of the COVID-19 disease. The most recent related publications and medical reports were investigated with the purpose of choosing inputs and targets of the network that could facilitate reaching a reliable Artificial Neural Network-based tool for challenges associated with COVID-19. Furthermore, there are some specific inputs for each platform, including various forms of the data, such as clinical data and medical imaging which can improve the performance of the introduced approaches toward the best responses in practical applications.",Mohammad Jamshidi; Ali Lalbakhsh; Jakub Talla; Zdeněk Peroutka; Farimah Hadjilooei; Pedram Lalbakhsh; Morteza Jamshidi; Luigi La Spada; Mirhamed Mirmozafari; Mojgan Dehghani; Asal Sabet; Saeed Roshani; Sobhan Roshani; Nima Bayat-Makou; Bahare Mohamadzade; Zahra Malek; Alireza Jamshidi; Sara Kiani; Hamed Hashemi‐Dezaki; Wahab Mohyuddin,Computer science;Artificial intelligence;Coronavirus disease 2019 (COVID-19);Adversarial system;Deep learning;Artificial neural network;Machine learning;Process (computing);Data science;Generative grammar;Infectious disease (medical specialty);Disease;Medicine;Pathology;Operating system,2020,OpenAlex,554
W4321748146,Artificial Intelligence–Based Chatbots for Promoting Health Behavioral Changes: Systematic Review,"BACKGROUND: Artificial intelligence (AI)-based chatbots can offer personalized, engaging, and on-demand health promotion interventions. OBJECTIVE: The aim of this systematic review was to evaluate the feasibility, efficacy, and intervention characteristics of AI chatbots for promoting health behavior change. METHODS: A comprehensive search was conducted in 7 bibliographic databases (PubMed, IEEE Xplore, ACM Digital Library, PsycINFO, Web of Science, Embase, and JMIR publications) for empirical articles published from 1980 to 2022 that evaluated the feasibility or efficacy of AI chatbots for behavior change. The screening, extraction, and analysis of the identified articles were performed by following the PRISMA (Preferred Reporting Items for Systematic Reviews and Meta-Analyses) guidelines. RESULTS: Of the 15 included studies, several demonstrated the high efficacy of AI chatbots in promoting healthy lifestyles (n=6, 40%), smoking cessation (n=4, 27%), treatment or medication adherence (n=2, 13%), and reduction in substance misuse (n=1, 7%). However, there were mixed results regarding feasibility, acceptability, and usability. Selected behavior change theories and expert consultation were used to develop the behavior change strategies of AI chatbots, including goal setting, monitoring, real-time reinforcement or feedback, and on-demand support. Real-time user-chatbot interaction data, such as user preferences and behavioral performance, were collected on the chatbot platform to identify ways of providing personalized services. The AI chatbots demonstrated potential for scalability by deployment through accessible devices and platforms (eg, smartphones and Facebook Messenger). The participants also reported that AI chatbots offered a nonjudgmental space for communicating sensitive information. However, the reported results need to be interpreted with caution because of the moderate to high risk of internal validity, insufficient description of AI techniques, and limitation for generalizability. CONCLUSIONS: AI chatbots have demonstrated the efficacy of health behavior change interventions among large and diverse populations; however, future studies need to adopt robust randomized control trials to establish definitive conclusions.",Abhishek Aggarwal; Cheuk Chi Tam; Dezhi Wu; Xiaoming Li; Shan Qiao,Chatbot;PsycINFO;eHealth;Computer science;Usability;Behavior change;Digital health;Telemedicine;Systematic review;Personalization;MEDLINE;Psychological intervention;Medicine;World Wide Web;Applied psychology;Artificial intelligence;Health care;Psychology;Nursing;Human–computer interaction;Economic growth;Political science;Pathology;Law;Economics,2023,OpenAlex,611
W4386607677,Artificial intelligence for natural product drug discovery,,Michael W. Mullowney; Katherine Duncan; Somayah S. Elsayed; Neha Garg; Justin J. J. van der Hooft; Nathaniel I. Martin; David Meijer; Barbara R. Terlouw; Friederike Biermann; Kai Blin; Janani Durairaj; Marina Gorostiola González; Eric J. N. Helfrich; Florian Huber; Stefan Leopold‐Messer; Kohulan Rajan; Tristan de Rond; Jeffrey A. van Santen; Maria Sorokina; Marcy J. Balunas; Mehdi A. Beniddir; Doris A. van Bergeijk; Laura M. Carroll; Chase M. Clark; Djork-Arné Clevert; Chris A. Dejong; Chao Du; Scarlet Ferrinho; Francesca Grisoni; Albert Hofstetter; Willem Jespers; Olga V. Kalinina; Satria A. Kautsar; Hyun Woo Kim; Tiago Leão; Joleen Masschelein; Evan Rees; Raphael Reher; Daniel Reker; Philippe Schwaller; Marwin Segler; Michael A. Skinnider; Allison S. Walker; Egon Willighagen; Barbara Zdrazil; Nadine Ziemert; Rebecca J. M. Goss; Pierre Guyomard; Andrea Volkamer; William H. Gerwick; Hyun Uk Kim; Rolf Müller; Gilles P. van Wezel; Gerard J. P. van Westen; Anna K. H. Hirsch; Roger G. Linington; Serina L. Robinson; Marnix H. Medema,Drug discovery;Natural product;Drug;Computer science;Data science;Pharmacology;Computational biology;Medicine;Chemistry;Bioinformatics;Biology;Stereochemistry,2023,OpenAlex,395
W4376633190,Artificial intelligence and firm-level productivity,"Artificial Intelligence (AI) is often regarded as the next general-purpose technology with a rapid, penetrating, and far-reaching use over a broad number of industrial sectors. The main feature of new general-purpose technology is to enable new ways of production that may increase productivity. However, to date, only a few studies have investigated the likely productivity effects of AI at the firm-level, presumably due to limited data availability. We exploit unique survey data on firms’ adoption of AI technology and estimate its productivity effects with a sample of German firms. We employ both a cross-sectional dataset and a panel database. To address the potential endogeneity of AI adoption, we also implement IV estimators. We find positive and significant associations between the use of AI and firm productivity. This finding holds for different measures of AI usage, i.e., an indicator variable of AI adoption, and the intensity with which firms use AI methods in their business processes.",Dirk Czarnitzki; Gastón P. Fernández; Christian Rammer,Endogeneity;Productivity;Exploit;Panel data;Sample (material);Industrial organization;Production (economics);Econometrics;Economics;Business;Computer science;Microeconomics;Economic growth;Computer security;Chromatography;Chemistry,2023,OpenAlex,343
W4401587065,Generative artificial intelligence: a systematic review and applications,"Abstract In recent years, the study of artificial intelligence (AI) has undergone a paradigm shift. This has been propelled by the groundbreaking capabilities of generative models both in supervised and unsupervised learning scenarios. Generative AI has shown state-of-the-art performance in solving perplexing real-world conundrums in fields such as image translation, medical diagnostics, textual imagery fusion, natural language processing, and beyond. This paper documents the systematic review and analysis of recent advancements and techniques in Generative AI with a detailed discussion of their applications including application-specific models. Indeed, the major impact that generative AI has made to date, has been in language generation with the development of large language models, in the field of image translation and several other interdisciplinary applications of generative AI. Moreover, the primary contribution of this paper lies in its coherent synthesis of the latest advancements in these areas, seamlessly weaving together contemporary breakthroughs in the field. Particularly, how it shares an exploration of the future trajectory for generative AI. In conclusion, the paper ends with a discussion of Responsible AI principles, and the necessary ethical considerations for the sustainability and growth of these generative models.",Sandeep Singh Sengar; Affan Bin Hasan; Sanjay Kumar; Fiona Carroll,Computer science;Generative grammar;Artificial intelligence;Machine learning;Natural language processing;Cognitive science;Psychology,2024,OpenAlex,366
W3161335554,Artificial intelligence and machine learning for medical imaging: A technology review,"Artificial intelligence (AI) has recently become a very popular buzzword, as a consequence of disruptive technical advances and impressive experimental results, notably in the field of image analysis and processing. In medicine, specialties where images are central, like radiology, pathology or oncology, have seized the opportunity and considerable efforts in research and development have been deployed to transfer the potential of AI to clinical applications. With AI becoming a more mainstream tool for typical medical imaging analysis tasks, such as diagnosis, segmentation, or classification, the key for a safe and efficient use of clinical AI applications relies, in part, on informed practitioners. The aim of this review is to present the basic technological pillars of AI, together with the state-of-the-art machine learning methods and their application to medical imaging. In addition, we discuss the new trends and future research directions. This will help the reader to understand how AI methods are now becoming an ubiquitous tool in any medical image analysis workflow and pave the way for the clinical implementation of AI-based solutions.",Ana María Barragán Montero; Umair Javaid; Gilmer Valdés; Dan Nguyen; Paul Desbordes; Benoît Macq; Siri Willems; Liesbeth Vandewinckele; Mats Holmström; Fredrik Löfman; Steven Michiels; Kevin Souris; Edmond Sterpin; John A. Lee,Workflow;Artificial intelligence;Computer science;Applications of artificial intelligence;Mainstream;Medical imaging;Field (mathematics);Data science;Key (lock);Machine learning;Philosophy;Theology;Pure mathematics;Database;Computer security;Mathematics,2021,OpenAlex,429
W3001446745,What is AI? Applications of artificial intelligence to dermatology,"In the past, the skills required to make an accurate dermatological diagnosis have required exposure to thousands of patients over many years. However, in recent years, artificial intelligence (AI) has made enormous advances, particularly in the area of image classification. This has led computer scientists to apply these techniques to develop algorithms that are able to recognize skin lesions, particularly melanoma. Since 2017, there have been numerous studies assessing the accuracy of algorithms, with some reporting that the accuracy matches or surpasses that of a dermatologist. While the principles underlying these methods are relatively straightforward, it can be challenging for the practising dermatologist to make sense of a plethora of unfamiliar terms in this domain. Here we explain the concepts of AI, machine learning, neural networks and deep learning, and explore the principles of how these tasks are accomplished. We critically evaluate the studies that have assessed the efficacy of these methods and discuss limitations and potential ethical issues. The burden of skin cancer is growing within the Western world, with major implications for both population skin health and the provision of dermatology services. AI has the potential to assist in the diagnosis of skin lesions and may have particular value at the interface between primary and secondary care. The emerging technology represents an exciting opportunity for dermatologists, who are the individuals best informed to explore the utility of this powerful novel diagnostic tool, and facilitate its safe and ethical implementation within healthcare systems.",Xinyi Du-Harpur; Fiona M. Watt; Nicholas M. Luscombe; Magnus Lynch,Artificial intelligence;Skin cancer;Health care;Computer science;Domain (mathematical analysis);Deep learning;Precision medicine;Medicine;Dermatology;Machine learning;Cancer;Pathology;Mathematics;Economic growth;Internal medicine;Mathematical analysis;Economics,2020,OpenAlex,344
W4320040080,The Ethical Implications of Artificial Intelligence (AI) For Meaningful Work,"Abstract The increasing workplace use of artificially intelligent (AI) technologies has implications for the experience of meaningful human work. Meaningful work refers to the perception that one’s work has worth, significance, or a higher purpose. The development and organisational deployment of AI is accelerating, but the ways in which this will support or diminish opportunities for meaningful work and the ethical implications of these changes remain under-explored. This conceptual paper is positioned at the intersection of the meaningful work and ethical AI literatures and offers a detailed assessment of the ways in which the deployment of AI can enhance or diminish employees’ experiences of meaningful work. We first outline the nature of meaningful work and draw on philosophical and business ethics accounts to establish its ethical importance. We then explore the impacts of three paths of AI deployment (replacing some tasks, ‘tending the machine’, and amplifying human skills) across five dimensions constituting a holistic account of meaningful work, and finally assess the ethical implications. In doing so we help to contextualise the meaningful work literature for the era of AI, extend the ethical AI literature into the workplace, and conclude with a range of practical implications and future research directions.",Sarah Bankins; Paul Formosa,Business ethics;Software deployment;Work (physics);Engineering ethics;Perception;Intersection (aeronautics);Sociology;Computer science;Knowledge management;Psychology;Public relations;Political science;Engineering;Neuroscience;Operating system;Mechanical engineering;Aerospace engineering,2023,OpenAlex,383
W3124534840,The impact of artificial intelligence on labor productivity,"Abstract Recent evidence indicates an upsurge in artificial intelligence and robotics (AI) patenting activities in the latest years, suggesting that solutions based on AI technologies might have started to exert an effect on the economy. We test this hypothesis using a worldwide sample of 5257 companies having filed at least a patent related to the field of AI between 2000 and 2016. Our analysis shows that, once controlling for other patenting activities, AI patent applications generate an extra-positive effect on companies’ labor productivity. The effect concentrates on SMEs and services industries, suggesting that the ability to quickly readjust and introduce AI-based applications in the production process is an important determinant of the impact of AI observed to date.",Giacomo Damioli; Vincent Van Roy; Dániel Vértesy,Productivity;Field (mathematics);Sample (material);Artificial intelligence;Production (economics);Economics;Industrial organization;Process (computing);Computer science;Microeconomics;Economic growth;Mathematics;Pure mathematics;Chemistry;Chromatography;Operating system,2021,OpenAlex,311
W3034698100,The Impact of Artificial Intelligence and Blockchain on the Accounting Profession,"Recent developments in technology have introduced dramatic changes to the practice of the accounting profession. This paper provides a comprehensive review of current developments in big data, machine learning, artificial intelligence, and blockchain utilized in general business practice and by specialized practitioners in the accounting profession worldwide. This paper explores the evolution of the accounting profession following these recent technological developments and assesses the impact of future developments. Inherent challenges and opportunities posed by these new technologies pertaining to accounting professionals and accounting educators are also examined, including an increased demand for IT professionals with accounting experience as opposed to accounting major graduates. Considering the dramatic changes and developments of AI applications in accounting, this paper reflects how all these technologies and the associated requirements of job candidates will affect the desired capabilities of accounting graduates and provides further discussion regarding what higher institutions and their accounting graduates can do to adopt such changes.",Yingying Zhang; Feng Xiong; Yi Xie; Xuan Fan; GU Hai-feng,Accounting;Management accounting;Big data;Accounting information system;Computer science;Business;Knowledge management;Operating system,2020,OpenAlex,340
W4220980752,The Role of Artificial Intelligence in Early Cancer Diagnosis,"Improving the proportion of patients diagnosed with early-stage cancer is a key priority of the World Health Organisation. In many tumour groups, screening programmes have led to improvements in survival, but patient selection and risk stratification are key challenges. In addition, there are concerns about limited diagnostic workforces, particularly in light of the COVID-19 pandemic, placing a strain on pathology and radiology services. In this review, we discuss how artificial intelligence algorithms could assist clinicians in (1) screening asymptomatic patients at risk of cancer, (2) investigating and triaging symptomatic patients, and (3) more effectively diagnosing cancer recurrence. We provide an overview of the main artificial intelligence approaches, including historical models such as logistic regression, as well as deep learning and neural networks, and highlight their early diagnosis applications. Many data types are suitable for computational analysis, including electronic healthcare records, diagnostic images, pathology slides and peripheral blood, and we provide examples of how these data can be utilised to diagnose cancer. We also discuss the potential clinical implications for artificial intelligence algorithms, including an overview of models currently used in clinical practice. Finally, we discuss the potential limitations and pitfalls, including ethical concerns, resource demands, data security and reporting standards.",Benjamin Hunter; Sumeet Hindocha; Richard W. Lee,Artificial intelligence;Medicine;Computer science;Data science;Intensive care medicine,2022,OpenAlex,327
W4321376147,Artificial intelligence in dentistry—A review,"Artificial Intelligence (AI) is the ability of machines to perform tasks that normally require human intelligence. AI is not a new term, the concept of AI can be dated back to 1950. However, it did not become a practical tool until two decades ago. Owing to the rapid development of three cornerstones of current AI technology-big data (coming through digital devices), computational power, and AI algorithm-in the past two decades, AI applications have started to provide convenience to people's lives. In dentistry, AI has been adopted in all dental disciplines, i.e., operative dentistry, periodontics, orthodontics, oral and maxillofacial surgery, and prosthodontics. The majority of the AI applications in dentistry are for diagnosis based on radiographic or optical images, while other tasks are not as applicable as image-based tasks mainly due to the constraints of data availability, data uniformity, and computational power for handling 3D data. Evidence-based dentistry (EBD) is regarded as the gold standard for decision making by dental professionals, while AI machine learning (ML) models learn from human expertise. ML can be seen as another valuable tool to assist dental professionals in multiple stages of clinical cases. This review describes the history and classification of AI, summarizes AI applications in dentistry, discusses the relationship between EBD and ML, and aims to help dental professionals better understand AI as a tool to support their routine work with improved efficiency.",Hao Ding; Jiamin Wu; Wuyuan Zhao; JP Matinlinna; Michael F. Burrow; James Kit Hon Tsoi,Computer science;Prosthodontics;Applications of artificial intelligence;Fixed prosthodontics;Dentistry;Artificial intelligence;Big data;Data science;Medicine;Data mining,2023,OpenAlex,253
W2236370645,Unmanned Aerial Vehicles (UAVs) and Artificial Intelligence Revolutionizing Wildlife Monitoring and Conservation,"Surveying threatened and invasive species to obtain accurate population estimates is an important but challenging task that requires a considerable investment in time and resources. Estimates using existing ground-based monitoring techniques, such as camera traps and surveys performed on foot, are known to be resource intensive, potentially inaccurate and imprecise, and difficult to validate. Recent developments in unmanned aerial vehicles (UAV), artificial intelligence and miniaturized thermal imaging systems represent a new opportunity for wildlife experts to inexpensively survey relatively large areas. The system presented in this paper includes thermal image acquisition as well as a video processing pipeline to perform object detection, classification and tracking of wildlife in forest or open areas. The system is tested on thermal video data from ground based and test flight footage, and is found to be able to detect all the target wildlife located in the surveyed area. The system is flexible in that the user can readily define the types of objects to classify and the object characteristics that should be considered during classification.",Felipé Gonzalez; Glen Montes; Eduard Puig; Sandra Johnson; Kerrie Mengersen; Kevin J. Gaston,Wildlife;Computer science;Aerial survey;Threatened species;Object detection;Artificial intelligence;Population;Resource (disambiguation);Pipeline (software);Real-time computing;Remote sensing;Geography;Ecology;Pattern recognition (psychology);Computer network;Demography;Habitat;Biology;Programming language;Sociology,2016,OpenAlex,464
W2776311290,Artificial Intelligence and Its Implications for Income Distribution and Unemployment,"Inequality is one of the main challenges posed by the proliferation of artificial intelligence (AI) and other forms of worker-replacing technological progress. This paper provides a taxonomy of the associated economic issues: First, we discuss the general conditions under which new technologies such as AI may lead to a Pareto improvement. Secondly, we delineate the two main channels through which inequality is affected -the surplus arising to innovators and redistributions arising from factor price changes. Third, we provide several simple economic models to describe how policy can counter these effects, even in the case of a ""singularity"" where machines come to dominate human labor. Under plausible conditions, non-distortionary taxation can be levied to compensate those who otherwise might lose. Fourth, we describe the two main channels through which technological progress may lead to technological unemployment -via efficiency wage effects and as a transitional phenomenon. Lastly, we speculate on how technologies to create super-human levels of intelligence may affect inequality and on how to save humanity from the Malthusian destiny that may ensue.",Anton Korinek; Joseph E. Stiglitz,Unemployment;Economics;Technological change;Inequality;Pareto principle;Economic inequality;Income distribution;Neoclassical economics;Labour economics;Macroeconomics;Operations management;Mathematics;Mathematical analysis,2017,OpenAlex,357
W3200742808,Chatbot for Health Care and Oncology Applications Using Artificial Intelligence and Machine Learning: Systematic Review,"BACKGROUND: Chatbot is a timely topic applied in various fields, including medicine and health care, for human-like knowledge transfer and communication. Machine learning, a subset of artificial intelligence, has been proven particularly applicable in health care, with the ability for complex dialog management and conversational flexibility. OBJECTIVE: This review article aims to report on the recent advances and current trends in chatbot technology in medicine. A brief historical overview, along with the developmental progress and design characteristics, is first introduced. The focus will be on cancer therapy, with in-depth discussions and examples of diagnosis, treatment, monitoring, patient support, workflow efficiency, and health promotion. In addition, this paper will explore the limitations and areas of concern, highlighting ethical, moral, security, technical, and regulatory standards and evaluation issues to explain the hesitancy in implementation. METHODS: A search of the literature published in the past 20 years was conducted using the IEEE Xplore, PubMed, Web of Science, Scopus, and OVID databases. The screening of chatbots was guided by the open-access Botlist directory for health care components and further divided according to the following criteria: diagnosis, treatment, monitoring, support, workflow, and health promotion. RESULTS: Even after addressing these issues and establishing the safety or efficacy of chatbots, human elements in health care will not be replaceable. Therefore, chatbots have the potential to be integrated into clinical practice by working alongside health practitioners to reduce costs, refine workflow efficiencies, and improve patient outcomes. Other applications in pandemic support, global health, and education are yet to be fully explored. CONCLUSIONS: Further research and interdisciplinary collaboration could advance this technology to dramatically improve the quality of care for patients, rebalance the workload for clinicians, and revolutionize the practice of medicine.",Lu Xu; Leslie Sanders; Kay Li; James C. L. Chow,Chatbot;Workflow;Health care;Safeguarding;Clinical decision support system;Medicine;Knowledge management;Computer science;Medical education;Artificial intelligence;Nursing;Decision support system;Political science;Database;Law,2021,OpenAlex,534
W4285605356,Proceedings of the Thirty-First International Joint Conference on Artificial Intelligence,"This paper considers the capacity expansion problem in two-sided matchings, where the policymaker is allowed to allocate some extra seats as well as the standard seats.In medical residency match, each hospital accepts a limited number of doctors.Such capacity constraints are typically given in advance.However, such exogenous constraints can compromise the welfare of the doctors; some popular hospitals inevitably dismiss some of their favorite doctors.Meanwhile, it is often the case that the hospitals are also benefited to accept a few extra doctors.To tackle the problem, we propose an anytime method that the upper confidence tree searches the space of capacity expansions, each of which has a resident-optimal stable assignment that the deferred acceptance method finds.Constructing a good search tree representation significantly boosts the performance of the proposed method.Our simulation shows that the proposed method identifies an almost optimal capacity expansion with a significantly smaller computational budget than exact methods based on mixed-integer programming.",,Joint (building);Computer science;Artificial intelligence;Engineering;Architectural engineering,2022,OpenAlex,316
W3011363941,"Artificial intelligence, transparency, and public decision-making","Abstract The increasing use of Artificial Intelligence (AI) for making decisions in public affairs has sparked a lively debate on the benefits and potential harms of self-learning technologies, ranging from the hopes of fully informed and objectively taken decisions to fear for the destruction of mankind. To prevent the negative outcomes and to achieve accountable systems, many have argued that we need to open up the “black box” of AI decision-making and make it more transparent. Whereas this debate has primarily focused on how transparency can secure high-quality, fair, and reliable decisions, far less attention has been devoted to the role of transparency when it comes to how the general public come to perceive AI decision-making as legitimate and worthy of acceptance. Since relying on coercion is not only normatively problematic but also costly and highly inefficient, perceived legitimacy is fundamental to the democratic system. This paper discusses how transparency in and about AI decision-making can affect the public’s perception of the legitimacy of decisions and decision-makers and produce a framework for analyzing these questions. We argue that a limited form of transparency that focuses on providing justifications for decisions has the potential to provide sufficient ground for perceived legitimacy without producing the harms full transparency would bring.",Karl de Fine Licht; Jenny de Fine Licht,Transparency (behavior);Legitimacy;Accountability;Perception;Public relations;Political science;Public trust;Law and economics;Business;Sociology;Psychology;Law;Politics;Neuroscience,2020,OpenAlex,304
W3167048034,Understanding managers’ attitudes and behavioral intentions towards using artificial intelligence for organizational decision-making,"While using artificial intelligence (AI) could improve organizational decision-making, it also creates challenges associated with the “dark side” of AI. However, there is a lack of research on managers' attitudes and intentions to use AI for decision making. To address this gap, we develop an integrated AI acceptance-avoidance model (IAAAM) to consider both the positive and negative factors that collectively influence managers' attitudes and behavioral intentions towards using AI. The research model is tested through a large-scale questionnaire survey of 269 UK business managers. Our findings suggest that IAAAM provides a more comprehensive model for explaining and predicting managers' attitudes and behavioral intentions towards using AI. Our research contributes conceptually and empirically to the emerging literature on using AI for organizational decision-making. Further, regarding the practical implications of using AI for organizational decision-making, we highlight the importance of developing favorable facilitating conditions, having an effective mechanism to alleviate managers’ personal concerns, and having a balanced consideration of both the benefits and the dark side associated with using AI.",Guangming Cao; Yanqing Duan; John S. Edwards; Yogesh K. Dwivedi,Psychology;Knowledge management;Business;Applied psychology;Computer science,2021,OpenAlex,533
W2888397986,Computer-aided detection in chest radiography based on artificial intelligence: a survey,"As the most common examination tool in medical practice, chest radiography has important clinical value in the diagnosis of disease. Thus, the automatic detection of chest disease based on chest radiography has become one of the hot topics in medical imaging research. Based on the clinical applications, the study conducts a comprehensive survey on computer-aided detection (CAD) systems, and especially focuses on the artificial intelligence technology applied in chest radiography. The paper presents several common chest X-ray datasets and briefly introduces general image preprocessing procedures, such as contrast enhancement and segmentation, and bone suppression techniques that are applied to chest radiography. Then, the CAD system in the detection of specific disease (pulmonary nodules, tuberculosis, and interstitial lung diseases) and multiple diseases is described, focusing on the basic principles of the algorithm, the data used in the study, the evaluation measures, and the results. Finally, the paper summarizes the CAD system in chest radiography based on artificial intelligence and discusses the existing problems and trends.",Chunli Qin; Demin Yao; Yonghong Shi; Zhijian Song,Radiography;CAD;Medicine;Radiology;Computer-aided diagnosis;Preprocessor;Medical physics;Medical imaging;Computer science;Artificial intelligence;Engineering drawing;Engineering,2018,OpenAlex,380
W3134138028,Role of Artificial Intelligence Applications in Real-Life Clinical Practice: Systematic Review,"BACKGROUND: Artificial intelligence (AI) applications are growing at an unprecedented pace in health care, including disease diagnosis, triage or screening, risk analysis, surgical operations, and so forth. Despite a great deal of research in the development and validation of health care AI, only few applications have been actually implemented at the frontlines of clinical practice. OBJECTIVE: The objective of this study was to systematically review AI applications that have been implemented in real-life clinical practice. METHODS: We conducted a literature search in PubMed, Embase, Cochrane Central, and CINAHL to identify relevant articles published between January 2010 and May 2020. We also hand searched premier computer science journals and conferences as well as registered clinical trials. Studies were included if they reported AI applications that had been implemented in real-world clinical settings. RESULTS: We identified 51 relevant studies that reported the implementation and evaluation of AI applications in clinical practice, of which 13 adopted a randomized controlled trial design and eight adopted an experimental design. The AI applications targeted various clinical tasks, such as screening or triage (n=16), disease diagnosis (n=16), risk analysis (n=14), and treatment (n=7). The most commonly addressed diseases and conditions were sepsis (n=6), breast cancer (n=5), diabetic retinopathy (n=4), and polyp and adenoma (n=4). Regarding the evaluation outcomes, we found that 26 studies examined the performance of AI applications in clinical settings, 33 studies examined the effect of AI applications on clinician outcomes, 14 studies examined the effect on patient outcomes, and one study examined the economic impact associated with AI implementation. CONCLUSIONS: This review indicates that research on the clinical implementation of AI applications is still at an early stage despite the great potential. More research needs to assess the benefits and challenges associated with clinical AI applications through a more rigorous methodology.",Jiamin Yin; Kee Yuan Ngiam; Hock‐Hai Teo,Medicine;Triage;CINAHL;MEDLINE;Clinical trial;Systematic review;Health care;Applications of artificial intelligence;Clinical Practice;Randomized controlled trial;Medical physics;Artificial intelligence;Family medicine;Medical emergency;Pathology;Computer science;Nursing;Psychological intervention;Economics;Political science;Economic growth;Law,2021,OpenAlex,421
W2823329128,Building Ethics into Artificial Intelligence,"As artificial intelligence (AI) systems become increasingly ubiquitous, the topic of AI governance for ethical decision-making by AI has captured public imagination. Within the AI research community, this topic remains less familiar to many researchers. In this paper, we complement existing surveys, which largely focused on the psychological, social and legal discussions of the topic, with an analysis of recent advances in technical solutions for AI governance. By reviewing publications in leading AI conferences including AAAI, AAMAS, ECAI and IJCAI, we propose a taxonomy which divides the field into four areas: 1) exploring ethical dilemmas; 2) individual ethical decision frameworks; 3) collective ethical decision frameworks; and 4) ethics in human-AI interactions. We highlight the intuitions and key techniques used in each approach, and discuss promising future research directions towards successful integration of ethical AI systems into human societies.",Han Yu; Zhiqi Shen; Chunyan Miao; Cyril Leung; Victor Lesser; Qiang Yang,Corporate governance;Taxonomy (biology);Field (mathematics);Engineering ethics;Computer science;Applications of artificial intelligence;Management science;Knowledge management;Artificial intelligence;Sociology;Engineering;Management;Mathematics;Economics;Biology;Pure mathematics;Botany,2018,OpenAlex,195
W3215605706,Applications of artificial intelligence in dentistry: A comprehensive review,"OBJECTIVE: To perform a comprehensive review of the use of artificial intelligence (AI) and machine learning (ML) in dentistry, providing the community with a broad insight on the different advances that these technologies and tools have produced, paying special attention to the area of esthetic dentistry and color research. MATERIALS AND METHODS: The comprehensive review was conducted in MEDLINE/PubMed, Web of Science, and Scopus databases, for papers published in English language in the last 20 years. RESULTS: Out of 3871 eligible papers, 120 were included for final appraisal. Study methodologies included deep learning (DL; n = 76), fuzzy logic (FL; n = 12), and other ML techniques (n = 32), which were mainly applied to disease identification, image segmentation, image correction, and biomimetic color analysis and modeling. CONCLUSIONS: The insight provided by the present work has reported outstanding results in the design of high-performance decision support systems for the aforementioned areas. The future of digital dentistry goes through the design of integrated approaches providing personalized treatments to patients. In addition, esthetic dentistry can benefit from those advances by developing models allowing a complete characterization of tooth color, enhancing the accuracy of dental restorations. CLINICAL SIGNIFICANCE: The use of AI and ML has an increasing impact on the dental profession and is complementing the development of digital technologies and tools, with a wide application in treatment planning and esthetic dentistry procedures.",Francisco Carrillo‐Pérez; Óscar E. Pecho; Juan Carlos Morales; Rade D. Paravina; Álvaro Della Bona; Razvan Ghinea; Rosa Pulgar; María del Mar Pérez Gómez; Luis Javier Herrera,Computer science;Identification (biology);Scopus;Dentistry;MEDLINE;Artificial intelligence;Medicine;Law;Botany;Biology;Political science,2021,OpenAlex,242
W4403405969,How to build the virtual cell with artificial intelligence: Priorities and opportunities,"Cells are essential to understanding health and disease, yet traditional models fall short of modeling and simulating their function and behavior. Advances in AI and omics offer groundbreaking opportunities to create an AI virtual cell (AIVC), a multi-scale, multi-modal large-neural-network-based model that can represent and simulate the behavior of molecules, cells, and tissues across diverse states. This Perspective provides a vision on their design and how collaborative efforts to build AIVCs will transform biological research by allowing high-fidelity simulations, accelerating discoveries, and guiding experimental studies, offering new opportunities for understanding cellular functions and fostering interdisciplinary collaborations in open science.",Charlotte Bunne; Yusuf Roohani; Yanay Rosen; Ankit Gupta; Xikun Zhang; Marcel Roed; Theodore Alexandrov; Mohammed AlQuraishi; Patrícia Flatley Brennan; Daniel B. Burkhardt; Andrea Califano; Jonah Cool; Abby F. Dernburg; Kirsty Ewing; Emily B. Fox; Matthias Haury; Amy E. Herr; Eric Horvitz; Patrick D. Hsu; Viren Jain; Gregory R. Johnson; Thomas Kalil; David R. Kelley; Shana O. Kelley; Anna Kreshuk; Tim Mitchison; Stephani Otte; Jay Shendure; Nicholas Sofroniew; Fabian J. Theis; Christina V. Theodoris; Srigokul Upadhyayula; M. Valer; Bo Wang; Eric P. Xing; Serena Yeung-Levy; Marinka Žitnik; Theofanis Karaletsos; Aviv Regev; Emma Lundberg; Jure Leskovec; Stephen R. Quake,Biology,2024,OpenAlex,297
W4200613005,Power to the Teachers: An Exploratory Review on Artificial Intelligence in Education,"This exploratory review attempted to gather evidence from the literature by shedding light on the emerging phenomenon of conceptualising the impact of artificial intelligence in education. The review utilised the PRISMA framework to review the analysis and synthesis process encompassing the search, screening, coding, and data analysis strategy of 141 items included in the corpus. Key findings extracted from the review incorporate a taxonomy of artificial intelligence applications with associated teaching and learning practice and a framework for helping teachers to develop and self-reflect on the skills and capabilities envisioned for employing artificial intelligence in education. Implications for ethical use and a set of propositions for enacting teaching and learning using artificial intelligence are demarcated. The findings of this review contribute to developing a better understanding of how artificial intelligence may enhance teachers’ roles as catalysts in designing, visualising, and orchestrating AI-enabled teaching and learning, and this will, in turn, help to proliferate AI-systems that render computational representations based on meaningful data-driven inferences of the pedagogy, domain, and learner models.",Petros Lameras; Sylvester Arnab,Computer science;Artificial intelligence;Process (computing);Applications of artificial intelligence;Exploratory research;Set (abstract data type);Domain (mathematical analysis);Psychology;Mathematics education;Knowledge management;Cognitive science;Sociology;Operating system;Mathematical analysis;Anthropology;Mathematics;Programming language,2021,OpenAlex,269
W4211075414,Explainable Artificial Intelligence for Predictive Modeling in Healthcare,,Christopher C. Yang,Artificial intelligence;Computer science;Machine learning;Health care;Big data;Clinical decision support system;Decision support system;Data mining;Economic growth;Economics,2022,OpenAlex,231
W4206346145,Can HR adapt to the paradoxes of artificial intelligence?,"Abstract Artificial intelligence (AI) is widely heralded as a new and revolutionary technology that will transform the world of work. While the impact of AI on human resource (HR) and people management is difficult to predict, the article considers potential scenarios for how AI will affect our field. We argue that although popular accounts of AI stress the risks of bias and unfairness, these problems are eminently solvable. However, the way that the AI industry is currently constituted and wider trends in the use of technology for organising work mean that there is a significant risk that AI use will degrade the quality of work. Viewing different scenarios through a paradox lens, we argue that both positive and negative visions of the future are likely to coexist. The HR profession has a degree of agency to shape the future if it chooses to use it; HR professionals need to develop the skills to ensure that ethics and fairness are at the centre of AI development for HR and people management.",Andy Charlwood; Nigel Guenole,Vision;Agency (philosophy);Work (physics);Field (mathematics);Quality (philosophy);Human resources;Affect (linguistics);Human resource management;Human intelligence;Sociology;Artificial intelligence;Psychology;Management;Computer science;Engineering ethics;Knowledge management;Economics;Epistemology;Engineering;Social science;Philosophy;Anthropology;Mathematics;Mechanical engineering;Communication;Pure mathematics,2022,OpenAlex,233
W2154944074,"Knowledge warehouse: an architectural integration of knowledge management, decision support, artificial intelligence and data warehousing",,Hamid Nemati; David M. Steiger; Lakshmi Iyer; Richard T. Herschel,Data warehouse;Knowledge management;Computer science;Decision support system;Business intelligence;Leverage (statistics);Dimensional modeling;Knowledge sharing;Domain knowledge;Data science;Database;Data mining;Artificial intelligence,2002,OpenAlex,410
W3017343831,Spatial Metabolomics and Imaging Mass Spectrometry in the Age of Artificial Intelligence,"Spatial metabolomics is an emerging field of omics research that has enabled localizing metabolites, lipids, and drugs in tissue sections, a feat considered impossible just two decades ago. Spatial metabolomics and its enabling technology-imaging mass spectrometry-generate big hyper-spectral imaging data that have motivated the development of tailored computational methods at the intersection of computational metabolomics and image analysis. Experimental and computational developments have recently opened doors to applications of spatial metabolomics in life sciences and biomedicine. At the same time, these advances have coincided with a rapid evolution in machine learning, deep learning, and artificial intelligence, which are transforming our everyday life and promise to revolutionize biology and healthcare. Here, we introduce spatial metabolomics through the eyes of a computational scientist, review the outstanding challenges, provide a look into the future, and discuss opportunities granted by the ongoing convergence of human and artificial intelligence.",Theodore Alexandrov,Metabolomics;Biomedicine;Computer science;Artificial intelligence;Big data;Data science;Field (mathematics);Bioinformatics;Data mining;Biology;Mathematics;Pure mathematics,2020,OpenAlex,274
W4223504512,Artificial Intelligence and Blockchain Integration in Business: Trends from a Bibliometric-Content Analysis,"Artificial intelligence (AI) and blockchain are the two disruptive technologies emerging from the Fourth Industrial Revolution (IR4.0) that have introduced radical shifts in the industry. The amalgamation of AI and blockchain holds tremendous potential to create new business models enabled through digitalization. Although research on the application and convergence of AI and blockchain exists, our understanding of the utility of its integration for business remains fragmented. To address this gap, this study aims to characterize the applications and benefits of integrated AI and blockchain platforms across different verticals of business. Using bibliometric analysis, this study reveals the most influential articles on the subject based on their publications, citations, and importance in the intellectual network. Using content analysis, this study sheds light on the subject's intellectual structure, which is underpinned by four major thematic clusters focusing on supply chains, healthcare, secure transactions, and finance and accounting. The study concludes with 10 application areas in business that can benefit from these technologies.",Satish Kumar; Weng Marc Lim; Uthayasankar Sivarajah; Jaspreet Kaur,Blockchain;Computer science;Competitive intelligence;Thematic analysis;Technological convergence;Business model;Business intelligence;Data science;Subject (documents);Content analysis;Knowledge management;Business;Marketing;Telecommunications;World Wide Web;Qualitative research;Sociology;Computer security;Social science,2022,OpenAlex,343
W3047057232,Image Matching from Handcrafted to Deep Features: A Survey,"Abstract As a fundamental and critical task in various visual applications, image matching can identify then correspond the same or similar structure/content from two or more images. Over the past decades, growing amount and diversity of methods have been proposed for image matching, particularly with the development of deep learning techniques over the recent years. However, it may leave several open questions about which method would be a suitable choice for specific applications with respect to different scenarios and task requirements and how to design better image matching methods with superior performance in accuracy, robustness and efficiency. This encourages us to conduct a comprehensive and systematic review and analysis for those classical and latest techniques. Following the feature-based image matching pipeline, we first introduce feature detection, description, and matching techniques from handcrafted methods to trainable ones and provide an analysis of the development of these methods in theory and practice. Secondly, we briefly introduce several typical image matching-based applications for a comprehensive understanding of the significance of image matching. In addition, we also provide a comprehensive and objective comparison of these classical and latest techniques through extensive experiments on representative datasets. Finally, we conclude with the current status of image matching technologies and deliver insightful discussions and prospects for future works. This survey can serve as a reference for (but not limited to) researchers and engineers in image matching and related fields.",Jiayi Ma; Xingyu Jiang; Aoxiang Fan; Junjun Jiang; Junchi Yan,Computer science;Artificial intelligence;Matching (statistics);Robustness (evolution);Feature matching;Task (project management);Pattern recognition (psychology);Image (mathematics);Image processing;Feature (linguistics);Machine learning;Mathematics;Management;Philosophy;Linguistics;Economics;Biochemistry;Gene;Statistics;Chemistry,2020,OpenAlex,966
W3214404698,"Counterfactuals and causability in explainable artificial intelligence: Theory, algorithms, and applications",,Yu-Liang Chou; Catarina Moreira; Peter Bruza; Chun Ouyang; Joaquim Jorge,Counterfactual conditional;Computer science;Counterfactual thinking;Artificial intelligence;Machine learning;Spurious relationship;Latent Dirichlet allocation;Human intelligence;Data science;Topic model;Epistemology;Philosophy,2021,OpenAlex,261
W1963587374,New Programming Languages for Artificial Intelligence Research,"New directions in Artificial Intelligence research have led to the need for certain novel features to be embedded in programming languages. This paper gives an overview of the nature of these features, and their implementation in four principal families of AI languages: SAIL; PLANNER/CONNIVER; QLISP/INTERLISP; and POPLER/POP-2. The programming featurcs described include: new data types and accessing mechanisms for stored expressions; more flexible control structures, including multiple processes and backtracking; pattern matching to allow comparison of data item with a template, and extraction of labeled subexpressions; and deductive mechanisms which allow the programming system to carry o u t certain activities including modifying the data base and deciding which subroutines to run next using only constraints and guidelines set up by the programmer.",Daniel G. Bobrow; Bertram Raphael,Citation;Computer science;Research center;Library science;Artificial intelligence;World Wide Web;Medicine;Pathology,1974,OpenAlex,185
W2914907363,"Sales profession and professionals in the age of digitization and artificial intelligence technologies: concepts, priorities, and questions","Recognizing the rapid advances in sales digitization and artificial intelligence technologies, we develop concepts, priorities, and questions to help guide future research and practice in the field of personal selling and sales management. Our analysis reveals that the influence of sales digitalization technologies, which include digitization and artificial intelligence, is likely to be more significant and more far reaching than previous sales technologies. To organize our analysis of this influence, we discuss the opportunities and threats that sales digitalization technologies pose for (a) the sales profession in terms of its contribution to creating value for customers, organizations, and society and (b) sales professionals, in terms of both employees in organizations and individuals as self, seeking growth, fulfillment, and status in the functions they serve and roles they live. We summarize our discussion by detailing specific research priorities and questions that warrant further study and development by researchers and practitioners alike.",Jagdip Singh; Karen Flaherty; Ravipreet S. Sohi; Dawn R. Deeter‐Schmelz; Johannes Habel; Kenneth Le Meunier‐FitzHugh; Avinash Malshe; Ryan Mullins; Vincent Onyemah,Digitization;Warrant;Value (mathematics);Marketing;Field (mathematics);Business;Emerging technologies;Sales management;Public relations;Knowledge management;Computer science;Political science;Artificial intelligence;Pure mathematics;Mathematics;Finance;Machine learning;Computer vision,2019,OpenAlex,346
W3135955764,The promise of artificial intelligence and deep learning in PET and SPECT imaging,,Hossein Arabi; Azadeh Akhavanallaf; Amirhossein Sanaat; Isaac Shiri; Habib Zaidi,Positron emission tomography;Artificial intelligence;Deep learning;Computer science;Medical physics;Applications of artificial intelligence;Single-photon emission computed tomography;Image quality;Iterative reconstruction;Medical imaging;Spect imaging;Nuclear medicine;Physics;Image (mathematics);Medicine,2021,OpenAlex,261
W3085467444,Overview of artificial intelligence-based applications in radiotherapy: Recommendations for implementation and quality assurance,"Artificial Intelligence (AI) is currently being introduced into different domains, including medicine. Specifically in radiation oncology, machine learning models allow automation and optimization of the workflow. A lack of knowledge and interpretation of these AI models can hold back wide-spread and full deployment into clinical practice. To facilitate the integration of AI models in the radiotherapy workflow, generally applicable recommendations on implementation and quality assurance (QA) of AI models are presented. For commonly used applications in radiotherapy such as auto-segmentation, automated treatment planning and synthetic computed tomography (sCT) the basic concepts are discussed in depth. Emphasis is put on the commissioning, implementation and case-specific and routine QA of AI models needed for a methodical introduction in clinical practice.",Liesbeth Vandewinckele; Michaël Claessens; Anna M. Dinkla; Charlotte L. Brouwer; Wouter Crijns; Dirk Verellen; Wouter van Elmpt,Workflow;Quality assurance;Computer science;Automation;Software deployment;Software engineering;Artificial intelligence;Applications of artificial intelligence;Medical physics;Medicine;Engineering;Pathology;Database;External quality assessment;Mechanical engineering,2020,OpenAlex,310
W4376959749,"Artificial intelligence, machine learning, and deep learning in liver transplantation","Liver transplantation (LT) is a life-saving treatment for individuals with end-stage liver disease. The management of LT recipients is complex, predominantly because of the need to consider demographic, clinical, laboratory, pathology, imaging, and omics data in the development of an appropriate treatment plan. Current methods to collate clinical information are susceptible to some degree of subjectivity; thus, clinical decision-making in LT could benefit from the data-driven approach offered by artificial intelligence (AI). Machine learning and deep learning could be applied in both the pre- and post-LT settings. Some examples of AI applications pre-transplant include optimising transplant candidacy decision-making and donor-recipient matching to reduce waitlist mortality and improve post-transplant outcomes. In the post-LT setting, AI could help guide the management of LT recipients, particularly by predicting patient and graft survival, along with identifying risk factors for disease recurrence and other associated complications. Although AI shows promise in medicine, there are limitations to its clinical deployment which include dataset imbalances for model training, data privacy issues, and a lack of available research practices to benchmark model performance in the real world. Overall, AI tools have the potential to enhance personalised clinical decision-making, especially in the context of liver transplant medicine.",Mamatha Bhat; Madhumitha Rabindranath; Beatriz Sordi Chara; Douglas A. Simonetto,Artificial intelligence;Context (archaeology);Medicine;Machine learning;Candidacy;Transplantation;Liver transplantation;Intensive care medicine;Computer science;Surgery;Political science;Law;Politics;Paleontology;Biology,2023,OpenAlex,217
W4386293515,Artificial intelligence in clinical medicine: catalyzing a sustainable global healthcare paradigm,"As the demand for quality healthcare increases, healthcare systems worldwide are grappling with time constraints and excessive workloads, which can compromise the quality of patient care. Artificial intelligence (AI) has emerged as a powerful tool in clinical medicine, revolutionizing various aspects of patient care and medical research. The integration of AI in clinical medicine has not only improved diagnostic accuracy and treatment outcomes, but also contributed to more efficient healthcare delivery, reduced costs, and facilitated better patient experiences. This review article provides an extensive overview of AI applications in history taking, clinical examination, imaging, therapeutics, prognosis and research. Furthermore, it highlights the critical role AI has played in transforming healthcare in developing nations.",Gokul Krishnan; Shiana Singh; Monika Pathania; Siddharth Gosavi; Shuchi Abhishek; Ashwin Parchani; Minakshi Dhar,Health care;Compromise;Healthcare delivery;Healthcare system;Quality (philosophy);Precision medicine;Patient care;Medicine;Artificial intelligence;Computer science;Nursing;Political science;Pathology;Law;Epistemology;Philosophy,2023,OpenAlex,271
W2979040987,Comprehensive Review of Artificial Neural Network Applications to Pattern Recognition,"The era of artificial neural network (ANN) began with a simplified application in many fields and remarkable success in pattern recognition (PR) even in manufacturing industries. Although significant progress achieved and surveyed in addressing ANN application to PR challenges, nevertheless, some problems are yet to be resolved like whimsical orientation (the unknown path that cannot be accurately calculated due to its directional position). Other problem includes; object classification, location, scaling, neurons behavior analysis in hidden layers, rule, and template matching. Also, the lack of extant literature on the issues associated with ANN application to PR seems to slow down research focus and progress in the field. Hence, there is a need for state-of-the-art in neural networks application to PR to urgently address the above-highlights problems for more successes. The study furnishes readers with a clearer understanding of the current, and new trend in ANN models that effectively addresses PR challenges to enable research focus and topics. Similarly, the comprehensive review reveals the diverse areas of the success of ANN models and their application to PR. In evaluating the performance of ANN models, some statistical indicators for measuring the performance of the ANN model in many studies were adopted. Such as the use of mean absolute percentage error (MAPE), mean absolute error (MAE), root mean squared error (RMSE), and variance of absolute percentage error (VAPE). The result shows that the current ANN models such as GAN, SAE, DBN, RBM, RNN, RBFN, PNN, CNN, SLP, MLP, MLNN, Reservoir computing, and Transformer models are performing excellently in their application to PR tasks. Therefore, the study recommends the research focus on current models and the development of new models concurrently for more successes in the field.",Oludare Isaac Abiodun; Muhammad Ubale Kiru; Aman Jantan; Abiodun Esther Omolara; Kemi Victoria Dada; Abubakar Malah Umar; OKAFOR UCHENWA LINUS; Humaira Arshad; Abdullahi Aminu Kazaure; Usman M. Gana,Mean squared error;Artificial neural network;Computer science;Mean absolute percentage error;Artificial intelligence;Mean absolute error;Focus (optics);Pattern recognition (psychology);Extant taxon;Machine learning;Variance (accounting);Statistics;Mathematics;Optics;Evolutionary biology;Physics;Accounting;Biology;Business,2019,OpenAlex,730
W4386262692,Organ-on-a-chip meets artificial intelligence in drug evaluation,"Drug evaluation has always been an important area of research in the pharmaceutical industry. However, animal welfare protection and other shortcomings of traditional drug development models pose obstacles and challenges to drug evaluation. Organ-on-a-chip (OoC) technology, which simulates human organs on a chip of the physiological environment and functionality, and with high fidelity reproduction organ-level of physiology or pathophysiology, exhibits great promise for innovating the drug development pipeline. Meanwhile, the advancement in artificial intelligence (AI) provides more improvements for the design and data processing of OoCs. Here, we review the current progress that has been made to generate OoC platforms, and how human single and multi-OoCs have been used in applications, including drug testing, disease modeling, and personalized medicine. Moreover, we discuss issues facing the field, such as large data processing and reproducibility, and point to the integration of OoCs and AI in data analysis and automation, which is of great benefit in future drug evaluation. Finally, we look forward to the opportunities and challenges faced by the coupling of OoCs and AI. In summary, advancements in OoCs development, and future combinations with AI, will eventually break the current state of drug evaluation.",Shiwen Deng; Caifeng Li; Junxian Cao; Zhao Cui; Jiang Du; Zheng Fu; Hongjun Yang; Peng Chen,Computer science;Drug development;Organ-on-a-chip;Automation;Drug discovery;Pipeline (software);Data science;Risk analysis (engineering);Drug;Artificial intelligence;Engineering;Medicine;Pharmacology;Nanotechnology;Bioinformatics;Biology;Mechanical engineering;Programming language;Materials science;Microfluidics,2023,OpenAlex,211
W3143945924,Special Issue Editorial: Artificial Intelligence in Organizations: Implications for Information Systems Research,"Artificial intelligence (AI) technologies offer novel, distinctive opportunities and pose new significant challenges to organizations that set them apart from other forms of digital technologies. This article discusses the distinct effects of AI technologies in organizations, the tensions they raise and the opportunities they present for information systems (IS) research. We explore these opportunities in term of four business capabilities: automation, engagement, insight/decision making and innovation. We discuss the differentiated effects that AI brings about and the implications for future IS research.",Hind Benbya; Stella Pachidi; Sirkka L. Järvenpää,Knowledge management;Set (abstract data type);Business intelligence;Information system;Information technology;Data science;Automation;Computer science;Management science;Engineering;Operating system;Programming language;Mechanical engineering;Electrical engineering,2021,OpenAlex,267
W4391617198,Integrating Artificial Intelligence for Drug Discovery in the Context of Revolutionizing Drug Delivery,"Drug development is expensive, time-consuming, and has a high failure rate. In recent years, artificial intelligence (AI) has emerged as a transformative tool in drug discovery, offering innovative solutions to complex challenges in the pharmaceutical industry. This manuscript covers the multifaceted role of AI in drug discovery, encompassing AI-assisted drug delivery design, the discovery of new drugs, and the development of novel AI techniques. We explore various AI methodologies, including machine learning and deep learning, and their applications in target identification, virtual screening, and drug design. This paper also discusses the historical development of AI in medicine, emphasizing its profound impact on healthcare. Furthermore, it addresses AI's role in the repositioning of existing drugs and the identification of drug combinations, underscoring its potential in revolutionizing drug delivery systems. The manuscript provides a comprehensive overview of the AI programs and platforms currently used in drug discovery, illustrating the technological advancements and future directions of this field. This study not only presents the current state of AI in drug discovery but also anticipates its future trajectory, highlighting the challenges and opportunities that lie ahead.",Anita Ioana Vișan; Irina Neguț,Drug discovery;Identification (biology);Context (archaeology);Computer science;Data science;Transformative learning;Artificial intelligence;Bioinformatics;Biology;Botany;Psychology;Pedagogy;Paleontology,2024,OpenAlex,253
W3159166832,"Intelligent recruitment: How to identify, select, and retain talents from around the world using artificial intelligence",,Oihab Allal‐Chérif; Alba Yela Aránega; Rafael Castaño Sánchez,Matching (statistics);Identification (biology);Chatbot;Process (computing);Computer science;Knowledge management;Data science;Artificial intelligence;Mathematics;Biology;Botany;Statistics;Operating system,2021,OpenAlex,261
W2950535890,Towards clinical application of image mining: a systematic review on artificial intelligence and radiomics,"PURPOSE: The aim of this systematic review was to analyse literature on artificial intelligence (AI) and radiomics, including all medical imaging modalities, for oncological and non-oncological applications, in order to assess how far the image mining research stands from routine medical application. To do this, we applied a trial phases classification inspired from the drug development process. METHODS: Among the articles we considered for inclusion from PubMed were multimodality AI and radiomics investigations, with a validation analysis aimed at relevant clinical objectives. Quality assessment of selected papers was performed according to the QUADAS-2 criteria. We developed the phases classification criteria for image mining studies. RESULTS: Overall 34,626 articles were retrieved, 300 were selected applying the inclusion/exclusion criteria, and 171 high-quality papers (QUADAS-2 ≥ 7) were identified and analysed. In 27/171 (16%), 141/171 (82%), and 3/171 (2%) studies the development of an AI-based algorithm, radiomics model, and a combined radiomics/AI approach, respectively, was described. A total of 26/27(96%) and 1/27 (4%) AI studies were classified as phase II and III, respectively. Consequently, 13/141 (9%), 10/141 (7%), 111/141 (79%), and 7/141 (5%) radiomics studies were classified as phase 0, I, II, and III, respectively. All three radiomics/AI studies were categorised as phase II trials. CONCLUSIONS: The results of the studies are promising but still not mature enough for image mining tools to be implemented in the clinical setting and be widely used. The transfer learning from the well-known drug development process, with some specific adaptations to the image mining discipline could represent the most effective way for radiomics and AI algorithms to become the standard of care tools.",Martina Sollini; Lidija Antunovic; Arturo Chiti; Margarita Kirienko,Radiomics;Artificial intelligence;Inclusion and exclusion criteria;Medical physics;Medicine;Modalities;Computer science;Machine learning;Pathology;Alternative medicine;Social science;Sociology,2019,OpenAlex,261
W4390979934,The impact of artificial intelligence on employment: the role of virtual agglomeration,"Abstract Sustainable Development Goal 8 proposes the promotion of full and productive employment for all. Intelligent production factors, such as robots, the Internet of Things, and extensive data analysis, are reshaping the dynamics of labour supply and demand. In China, which is a developing country with a large population and labour force, analysing the impact of artificial intelligence technology on the labour market is of particular importance. Based on panel data from 30 provinces in China from 2006 to 2020, a two-way fixed-effect model and the two-stage least squares method are used to analyse the impact of AI on employment and to assess its heterogeneity. The introduction and installation of artificial intelligence technology as represented by industrial robots in Chinese enterprises has increased the number of jobs. The results of some mechanism studies show that the increase of labour productivity, the deepening of capital and the refinement of the division of labour that has been introduced into industrial enterprises through the introduction of robotics have successfully mitigated the damaging impact of the adoption of robot technology on employment. Rather than the traditional perceptions of robotics crowding out labour jobs, the overall impact on the labour market has exerted a promotional effect. The positive effect of artificial intelligence on employment exhibits an inevitable heterogeneity, and it serves to relatively improves the job share of women and workers in labour-intensive industries. Mechanism research has shown that virtual agglomeration, which evolved from traditional industrial agglomeration in the era of the digital economy, is an important channel for increasing employment. The findings of this study contribute to the understanding of the impact of modern digital technologies on the well-being of people in developing countries. To give full play to the positive role of artificial intelligence technology in employment, we should improve the social security system, accelerate the process of developing high-end domestic robots and deepen the reform of the education and training system.",Yang Shen; Xiuwu Zhang,Economies of agglomeration;Productivity;Economics;Labour economics;Industrial organization;Business;Economic growth,2024,OpenAlex,194
W4387856013,Artificial Intelligence in Breast Cancer Diagnosis and Personalized Medicine,"Breast cancer is a significant cause of cancer-related mortality in women worldwide. Early and precise diagnosis is crucial, and clinical outcomes can be markedly enhanced. The rise of artificial intelligence (AI) has ushered in a new era, notably in image analysis, paving the way for major advancements in breast cancer diagnosis and individualized treatment regimens. In the diagnostic workflow for patients with breast cancer, the role of AI encompasses screening, diagnosis, staging, biomarker evaluation, prognostication, and therapeutic response prediction. Although its potential is immense, its complete integration into clinical practice is challenging. Particularly, these challenges include the imperatives for extensive clinical validation, model generalizability, navigating the ""black-box"" conundrum, and pragmatic considerations of embedding AI into everyday clinical environments. In this review, we comprehensively explored the diverse applications of AI in breast cancer care, underlining its transformative promise and existing impediments. In radiology, we specifically address AI in mammography, tomosynthesis, risk prediction models, and supplementary imaging methods, including magnetic resonance imaging and ultrasound. In pathology, our focus is on AI applications for pathologic diagnosis, evaluation of biomarkers, and predictions related to genetic alterations, treatment response, and prognosis in the context of breast cancer diagnosis and treatment. Our discussion underscores the transformative potential of AI in breast cancer management and emphasizes the importance of focused research to realize the full spectrum of benefits of AI in patient care.",Jong Seok Ahn; Sangwon Shin; Su‐A Yang; Eun Kyung Park; Ki Hwan Kim; Soo Ick Cho; Chan‐Young Ock; Seokhwi Kim,Medicine;Breast cancer;Mammography;Context (archaeology);Breast imaging;Breast cancer screening;Precision medicine;Medical physics;Personalized medicine;Cancer;Generalizability theory;Transformative learning;Intensive care medicine;Pathology;Bioinformatics;Internal medicine;Psychology;Paleontology;Pedagogy;Biology;Statistics;Mathematics,2023,OpenAlex,195
W3007177728,Improving Oral Cancer Outcomes with Imaging and Artificial Intelligence,"Early diagnosis is the most important determinant of oral and oropharyngeal squamous cell carcinoma (OPSCC) outcomes, yet most of these cancers are detected late, when outcomes are poor. Typically, nonspecialists such as dentists screen for oral cancer risk, and then they refer high-risk patients to specialists for biopsy-based diagnosis. Because the clinical appearance of oral mucosal lesions is not an adequate indicator of their diagnosis, status, or risk level, this initial triage process is inaccurate, with poor sensitivity and specificity. The objective of this study is to provide an overview of emerging optical imaging modalities and novel artificial intelligence-based approaches, as well as to evaluate their individual and combined utility and implications for improving oral cancer detection and outcomes. The principles of image-based approaches to detecting oral cancer are placed within the context of clinical needs and parameters. A brief overview of artificial intelligence approaches and algorithms is presented, and studies that use these 2 approaches singly and together are cited and evaluated. In recent years, a range of novel imaging modalities has been investigated for their applicability to improving oral cancer outcomes, yet none of them have found widespread adoption or significantly affected clinical practice or outcomes. Artificial intelligence approaches are beginning to have considerable impact in improving diagnostic accuracy in some fields of medicine, but to date, only limited studies apply to oral cancer. These studies demonstrate that artificial intelligence approaches combined with imaging can have considerable impact on oral cancer outcomes, with applications ranging from low-cost screening with smartphone-based probes to algorithm-guided detection of oral lesion heterogeneity and margins using optical coherence tomography. Combined imaging and artificial intelligence approaches can improve oral cancer outcomes through improved detection and diagnosis.",Betül İlhan; Kairong Lin; Pelin Güneri; Petra Wilder‐Smith,Cancer;Medical physics;Medicine;Artificial intelligence;Computer science;Internal medicine,2020,OpenAlex,189
W3126968706,Artificial Intelligence Applied to Stock Market Trading: A Review,"The application of Artificial Intelligence (AI) to financial investment is a research area that has attracted extensive research attention since the 1990s, when there was an accelerated technological development and popularization of the personal computer. Since then, countless approaches have been proposed to deal with the problem of price prediction in the stock market. This paper presents a systematic review of the literature on Artificial Intelligence applied to investments in the stock market based on a sample of 2326 papers from the Scopus website between 1995 and 2019. These papers were divided into four categories: portfolio optimization, stock market prediction using AI, financial sentiment analysis, and combinations involving two or more approaches. For each category, the initial introductory research to its state-of-the-art applications are described. In addition, an overview of the review leads to the conclusion that this research area is gaining continuous attention and the literature is becoming increasingly specific and thorough.",Fernando G. D. C. Ferreira; Amir H. Gandomi; Rodrigo T. N. Cardoso,Scopus;Stock market;Computer science;Financial market;Portfolio;Stock (firearms);Artificial intelligence;Market research;Investment (military);Operations research;Financial economics;Economics;Finance;Business;Marketing;Engineering;MEDLINE;Law;Political science;Mechanical engineering;Politics;Biology;Horse;Paleontology,2021,OpenAlex,188
W2110585328,Matching robot appearance and behavior to tasks to improve human-robot cooperation,"A robot's appearance and behavior provide cues to the robot's abilities and propensities. We hypothesize that an appropriate match between a robot's social cues and its task improve the people's acceptance of and cooperation with the robot. In an experiment, people systematically preferred robots for jobs when the robot's humanlikeness matched the sociability required in those jobs. In two other experiments, people complied more with a robot whose demeanor matched the seriousness of the task.",Jennifer L. Goetz; Sara Kiesler; Aaron Powers,Robot;Task (project management);Social robot;Seriousness;Human–computer interaction;Computer science;Matching (statistics);Behavior-based robotics;Personal robot;Artificial intelligence;Human–robot interaction;Mobile robot;Robot learning;Robot control;Psychology;Cognitive psychology;Engineering;Statistics;Systems engineering;Mathematics;Political science;Law,2004,OpenAlex,779
W3178603264,Current applications and development of artificial intelligence for digital dental radiography,"In the last few years, artificial intelligence (AI) research has been rapidly developing and emerging in the field of dental and maxillofacial radiology. Dental radiography, which is commonly used in daily practices, provides an incredibly rich resource for AI development and attracted many researchers to develop its application for various purposes. This study reviewed the applicability of AI for dental radiography from the current studies. Online searches on PubMed and IEEE Xplore databases, up to December 2020, and subsequent manual searches were performed. Then, we categorized the application of AI according to similarity of the following purposes: diagnosis of dental caries, periapical pathologies, and periodontal bone loss; cyst and tumor classification; cephalometric analysis; screening of osteoporosis; tooth recognition and forensic odontology; dental implant system recognition; and image quality enhancement. Current development of AI methodology in each aforementioned application were subsequently discussed. Although most of the reviewed studies demonstrated a great potential of AI application for dental radiography, further development is still needed before implementation in clinical routine due to several challenges and limitations, such as lack of datasets size justification and unstandardized reporting format. Considering the current limitations and challenges, future AI research in dental radiography should follow standardized reporting formats in order to align the research designs and enhance the impact of AI development globally.",Ramadhan Hardani Putra; Chiaki Doi; Nobuhiro Yoda; Eha Renwi Astuti; Keiichi Sasaki,Dental radiography;Radiography;Medical physics;Digital radiography;Dentistry;Medicine;Computer science;Dental implant;Radiology;Implant;Surgery,2021,OpenAlex,203
W4323925779,Smartphone-based platforms implementing microfluidic detection with image-based artificial intelligence,"The frequent outbreak of global infectious diseases has prompted the development of rapid and effective diagnostic tools for the early screening of potential patients in point-of-care testing scenarios. With advances in mobile computing power and microfluidic technology, the smartphone-based mobile health platform has drawn significant attention from researchers developing point-of-care testing devices that integrate microfluidic optical detection with artificial intelligence analysis. In this article, we summarize recent progress in these mobile health platforms, including the aspects of microfluidic chips, imaging modalities, supporting components, and the development of software algorithms. We document the application of mobile health platforms in terms of the detection objects, including molecules, viruses, cells, and parasites. Finally, we discuss the prospects for future development of mobile health platforms.",Bangfeng Wang; Yiwei Li; Mengfan Zhou; Yulong Han; Mingyu Zhang; Zhaolong Gao; Zetai Liu; Peng Chen; Wei Du; Xingcai Zhang; Xiaojun Feng; Bi‐Feng Liu,Computer science;Microfluidics;Modalities;Point-of-care testing;Point of care;Software;Data science;Mobile device;Human–computer interaction;Artificial intelligence;Nanotechnology;World Wide Web;Medicine;Pathology;Sociology;Materials science;Programming language;Social science,2023,OpenAlex,237
W4402273478,An artificial intelligence accelerated virtual screening platform for drug discovery,"Abstract Structure-based virtual screening is a key tool in early drug discovery, with growing interest in the screening of multi-billion chemical compound libraries. However, the success of virtual screening crucially depends on the accuracy of the binding pose and binding affinity predicted by computational docking. Here we develop a highly accurate structure-based virtual screen method, RosettaVS, for predicting docking poses and binding affinities. Our approach outperforms other state-of-the-art methods on a wide range of benchmarks, partially due to our ability to model receptor flexibility. We incorporate this into a new open-source artificial intelligence accelerated virtual screening platform for drug discovery. Using this platform, we screen multi-billion compound libraries against two unrelated targets, a ubiquitin ligase target KLHDC2 and the human voltage-gated sodium channel Na V 1.7. For both targets, we discover hit compounds, including seven hits (14% hit rate) to KLHDC2 and four hits (44% hit rate) to Na V 1.7, all with single digit micromolar binding affinities. Screening in both cases is completed in less than seven days. Finally, a high resolution X-ray crystallographic structure validates the predicted docking pose for the KLHDC2 ligand complex, demonstrating the effectiveness of our method in lead discovery.",Guangfeng Zhou; Domnița-Valeria Rusnac; Hahnbeom Park; Daniele Canzani; Hai M. Nguyen; Lance Stewart; Matthew F. Bush; Phuong T. Nguyen; Heike Wulff; Vladimir Yarov‐Yarovoy; Ning Zheng; Frank DiMaio,Virtual screening;Drug discovery;Binding affinities;Docking (animal);Computer science;Computational biology;Ubiquitin ligase;Bioinformatics;Chemistry;Ubiquitin;Biology;Receptor;Medicine;Biochemistry;Nursing;Gene,2024,OpenAlex,205
W4206636637,Perceptions and Needs of Artificial Intelligence in Health Care to Increase Adoption: Scoping Review,"BACKGROUND: Artificial intelligence (AI) has the potential to improve the efficiency and effectiveness of health care service delivery. However, the perceptions and needs of such systems remain elusive, hindering efforts to promote AI adoption in health care. OBJECTIVE: This study aims to provide an overview of the perceptions and needs of AI to increase its adoption in health care. METHODS: A systematic scoping review was conducted according to the 5-stage framework by Arksey and O'Malley. Articles that described the perceptions and needs of AI in health care were searched across nine databases: ACM Library, CINAHL, Cochrane Central, Embase, IEEE Xplore, PsycINFO, PubMed, Scopus, and Web of Science for studies that were published from inception until June 21, 2021. Articles that were not specific to AI, not research studies, and not written in English were omitted. RESULTS: Of the 3666 articles retrieved, 26 (0.71%) were eligible and included in this review. The mean age of the participants ranged from 30 to 72.6 years, the proportion of men ranged from 0% to 73.4%, and the sample sizes for primary studies ranged from 11 to 2780. The perceptions and needs of various populations in the use of AI were identified for general, primary, and community health care; chronic diseases self-management and self-diagnosis; mental health; and diagnostic procedures. The use of AI was perceived to be positive because of its availability, ease of use, and potential to improve efficiency and reduce the cost of health care service delivery. However, concerns were raised regarding the lack of trust in data privacy, patient safety, technological maturity, and the possibility of full automation. Suggestions for improving the adoption of AI in health care were highlighted: enhancing personalization and customizability; enhancing empathy and personification of AI-enabled chatbots and avatars; enhancing user experience, design, and interconnectedness with other devices; and educating the public on AI capabilities. Several corresponding mitigation strategies were also identified in this study. CONCLUSIONS: The perceptions and needs of AI in its use in health care are crucial in improving its adoption by various stakeholders. Future studies and implementations should consider the points highlighted in this study to enhance the acceptability and adoption of AI in health care. This would facilitate an increase in the effectiveness and efficiency of health care service delivery to improve patient outcomes and satisfaction.",Han Shi Jocelyn Chew; Palakorn Achananuparp,CINAHL;PsycINFO;Scopus;Health care;MEDLINE;Cochrane Library;eHealth;Medicine;Nursing;Psychology;Family medicine;Medical education;Alternative medicine;Psychological intervention;Political science;Law;Pathology,2022,OpenAlex,235
W3080594820,Research on Artificial Intelligence Enhancing Internet of Things Security: A Survey,"Through three development routes of authentication, communication, and computing, the Internet of Things (IoT) has become a variety of innovative integrated solutions for specific applications. However, due to the openness, extensiveness and resource constraints of IoT, each layer of the three-tier IoT architecture suffers from a variety of security threats. In this work, we systematically review the particularity and complexity of IoT security protection, and then find that Artificial Intelligence (AI) methods such as Machine Learning (ML) and Deep Learning (DL) can provide new powerful capabilities to meet the security requirements of IoT. We analyze the technical feasibility of AI in solving IoT security problems and summarize a general process of AI solutions for IoT security. For four serious IoT security threats: device authentication, Denial of Service (DoS) and Distributed Denial of Service (DDoS) attacks defense, intrusion detection and malware detection, we summarize representative AI solutions and compare the different algorithms and technologies used by various solutions. It should be noted that although AI provides many new capabilities for the security protection of IoT, it also brings new potential challenges and possible negative effects to IoT in terms of data, algorithm and architecture. In the future, how to solve these challenges can serve as potential research directions.",Hui Wu; Haiting Han; Xiao Wang; Shengli Sun,Computer science;Computer security;Denial-of-service attack;Variety (cybernetics);Intrusion detection system;Authentication (law);The Internet;Artificial intelligence;World Wide Web,2020,OpenAlex,201
W4200621142,Natural product drug discovery in the artificial intelligence era,"Natural products (NPs) are primarily recognized as privileged structures to interact with protein drug targets. Their unique characteristics and structural diversity continue to marvel scientists for developing NP-inspired medicines, even though the pharmaceutical industry has largely given up. High-performance computer hardware, extensive storage, accessible software and affordable online education have democratized the use of artificial intelligence (AI) in many sectors and research areas. The last decades have introduced natural language processing and machine learning algorithms, two subfields of AI, to tackle NP drug discovery challenges and open up opportunities. In this article, we review and discuss the rational applications of AI approaches developed to assist in discovering bioactive NPs and capturing the molecular ""patterns"" of these privileged structures for combinatorial design or target selectivity.",Fernanda I. Saldívar‐González; Victor Daniel Aldas-Bulos; José L. Medina‐Franco; Fabien Plisson,Natural product;Drug discovery;Natural (archaeology);Drug;Product (mathematics);Computer science;Data science;Computational biology;Chemistry;Pharmacology;Medicine;Biology;Stereochemistry;Biochemistry;Mathematics;Paleontology;Geometry,2021,OpenAlex,199
W4385448491,Artificial intelligence enhanced sensors - enabling technologies to next-generation healthcare and biomedical platform,"The fourth industrial revolution has led to the development and application of health monitoring sensors that are characterized by digitalization and intelligence. These sensors have extensive applications in medical care, personal health management, elderly care, sports, and other fields, providing people with more convenient and real-time health services. However, these sensors face limitations such as noise and drift, difficulty in extracting useful information from large amounts of data, and lack of feedback or control signals. The development of artificial intelligence has provided powerful tools and algorithms for data processing and analysis, enabling intelligent health monitoring, and achieving high-precision predictions and decisions. By integrating the Internet of Things, artificial intelligence, and health monitoring sensors, it becomes possible to realize a closed-loop system with the functions of real-time monitoring, data collection, online analysis, diagnosis, and treatment recommendations. This review focuses on the development of healthcare artificial sensors enhanced by intelligent technologies from the aspects of materials, device structure, system integration, and application scenarios. Specifically, this review first introduces the great advances in wearable sensors for monitoring respiration rate, heart rate, pulse, sweat, and tears; implantable sensors for cardiovascular care, nerve signal acquisition, and neurotransmitter monitoring; soft wearable electronics for precise therapy. Then, the recent advances in volatile organic compound detection are highlighted. Next, the current developments of human-machine interfaces, AI-enhanced multimode sensors, and AI-enhanced self-sustainable systems are reviewed. Last, a perspective on future directions for further research development is also provided. In summary, the fusion of artificial intelligence and artificial sensors will provide more intelligent, convenient, and secure services for next-generation healthcare and biomedical applications.",Chan Wang; Tianyiyi He; Hong Zhou; Zixuan Zhang; Chengkuo Lee,Health care;Computer science;Data science;Engineering;Political science;Law,2023,OpenAlex,265
W3088719758,Applications of artificial intelligence and deep learning in molecular imaging and radiotherapy,"This brief review summarizes the major applications of artificial intelligence (AI), in particular deep learning approaches, in molecular imaging and radiation therapy research. To this end, the applications of artificial intelligence in five generic fields of molecular imaging and radiation therapy, including PET instrumentation design, PET image reconstruction quantification and segmentation, image denoising (low-dose imaging), radiation dosimetry and computer-aided diagnosis, and outcome prediction are discussed. This review sets out to cover briefly the fundamental concepts of AI and deep learning followed by a presentation of seminal achievements and the challenges facing their adoption in clinical setting.",Hossein Arabi; Habib Zaidi,Artificial intelligence;Deep learning;Medical physics;Computer science;Medical imaging;Instrumentation (computer programming);Applications of artificial intelligence;Presentation (obstetrics);Molecular imaging;Medicine;Radiology;Operating system;Biology;Biotechnology;In vivo,2020,OpenAlex,197
W3092857159,Artificial intelligence for brain diseases: A systematic review,"Artificial intelligence (AI) is a major branch of computer science that is fruitfully used for analyzing complex medical data and extracting meaningful relationships in datasets, for several clinical aims. Specifically, in the brain care domain, several innovative approaches have achieved remarkable results and open new perspectives in terms of diagnosis, planning, and outcome prediction. In this work, we present an overview of different artificial intelligent techniques used in the brain care domain, along with a review of important clinical applications. A systematic and careful literature search in major databases such as Pubmed, Scopus, and Web of Science was carried out using ""artificial intelligence"" and ""brain"" as main keywords. Further references were integrated by cross-referencing from key articles. 155 studies out of 2696 were identified, which actually made use of AI algorithms for different purposes (diagnosis, surgical treatment, intra-operative assistance, and postoperative assessment). Artificial neural networks have risen to prominent positions among the most widely used analytical tools. Classic machine learning approaches such as support vector machine and random forest are still widely used. Task-specific algorithms are designed for solving specific problems. Brain images are one of the most used data types. AI has the possibility to improve clinicians' decision-making ability in neuroscience applications. However, major issues still need to be addressed for a better practical use of AI in the brain. To this aim, it is important to both gather comprehensive data and build explainable AI algorithms.",Alice Segato; Aldo Marzullo; Francesco Calimeri; Elena De Momi,Computer science;Artificial intelligence;Machine learning;Domain (mathematical analysis);Artificial neural network;Scopus;Key (lock);Task (project management);Data science;MEDLINE;Systems engineering;Engineering;Computer security;Mathematical analysis;Law;Political science;Mathematics,2020,OpenAlex,165
W3124439729,DSTG: deconvoluting spatial transcriptomics data through graph-based artificial intelligence,"Recent development of spatial transcriptomics (ST) is capable of associating spatial information at different spots in the tissue section with RNA abundance of cells within each spot, which is particularly important to understand tissue cytoarchitectures and functions. However, for such ST data, since a spot is usually larger than an individual cell, gene expressions measured at each spot are from a mixture of cells with heterogenous cell types. Therefore, ST data at each spot needs to be disentangled so as to reveal the cell compositions at that spatial spot. In this study, we propose a novel method, named deconvoluting spatial transcriptomics data through graph-based convolutional networks (DSTG), to accurately deconvolute the observed gene expressions at each spot and recover its cell constitutions, thus achieving high-level segmentation and revealing spatial architecture of cellular heterogeneity within tissues. DSTG not only demonstrates superior performance on synthetic spatial data generated from different protocols, but also effectively identifies spatial compositions of cells in mouse cortex layer, hippocampus slice and pancreatic tumor tissues. In conclusion, DSTG accurately uncovers the cell states and subpopulations based on spatial localization. DSTG is available as a ready-to-use open source software (https://github.com/Su-informatics-lab/DSTG) for precise interrogation of spatial organizations and functions in tissues.",Qianqian Song; Jing Su,Computer science;Spatial analysis;Transcriptome;Graph;Segmentation;Pattern recognition (psychology);Artificial intelligence;Spatial organization;Computational biology;Data mining;Gene expression;Biology;Gene;Theoretical computer science;Remote sensing;Geography;Genetics;Evolutionary biology,2020,OpenAlex,235
W3201701662,Artificial intelligence system reduces false-positive findings in the interpretation of breast ultrasound exams,"Though consistently shown to detect mammographically occult cancers, breast ultrasound has been noted to have high false-positive rates. In this work, we present an AI system that achieves radiologist-level accuracy in identifying breast cancer in ultrasound images. Developed on 288,767 exams, consisting of 5,442,907 B-mode and Color Doppler images, the AI achieves an area under the receiver operating characteristic curve (AUROC) of 0.976 on a test set consisting of 44,755 exams. In a retrospective reader study, the AI achieves a higher AUROC than the average of ten board-certified breast radiologists (AUROC: 0.962 AI, 0.924 ± 0.02 radiologists). With the help of the AI, radiologists decrease their false positive rates by 37.3% and reduce requested biopsies by 27.8%, while maintaining the same level of sensitivity. This highlights the potential of AI in improving the accuracy, consistency, and efficiency of breast ultrasound diagnosis.",Yiqiu Shen; Farah E. Shamout; Jamie R. Oliver; Jan Witowski; Kawshik Kannan; Jungkyu Park; Nan Wu; Connor Huddleston; Stacey Wolfson; Alexandra Millet; Robin Ehrenpreis; Divya Awal; Cathy S. Tyma; Naziya Samreen; Yiming Gao; Chloe Chhor; Stacey Gandhi; Cindy Lee; Sheila Kumari‐Subaiya; Cindy Leonard; Reyhan Mohammed; Christopher Moczulski; Jaime Altabet; James S. Babb; Alana A. Lewin; Beatriu Reig; Linda Moy; Laura Heacock; Krzysztof J. Geras,Medicine;Ultrasound;Breast ultrasound;Receiver operating characteristic;Radiology;Breast cancer;False positive rate;Breast imaging;Occult;Color doppler;Medical physics;Artificial intelligence;Ultrasonography;Mammography;Computer science;Cancer;Pathology;Internal medicine;Alternative medicine,2021,OpenAlex,258
W3195585048,A systematic literature review on the use of artificial intelligence in energy self-management in smart buildings,"Buildings are one of the main consumers of energy in cities, which is why a lot of research has been generated around this problem. Especially, the buildings energy management systems must improve in the next years. Artificial intelligence techniques are playing and will play a fundamental role in these improvements. This work presents a systematic review of the literature on researches that have been done in recent years to improve energy management systems for smart building using artificial intelligence techniques. An originality of the work is that they are grouped according to the concept of “Autonomous Cycles of Data Analysis Tasks”, which defines that an autonomous management system requires specialized tasks, such as monitoring, analysis, and decision-making tasks for reaching objectives in the environment, like improve the energy efficiency. This organization of the work allows us to establish not only the positioning of the researches, but also, the visualization of the current challenges and opportunities in each domain. We have identified that many types of researches are in the domain of decision-making (a large majority on optimization and control tasks), and defined potential projects related to the development of autonomous cycles of data analysis tasks, feature engineering, or multi-agent systems, among others.",José Aguilar; Alberto Garcés-Jiménez; María D. R‐Moreno; Rodrigo García,Domain (mathematical analysis);Computer science;Work (physics);Energy management;Originality;Visualization;Control (management);Artificial intelligence;Energy (signal processing);Data science;Systems engineering;Risk analysis (engineering);Management science;Engineering;Knowledge management;Creativity;Mechanical engineering;Law;Medicine;Mathematical analysis;Political science;Statistics;Mathematics,2021,OpenAlex,261
W3134678567,Radiomics and artificial intelligence in lung cancer screening,"Lung cancer is responsible for more fatalities than any other cancer worldwide, with 1.76 million associated deaths reported in 2018. The key issue in the fight against this disease is the detection and diagnosis of all pulmonary nodules at an early stage. Artificial intelligence (AI) algorithms play a vital role in the automated detection, segmentation, and computer-aided diagnosis of malignant lesions. Among the existing algorithms, radiomics and deep-learning-based types appear to show the most promise. Radiomics is a growing field related to the extraction of a set of features from an image, which allows for automated classification of medical images into a predefined group. The process comprises a series of consecutive steps including image acquisition and pre-processing, segmentation of the desired region of interest, calculation of defined features, feature engineering, and construction of the classification model. The features calculated in this process are mainly shape features, as well as first- and higher-order texture features. To date, more than 100 features have been defined, although this number varies depending on the application. The greatest challenge in radiomics is building a cross-validated model based on a selected set of calculated features known as the radiomic signature. Numerous radiomic signatures have successfully been developed; however, reproducibility and clinical validity of the results obtained constitutes a considerable challenge of modern radiomics. Deep learning algorithms are another rapidly evolving technique and are recognized as a valuable tool in the field of medical image analysis for the detection, characterization, and assessment of lesions. Such an approach involves the design of artificial neural network architecture while upholding the goal of high classification accuracy. This paper illuminates the evolution and current state of artificial intelligence methods in lung imaging and the detection and diagnosis of pulmonary nodules, with a particular emphasis on radiomics and deep learning methods.",F. Bińczyk; Wojciech Prazuch; P Bozek; Joanna Polańska,Radiomics;Artificial intelligence;Computer science;Segmentation;Feature extraction;Image processing;Machine learning;Image segmentation;Medical imaging;Field (mathematics);Pattern recognition (psychology);Medicine;Image (mathematics);Mathematics;Pure mathematics,2021,OpenAlex,155
W2903005174,Fintech Risk Management: A Research Challenge for Artificial Intelligence in Finance,"SPECIALTY GRAND CHALLENGE article Front. Artif. Intell., 27 November 2018Sec. Artificial Intelligence in Finance Volume 1 - 2018 | https://doi.org/10.3389/frai.2018.00001",Paolo Giudici,Finance;Front (military);Business;Management;Artificial intelligence;Computer science;Engineering;Economics;Mechanical engineering,2018,OpenAlex,188
W4311026115,A Call to Action on Assessing and Mitigating Bias in Artificial Intelligence Applications for Mental Health,"Advances in computer science and data-analytic methods are driving a new era in mental health research and application. Artificial intelligence (AI) technologies hold the potential to enhance the assessment, diagnosis, and treatment of people experiencing mental health problems and to increase the reach and impact of mental health care. However, AI applications will not mitigate mental health disparities if they are built from historical data that reflect underlying social biases and inequities. AI models biased against sensitive classes could reinforce and even perpetuate existing inequities if these models create legacies that differentially impact who is diagnosed and treated, and how effectively. The current article reviews the health-equity implications of applying AI to mental health problems, outlines state-of-the-art methods for assessing and mitigating algorithmic bias, and presents a call to action to guide the development of fair-aware AI in psychological science.",Adela C. Timmons; Jacqueline B. Duong; Natalia Simo Fiallo; Theodore Lee; Huong Phuc Quynh Vo; Matthew W. Ahle; Jonathan S. Comer; LaPrincess C. Brewer; Stacy L. Frazier; Theodora Chaspari,Call to action;Mental health;Psychology;Action (physics);Cognitive psychology;Applied psychology;Psychiatry;Business;Quantum mechanics;Physics;Marketing,2022,OpenAlex,230
W2973907375,The Rhetoric and Reality of Anthropomorphism in Artificial Intelligence,"Abstract Artificial intelligence (AI) has historically been conceptualized in anthropomorphic terms. Some algorithms deploy biomimetic designs in a deliberate attempt to effect a sort of digital isomorphism of the human brain. Others leverage more general learning strategies that happen to coincide with popular theories of cognitive science and social epistemology. In this paper, I challenge the anthropomorphic credentials of the neural network algorithm, whose similarities to human cognition I argue are vastly overstated and narrowly construed. I submit that three alternative supervised learning methods—namely lasso penalties, bagging, and boosting—offer subtler, more interesting analogies to human reasoning as both an individual and a social phenomenon. Despite the temptation to fall back on anthropomorphic tropes when discussing AI, however, I conclude that such rhetoric is at best misleading and at worst downright dangerous. The impulse to humanize algorithms is an obstacle to properly conceptualizing the ethical challenges posed by emerging technologies.",David Watson,Rhetoric;Philosophy of science;Cognitive science;Philosophy of mind;Computer science;Epistemology;Artificial intelligence;Cognition;Scrutiny;Artificial general intelligence;Human intelligence;Phenomenon;Psychology;Leverage (statistics);Sociology;Philosophy;Linguistics;Metaphysics;Neuroscience;Theology,2019,OpenAlex,137
W4309734258,Traffic prediction using artificial intelligence: Review of recent advances and emerging opportunities,,Maryam Shaygan; Collin Meese; Wanxin Li; Xiaoliang Zhao; Mark Nejad,Computer science;Artificial intelligence;Engineering,2022,OpenAlex,235
W2619354375,Artificial Intelligence-Assisted Online Social Therapy for Youth Mental Health,"Introduction: Benefits from mental health early interventions may not be sustained over time, and longer-term intervention programs may be required to maintain early clinical gains. However, due to the high intensity of face-to-face early intervention treatments, this may not be feasible. Adjunctive internet-based interventions specifically designed for youth may provide a cost-effective and engaging alternative to prevent loss of intervention benefits. However, until now online interventions have relied on human moderators to deliver therapeutic content. More sophisticated models responsive to user data are critical to inform tailored online therapy. Thus, integration of user experience with a sophisticated and cutting-edge technology to deliver content is necessary to redefine online interventions in youth mental health. This paper discusses the development of the moderated online social therapy (MOST) web application, which provides an interactive social media-based platform for recovery in mental health. We provide an overview of the system's main features and discus our current work regarding the incorporation of advanced computational and artificial intelligence methods to enhance user engagement and improve the discovery and delivery of therapy content. Methods: Our case study is the ongoing Horyzons site (5-year randomised controlled trial for youth recovering from early psychosis), which is powered by MOST. We outline the motivation underlying the project and the web application’s foundational features and interface. We discuss system innovations, including the incorporation of pertinent usage patterns as well as identifying certain limitations of the system. This leads to our current motivations and focus on using computational and artificial intelligence methods to enhance user engagement, and to further improve the system with novel mechanisms for the delivery of therapy content to users. In particular, we cover our usage of natural language analysis and chatbot technologies as strategies to tailor interventions and scale up the system. Conclusions: To date, the innovative MOST system has demonstrated viability in a series of clinical research trials. Given the data-driven opportunities afforded by the software system, observed usage patterns and the aim to deploy it on a greater scale, an important next step in its evolution is the incorporation of advanced and automated content delivery mechanisms.",Simon D’Alfonso; Olga Santesteban‐Echarri; Simon Rice; Greg Wadley; Reeva Lederman; Christopher Miles; John Gleeson; Mario Álvarez‐Jiménez,Psychological intervention;Mental health;Psychology;Intervention (counseling);Social media;The Internet;Applied psychology;Computer science;Psychotherapist;World Wide Web;Psychiatry,2017,OpenAlex,196
W2286300105,Text Matching as Image Recognition,"Matching two texts is a fundamental problem in many natural language processing tasks. An effective way is to extract meaningful matching patterns from words, phrases, and sentences to produce the matching score. Inspired by the success of convolutional neural network in image recognition, where neurons can capture many complicated patterns based on the extracted elementary visual patterns such as oriented edges and corners, we propose to model text matching as the problem of image recognition. Firstly, a matching matrix whose entries represent the similarities between words is constructed and viewed as an image. Then a convolutional neural network is utilized to capture rich matching patterns in a layer-by-layer way. We show that by resembling the compositional hierarchies of patterns in image recognition, our model can successfully identify salient signals such as n-gram and n-term matchings. Experimental results demonstrate its superiority against the baselines.",Liang Pang; Yanyan Lan; Jiafeng Guo; Jun Xu; Shengxian Wan; Xueqi Cheng,Matching (statistics);Computer science;Pattern recognition (psychology);Salient;Artificial intelligence;Convolutional neural network;Image (mathematics);Layer (electronics);Neocognitron;Artificial neural network;Mathematics;Character recognition;Organic chemistry;Statistics;Chemistry,2016,OpenAlex,455
W2061242453,A robot laboratory for teaching artificial intelligence,"There is a growing consensus among computer science faculty that it is quite difficult to teach the introductory course on Artificial Intelligence well [4, 6]. In part this is because AI lacks a unified methodology, overlaps with many other disciplines, and involves a wide range of skills from very applied to quite formal. In the funded project described here we have addressed these problems by: Offering a unifying theme that draws together the disparate topics of AI; Focusing the course syllabus on the role AI plays in the core computer science curriculum; and Motivating the students to learn by using concrete, hands-on laboratory exercises. Our approach is to conceive of topics in AI as robotics tasks. In the laboratory, students build their own robots and program them to accomplish the tasks. By constructing a physical entity in conjunction with the code to control it, students have a unique opportunity to directly tackle many central issues of computer science including the interaction between hardware and software, space complexity in terms of the memory limitations of the robot's controller, and time complexity in terms of the speed of the robot's action decisions. More importantly, the robot theme provides a strong incentive towards learning because students want to see their inventions succeed. This robot-centered approach is an extension of the agent-centered approach adopted by Russell and Norvig in their recent text book [11]. Taking the agent perspective, the problem of AI is seen as describing and building agents that receive perceptions as input and then output appropriate actions based on them. As a result the study of AI centers around how best to implement this mapping from perceptions to actions. The robot perspective takes this approach one step further; rather than studying software agents in a simulated environment, we embed physical agents in the real world. This adds a dimension of complexity as well as excitement to the AI course. The complexity has to do with additional demands of learning robot building techniques but can be overcome by the introduction of kits that are easy to assemble. Additionally, they are lightweight, inexpensive to maintain, programmable through the standard interfaces provided on most computers, and yet, offer sufficient extensibility to create and experiment with a wide range of agent behaviors. At the same time, using robots also leads the students to an important conclusion about scalability: the real world is very different from a simulated world, which has been a long standing criticism of many well-known AI techniques. We proposed a plan to develop identical robot building laboratories at both Bryn Mawr and Swarthmore Colleges that would allow us to integrate the construction of robots into our introductory AI courses. Furthermore, we hoped that these laboratories would encourage our undergraduate students to pursue honors theses and research projects dealing with the building of physical agents.",Deepak Kumar; Lisa Meeden,Robot;Computer science;Artificial intelligence;Syllabus;Robotics;Theme (computing);Human–computer interaction;Curriculum;Action (physics);Mathematics education;World Wide Web;Mathematics;Quantum mechanics;Psychology;Pedagogy;Physics,1998,OpenAlex,125
W3138961261,Artificial intelligence: Deep learning in oncological radiomics and challenges of interpretability and data harmonization,"Over the last decade there has been an extensive evolution in the Artificial Intelligence (AI) field. Modern radiation oncology is based on the exploitation of advanced computational methods aiming to personalization and high diagnostic and therapeutic precision. The quantity of the available imaging data and the increased developments of Machine Learning (ML), particularly Deep Learning (DL), triggered the research on uncovering ""hidden"" biomarkers and quantitative features from anatomical and functional medical images. Deep Neural Networks (DNN) have achieved outstanding performance and broad implementation in image processing tasks. Lately, DNNs have been considered for radiomics and their potentials for explainable AI (XAI) may help classification and prediction in clinical practice. However, most of them are using limited datasets and lack generalized applicability. In this study we review the basics of radiomics feature extraction, DNNs in image analysis, and major interpretability methods that help enable explainable AI. Furthermore, we discuss the crucial requirement of multicenter recruitment of large datasets, increasing the biomarkers variability, so as to establish the potential clinical value of radiomics and the development of robust explainable AI models.",Panagiotis Papadimitroulas; Lennart Brocki; Neo Christopher Chung; Wistan Marchadour; Franck Vermet; Laurent Gaubert; Vasileios Eleftheriadis; Dimitris Plachouris; Dimitris Visvikis; George C. Kagadis; Mathieu Hatt,Interpretability;Radiomics;Harmonization;Artificial intelligence;Machine learning;Computer science;Deep learning;Acoustics;Physics,2021,OpenAlex,220
W4304187829,Artificial intelligence and radical innovation: an opportunity for all companies?,"Abstract Artificial intelligence (AI) is often seen as a key technology for future economic growth. However, its concrete effects on the emergence of radical innovations and the associated socio-economic impacts, through increasing divergence between smaller and larger firms, have not yet been systematically researched. This paper addresses this by investigating the extent to which AI-related knowledge influences the emergence of radical innovations and differentiates between SMEs and large firms. Based on a unique dataset of European firms combining firm-level data with patent data, we find a nuanced influence from AI. While AI applications assert a positive influence, AI techniques negatively influence the emergence of radical innovations. Being an SME significantly moderates these effects. Larger firms gain from AI applications, whereas SMEs gain from AI techniques. Therefore, AI knowledge in itself is not a general answer to increase the likelihood of creating radical innovation. Instead, a more differentiated view on AI is needed.",Nils Grashof; Alexander Kopka,Entrepreneurship;Divergence (linguistics);Industrial organization;Business;Marketing;Economics;Knowledge management;Computer science;Philosophy;Finance;Linguistics,2022,OpenAlex,153
W3038147963,Machine learning and artificial intelligence in haematology,"Digitalization of the medical record and integration of genomic methods into clinical practice have resulted in an unprecedented wealth of data. Machine learning is a subdomain of artificial intelligence that attempts to computationally extract meaningful insights from complex data structures. Applications of machine learning in haematological scenarios are steadily increasing. However, basic concepts are often unfamiliar to clinicians and investigators. The purpose of this review is to provide readers with tools to interpret and critically appraise machine learning literature. We begin with the elucidation of standard terminology and then review examples in haematology. Guidelines for designing and evaluating machine-learning studies are provided. Finally, we discuss limitations of the machine-learning approach.",Roni Shouval; Joshua Fein; Bipin N. Savani; Mohamad Mohty; Arnon Nagler,Artificial intelligence;Terminology;Computer science;Machine learning;Linguistics;Philosophy,2020,OpenAlex,122
W4284887878,Where Is the Artificial Intelligence Applied in Dentistry? Systematic Review and Literature Analysis,"This literature research had two main objectives. The first objective was to quantify how frequently artificial intelligence (AI) was utilized in dental literature from 2011 until 2021. The second objective was to distinguish the focus of such publications; in particular, dental field and topic. The main inclusion criterium was an original article or review in English focused on dental utilization of AI. All other types of publications or non-dental or non-AI-focused were excluded. The information sources were Web of Science, PubMed, Scopus, and Google Scholar, queried on 19 April 2022. The search string was ""artificial intelligence"" AND (dental OR dentistry OR tooth OR teeth OR dentofacial OR maxillofacial OR orofacial OR orthodontics OR endodontics OR periodontics OR prosthodontics). Following the removal of duplicates, all remaining publications were returned by searches and were screened by three independent operators to minimize the risk of bias. The analysis of 2011-2021 publications identified 4413 records, from which 1497 were finally selected and calculated according to the year of publication. The results confirmed a historically unprecedented boom in AI dental publications, with an average increase of 21.6% per year over the last decade and a 34.9% increase per year over the last 5 years. In the achievement of the second objective, qualitative assessment of dental AI publications since 2021 identified 1717 records, with 497 papers finally selected. The results of this assessment indicated the relative proportions of focal topics, as follows: radiology 26.36%, orthodontics 18.31%, general scope 17.10%, restorative 12.09%, surgery 11.87% and education 5.63%. The review confirms that the current use of artificial intelligence in dentistry is concentrated mainly around the evaluation of digital diagnostic methods, especially radiology; however, its implementation is expected to gradually penetrate all parts of the profession.",Andrej Thurzo; Wanda Urbanová; Bohušlav Novák; Ladislav Czakó; Tomáš Siebert; Peter Stano; Simona Mareková; Georgia Fountoulaki; Helena Svobodová; Ivan Varga,Periodontology;Endodontics;Scopus;Dentistry;Prosthodontics;Medicine;Fixed prosthodontics;Oral and maxillofacial surgery;MEDLINE;Web of science;Orthodontics;Meta-analysis;Pathology;Political science;Law,2022,OpenAlex,185
W3154435685,On Interpretability of Artificial Neural Networks: A Survey,"Deep learning as represented by the artificial deep neural networks (DNNs) has achieved great success recently in many important areas that deal with text, images, videos, graphs, and so on. However, the black-box nature of DNNs has become one of the primary obstacles for their wide adoption in mission-critical applications such as medical diagnosis and therapy. Because of the huge potentials of deep learning, increasing the interpretability of deep neural networks has recently attracted much research attention. In this paper, we propose a simple but comprehensive taxonomy for interpretability, systematically review recent studies in improving interpretability of neural networks, describe applications of interpretability in medicine, and discuss possible future research directions of interpretability, such as in relation to fuzzy logic and brain science.",Fenglei Fan; Jinjun Xiong; Mengzhou Li; Ge Wang,Interpretability;Artificial intelligence;Artificial neural network;Deep learning;Computer science;Black box;Machine learning;Deep neural networks;Relation (database);Data mining,2021,OpenAlex,508
W3100571307,Homology modeling in the time of collective and artificial intelligence,"Homology modeling is a method for building protein 3D structures using protein primary sequence and utilizing prior knowledge gained from structural similarities with other proteins. The homology modeling process is done in sequential steps where sequence/structure alignment is optimized, then a backbone is built and later, side-chains are added. Once the low-homology loops are modeled, the whole 3D structure is optimized and validated. In the past three decades, a few collective and collaborative initiatives allowed for continuous progress in both homology and ab initio modeling. Critical Assessment of protein Structure Prediction (CASP) is a worldwide community experiment that has historically recorded the progress in this field. [email protected] and [email protected] are examples of crowd-sourcing initiatives where the community is sharing computational resources, whereas RosettaCommons is an example of an initiative where a community is sharing a codebase for the development of computational algorithms. Foldit is another initiative where participants compete with each other in a protein folding video game to predict 3D structure. In the past few years, contact maps deep machine learning was introduced to the 3D structure prediction process, adding more information and increasing the accuracy of models significantly. In this review, we will take the reader in a journey of exploration from the beginnings to the most recent turnabouts, which have revolutionized the field of homology modeling. Moreover, we discuss the new trends emerging in this rapidly growing field.",Tareq Hameduh; Yazan Haddad; Vojtěch Adam; Zbyněk Heger,CASP;Homology modeling;Computer science;Codebase;Protein structure prediction;Structural bioinformatics;Structured prediction;Data science;Artificial intelligence;Homology (biology);Computational biology;Machine learning;Bioinformatics;Protein structure;Biology;Software;Genetics;Gene;Enzyme;Biochemistry;Programming language,2020,OpenAlex,137
W3001449808,Will Artificial Intelligence for Drug Discovery Impact Clinical Pharmacology?,"As the field of artificial intelligence and machine learning (AI/ML) for drug discovery is rapidly advancing, we address the question ""What is the impact of recent AI/ML trends in the area of Clinical Pharmacology?"" We address difficulties and AI/ML developments for target identification, their use in generative chemistry for small molecule drug discovery, and the potential role of AI/ML in clinical trial outcome evaluation. We briefly discuss current trends in the use of AI/ML in health care and the impact of AI/ML context of the daily practice of clinical pharmacologists.",Alex Zhavoronkov; Quentin Vanhaelen; Tudor I. Oprea,Context (archaeology);Drug discovery;Clinical pharmacology;Identification (biology);Clinical trial;Clinical Practice;Generative grammar;Drug;Pharmacology;Medicine;Data science;Artificial intelligence;Computer science;Bioinformatics;Internal medicine;Biology;Paleontology;Family medicine;Botany,2020,OpenAlex,149
W4394695940,"Artificial Intelligence in Oncology: Current Landscape, Challenges, and Future Directions","Artificial intelligence (AI) in oncology is advancing beyond algorithm development to integration into clinical practice. This review describes the current state of the field, with a specific focus on clinical integration. AI applications are structured according to cancer type and clinical domain, focusing on the four most common cancers and tasks of detection, diagnosis, and treatment. These applications encompass various data modalities, including imaging, genomics, and medical records. We conclude with a summary of existing challenges, evolving solutions, and potential future directions for the field. SIGNIFICANCE: AI is increasingly being applied to all aspects of oncology, where several applications are maturing beyond research and development to direct clinical integration. This review summarizes the current state of the field through the lens of clinical translation along the clinical care continuum. Emerging areas are also highlighted, along with common challenges, evolving solutions, and potential future directions for the field.",William Lotter; Michael J. Hassett; Nikolaus Schultz; Kenneth L. Kehl; Eliezer M. Van Allen; Ethan Cerami,Modalities;Field (mathematics);Data science;Data integration;Computer science;Radiation oncology;Artificial intelligence;Medical physics;Medicine;Internal medicine;Data mining;Mathematics;Sociology;Social science;Pure mathematics;Radiation therapy,2024,OpenAlex,161
W2996106349,Artificial intelligence for team sports: a survey,"Abstract The sports domain presents a number of significant computational challenges for artificial intelligence (AI) and machine learning (ML). In this paper, we explore the techniques that have been applied to the challenges within team sports thus far. We focus on a number of different areas, namely match outcome prediction, tactical decision making, player investments, fantasy sports, and injury prediction. By assessing the work in these areas, we explore how AI is used to predict match outcomes and to help sports teams improve their strategic and tactical decision making. In particular, we describe the main directions in which research efforts have been focused to date. This highlights not only a number of strengths but also weaknesses of the models and techniques that have been employed. Finally, we discuss the research questions that exist in order to further the use of AI and ML in team sports.",Ryan Beal; Timothy J. Norman; Sarvapali D. Ramchurn,Strengths and weaknesses;Computer science;Domain (mathematical analysis);Artificial intelligence;Order (exchange);Outcome (game theory);Work (physics);Data science;Business intelligence;Focus (optics);Management science;Operations research;Knowledge management;Psychology;Engineering;Mathematics;Business;Social psychology;Finance;Mathematical analysis;Physics;Mathematical economics;Mechanical engineering;Optics,2019,OpenAlex,121
W4283274937,Strategically constructed narratives on artificial intelligence: What stories are told in governmental artificial intelligence policies?,"What stories are told in national artificial intelligence (AI) policies? Combining the novel technique of structural topic modeling (STM) and qualitative narrative analysis, this paper examines the policy narratives in 33 countries’ AI policies. We uncover six common narratives that are dominating the political agenda concerning AI. Our findings show that the policy narratives' saliences vary across time and countries. We make several contributions. First, our narratives describe well-grounded, supportable conceptions of AI among governments, and show that AI is still a fairly novel, multilayered, and controversial phenomenon. Building on the premise that human sensemaking is best represented and supported by narration, we address the applied rhetoric of governments to either minimize the risks or exalt the opportunities of AI. Second, we uncover the four prominent roles governments seek to take concerning AI implementation: enabler, leader, regulator, and/or user. Third, we make a methodological contribution toward data-driven, computationally-intensive theory development. Our methodological approach and the identified narratives present key starting points for further research.",Ali A. Guenduez; Tobias Mettler,Narrative;Premise;Enabling;Sensemaking;Rhetoric;Politics;Sociology;Epistemology;Computer science;Political science;Artificial intelligence;Knowledge management;Psychology;Law;Literature;Linguistics;Psychotherapist;Art;Philosophy,2022,OpenAlex,114
W4387966725,Artificial Intelligence for Surface‐Enhanced Raman Spectroscopy,"Surface-enhanced Raman spectroscopy (SERS), well acknowledged as a fingerprinting and sensitive analytical technique, has exerted high applicational value in a broad range of fields including biomedicine, environmental protection, food safety among the others. In the endless pursuit of ever-sensitive, robust, and comprehensive sensing and imaging, advancements keep emerging in the whole pipeline of SERS, from the design of SERS substrates and reporter molecules, synthetic route planning, instrument refinement, to data preprocessing and analysis methods. Artificial intelligence (AI), which is created to imitate and eventually exceed human behaviors, has exhibited its power in learning high-level representations and recognizing complicated patterns with exceptional automaticity. Therefore, facing up with the intertwining influential factors and explosive data size, AI has been increasingly leveraged in all the above-mentioned aspects in SERS, presenting elite efficiency in accelerating systematic optimization and deepening understanding about the fundamental physics and spectral data, which far transcends human labors and conventional computations. In this review, the recent progresses in SERS are summarized through the integration of AI, and new insights of the challenges and perspectives are provided in aim to better gear SERS toward the fast track.",Xinyuan Bi; Li Lin; Zhou Chen; Jian Ye,Computer science;Nanotechnology;Artificial intelligence;Pipeline (software);Data science;Preprocessor;Surface-enhanced Raman spectroscopy;Systems engineering;Biochemical engineering;Raman spectroscopy;Engineering;Materials science;Raman scattering;Physics;Optics;Programming language,2023,OpenAlex,133
W4385665192,Artificial intelligence to support publishing and peer review: A summary and review,"Abstract Technology is being developed to support the peer review processes of journals, conferences, funders, universities, and national research evaluations. This literature and software summary discusses the partial or complete automation of several publishing‐related tasks: suggesting appropriate journals for an article, providing quality control for submitted papers, finding suitable reviewers for submitted papers or grant proposals, reviewing, and review evaluation. It also discusses attempts to estimate article quality from peer review text and scores as well as from post‐publication scores but not from bibliometric data. The literature and existing examples of working technology show that automation is useful for helping to find reviewers and there is good evidence that it can sometimes help with initial quality control of submitted manuscripts. Much other software supporting publishing and editorial work exists and is being used, but without published academic evaluations of its efficacy. The value of artificial intelligence (AI) to support reviewing has not been clearly demonstrated yet, however. Finally, whilst peer review text and scores can theoretically have value for post‐publication research assessment, it is not yet widely enough available to be a practical evidence source for systematic automation.",Kayvan Kousha; Mike Thelwall,Publishing;Automation;Computer science;Peer review;Quality (philosophy);Technical peer review;Value (mathematics);Work (physics);Software;Control (management);Data science;Knowledge management;Artificial intelligence;Political science;Engineering;Epistemology;Mechanical engineering;Machine learning;Philosophy;Law;Programming language,2023,OpenAlex,138
W4312112856,Artificial Intelligence and Advanced Materials,"Artificial intelligence (AI) is gaining strength, and materials science can both contribute to and profit from it. In a simultaneous progress race, new materials, systems, and processes can be devised and optimized thanks to machine learning (ML) techniques, and such progress can be turned into innovative computing platforms. Future materials scientists will profit from understanding how ML can boost the conception of advanced materials. This review covers aspects of computation from the fundamentals to directions taken and repercussions produced by computation to account for the origins, procedures, and applications of AI. ML and its methods are reviewed to provide basic knowledge of its implementation and its potential. The materials and systems used to implement AI with electric charges are finding serious competition from other information-carrying and processing agents. The impact these techniques have on the inception of new advanced materials is so deep that a new paradigm is developing where implicit knowledge is being mined to conceive materials and systems for functions instead of finding applications to found materials. How far this trend can be carried is hard to fathom, as exemplified by the power to discover unheard of materials or physical laws buried in data.",Cefe López,Computer science;Computation;Materials processing;Artificial intelligence;Applications of artificial intelligence;Data science;Management science;Nanotechnology;Materials science;Manufacturing engineering;Engineering;Algorithm,2022,OpenAlex,105
W1999142346,Artificial intelligence and virtual organizations,"Although the idea of virtual organizations is not new, recent developments in information technology capabilities, such as the World-Wide Web and artificial intelligence (AI), allow the development of new implementations of virtual organizations that exploit capabilities of those new technologies. Virtual organizations may be the first large-scale industrial application of AI, beyond its fragmented use in knowledge-based systems and robotics. Virtual office systems based on intelligent agents expand boundaries of organizations, facilitating interactions with a broader range of business than under traditional approaches. Virtual environments for training (VET) are another type of virtual organization activity. Virtual environments integrate virtual reality and intelligent tutoring. Students can either watch or participate in these simulations. VET have been used in such domains as orbital mechanics and fighter pilot training. At the core of VET are autonomous intelligent agents. Typically, these agents are used to represent or simulate other actors or other pilots",Daniel E. O’Leary; Daniel Kuokka; Robert Plant,Miami;Citation;Library science;Computer science;World Wide Web;Operations research;Engineering;Soil science;Environmental science,1997,OpenAlex,98
W1514735749,STRING-MATCHING AND OTHER PRODUCTS,"The string-matching problem considered here is to find all occurrences of a given pattern as a substring of another longer string. When the pattern is simply a given string of symbols, there is an algorithm due to Morris, Knuth and Pratt which has a running time proportional to the total length of the pattern and long string together. This time may be achieved even on a Turing machine. The more difficult case where either string may have ""don't care"" symbols which are deemed to match with all symbols is also considered. By exploiting the formal similarity of string-matching with integer multiplication, a new algorithm has been obtained with a running time which is only slightly worse than linear.",Manuela Fischer; Mike Paterson,Substring;String metric;Commentz-Walter algorithm;String searching algorithm;Approximate string matching;String (physics);Boyer–Moore string search algorithm;Mathematics;Combinatorics;Algorithm;Discrete mathematics;Pattern matching;Computer science;Artificial intelligence;Set (abstract data type);Programming language;Mathematical physics,1974,OpenAlex,398
W4292805535,Artificial Intelligence for Retrosynthesis Prediction,"In recent years, there has been a dramatic rise in interest in retrosynthesis prediction with artificial intelligence (AI) techniques. Unlike conventional retrosynthesis prediction performed by chemists and by rule-based expert systems, AI-driven retrosynthesis prediction automatically learns chemistry knowledge from off-the-shelf experimental datasets to predict reactions and retrosynthesis routes. This provides an opportunity to address many conventional challenges, including heavy reliance on extensive expertise, the sub-optimality of routes, and prohibitive computational cost. This review describes the current landscape of AI-driven retrosynthesis prediction. We first discuss formal definitions of the retrosynthesis problem and review the outstanding research challenges therein. We then review the related AI techniques and recent progress that enable retrosynthesis prediction. Moreover, we propose a novel landscape that provides a comprehensive categorization of different retrosynthesis prediction components and survey how AI reshapes each component. We conclude by discussing promising areas for future research.",Yinjie Jiang; Yemin Yu; Ming Kong; Yu Mei; Luotian Yuan; Zhengxing Huang; Kun Kuang; Zhihua Wang; Huaxiu Yao; James Zou; Connor W. Coley; Ying Wei,Retrosynthetic analysis;Artificial intelligence;Categorization;Computer science;Engineering;Machine learning;Total synthesis;Chemistry;Organic chemistry,2022,OpenAlex,98
W3203562439,China's catching-up in artificial intelligence seen as a co-evolution of corporate and national innovation systems,,Bengt‐Åke Lundvall; Cecilia Rikap,China;National innovation system;Business;Industrial organization;Marketing;Economy;Economics;Political science;Law,2021,OpenAlex,214
W4372291572,Implementing Artificial Intelligence in Higher Education: Pros and Cons from the Perspectives of Academics,"This article investigates the perspectives of Romanian academics on implementing Artificial Intelligence (AI) in Higher Education (HE). The article analyzes the pros and cons of AI in HE, based on the views of eighteen academics from five Romanian universities. There is a large and heated debate about the proliferation of AI in many domains, with strong supporters and determined deniers. Studies that research the implications of AI enrich the evidence-based literature on the advantages, disadvantages, threats, or opportunities that AI creates for us, for businesses, or for societies. Though many aspects are still less well known, attitudes toward AI are still under construction. HE is a domain where the implications of AI create passionate discussions. HE is, eventually, the sector that shapes the masterminds of societies’ leaders. There is a quest to find the perspectives of those who will apply AI, who will work with or for AI, and those who are opposed to or in favor of implementing AI in HE. The conclusions revealed by this study are in line with similar studies that exist in the literature. The positive aspects of AI implementation in HE are related, in the view of academics, to gains in the learning–teaching process, improvements in students skills and competences, better inclusion, and greater efficiency in administrative costs. Similarly, the negative aspects revealed by the research are linked to psychosocial effects, data security, ethical aspects, and unemployment threats. However, there are some aspects (mostly negative) related to implementing AI in HE that are less exposed by the interviewed academics, which are mostly related to the costs and efforts of implementing AI in HE. The possible explanation of this situation is related to the lack of strategic vision on what, in fact, the implementation of AI in HE means, what this process involves, and the fact that digitalization in Romanian universities (as well as in the Romanian economy) is in its infancy. The contribution of the results of this research is mainly empirical and practical. These opinions should be used as resources for managers of HE institutions to develop better policies concerning the implementation of AI in HE and for strategic vision toward AI, with the ultimate purpose of achieving progress and prosperity for the entire society.",Alina Iorga Pisica; Tudor Edu; Rodica Milena Zaharia; Rodica Milena Zaharia; Razvan Zaharia; Razvan Zaharia,Romanian;Inclusion (mineral);Process (computing);Unemployment;Higher education;Psychology;Sociology;Political science;Engineering ethics;Public relations;Artificial intelligence;Social science;Computer science;Engineering;Economic growth;Law;Economics;Linguistics;Operating system;Philosophy,2023,OpenAlex,181
W4390906507,"Artificial Intelligence Alone Will Not Democratise Education: On Educational Inequality, Techno-Solutionism and Inclusive Tools","Artificial Intelligence (AI) in Education claims to have the potential for building personalised curricula, as well as bringing opportunities for democratising education and creating a renaissance of new ways of teaching and learning. Millions of students are starting to benefit from the use of these technologies, but millions more around the world are not, due to the digital divide and deep pre-existing social and educational inequalities. If this trend continues, the first large-scale delivery of AI in Education could lead to greater educational inequality, along with a global misallocation of educational resources motivated by the current techno-solutionist narrative, which proposes technological solutions as a quick and flawless way to solve complex real-world problems. This work focuses on posing questions about the future of AI in Education, intending to initiate the pressing conversation that could set the right foundations (e.g., inclusion and diversity) for a new generation of education that is permeated with AI technology. The main goal of our opinion piece is to conceptualise a sustainable, large-scale and inclusive AI for the education ecosystem that facilitates equitable, high-quality lifelong learning opportunities for all. The contribution starts by synthesising how AI might change how we learn and teach, focusing on the case of personalised learning companions and assistive technology for disability. Then, we move on to discuss some socio-technical features that will be crucial to avoiding the perils of these AI systems worldwide (and perhaps ensuring their success by leveraging more inclusive education). This work also discusses the potential of using AI together with free, participatory and democratic resources, such as Wikipedia, Open Educational Resources and open-source tools. We emphasise the need for collectively designing human-centred, transparent, interactive and collaborative AI-based algorithms that empower and give complete agency to stakeholders, as well as supporting new emerging pedagogies. Finally, we ask what it would take for this educational revolution to provide egalitarian and empowering access to education that transcends any political, cultural, language, geographical and learning-ability barriers, so that educational systems can be responsive to all learners’ needs.",Sahan Bulathwela; María Pérez‐Ortiz; Catherine Holloway; Mutlu Cukurova; John Shawe‐Taylor,Curriculum;Inclusion (mineral);Conversation;Scale (ratio);Engineering ethics;Computer science;Sociology;Engineering;Political science;Pedagogy;Social science;Communication;Quantum mechanics;Physics,2024,OpenAlex,197
W4213164896,Artificial intelligence and suicide prevention: A systematic review,"Abstract Background Suicide is one of the main preventable causes of death. Artificial intelligence (AI) could improve methods for assessing suicide risk. The objective of this review is to assess the potential of AI in identifying patients who are at risk of attempting suicide. Methods A systematic review of the literature was conducted on PubMed, EMBASE, and SCOPUS databases, using relevant keywords. Results Thanks to this research, 296 studies were identified. Seventeen studies, published between 2014 and 2020 and matching inclusion criteria, were selected as relevant. Included studies aimed at predicting individual suicide risk or identifying at-risk individuals in a specific population. The AI performance was overall good, although variable across different algorithms and application settings. Conclusions AI appears to have a high potential for identifying patients at risk of suicide. The precise use of these algorithms in clinical situations, as well as the ethical issues it raises, remain to be clarified.",Alban Lejeune; Aziliz Le Glaz; Pierre-Antoine Perron; Johan Sebti; Enrique Baca‐García; Michel Walter; Christophe Lemey; Sofian Berrouiguet,Scopus;Suicide Risk;Population;Suicide prevention;Medicine;Poison control;Systematic review;MEDLINE;Psychology;Psychiatry;Medical emergency;Environmental health;Political science;Law,2022,OpenAlex,109
W123476658,Covariate Shift by Kernel Mean Matching,"This chapter addresses the problem of distribution matching between training and test stages. It proposes a method called kernel mean matching, which allows direct estimation of the importance weight without going through density estimation. The chapter then relates the re-weighted estimation approaches to local learning, where labels on test data are estimated given a subset of training data in a neighborhood of the test point. Examples are nearest-neighbor estimators and Watson–Nadaraya-type estimators. The chapter also provides detailed proofs concerning the statistical properties of the kernel mean matching estimator, and detailed experimental analyses for both covariate shift and local learning.",Arthur Gretton; AJ Smola; Jiayuan Huang; Marcel Schmittfull; Karsten Borgwardt; Bernhard Schölkopf,Estimator;Covariate;Matching (statistics);Kernel (algebra);Mathematics;Kernel density estimation;Statistics;Mean-shift;Kernel regression;Artificial intelligence;Pattern recognition (psychology);Computer science;Combinatorics,2008,OpenAlex,405
W3213384164,"Information fusion as an integrative cross-cutting enabler to achieve robust, explainable, and trustworthy medical artificial intelligence","Medical artificial intelligence (AI) systems have been remarkably successful, even outperforming human performance at certain tasks. There is no doubt that AI is important to improve human health in many ways and will disrupt various medical workflows in the future. Using AI to solve problems in medicine beyond the lab, in routine environments, we need to do more than to just improve the performance of existing AI methods. Robust AI solutions must be able to cope with imprecision, missing and incorrect information, and explain both the result and the process of how it was obtained to a medical expert. Using conceptual knowledge as a guiding model of reality can help to develop more robust, explainable, and less biased machine learning models that can ideally learn from less data. Achieving these goals will require an orchestrated effort that combines three complementary Frontier Research Areas: (1) Complex Networks and their Inference, (2) Graph causal models and counterfactuals, and (3) Verification and Explainability methods. The goal of this paper is to describe these three areas from a unified view and to motivate how information fusion in a comprehensive and integrative manner can not only help bring these three areas together, but also have a transformative role by bridging the gap between research and practical applications in the context of future trustworthy medical AI. This makes it imperative to include ethical and legal aspects as a cross-cutting discipline, because all future solutions must not only be ethically responsible, but also legally compliant.",Andreas Holzinger; Matthias Dehmer; Frank Emmert‐Streib; Rita Cucchiara; Isabelle Augenstein; Javier Del Ser; Wojciech Samek; Igor Jurišica; Natalia Díaz-Rodríguez,Computer science;Workflow;Artificial intelligence;Context (archaeology);Process (computing);Data science;Enabling;Inference;Psychotherapist;Paleontology;Operating system;Psychology;Biology;Database,2021,OpenAlex,211
W4289861147,Artificial intelligence powered large-scale renewable integrations in multi-energy systems for carbon neutrality transition: Challenges and future perspectives,"The vigorous expansion of renewable energy as a substitute for fossil energy is the predominant route of action to achieve worldwide carbon neutrality. However, clean energy supplies in multi-energy building districts are still at the preliminary stages for energy paradigm transitions. In particular, technologies and methodologies for large-scale renewable energy integrations are still not sufficiently sophisticated, in terms of intelligent control management. Artificial intelligent (AI) techniques powered renewable energy systems can learn from bio-inspired lessons and provide power systems with intelligence. However, there are few in-depth dissections and deliberations on the roles of AI techniques for large-scale integrations of renewable energy and decarbonisation in multi-energy systems. This study summarizes the commonly used AI-related approaches and discusses their functional advantages when being applied in various renewable energy sectors, as well as their functional contribution to optimizing the operational control modalities of renewable energy and improving the overall operational effectiveness. This study also presents practical applications of various AI techniques in large-scale renewable energy integration systems, and analyzes their effectiveness through theoretical explanations and diverse case studies. In addition, this study introduces limitations and challenges associated with the large-scale renewable energy integrations for carbon neutrality transition using relevant AI techniques, and proposes further promising research perspectives and recommendations. This comprehensive review ignites advanced AI techniques for large-scale renewable integrations and provides valuable informational instructions and guidelines to different stakeholders (e.g., engineers, designers and scientists) for carbon neutrality transition.",Zhengxuan Liu; Ying Sun; Chaojie Xing; Jia Liu; Yingdong He; Yuekuan Zhou; Guoqiang Zhang,Renewable energy;Carbon neutrality;Energy engineering;Energy transition;Computer science;Scale (ratio);Environmental economics;Systems engineering;Risk analysis (engineering);Engineering;Business;Economics;Electrical engineering;Pathology;Medicine;Quantum mechanics;Panacea (medicine);Alternative medicine;Physics,2022,OpenAlex,268
W4403245162,Using artificial intelligence to document the hidden RNA virosphere,"Current metagenomic tools can fail to identify highly divergent RNA viruses. We developed a deep learning algorithm, termed LucaProt, to discover highly divergent RNA-dependent RNA polymerase (RdRP) sequences in 10,487 metatranscriptomes generated from diverse global ecosystems. LucaProt integrates both sequence and predicted structural information, enabling the accurate detection of RdRP sequences. Using this approach, we identified 161,979 potential RNA virus species and 180 RNA virus supergroups, including many previously poorly studied groups, as well as RNA virus genomes of exceptional length (up to 47,250 nucleotides) and genomic complexity. A subset of these novel RNA viruses was confirmed by RT-PCR and RNA/DNA sequencing. Newly discovered RNA viruses were present in diverse environments, including air, hot springs, and hydrothermal vents, with virus diversity and abundance varying substantially among ecosystems. This study advances virus discovery, highlights the scale of the virosphere, and provides computational tools to better document the global RNA virome.",Xin Hou; Yong He; Pan Fang; Shi-Qiang Mei; Zan Xu; Wei-Chen Wu; Jun-Hua Tian; Shun Zhang; Zhenyu Zeng; Qinyu Gou; Gen-Yang Xin; Shi-Jia Le; Yinyue Xia; Yu-Lan Zhou; Fengming Hui; Yuanfei Pan; John‐Sebastian Eden; Zhaohui Yang; Chong Han; Yuelong Shu; Deyin Guo; Jun Li; Edward C. Holmes; Zhao‐Rong Li; Mǎng Shī,Biology;RNA;Computational biology;Genetics;Gene,2024,OpenAlex,127
W4206286792,A Survey of Human Gait-Based Artificial Intelligence Applications,"We performed an electronic database search of published works from 2012 to mid-2021 that focus on human gait studies and apply machine learning techniques. We identified six key applications of machine learning using gait data: 1) Gait analysis where analyzing techniques and certain biomechanical analysis factors are improved by utilizing artificial intelligence algorithms, 2) Health and Wellness, with applications in gait monitoring for abnormal gait detection, recognition of human activities, fall detection and sports performance, 3) Human Pose Tracking using one-person or multi-person tracking and localization systems such as OpenPose, Simultaneous Localization and Mapping (SLAM), etc., 4) Gait-based biometrics with applications in person identification, authentication, and re-identification as well as gender and age recognition 5) ""Smart gait"" applications ranging from smart socks, shoes, and other wearables to smart homes and smart retail stores that incorporate continuous monitoring and control systems and 6) Animation that reconstructs human motion utilizing gait data, simulation and machine learning techniques. Our goal is to provide a single broad-based survey of the applications of machine learning technology in gait analysis and identify future areas of potential study and growth. We discuss the machine learning techniques that have been used with a focus on the tasks they perform, the problems they attempt to solve, and the trade-offs they navigate.",Elsa J. Harris; I‐Hung Khoo; Emel Demircan,Computer science;Artificial intelligence;Gait;Machine learning;Biometrics;Wearable computer;Identification (biology);Gait analysis;Focus (optics);Computer vision;Embedded system;Physics;Biology;Physiology;Optics;Botany,2022,OpenAlex,125
W3127194607,The Threats of Artificial Intelligence Scale (TAI),"Abstract In recent years Artificial Intelligence (AI) has gained much popularity, with the scientific community as well as with the public. Often, AI is ascribed many positive impacts for different social domains such as medicine and the economy. On the other side, there is also growing concern about its precarious impact on society and individuals, respectively. Several opinion polls frequently query the public fear of autonomous robots and artificial intelligence, a phenomenon coming also into scholarly focus. As potential threat perceptions arguably vary with regard to the reach and consequences of AI functionalities and the domain of application, research still lacks necessary precision of a respective measurement that allows for wide-spread research applicability. We propose a fine-grained scale to measure threat perceptions of AI that accounts for four functional classes of AI systems and is applicable to various domains of AI applications. Using a standardized questionnaire in a survey study (N = 891), we evaluate the scale over three distinct AI domains (medical treatment, job recruitment, and loan origination). The data support the dimensional structure of the proposed Threats of AI (TAI) scale as well as the internal consistency and factoral validity of the indicators. Implications of the results and the empirical application of the scale are discussed in detail. Recommendations for further empirical use of the TAI scale are provided.",Kimon Kieslich; Marco Lünich; Frank Marcinkowski,Scale (ratio);Popularity;Artificial intelligence;Computer science;Perception;Applications of artificial intelligence;Public opinion;Data science;Interpretability;Empirical research;Consistency (knowledge bases);Psychology;Knowledge management;Social psychology;Political science;Mathematics;Statistics;Politics;Neuroscience;Physics;Law;Quantum mechanics,2021,OpenAlex,99
W4319759388,Missing data in multi-omics integration: Recent advances through artificial intelligence,"Biological systems function through complex interactions between various 'omics (biomolecules), and a more complete understanding of these systems is only possible through an integrated, multi-omic perspective. This has presented the need for the development of integration approaches that are able to capture the complex, often non-linear, interactions that define these biological systems and are adapted to the challenges of combining the heterogenous data across 'omic views. A principal challenge to multi-omic integration is missing data because all biomolecules are not measured in all samples. Due to either cost, instrument sensitivity, or other experimental factors, data for a biological sample may be missing for one or more 'omic techologies. Recent methodological developments in artificial intelligence and statistical learning have greatly facilitated the analyses of multi-omics data, however many of these techniques assume access to completely observed data. A subset of these methods incorporate mechanisms for handling partially observed samples, and these methods are the focus of this review. We describe recently developed approaches, noting their primary use cases and highlighting each method's approach to handling missing data. We additionally provide an overview of the more traditional missing data workflows and their limitations; and we discuss potential avenues for further developments as well as how the missing data issue and its current solutions may generalize beyond the multi-omics context.",Javier E. Flores; Daniel Claborne; Zachary D. Weller; Bobbie‐Jo Webb‐Robertson; Katrina M. Waters; Lisa Bramer,Missing data;Data integration;Computer science;Context (archaeology);Data science;Workflow;Biological data;Data mining;Machine learning;Bioinformatics;Biology;Database;Paleontology,2023,OpenAlex,162
W4386889801,Contemporary Role and Applications of Artificial Intelligence in Dentistry,"Artificial Intelligence (AI) technologies play a significant role and significantly impact various sectors, including healthcare, engineering, sciences, and smart cities. AI has the potential to improve the quality of patient care and treatment outcomes while minimizing the risk of human error. Artificial Intelligence (AI) is transforming the dental industry, just like it is revolutionizing other sectors. It is used in dentistry to diagnose dental diseases and provide treatment recommendations. Dental professionals are increasingly relying on AI technology to assist in diagnosis, clinical decision-making, treatment planning, and prognosis prediction across ten dental specialties. One of the most significant advantages of AI in dentistry is its ability to analyze vast amounts of data quickly and accurately, providing dental professionals with valuable insights to enhance their decision-making processes. The purpose of this paper is to identify the advancement of artificial intelligence algorithms that have been frequently used in dentistry and assess how well they perform in terms of diagnosis, clinical decision-making, treatment, and prognosis prediction in ten dental specialties; dental public health, endodontics, oral and maxillofacial surgery, oral medicine and pathology, oral & maxillofacial radiology, orthodontics and dentofacial orthopedics, pediatric dentistry, periodontics, prosthodontics, and digital dentistry in general. We will also show the pros and cons of using AI in all dental specialties in different ways. Finally, we will present the limitations of using AI in dentistry, which made it incapable of replacing dental personnel, and dentists, who should consider AI a complimentary benefit and not a threat.",Talal Bonny; Wafaa Al Nassan; Khaled Obaideen; Maryam Nooman Al Mallahi; Yara Mohammad; Hatem M. El‐Damanhoury,Periodontology;Dentistry;Endodontics;Medicine;Oral and maxillofacial surgery;Prosthodontics;Fixed prosthodontics;Cosmetic dentistry;Restorative dentistry;Oral and maxillofacial radiology;Orthodontics,2023,OpenAlex,110
W4392367648,Hardware implementation of memristor-based artificial neural networks,"Artificial Intelligence (AI) is currently experiencing a bloom driven by deep learning (DL) techniques, which rely on networks of connected simple computing units operating in parallel. The low communication bandwidth between memory and processing units in conventional von Neumann machines does not support the requirements of emerging applications that rely extensively on large sets of data. More recent computing paradigms, such as high parallelization and near-memory computing, help alleviate the data communication bottleneck to some extent, but paradigm- shifting concepts are required. Memristors, a novel beyond-complementary metal-oxide-semiconductor (CMOS) technology, are a promising choice for memory devices due to their unique intrinsic device-level properties, enabling both storing and computing with a small, massively-parallel footprint at low power. Theoretically, this directly translates to a major boost in energy efficiency and computational throughput, but various practical challenges remain. In this work we review the latest efforts for achieving hardware-based memristive artificial neural networks (ANNs), describing with detail the working principia of each block and the different design alternatives with their own advantages and disadvantages, as well as the tools required for accurate estimation of performance metrics. Ultimately, we aim to provide a comprehensive protocol of the materials and methods involved in memristive neural networks to those aiming to start working in this field and the experts looking for a holistic approach.",Fernando Aguirre; Abu Sebastian; Manuel Le Gallo; Wenhao Song; Tong Wang; J. Joshua Yang; Wei Lü; Meng‐Fan Chang; Daniele Ielmini; Yuchao Yang; Adnan Mehonić; Anthony J. Kenyon; Marco A. Villena; J.B. Roldán; Yuting Wu; Hung-Hsi Hsu; Nagarajan Raghavan; J. Suñé; E. Miranda; Ahmed M. Eltawil; Gianluca Setti; Kamilya Smagulova; K. Saláma; Olga Krestinskaya; Xiaobing Yan; Kah‐Wee Ang; Samarth Jain; Sifan Li; Osamah Alharbi; Sebastián Pazos; Mario Lanza,Memristor;Computer science;Artificial neural network;Physical neural network;Artificial intelligence;Computer architecture;Types of artificial neural networks;Time delay neural network;Electrical engineering;Engineering,2024,OpenAlex,418
W4389924647,Artificial Intelligence in Digital Marketing: Insights from a Comprehensive Review,"Artificial intelligence (AI) has rapidly emerged as a transformative force in multiple sectors, with digital marketing being a prominent beneficiary. As AI technologies continue to advance, their potential to reshape the digital marketing landscape becomes ever more apparent, leading to profound implications for businesses and their digital outreach strategies. This research seeks to answer the pivotal question: “How could AI applications be leveraged to optimize digital marketing strategies”? Drawing from a systematic literature review guided by the PRISMA (Preferred Reporting Items for Systematic Reviews and Meta-Analyses) framework, this study has identified 211 pertinent articles. Through a comprehensive bibliometric analysis, the findings were categorized into distinct clusters, namely: AI/ML (Machine Learning) Algorithms, Social Media, Consumer Behavior, E-Commerce, Digital Advertising, Budget Optimization, and Competitive Strategies. Each cluster offers insights into how AI applications can be harnessed to augment digital marketing efforts. The conclusion synthesizes key findings and suggests avenues for future exploration in this dynamic intersection of AI and digital marketing. This research contributes to the field by providing a comprehensive bibliometric analysis of AI in digital marketing, identifying key trends, challenges, and future directions. Our systematic approach offers valuable insights for businesses and researchers alike, enhancing the understanding of AI’s evolving role in digital marketing strategies.",Christos Ziakis; Maro Vlachopoulou,Transformative learning;Digital marketing;Marketing research;Data science;Key (lock);Field (mathematics);Computer science;Digital media;Marketing;Social media;Knowledge management;Business;Sociology;World Wide Web;Pure mathematics;Computer security;Pedagogy;Mathematics,2023,OpenAlex,131
W3093602247,Regulatory Frameworks for Development and Evaluation of Artificial Intelligence–Based Diagnostic Imaging Algorithms: Summary and Recommendations,,David B. Larson; Hugh Harvey; Daniel L. Rubin; Neville Irani; Justin R. Tse; Curtis P. Langlotz,Computer science;Task (project management);Process (computing);Risk analysis (engineering);Reliability (semiconductor);Algorithm;Machine learning;Artificial intelligence;Systems engineering;Medicine;Engineering;Quantum mechanics;Operating system;Physics;Power (physics),2020,OpenAlex,184
W4308042262,Ethics of Artificial Intelligence,"This open access book fills the gap and provides a resource for learning about AI ethics, which is not available to date",Bernd Carsten Stahl; Doris Schroeder; Rowena Rodrigues,Psychology;Engineering ethics;Artificial intelligence;Computer science;Engineering,2022,OpenAlex,75
W4404634677,Artificial Intelligence and Radiologist Burnout,"IMPORTANCE: Understanding the association of artificial intelligence (AI) with physician burnout is crucial for fostering a collaborative interactive environment between physicians and AI. OBJECTIVE: To estimate the association between AI use in radiology and radiologist burnout. DESIGN, SETTING, AND PARTICIPANTS: This cross-sectional study conducted a questionnaire survey between May and October 2023, using the national quality control system of radiology in China. Participants included radiologists from 1143 hospitals. Radiologists reporting regular or consistent AI use were categorized as the AI group. Statistical analysis was performed from October 2023 to May 2024. EXPOSURE: AI use in radiology practice. MAIN OUTCOMES AND MEASURES: Burnout was defined by emotional exhaustion (EE) or depersonalization according to the Maslach Burnout Inventory. Workload was assessed based on working hours, number of image interpretations, hospital level, device type, and role in the workflow. AI acceptance was determined via latent class analysis considering AI-related knowledge, attitude, confidence, and intention. Propensity score-based mixed-effect generalized linear logistic regression was used to estimate the associations between AI use and burnout and its components. Interactions of AI use, workload, and AI acceptance were assessed on additive and multiplicative scales. RESULTS: Among 6726 radiologists included in this study, 2376 (35.3%) were female and 4350 (64.7%) were male; the median (IQR) age was 41 (34-48) years; 3017 were in the AI group (1134 [37.6%] female; median [IQR] age, 40 [33-47] years) and 3709 in the non-AI group (1242 [33.5%] female; median [IQR] age, 42 [34-49] years). The weighted prevalence of burnout was significantly higher in the AI group compared with the non-AI group (40.9% vs 38.6%; P < .001). After adjusting for covariates, AI use was significantly associated with increased odds of burnout (odds ratio [OR], 1.20; 95% CI, 1.10-1.30), primarily driven by its association with EE (OR, 1.21; 95% CI, 1.10-1.34). A dose-response association was observed between the frequency of AI use and burnout (P for trend < .001). The associations were more pronounced among radiologists with high workload and lower AI acceptance. A significant negative interaction was noted between high AI acceptance and AI use. CONCLUSIONS AND RELEVANCE: In this cross-sectional study of radiologist burnout, frequent AI use was associated with an increased risk of radiologist burnout, particularly among those with high workload or lower AI acceptance. Further longitudinal studies are needed to provide more evidence.",Hui Liu; Ning Ding; Xinying Li; Yunli Chen; Hao Sun; Yuanyuan Huang; Chen Liu; Pengpeng Ye; Zhengyu Jin; Heling Bao; Huadan Xue,Depersonalization;Burnout;Workload;Emotional exhaustion;Medicine;Logistic regression;Radiology;Family medicine;Clinical psychology;Internal medicine;Management;Economics,2024,OpenAlex,81
W4297540759,Collaboration among recruiters and artificial intelligence: removing human prejudices in employment,,Zhisheng Chen,Interview;Promotion (chess);Process (computing);Stakeholder;Perception;Public relations;Psychology;Knowledge management;Business;Computer science;Political science;Neuroscience;Politics;Law;Operating system,2022,OpenAlex,143
W4318407310,Artificial intelligence and labour market matching,"While still in its infancy, Artificial Intelligence (AI) is increasingly used in labour market matching, whether by private recruiters, public and private employment services, or online jobs boards and platforms. Applications range from writing job descriptions, applicant sourcing, analysing CVs, chat bots, interview schedulers, shortlisting tools, all the way to facial and voice analysis during interviews. While many tools promise to bring efficiencies and cost savings, they could also improve the quality of matching and jobseeker experience, and even identify and mitigate human bias. There are nonetheless some barriers to a greater adoption of these tools. Some barriers relate to organisation and people readiness, while others reflect concerns about the technology and how it is used, including: robustness, bias, privacy, transparency and explainability. The present paper reviews the literature and some recent policy developments in this field, while bringing new evidence from interviews held with key stakeholders.",Stijn Broecke,Transparency (behavior);Matching (statistics);Robustness (evolution);Business;Internet privacy;Public relations;Data science;Computer science;Computer security;Political science;Chemistry;Biochemistry;Gene;Mathematics;Statistics,2023,OpenAlex,40
W2924621562,A Conceptual Artificial Intelligence Application Framework in Human Resource Management,"This study proposes a conceptional framework of artificial intelligence (AI) technology application for human resource management (HRM). Based on the theory of the six basic dimensions of human resource management, which includes human resource strategy and planning, recruitment, training and development process, performance management, salary evaluation, and the employee relationship management, is combine with its potential corresponding AI technology application. With the cases analysis on recruitment of leap.ai and online training of Baidu, the recruitment dimension and training dimension with AI are further explored. Finally, the practical implication and future study are supplemented. This AIHRM conceptual model provides suggestions and directions for the development of AI in enterprise human resource management.",Qiong Jia; Yue Guo; Rong Li; Yurong Li; Yuwei Chen,Computer science;Artificial intelligence;Conceptual framework;Epistemology;Philosophy,2018,OpenAlex,120
W1508266775,Recent advances on artificial intelligence and learning techniques in cognitive radio networks,"Cognitive radios are expected to play a major role towards meeting the exploding traffic demand over wireless systems. A cognitive radio node senses the environment, analyzes the outdoor parameters, and then makes decisions for dynamic time-frequency-space resource allocation and management to improve the utilization of the radio spectrum. For efficient real-time process, the cognitive radio is usually combined with artificial intelligence and machine-learning techniques so that an adaptive and intelligent allocation is achieved. This paper firstly presents the cognitive radio networks, resources, objectives, constraints, and challenges. Then, it introduces artificial intelligence and machine-learning techniques and emphasizes the role of learning in cognitive radios. Then, a survey on the state-of-the-art of machine-learning techniques in cognitive radios is presented. The literature survey is organized based on different artificial intelligence techniques such as fuzzy logic, genetic algorithms, neural networks, game theory, reinforcement learning, support vector machine, case-based reasoning, entropy, Bayesian, Markov model, multi-agent systems, and artificial bee colony algorithm. This paper also discusses the cognitive radio implementation and the learning challenges foreseen in cognitive radio applications.",Nadine Abbas; Youssef Nasser; Karim El Ahmad,Cognitive radio;Computer science;Reinforcement learning;Artificial intelligence;Cognitive network;Machine learning;Cognition;Markov decision process;Artificial neural network;Wireless;Markov process;Telecommunications;Biology;Mathematics;Neuroscience;Statistics,2015,OpenAlex,143
W3084159310,The impact of artificial intelligence on event experiences: a scenario technique approach,"Digital technologies are transforming human relations, interactions and experiences in the business landscape. Whilst a great potential of artificial intelligence (AI) in the service industries is predicted, the concrete influence of AI on customer experiences remains little understood. Drawing upon the service-dominant (SD) logic as a theoretical lens and a scenario technique approach, this study explores the impact of artificial intelligence as an operant resource on event experiences. The findings offer a conceptualisation of three distinct future scenarios for the year 2026 that map out a spectrum of experiences from value co-creation to value co-destruction of events. The paper makes a theoretical contribution in that it bridges marketing, technology and experience literature, and zooms in on AI as a non-human actor of future experience life ecosystems. A practical guideline for event planners is offered on how to implement AI across each touch point of the events ecosystem.",Barbara Neuhofer; B aring ng Magnus; Krzysztof Celuch,Event (particle physics);Service (business);Value (mathematics);Resource (disambiguation);Knowledge management;Computer science;Artificial intelligence;Business;Marketing;Computer network;Quantum mechanics;Machine learning;Physics,2020,OpenAlex,125
W2980852587,CAI4CAI: The Rise of Contextual Artificial Intelligence in Computer-Assisted Interventions,"Data-driven computational approaches have evolved to enable extraction of information from medical images with a reliability, accuracy and speed which is already transforming their interpretation and exploitation in clinical practice. While similar benefits are longed for in the field of interventional imaging, this ambition is challenged by a much higher heterogeneity. Clinical workflows within interventional suites and operating theatres are extremely complex and typically rely on poorly integrated intra-operative devices, sensors, and support infrastructures. Taking stock of some of the most exciting developments in machine learning and artificial intelligence for computer assisted interventions, we highlight the crucial need to take context and human factors into account in order to address these challenges. Contextual artificial intelligence for computer assisted intervention, or CAI4CAI, arises as an emerging opportunity feeding into the broader field of surgical data science. Central challenges being addressed in CAI4CAI include how to integrate the ensemble of prior knowledge and instantaneous sensory information from experts, sensors and actuators; how to create and communicate a faithful and actionable shared representation of the surgery among a mixed human-AI actor team; how to design interventional systems and associated cognitive shared control schemes for online uncertainty-aware collaborative decision making ultimately producing more precise and reliable interventions.",Tom Vercauteren; Mathias Unberath; Nicolas Padoy; Nassir Navab,Workflow;Computer science;Artificial intelligence;Field (mathematics);Context (archaeology);Data science;Psychological intervention;Human–computer interaction;Representation (politics);Cognition;Applications of artificial intelligence;Decision support system;Knowledge representation and reasoning;Machine learning;Knowledge management;Interpretation (philosophy);Set (abstract data type);Computer Applications;Component (thermodynamics);Neuroinformatics;Psychology;Information sharing;Robotics;Information system,2019,OpenAlex,123
W3095556657,Artificial cognition: How experimental psychology can help generate explainable artificial intelligence,"Artificial intelligence powered by deep neural networks has reached a level of complexity where it can be difficult or impossible to express how a model makes its decisions. This black-box problem is especially concerning when the model makes decisions with consequences for human well-being. In response, an emerging field called explainable artificial intelligence (XAI) aims to increase the interpretability, fairness, and transparency of machine learning. In this paper, we describe how cognitive psychologists can make contributions to XAI. The human mind is also a black box, and cognitive psychologists have over 150 years of experience modeling it through experimentation. We ought to translate the methods and rigor of cognitive psychology to the study of artificial black boxes in the service of explainability. We provide a review of XAI for psychologists, arguing that current methods possess a blind spot that can be complemented by the experimental cognitive tradition. We also provide a framework for research in XAI, highlight exemplary cases of experimentation within XAI inspired by psychological science, and provide a tutorial on experimenting with machines. We end by noting the advantages of an experimental approach and invite other psychologists to conduct research in this exciting new field.",J Taylor; Graham W. Taylor,Interpretability;Cognition;Psychology;Field (mathematics);Transparency (behavior);Cognitive science;Black box;Artificial intelligence;Computer science;Neuroscience;Mathematics;Computer security;Pure mathematics,2020,OpenAlex,112
W3177113144,Review: Application of Artificial Intelligence in Phenomics,"Plant phenomics has been rapidly advancing over the past few years. This advancement is attributed to the increased innovation and availability of new technologies which can enable the high-throughput phenotyping of complex plant traits. The application of artificial intelligence in various domains of science has also grown exponentially in recent years. Notably, the computer vision, machine learning, and deep learning aspects of artificial intelligence have been successfully integrated into non-invasive imaging techniques. This integration is gradually improving the efficiency of data collection and analysis through the application of machine and deep learning for robust image analysis. In addition, artificial intelligence has fostered the development of software and tools applied in field phenotyping for data collection and management. These include open-source devices and tools which are enabling community driven research and data-sharing, thereby availing the large amounts of data required for the accurate study of phenotypes. This paper reviews more than one hundred current state-of-the-art papers concerning AI-applied plant phenotyping published between 2010 and 2020. It provides an overview of current phenotyping technologies and the ongoing integration of artificial intelligence into plant phenotyping. Lastly, the limitations of the current approaches/methods and future directions are discussed.",Shona Nabwire; Hyun Kwon Suh; Moon S. Kim; Insuck Baek; Byoung–Kwan Cho,Phenomics;Artificial intelligence;Computer science;Deep learning;Data science;Field (mathematics);Machine learning;Software;Applications of artificial intelligence;Biology;Mathematics;Biochemistry;Genome;Genomics;Programming language;Pure mathematics;Gene,2021,OpenAlex,90
W4224223788,An Artificial Intelligence–based Mammography Screening Protocol for Breast Cancer: Outcome and Radiologist Workload,"Background Developments in artificial intelligence (AI) systems to assist radiologists in reading mammograms could improve breast cancer screening efficiency. Purpose To investigate whether an AI system could detect normal, moderate-risk, and suspicious mammograms in a screening sample to safely reduce radiologist workload and evaluate across Breast Imaging Reporting and Data System (BI-RADS) densities. Materials and Methods This retrospective simulation study analyzed mammographic examination data consecutively collected from January 2014 to December 2015 in the Danish Capital Region breast cancer screening program. All mammograms were scored from 0 to 10, representing the risk of malignancy, using an AI tool. During simulation, normal mammograms (score < 5) would be excluded from radiologist reading and suspicious mammograms (score > recall threshold [RT]) would be recalled. Two radiologists read the remaining mammograms. The RT was fitted using another independent cohort (same institution) by matching to the radiologist sensitivity. This protocol was further applied to each BI-RADS density. Screening outcomes were measured using the sensitivity, specificity, workload, and false-positive rate. The AI-based screening was tested for noninferiority sensitivity compared with radiologist screening using the Farrington-Manning test. Specificities were compared using the McNemar test. Results The study sample comprised 114 421 screenings for breast cancer in 114 421 women, resulting in 791 screen-detected, 327 interval, and 1473 long-term cancers and 2107 false-positive screenings. The mean age of the women was 59 years ± 6 (SD). The AI-based screening sensitivity was 69.7% (779 of 1118; 95% CI: 66.9, 72.4) and was noninferior (P = .02) to the radiologist screening sensitivity of 70.8% (791 of 1118; 95% CI: 68.0, 73.5). The AI-based screening specificity was 98.6% (111 725 of 113 303; 95% CI: 98.5, 98.7), which was higher (P < .001) than the radiologist specificity of 98.1% (111 196 of 113 303; 95% CI: 98.1, 98.2). The radiologist workload was reduced by 62.6% (71 585 of 114 421), and 25.1% (529 of 2107) of false-positive screenings were avoided. Screening results were consistent across BI-RADS densities, although not significantly so for sensitivity. Conclusion Artificial intelligence (AI)–based screening could detect normal, moderate-risk, and suspicious mammograms in a breast cancer screening program, which may reduce the radiologist workload. AI-based screening performed consistently across breast densities. © RSNA, 2022 Online supplemental material is available for this article.",Andreas D. Lauritzen; Alejandro Rodríguez‐Ruiz; My von Euler‐Chelpin; Elsebeth Lynge; Ilse Vejborg; Mads Nielsen; Nico Karssemeijer; Martin Lillholm,Medicine;Mammography;Workload;Breast cancer;Protocol (science);Medical physics;Radiology;Breast cancer screening;Cancer;Internal medicine;Pathology;Alternative medicine;Computer science;Operating system,2022,OpenAlex,162
W4292348061,A Comprehensive Review on Artificial Intelligence/Machine Learning Algorithms for Empowering the Future IoT Toward 6G Era,"The evolution of the wireless network systems over decades has been providing new services to the users with the help of innovative network and device technologies. In recent times, the 5G network systems are about to be deployed which creates the opportunity to realize massive connectivity with high throughput, low latency, high energy efficiency and security. It also focuses on providing massive Internet of Things (IoT) network connectivity as well as services for good health, large-scale agricultural and industrial production, intelligent traffic control and electricity generation, transmission and distribution systems. However, the ever-increasing number of user devices is directing the researchers towards beyond 5G systems to allocate these user devices with higher bandwidth. Researches on the 6G wireless network systems have already begun to provide higher bandwidth availability for densely connected larger network devices with QoS surety. Researchers are leveraging artificial intelligence (AI)/machine learning (ML) for enhancing future IoT network operations and services. This paper attempts to discuss AI/ML algorithms that can help in developing energy efficient, secured and effective IoT network operations and services. In particular, our article concentrates on the major issues and factors that influence the design of the communication systems for future IoT with the integration of AI/ML. It also highlights application domains, including smart healthcare, smart agriculture, smart transportation, smart grid and smart industry that can operate efficiently and securely. Finally, this paper ends with the discussion on future research scopes with these algorithms in addressing the open issues of the future IoT network systems.",M. Rezwanul Mahmood; M. A. Matin; Panagiotis Sarigiannidis; Sotirios K. Goudos,Computer science;Internet of Things;Artificial intelligence;Machine learning;Computer security,2022,OpenAlex,196
W4394564044,Urban Visual Intelligence: Studying Cities with Artificial Intelligence and Street-Level Imagery,"The visual dimension of cities has been a fundamental subject in urban studies since the pioneering work of late-nineteenth- to mid-twentieth-century scholars such as Camillo Sitte, Kevin Lynch, Rudolf Arnheim, and Jane Jacobs. Several decades later, big data and artificial intelligence (AI) are revolutionizing how people move, sense, and interact with cities. This article reviews the literature on the appearance and function of cities to illustrate how visual information has been used to understand them. A conceptual framework, urban visual intelligence, is introduced to systematically elaborate on how new image data sources and AI techniques are reshaping the way researchers perceive and measure cities, enabling the study of the physical environment and its interactions with the socioeconomic environment at various scales. The article argues that these new approaches would allow researchers to revisit the classic urban theories and themes and potentially help cities create environments that align with human behaviors and aspirations in today’s AI-driven and data-centric era.",Fan Zhang; Arianna Salazar Miranda; Fábio Duarte; Lawrence J. Vale; Gary Hack; Min Chen; Yu Liu; Michael Batty; Carlo Ratti,Visual methods;Geography;Regional science;Sociology;Psychology;Cognitive science,2024,OpenAlex,100
W3093064335,Artificial Intelligence in Screening Mammography: A Population Survey of Women’s Preferences,"OBJECTIVE: To investigate the general population's view on the use of artificial intelligence (AI) for the diagnostic interpretation of screening mammograms. METHODS: Dutch women aged 16 to 75 years were surveyed using the Longitudinal Internet Studies for the Social sciences panel, representative for the Dutch population. Attitude toward AI in mammography screening was measured by means of five items: necessity of a human check; AI as a selector for second reading; AI as a second reader; developer is responsible for error; and radiologist is responsible for error. RESULTS: Of the 922 participants included, 77.8% agreed with the necessity of a human check, whereas the item AI as a selector for a second reading was more heterogeneously answered, with 41.7% disagreement, 31.5% agreement, and 26.9% responding with ""neither agree nor disagree."" The item AI as a second reader was mostly responded with ""neither agree nor disagree"" (37.1%) and ""agree"" (37.6%), whereas the two last items on developer's and radiologist' responsibilities were mostly answered with ""neither agree nor disagree"" (44.6% and 39.2%, respectively). DISCUSSION: Despite recent breakthroughs in the diagnostic performance of AI algorithms for the interpretation of screening mammograms, the general population currently does not support a fully independent use of such systems without involving a radiologist. The combination of a radiologist as a first reader and an AI system as a second reader in a breast cancer screening program finds most support at present. Accountability in case of AI-related diagnostic errors in screening mammography is still an unresolved conundrum.",Yfke Ongena; Derya Yakar; Marieke Haan; Thomas C. Kwee,Mammography;Population;Reading (process);Interpretation (philosophy);Medicine;Medical physics;Artificial intelligence;Family medicine;Psychology;Breast cancer;Computer science;Cancer;Linguistics;Programming language;Environmental health;Internal medicine;Philosophy,2020,OpenAlex,118
W4327675624,Artificial Intelligence for Hip Fracture Detection and Outcome Prediction,"Importance: Artificial intelligence (AI) enables powerful models for establishment of clinical diagnostic and prognostic tools for hip fractures; however the performance and potential impact of these newly developed algorithms are currently unknown. Objective: To evaluate the performance of AI algorithms designed to diagnose hip fractures on radiographs and predict postoperative clinical outcomes following hip fracture surgery relative to current practices. Data Sources: A systematic review of the literature was performed using the MEDLINE, Embase, and Cochrane Library databases for all articles published from database inception to January 23, 2023. A manual reference search of included articles was also undertaken to identify any additional relevant articles. Study Selection: Studies developing machine learning (ML) models for the diagnosis of hip fractures from hip or pelvic radiographs or to predict any postoperative patient outcome following hip fracture surgery were included. Data Extraction and Synthesis: This study followed the Preferred Reporting Items for Systematic Reviews and Meta-analyses and was registered with PROSPERO. Eligible full-text articles were evaluated and relevant data extracted independently using a template data extraction form. For studies that predicted postoperative outcomes, the performance of traditional predictive statistical models, either multivariable logistic or linear regression, was recorded and compared with the performance of the best ML model on the same out-of-sample data set. Main Outcomes and Measures: Diagnostic accuracy of AI models was compared with the diagnostic accuracy of expert clinicians using odds ratios (ORs) with 95% CIs. Areas under the curve for postoperative outcome prediction between traditional statistical models (multivariable linear or logistic regression) and ML models were compared. Results: Of 39 studies that met all criteria and were included in this analysis, 18 (46.2%) used AI models to diagnose hip fractures on plain radiographs and 21 (53.8%) used AI models to predict patient outcomes following hip fracture surgery. A total of 39 598 plain radiographs and 714 939 hip fractures were used for training, validating, and testing ML models specific to diagnosis and postoperative outcome prediction, respectively. Mortality and length of hospital stay were the most predicted outcomes. On pooled data analysis, compared with clinicians, the OR for diagnostic error of ML models was 0.79 (95% CI, 0.48-1.31; P = .36; I2 = 60%) for hip fracture radiographs. For the ML models, the mean (SD) sensitivity was 89.3% (8.5%), specificity was 87.5% (9.9%), and F1 score was 0.90 (0.06). The mean area under the curve for mortality prediction was 0.84 with ML models compared with 0.79 for alternative controls (P = .09). Conclusions and Relevance: The findings of this systematic review and meta-analysis suggest that the potential applications of AI to aid with diagnosis from hip radiographs are promising. The performance of AI in diagnosing hip fractures was comparable with that of expert radiologists and surgeons. However, current implementations of AI for outcome prediction do not seem to provide substantial benefit over traditional multivariable predictive statistics.",Johnathan R. Lex; Joseph Di Michele; Robert Koucheki; Daniel Pincus; Cari Whyne; Bheeshma Ravi,Medicine;Logistic regression;Hip fracture;MEDLINE;Machine learning;Receiver operating characteristic;Cochrane Library;Data extraction;Artificial intelligence;Systematic review;Meta-analysis;Computer science;Internal medicine;Osteoporosis;Law;Political science,2023,OpenAlex,106
W2018048965,Online dispute resolution: an artificial intelligence perspective,"Litigation in court is still the main dispute resolution mode. However, given the amount and characteristics of the new disputes, mostly arising out of electronic contracting, courts are becoming slower and outdated. Online Dispute Resolution (ODR) recently emerged as a set of tools and techniques, supported by technology, aimed at facilitating conflict resolution. In this paper we present a critical evaluation on the use of Artificial Intelligence (AI) based techniques in ODR. In order to fulfill this goal, we analyze a set of commercial providers (in this case twenty four) and some research projects (in this circumstance six). Supported by the results so far achieved, a new approach to deal with the problem of ODR is proposed, in which we take on some of the problems identified in the current state of the art in linking ODR and AI.",Davide Carneiro; Paulo Nováis; Francisco Andrade; John Zeleznikow; José Neves,Online dispute resolution;Dispute resolution;Perspective (graphical);Computer science;Set (abstract data type);Conflict resolution;Resolution (logic);Order (exchange);State (computer science);Alternative dispute resolution;Management science;Artificial intelligence;Law;Political science;Business;Algorithm;Engineering;Finance;Programming language,2012,OpenAlex,96
W3109078334,Trailblazing the Artificial Intelligence for Cybersecurity Discipline,"Cybersecurity has rapidly emerged as a grand societal challenge of the 21st century. Innovative solutions to proactively tackle emerging cybersecurity challenges are essential to ensuring a safe and secure society. Artificial Intelligence (AI) has rapidly emerged as a viable approach for sifting through terabytes of heterogeneous cybersecurity data to execute fundamental cybersecurity tasks, such as asset prioritization, control allocation, vulnerability management, and threat detection, with unprecedented efficiency and effectiveness. Despite its initial promise, AI and cybersecurity have been traditionally siloed disciplines that relied on disparate knowledge and methodologies. Consequently, the AI for Cybersecurity discipline is in its nascency. In this article, we aim to provide an important step to progress the AI for Cybersecurity discipline. We first provide an overview of prevailing cybersecurity data, summarize extant AI for Cybersecurity application areas, and identify key limitations in the prevailing landscape. Based on these key issues, we offer a multi-disciplinary AI for Cybersecurity roadmap that centers on major themes such as cybersecurity applications and data, advanced AI methodologies for cybersecurity, and AI-enabled decision making. To help scholars and practitioners make significant headway in tackling these grand AI for Cybersecurity issues, we summarize promising funding mechanisms from the National Science Foundation (NSF) that can support long-term, systematic research programs. We conclude this article with an introduction of the articles included in this special issue.",Sagar Samtani; Murat Kantarcıoğlu; Hsinchun Chen,Computer security;Computer science;Key (lock);Big data;Vulnerability (computing);Headway;Data science;Operating system;Simulation,2020,OpenAlex,83
W3042107226,From Statistical Relational to Neuro-Symbolic Artificial Intelligence,Neuro-symbolic and statistical relational artificial intelligence both integrate frameworks for learning with logical reasoning. This survey identifies several parallels across seven different dimensions between these two fields. These cannot only be used to characterize and position neuro-symbolic artificial intelligence approaches but also to identify a number of directions for further research.,Luc De Raedt; Sebastijan Dumančić; Robin Manhaeve; Giuseppe Marra,Parallels;Computer science;Artificial intelligence;Statistical relational learning;Symbolic artificial intelligence;Artificial neural network;The Symbolic;Artificial Intelligence System;Cognitive science;Relational database;Psychology;Data mining;Engineering;Psychoanalysis;Mechanical engineering,2020,OpenAlex,104
W3048941751,Brain-inspired replay for continual learning with artificial neural networks,"Artificial neural networks suffer from catastrophic forgetting. Unlike humans, when these networks are trained on something new, they rapidly forget what was learned before. In the brain, a mechanism thought to be important for protecting memories is the reactivation of neuronal activity patterns representing those memories. In artificial neural networks, such memory replay can be implemented as 'generative replay', which can successfully - and surprisingly efficiently - prevent catastrophic forgetting on toy examples even in a class-incremental learning scenario. However, scaling up generative replay to complicated problems with many tasks or complex inputs is challenging. We propose a new, brain-inspired variant of replay in which internal or hidden representations are replayed that are generated by the network's own, context-modulated feedback connections. Our method achieves state-of-the-art performance on challenging continual learning benchmarks (e.g., class-incremental learning on CIFAR-100) without storing data, and it provides a novel model for replay in the brain.",Gido M. van de Ven; Hava T. Siegelmann; Andreas S. Tolias,Artificial neural network;Computer science;Artificial intelligence;Machine learning,2020,OpenAlex,462
W4211017739,Machine behaviour,,Iyad Rahwan; Manuel Cebrián; Nick Obradovich; Josh Bongard; Jean‐François Bonnefon; Cynthia Breazeal; Jacob W. Crandall; Nicholas A. Christakis; Iain D. Couzin; Matthew O. Jackson; Nicholas R. Jennings; Ece Kamar; Isabel M. Kloumann; Hugo Larochelle; David Lazer; Richard McElreath; Alan Mislove; David C. Parkes; Alex Pentland; Margaret E. Roberts; Azim Shariff; Joshua B. Tenenbaum; Michael P. Wellman,Field (mathematics);Control (management);Politics;Set (abstract data type);Computer science;Artificial intelligence;Engineering ethics;Management science;Data science;Political science;Engineering;Law;Programming language;Pure mathematics;Mathematics,2019,OpenAlex,1182
W3084193715,Ontologies and Artificial Intelligence Systems for the Cooperative Smart Farming Ecosystem,"Cyber-Physical Systems (CPS) and Internet of Thing (IoT) generate large amounts of data spurring the rise of Artificial Intelligence (AI) based smart applications. Driven by rapid advancements in technologies that support smart devices, agriculture and farming sector is shifting towards IoT connected ecosystem to balance the increase in demand for food supply. As the number of smart farms reach critical mass, it is now possible to include AI assisted systems at a cooperative (co-op) farming level. Today, in the United States alone there are about 1,871 co-ops serving 1,890,057 member farmers. Hence, such advanced technologies and infrastructure when incorporated in the co-op farming ecosystem can immensely benefit small member farmers who operate and maintain these independent co-op entities. In this paper, we develop a connected cooperative ecosystem which defines sensors and their communication among different entities along with cloud supported co-op hub. We develop member farm and co-op ontologies to capture data and various interactions that happen between shared resources, member farms, and the co-op that are stored in the cloud. These can then help generate AI supported insights for farmers and the cooperative. Several co-op farming use case scenarios have been discussed to demonstrate the functioning of our smart cooperative ecosystem. Finally, the paper describes various AI applications that can be deployed at the co-op level to aid member farmers.",Sai Sree Laya Chukkapalli; Sudip Mittal; Maanak Gupta; Mahmoud Abdelsalam; Anupam Joshi; Ravi Sandhu; Karuna Pande Joshi,Ecosystem;Computer science;Agriculture;Artificial intelligence;Ecology;Biology,2020,OpenAlex,114
W2962814013,Convergence of Edge Computing and Deep Learning: A Comprehensive Survey,"Ubiquitous sensors and smart devices from factories and communities are generating massive amounts of data, and ever-increasing computing power is driving the core of computation and services from the cloud to the edge of the network. As an important enabler broadly changing people's lives, from face recognition to ambitious smart factories and cities, developments of artificial intelligence (especially deep learning, DL) based applications and services are thriving. However, due to efficiency and latency issues, the current cloud computing service architecture hinders the vision of “providing artificial intelligence for every person and every organization at everywhere”. Thus, unleashing DL services using resources at the network edge near the data sources has emerged as a desirable solution. Therefore, edge intelligence, aiming to facilitate the deployment of DL services by edge computing, has received significant attention. In addition, DL, as the representative technique of artificial intelligence, can be integrated into edge computing frameworks to build intelligent edge for dynamic, adaptive edge maintenance and management. With regard to mutually beneficial edge intelligence and intelligent edge, this paper introduces and discusses: 1) the application scenarios of both; 2) the practical implementation methods and enabling technologies, namely DL training and inference in the customized edge computing framework; 3) challenges and future trends of more pervasive and fine-grained intelligence. We believe that by consolidating information scattered across the communication, networking, and DL areas, this survey can help readers to understand the connections between enabling technologies while promoting further discussions on the fusion of edge intelligence and intelligent edge, i.e., Edge DL.",Xiaofei Wang; Yiwen Han; Victor C. M. Leung; Dusit Niyato; Xueqiang Yan; Xu Chen,Edge computing;Computer science;Cloud computing;Edge device;Enhanced Data Rates for GSM Evolution;Applications of artificial intelligence;Artificial intelligence;Data science;Service (business);Distributed computing;Economy;Operating system;Economics,2020,OpenAlex,1441
W4367843698,Artificial Intelligence in CT and MR Imaging for Oncological Applications,"Cancer care increasingly relies on imaging for patient management. The two most common cross-sectional imaging modalities in oncology are computed tomography (CT) and magnetic resonance imaging (MRI), which provide high-resolution anatomic and physiological imaging. Herewith is a summary of recent applications of rapidly advancing artificial intelligence (AI) in CT and MRI oncological imaging that addresses the benefits and challenges of the resultant opportunities with examples. Major challenges remain, such as how best to integrate AI developments into clinical radiology practice, the vigorous assessment of quantitative CT and MR imaging data accuracy, and reliability for clinical utility and research integrity in oncology. Such challenges necessitate an evaluation of the robustness of imaging biomarkers to be included in AI developments, a culture of data sharing, and the cooperation of knowledgeable academics with vendor scientists and companies operating in radiology and oncology fields. Herein, we will illustrate a few challenges and solutions of these efforts using novel methods for synthesizing different contrast modality images, auto-segmentation, and image reconstruction with examples from lung CT as well as abdome, pelvis, and head and neck MRI. The imaging community must embrace the need for quantitative CT and MRI metrics beyond lesion size measurement. AI methods for the extraction and longitudinal tracking of imaging metrics from registered lesions and understanding the tumor environment will be invaluable for interpreting disease status and treatment efficacy. This is an exciting time to work together to move the imaging field forward with narrow AI-specific tasks. New AI developments using CT and MRI datasets will be used to improve the personalized management of cancer patients.",Ramesh Paudyal; Akash Shah; Oğuz Akın; Richard Kinh Gian; Amaresha Shridhar Konar; Vaios Hatzoglou; Usman Mahmood; Nancy Y. Lee; Richard J. Wong; Suchandrima Banerjee; Jaemin Shin; Harini Veeraraghavan; Amita Shukla‐Dave,Medical physics;Medicine;Magnetic resonance imaging;Medical imaging;Radiology;Modality (human–computer interaction);Artificial intelligence;Computer science,2023,OpenAlex,103
W4285237357,Artificial Communication,"A proposal that we think about digital technologies such as machine learning not in terms of artificial intelligence but as artificial communication. Algorithms that work with deep learning and big data are getting so much better at doing so many things that it makes us uncomfortable. How can a device know what our favorite songs are, or what we should write in an email? Have machines become too smart? In Artificial Communication, Elena Esposito argues that drawing this sort of analogy between algorithms and human intelligence is misleading. If machines contribute to social intelligence, it will not be because they have learned how to think like us but because we have learned how to communicate with them. Esposito proposes that we think of “smart” machines not in terms of artificial intelligence but in terms of artificial communication. To do this, we need a concept of communication that can take into account the possibility that a communication partner may be not a human being but an algorithm—which is not random and is completely controlled, although not by the processes of the human mind. Esposito investigates this by examining the use of algorithms in different areas of social life. She explores the proliferation of lists (and lists of lists) online, explaining that the web works on the basis of lists to produce further lists; the use of visualization; digital profiling and algorithmic individualization, which personalize a mass medium with playlists and recommendations; and the implications of the “right to be forgotten.” Finally, she considers how photographs today seem to be used to escape the present rather than to preserve a memory.",Elena Esposito,Computer science;Artificial intelligence;Analogy;sort;Human communication;Profiling (computer programming);Big data;Data science;World Wide Web;Information retrieval;Communication;Psychology;Epistemology;Operating system;Philosophy,2022,OpenAlex,172
W4402839760,Cardiovascular care with digital twin technology in the era of generative artificial intelligence,"Digital twins, which are in silico replications of an individual and its environment, have advanced clinical decision-making and prognostication in cardiovascular medicine. The technology enables personalized simulations of clinical scenarios, prediction of disease risk, and strategies for clinical trial augmentation. Current applications of cardiovascular digital twins have integrated multi-modal data into mechanistic and statistical models to build physiologically accurate cardiac replicas to enhance disease phenotyping, enrich diagnostic workflows, and optimize procedural planning. Digital twin technology is rapidly evolving in the setting of newly available data modalities and advances in generative artificial intelligence, enabling dynamic and comprehensive simulations unique to an individual. These twins fuse physiologic, environmental, and healthcare data into machine learning and generative models to build real-time patient predictions that can model interactions with the clinical environment to accelerate personalized patient care. This review summarizes digital twins in cardiovascular medicine and their potential future applications by incorporating new personalized data modalities. It examines the technical advances in deep learning and generative artificial intelligence that broaden the scope and predictive power of digital twins. Finally, it highlights the individual and societal challenges as well as ethical considerations that are essential to realizing the future vision of incorporating cardiology digital twins into personalized cardiovascular care.",Phyllis Thangaraj; S. Benson; Evangelos K. Oikonomou; Folkert W. Asselbergs; Rohan Khera,Medicine;Artificial intelligence;Modalities;Personalized medicine;Precision medicine;Data science;Generative grammar;Digital health;Big data;Machine learning;Workflow;Health care;Computer science;Bioinformatics;Data mining;Pathology;Biology;Social science;Economics;Database;Economic growth;Sociology,2024,OpenAlex,125
W4410407192,"The evolving field of digital mental health: current evidence and implementation issues for smartphone apps, generative artificial intelligence, and virtual reality","The expanding domain of digital mental health is transitioning beyond traditional telehealth to incorporate smartphone apps, virtual reality, and generative artificial intelligence, including large language models. While industry setbacks and methodological critiques have highlighted gaps in evidence and challenges in scaling these technologies, emerging solutions rooted in co-design, rigorous evaluation, and implementation science offer promising pathways forward. This paper underscores the dual necessity of advancing the scientific foundations of digital mental health and increasing its real-world applicability through five themes. First, we discuss recent technological advances in digital phenotyping, virtual reality, and generative artificial intelligence. Progress in this latter area, specifically designed to create new outputs such as conversations and images, holds unique potential for the mental health field. Given the spread of smartphone apps, we then evaluate the evidence supporting their utility across various mental health contexts, including well-being, depression, anxiety, schizophrenia, eating disorders, and substance use disorders. This broad view of the field highlights the need for a new generation of more rigorous, placebo-controlled, and real-world studies. We subsequently explore engagement challenges that hamper all digital mental health tools, and propose solutions, including human support, digital navigators, just-in-time adaptive interventions, and personalized approaches. We then analyze implementation issues, emphasizing clinician engagement, service integration, and scalable delivery models. We finally consider the need to ensure that innovations work for all people and thus can bridge digital health disparities, reviewing the evidence on tailoring digital tools for historically marginalized populations and low- and middle-income countries. Regarding digital mental health innovations as tools to augment and extend care, we conclude that smartphone apps, virtual reality, and large language models can positively impact mental health care if deployed correctly.",John Torous; Jake Linardon; Simon B. Goldberg; Shufang Sun; Imogen Bell; Jennifer Nicholas; Lamiece Hassan; Yining Hua; Alyssa Milton; Joseph Firth,Mental health;Digital health;mHealth;Psychological intervention;Computer science;Telehealth;Data science;Telemedicine;Medicine;Health care;Psychiatry;Economics;Economic growth,2025,OpenAlex,227
W4378901262,"Artificial intelligence technology, public trust, and effective governance","Abstract Advancement in information technology continues to evolve especially in the field of artificial intelligence (AI). Research studies have been conducted to evaluate the perceptions of Americans on the development and utilization of AI technology and if it is appropriate to use AI in public administrative duties. The research revealed that society is fragmented regarding the acceptance of AI, and whether AI decisions could have long‐term effects on the labor industry, legal system, and national security. The 2018 AI Public Opinion Survey revealed significant concerns among the American public regarding AI, yet also a recognition of its promise. The goal of this article is to further develop a governance framework for AI that considers the importance of public trust in AI policy. First, it discusses the necessity of public trust for the effective governance of emergent technology. Then, it evaluates public opinion on AI technology that specifically pertains to governance. The article concludes with a discussion of why public trust is central to good AI governance.",Pedro Robles; Daniel J. Mallinson,Corporate governance;Public opinion;Field (mathematics);Public trust;Public relations;Political science;Perception;Sociology;Business;Economics;Psychology;Management;Politics;Law;Mathematics;Pure mathematics;Neuroscience,2023,OpenAlex,103
W4298156445,Artificial intelligence in pharmacology research and practice,"In recent years, the use of artificial intelligence (AI) in health care has risen steadily, including a wide range of applications in the field of pharmacology. AI is now used throughout the entire continuum of pharmacology research and clinical practice and from early drug discovery to real-world datamining. The types of AI models used range from unsupervised clustering of drugs or patients aimed at identifying potential drug compounds or suitable patient populations, to supervised machine learning approaches to improve therapeutic drug monitoring. Additionally, natural language processing is increasingly used to mine electronic health records to obtain real-world data. In this mini-review, we discuss the basics of AI followed by an outline of its application in pharmacology research and clinical practice.",Maaike van der Lee; Jesse J. Swen,Cluster analysis;Clinical pharmacology;Data science;Clinical Practice;Artificial intelligence;Drug;Computer science;Health records;Medicine;Drug discovery;Health care;Pharmacology;Machine learning;Bioinformatics;Biology;Economic growth;Family medicine;Economics,2022,OpenAlex,79
W4393866319,Bridging Nanomanufacturing and Artificial Intelligence—A Comprehensive Review,"Nanomanufacturing and digital manufacturing (DM) are defining the forefront of the fourth industrial revolution-Industry 4.0-as enabling technologies for the processing of materials spanning several length scales. This review delineates the evolution of nanomaterials and nanomanufacturing in the digital age for applications in medicine, robotics, sensory technology, semiconductors, and consumer electronics. The incorporation of artificial intelligence (AI) tools to explore nanomaterial synthesis, optimize nanomanufacturing processes, and aid high-fidelity nanoscale characterization is discussed. This paper elaborates on different machine-learning and deep-learning algorithms for analyzing nanoscale images, designing nanomaterials, and nano quality assurance. The challenges associated with the application of machine- and deep-learning models to achieve robust and accurate predictions are outlined. The prospects of incorporating sophisticated AI algorithms such as reinforced learning, explainable artificial intelligence (XAI), big data analytics for material synthesis, manufacturing process innovation, and nanosystem integration are discussed.",Mutha Nandipati; Olukayode Fatoki; Salil Desai,Nanomanufacturing;Artificial intelligence;Transformative learning;Computer science;Machine learning;Digital manufacturing;Big data;Deep learning;Nanotechnology;Manufacturing engineering;Engineering;Materials science;Data mining;Psychology;Pedagogy,2024,OpenAlex,92
W4387812225,The impact of artificial intelligence (AI) on employees’ skills and well-being in global labor markets: A systematic review,"Research background: This article discusses how artificial intelligence (AI) is affecting workers' personal and professional lives, because of many technological disruptions driven by the recent pandemic that are redefining global labor markets. Purpose of the article: The objective of this paper is to develop a systematic review of the relevant literature to identify the effects of technological change, especially the adoption of AI in organizations, on employees’ skills (professional dimension) and well-being (personal dimension). Methods: To implement the research scope, the authors relied on Khan's five-step methodology, which included a PRISMA flowchart with embedded keywords for selecting the appropriate quantitative data for the study. Firstly, 639 scientific papers published between March 2020 to March 2023 (the end of the COVID-19 pandemic according to the WHO) from Scopus and Web of Science (WoS) databases were selected. After applying the relevant procedures and techniques, 103 articles were retained, which focused on the professional dimension, while 35 papers were focused on the personal component. Findings &amp; value added: Evidence has been presented highlighting the difficulties associated with the ongoing requirement for upskilling or reskilling as an adaptive reaction to technological changes. The efforts to counterbalance the skill mismatch impacted employees' well-being in the challenging pandemic times. Although the emphasis on digital skills is widely accepted, our investigation shows that the topic is still not properly developed. The paper's most significant contributions are found in a thorough analysis of how AI affects workers' skills and well-being, highlighting the most representative aspects researched by academic literature due to the recent paradigm changes generated by the COVID-19 pandemic and continuous technological disruptions.",Romana Emilia Cramarenco; Monica Ioana Burcă-Voicu; Dan‐Cristian Dabija,Scope (computer science);Dimension (graph theory);Scopus;Value (mathematics);Systematic review;Scientific literature;Computer science;Psychology;Political science;MEDLINE;Machine learning;Pure mathematics;Mathematics;Law;Biology;Paleontology;Programming language,2023,OpenAlex,172
W3129756165,Artificial Intelligence and Machine Learning in Prostate Cancer Patient Management—Current Trends and Future Perspectives,"Artificial intelligence (AI) is the field of computer science that aims to build smart devices performing tasks that currently require human intelligence. Through machine learning (ML), the deep learning (DL) model is teaching computers to learn by example, something that human beings are doing naturally. AI is revolutionizing healthcare. Digital pathology is becoming highly assisted by AI to help researchers in analyzing larger data sets and providing faster and more accurate diagnoses of prostate cancer lesions. When applied to diagnostic imaging, AI has shown excellent accuracy in the detection of prostate lesions as well as in the prediction of patient outcomes in terms of survival and treatment response. The enormous quantity of data coming from the prostate tumor genome requires fast, reliable and accurate computing power provided by machine learning algorithms. Radiotherapy is an essential part of the treatment of prostate cancer and it is often difficult to predict its toxicity for the patients. Artificial intelligence could have a future potential role in predicting how a patient will react to the therapy side effects. These technologies could provide doctors with better insights on how to plan radiotherapy treatment. The extension of the capabilities of surgical robots for more autonomous tasks will allow them to use information from the surgical field, recognize issues and implement the proper actions without the need for human intervention.",Octavian Sabin Tătaru; Mihai Dorin Vartolomei; Jens Rassweiler; Oșan Virgil; Giuseppe Lucarelli; Francesco Porpiglia; Daniele Amparore; Matteo Manfredi; Giuseppe Carrieri; Ugo Giovanni Falagario; Daniela Terracciano; Ottavio De Cobelli; Gian Maria Busetto; Francesco Del Giudice; Matteo Ferro,Artificial intelligence;Computer science;Prostate cancer;Machine learning;Field (mathematics);Applications of artificial intelligence;Deep learning;Digital pathology;Cancer;Medicine;Mathematics;Pure mathematics;Internal medicine,2021,OpenAlex,158
W2965435177,Artificial intelligence moving serious gaming: Presenting reusable game AI components,"This article provides a comprehensive overview of artificial intelligence (AI) for serious games. Reporting about the work of a European flagship project on serious game technologies, it presents a set of advanced game AI components that enable pedagogical affordances and that can be easily reused across a wide diversity of game engines and game platforms. Serious game AI functionalities include player modelling (real-time facial emotion recognition, automated difficulty adaptation, stealth assessment), natural language processing (sentiment analysis and essay scoring on free texts), and believable non-playing characters (emotional and socio-cultural, non-verbal bodily motion, and lip-synchronised speech), respectively. The reuse of these components enables game developers to develop high quality serious games at reduced costs and in shorter periods of time. All these components are open source software and can be freely downloaded from the newly launched portal at gamecomponents.eu. The components come with detailed installation manuals and tutorial videos. All components have been applied and validated in serious games that were tested with real end-users.",Wim Westera; Rui Prada; Samuel Mascarenhas; Pedro A. Santos; João Dias; Manuel Guimarães; Konstantinos Georgiadis; Enkhbold Nyamsuren; Kiavash Bahreini; Zerrin Yumak; Chris Christyowidiasmoro; Mihai Dascălu; Gabriel Guțu-Robu; Ştefan Ruşeţi,Computer science;Affordance;Multimedia;Adaptation (eye);Game Developer;Reuse;Human–computer interaction;Video game development;Game design;Video game;Software;Engineering;Physics;Programming language;Optics;Waste management,2019,OpenAlex,135
W3037067068,Artificial Intelligence (AI) and Cardiovascular Diseases: An Unexpected Alliance,"Cardiovascular disease (CVD), despite the significant advances in the diagnosis and treatments, still represents the leading cause of morbidity and mortality worldwide. In order to improve and optimize CVD outcomes, artificial intelligence techniques have the potential to radically change the way we practice cardiology, especially in imaging, offering us novel tools to interpret data and make clinical decisions. AI techniques such as machine learning and deep learning can also improve medical knowledge due to the increase of the volume and complexity of the data, unlocking clinically relevant information. Likewise, the use of emerging communication and information technologies is becoming pivotal to create a pervasive healthcare service through which elderly and chronic disease patients can receive medical care at their home, reducing hospitalizations and improving quality of life. The aim of this review is to describe the contemporary state of artificial intelligence and digital health applied to cardiovascular medicine as well as to provide physicians with their potential not only in cardiac imaging but most of all in clinical practice.",Silvia Romiti; Mattia Vinciguerra; Wael Saade; Iñaki Anso Cortajarena; Ernesto Greco,Medicine;Alliance;Disease;Big data;Clinical Practice;Health care;Artificial intelligence;Data science;Intensive care medicine;Computer science;Pathology;Data mining;Physical therapy;Economics;Economic growth;Political science;Law,2020,OpenAlex,99
